{
    "OA": 69.08093891122029,
    "AA": 68.08524024332273,
    "OOD": null,
    "NMI": null,
    "H-score": null,
    "H3-score": null,
    "UCR": 87.49359006170081,
    "Recall-all": [
        98.9010989010989,
        3.289473684210526,
        88.73626373626374,
        88.30275229357798,
        52.38095238095239,
        76.12903225806451,
        92.85714285714286,
        96.12068965517241,
        97.2972972972973,
        1.2195121951219512,
        88.8646288209607,
        84.26966292134831,
        94.78827361563518,
        83.33333333333334,
        75.54744525547446,
        73.39449541284404,
        95.0,
        94.9367088607595,
        77.34627831715211,
        46.666666666666664,
        98.40637450199203,
        85.0415512465374,
        15.402298850574713,
        78.4841075794621,
        29.076620825147348,
        70.55335968379447,
        54.19354838709678,
        50.759219088937094,
        48.37310195227766,
        61.4604462474645,
        94.96402877697841,
        1.971326164874552,
        57.84313725490197,
        68.51385390428212,
        52.5390625,
        8.835341365461847,
        32.87671232876712,
        41.37931034482759,
        83.88888888888889,
        79.31726907630522,
        63.85542168674698,
        67.45027124773961,
        24.44029850746269,
        80.97251585623678,
        76.47058823529412,
        69.43231441048034,
        94.76082004555809,
        63.339731285988485,
        19.047619047619047,
        62.83783783783784,
        78.26086956521739,
        67.03499079189686,
        87.73946360153256,
        82.92682926829268,
        92.3529411764706,
        25.149700598802394,
        15.294117647058824,
        76.48809523809523,
        74.88479262672811,
        82.6086956521739,
        90.81632653061224,
        2.7989821882951653,
        80.1526717557252,
        39.83228511530398,
        1.0771992818671454,
        99.33774834437085,
        83.43949044585987,
        16.758241758241756,
        81.69642857142857,
        92.0,
        42.61241970021413,
        19.760479041916167,
        90.0,
        69.49152542372882,
        24.778761061946902,
        41.66666666666667,
        84.48275862068965,
        29.599999999999998,
        80.72033898305084,
        55.89041095890411,
        74.52380952380952,
        82.49336870026525,
        89.0909090909091,
        70.17045454545455,
        95.79158316633266,
        75.72815533980582,
        97.50566893424036,
        31.3953488372093,
        70.9090909090909,
        92.91784702549575,
        59.74683544303797,
        0.0,
        92.8395061728395,
        85.26077097505669,
        61.111111111111114,
        71.81008902077151,
        95.06172839506173,
        59.44584382871536,
        96.09665427509294,
        68.32740213523132,
        93.78109452736318,
        58.995815899581594,
        25.91240875912409,
        90.52823315118397,
        74.89082969432314,
        50.20242914979757,
        41.89473684210526,
        93.60341151385929,
        0.0,
        59.60912052117264,
        73.73134328358208,
        81.19180633147114,
        4.640371229698376,
        93.71859296482413,
        87.73006134969326,
        73.48066298342542,
        20.12012012012012,
        92.93478260869566,
        92.1875,
        94.18282548476455,
        95.34883720930233,
        0.8032128514056224,
        55.03875968992248,
        33.59173126614987,
        69.4560669456067,
        85.52631578947368,
        95.3405017921147,
        38.24561403508772,
        79.45205479452055,
        94.1747572815534,
        7.197943444730077,
        48.484848484848484,
        89.78388998035363,
        67.31517509727627,
        73.74429223744292,
        82.86445012787725,
        65.2542372881356,
        12.742382271468145,
        93.95973154362416,
        60.32608695652174,
        94.22572178477691,
        97.43589743589743,
        92.33511586452762,
        87.73148148148148,
        36.84210526315789,
        75.0,
        83.66533864541833,
        57.869249394673126,
        54.741379310344826,
        95.25691699604744,
        88.53932584269663,
        93.7381404174573,
        96.37305699481865,
        13.409961685823754,
        51.33531157270029,
        67.68707482993197,
        83.33333333333334,
        80.18867924528303,
        46.69926650366748,
        95.30516431924883,
        81.87919463087249,
        84.61538461538461,
        37.53581661891118,
        76.79012345679013,
        86.88524590163934,
        58.24175824175825,
        72.51908396946564,
        35.563380281690144,
        8.167770419426049,
        90.4494382022472,
        78.53658536585367,
        83.56713426853707,
        77.74936061381074,
        0.0,
        88.64265927977839,
        95.51282051282051,
        88.74172185430463,
        84.7255369928401,
        78.79518072289157,
        36.07954545454545,
        50.877192982456144,
        78.87931034482759,
        79.8913043478261,
        75.96153846153845,
        86.82170542635659,
        85.59322033898306,
        56.23721881390593,
        45.20202020202021,
        90.51282051282051,
        68.14814814814815,
        5.807622504537205,
        70.65217391304348,
        19.366197183098592,
        25.0,
        52.07253886010362,
        67.7007299270073,
        53.39168490153173,
        90.51546391752578,
        23.200000000000003,
        17.51824817518248,
        18.210862619808307,
        94.64285714285714,
        69.7841726618705,
        70.88235294117648,
        92.35181644359464,
        56.58914728682171,
        65.50802139037432,
        68.58407079646017,
        83.29238329238329,
        79.85611510791367,
        62.01117318435754,
        72.45370370370371,
        90.0184842883549,
        78.55227882037534,
        40.20618556701031,
        71.94719471947195,
        86.49789029535864,
        52.35109717868338,
        85.86065573770492,
        86.68341708542714,
        81.75519630484989,
        60.431654676258994,
        75.5,
        79.12087912087912,
        79.13978494623656,
        91.8854415274463,
        97.78481012658227,
        65.75875486381322,
        54.51197053406999,
        45.473684210526315,
        85.87699316628702,
        20.767494356659142,
        50.35294117647059,
        65.34883720930232,
        78.6842105263158,
        78.79417879417879,
        96.39830508474576,
        63.898916967509024,
        32.18390804597701,
        50.0,
        54.72154963680388,
        50.260416666666664,
        98.5355648535565,
        80.44077134986226,
        16.55629139072848,
        97.07207207207207,
        97.05014749262537,
        85.61643835616438,
        90.29850746268657,
        57.3170731707317,
        98.18731117824774,
        96.14147909967846,
        95.93908629441624,
        97.10610932475883,
        91.40893470790378,
        99.76635514018692,
        79.03225806451613,
        92.96875,
        88.66906474820144,
        31.463414634146343,
        75.16129032258064,
        78.2051282051282,
        90.625,
        84.5360824742268,
        83.2579185520362,
        20.2020202020202,
        96.113074204947,
        13.986013986013987,
        97.53846153846155,
        59.885386819484246,
        72.82157676348547,
        95.65217391304348,
        84.81012658227847,
        92.81767955801105,
        72.01086956521739,
        86.37413394919169,
        79.51807228915662,
        76.92307692307693,
        87.40458015267176,
        0.0,
        0.0,
        91.75257731958763,
        82.52032520325203,
        4.761904761904762,
        83.39622641509435,
        30.612244897959183,
        90.33232628398792,
        15.277777777777779,
        86.08695652173914,
        53.161592505854806,
        78.98089171974523,
        45.3125,
        60.23391812865497,
        87.70685579196218,
        83.05647840531562,
        62.5,
        91.22807017543859,
