{
    "OA": 69.05695333564918,
    "AA": 68.05019919361702,
    "OOD": null,
    "NMI": null,
    "H-score": null,
    "H3-score": null,
    "UCR": 87.48366499594727,
    "Recall-all": [
        99.26739926739927,
        1.3157894736842104,
        88.46153846153845,
        88.07339449541286,
        47.61904761904761,
        75.16129032258064,
        92.4812030075188,
        96.55172413793103,
        97.2972972972973,
        1.2195121951219512,
        89.08296943231441,
        85.0187265917603,
        94.78827361563518,
        83.33333333333334,
        77.73722627737226,
        74.31192660550458,
        95.0,
        94.9367088607595,
        77.02265372168284,
        46.666666666666664,
        98.40637450199203,
        85.3185595567867,
        17.47126436781609,
        77.50611246943765,
        29.076620825147348,
        70.35573122529645,
        54.19354838709678,
        50.97613882863341,
        48.37310195227766,
        60.04056795131846,
        95.32374100719424,
        1.971326164874552,
        60.78431372549019,
        68.51385390428212,
        52.5390625,
        7.630522088353414,
        32.87671232876712,
        41.37931034482759,
        83.88888888888889,
        78.5140562248996,
        64.2570281124498,
        67.63110307414105,
        24.813432835820894,
        81.3953488372093,
        76.2443438914027,
        68.99563318777294,
        94.76082004555809,
        62.95585412667947,
        23.809523809523807,
        62.83783783783784,
        78.26086956521739,
        67.95580110497238,
        88.12260536398468,
        82.11382113821138,
        92.05882352941175,
        22.75449101796407,
        15.294117647058824,
        76.48809523809523,
        75.34562211981567,
        83.57487922705315,
        91.22448979591836,
        2.5445292620865136,
        80.40712468193384,
        40.041928721174,
        0.718132854578097,
        99.33774834437085,
        83.12101910828027,
        17.582417582417584,
        81.69642857142857,
        90.54545454545455,
        42.398286937901496,
        20.958083832335326,
        90.71428571428571,
        69.73365617433413,
        23.451327433628318,
        41.66666666666667,
        84.48275862068965,
        29.599999999999998,
        81.14406779661016,
        55.89041095890411,
        75.47619047619048,
        84.61538461538461,
        89.0909090909091,
        70.17045454545455,
        95.99198396793587,
        78.64077669902912,
        97.73242630385488,
        31.007751937984494,
        71.94805194805195,
        92.91784702549575,
        59.49367088607595,
        0.0,
        93.33333333333333,
        86.62131519274377,
        61.111111111111114,
        72.40356083086054,
        94.44444444444444,
        58.69017632241813,
        95.72490706319702,
        66.90391459074732,
        93.78109452736318,
        58.995815899581594,
        25.18248175182482,
        90.7103825136612,
        74.67248908296943,
        49.392712550607285,
        40.8421052631579,
        93.81663113006397,
        0.0,
        58.95765472312704,
        73.13432835820896,
        80.8193668528864,
        3.944315545243619,
        93.21608040201005,
        88.5480572597137,
        73.20441988950276,
        19.51951951951952,
        92.93478260869566,
        91.5625,
        94.73684210526315,
        95.34883720930233,
        0.8032128514056224,
        55.03875968992248,
        34.10852713178294,
        70.29288702928869,
        86.2781954887218,
        95.3405017921147,
        38.94736842105263,
        78.35616438356165,
        93.68932038834951,
        6.940874035989718,
        50.688705234159784,
        89.9803536345776,
        66.14785992217898,
        73.51598173515981,
        83.12020460358056,
        64.40677966101694,
        12.742382271468145,
        93.73601789709173,
        59.78260869565217,
        94.750656167979,
        97.2386587771203,
        92.51336898395722,
        87.73148148148148,
        36.09022556390977,
        75.76923076923077,
        83.26693227091634,
        58.35351089588377,
        53.879310344827594,
        95.25691699604744,
        87.86516853932585,
        93.35863377609108,
        95.85492227979275,
        14.559386973180077,
        51.632047477744806,
        68.02721088435374,
        83.33333333333334,
        80.18867924528303,
        46.21026894865526,
        95.30516431924883,
        81.87919463087249,
        84.04558404558404,
        36.38968481375358,
        75.30864197530865,
        86.22950819672131,
        57.96703296703297,
        70.22900763358778,
        34.50704225352113,
        8.388520971302428,
        91.57303370786516,
        78.53658536585367,
        84.5691382765531,
        78.00511508951406,
        0.0,
        89.19667590027701,
        95.83333333333334,
        89.62472406181016,
        85.44152744630071,
        78.07228915662651,
        36.07954545454545,
        52.63157894736842,
        78.87931034482759,
        78.26086956521739,
        76.28205128205127,
        86.30490956072352,
        84.7457627118644,
        57.05521472392638,
        46.21212121212121,
        91.02564102564102,
        68.14814814814815,
        6.170598911070781,
        70.65217391304348,
        20.070422535211268,
        24.671052631578945,
        50.77720207253886,
        68.43065693430657,
        54.48577680525164,
        90.51546391752578,
        24.0,
        18.491484184914842,
        18.53035143769968,
        95.03968253968253,
        70.02398081534771,
        71.17647058823529,
        92.35181644359464,
        58.139534883720934,
        65.50802139037432,
        69.46902654867256,
        83.53808353808354,
        79.49640287769785,
        61.1731843575419,
        73.61111111111111,
        90.38817005545286,
        78.82037533512064,
        40.549828178694156,
        72.27722772277228,
        86.07594936708861,
        52.03761755485894,
        85.86065573770492,
        87.43718592964824,
        81.5242494226328,
        59.71223021582733,
        75.0,
        78.9010989010989,
        79.13978494623656,
        92.12410501193318,
        97.78481012658227,
        65.56420233463035,
        53.77532228360957,
        43.78947368421053,
        86.78815489749431,
        20.993227990970656,
        50.588235294117645,
        64.88372093023256,
        78.6842105263158,
        79.41787941787942,
        96.39830508474576,
        63.537906137184116,
        33.90804597701149,
        50.649350649350644,
        55.690072639225185,
        50.0,
        98.32635983263597,
        79.06336088154269,
        15.673289183222957,
        96.84684684684684,
        96.7551622418879,
        84.93150684931507,
        90.79601990049751,
        59.756097560975604,
        98.18731117824774,
        96.14147909967846,
        95.93908629441624,
        97.10610932475883,
        91.40893470790378,
        99.76635514018692,
        79.56989247311827,
        93.75,
        87.94964028776978,
        33.170731707317074,
        75.16129032258064,
        77.88461538461539,
        90.625,
        84.02061855670104,
        81.44796380090497,
        18.68686868686869,
        95.75971731448763,
        12.587412587412588,
        97.23076923076923,
        58.73925501432665,
        72.40663900414937,
        95.65217391304348,
        82.27848101265823,
        92.81767955801105,
        73.6413043478261,
        86.83602771362587,
        80.0,
        76.92307692307693,
        87.21374045801527,
        0.0,
        0.0,
        90.9278350515464,
        81.70731707317073,
        2.380952380952381,
        83.77358490566039,
        30.612244897959183,
        90.03021148036254,
        14.583333333333334,
        86.08695652173914,
        53.62997658079626,
        78.343949044586,
        44.6875,
        59.94152046783626,
        87.2340425531915,
        83.72093023255815,
        58.92857142857143,
