{
    "OA": 79.71251970463786,
    "AA": 57.05148691265941,
    "OOD": 93.87574255800978,
    "NMI": 64.06274698093681,
    "H-score": 70.78056671956782,
    "H3-score": 68.39136811016088,
    "UCR": 70.81739407499565,
    "Recall-all": [
        90.9090909090909,
        61.471861471861466,
        83.68794326241135,
        86.25,
        71.15384615384616,
        15.584415584415584,
        94.8051948051948,
        56.451612903225815,
        90.47619047619048,
        9.770114942528735,
        80.55555555555556,
        59.310344827586206,
        78.43137254901961,
        84.50704225352112,
        17.94871794871795,
        73.57142857142858,
        87.87878787878788,
        60.150375939849624,
        45.86466165413533,
        68.75,
        86.60714285714286,
        58.21917808219178,
        25.454545454545453,
        79.03225806451613,
        42.08955223880597,
        67.93893129770993,
        89.0,
        25.287356321839084,
        33.68421052631579,
        89.16666666666667,
        61.95652173913043,
        44.39252336448598,
        66.87116564417178,
        54.761904761904766,
        25.842696629213485,
        20.588235294117645,
        8.433734939759036,
        21.649484536082475,
        45.77777777777778,
        39.523809523809526,
        91.005291005291,
        74.47916666666666,
        51.70940170940172,
        70.39999999999999,
        51.533742331288344,
        29.20353982300885,
        92.08633093525181,
        84.51612903225806,
        2.771362586605081,
        76.4367816091954,
        95.23809523809523,
        36.95652173913043,
        91.66666666666666,
        68.29268292682927,
        95.6043956043956,
        23.684210526315788,
        4.166666666666666,
        56.896551724137936,
        84.90566037735849,
        43.07692307692308,
        46.666666666666664,
        31.683168316831683,
        65.21739130434783,
        38.46153846153847,
        36.26373626373626,
        58.82352941176471,
        84.0909090909091,
        37.5,
        47.76119402985074,
        26.08695652173913,
        54.166666666666664,
        14.184397163120568,
        70.0,
        60.0,
        22.857142857142858,
        91.30434782608695,
        62.5,
        26.31578947368421,
        13.043478260869565,
        15.254237288135593,
        57.14285714285714,
        54.54545454545454,
        95.28301886792453,
        2.0100502512562812,
        83.92857142857143,
        81.81818181818183,
        76.63551401869158,
        9.59409594095941,
        86.25,
        64.28571428571429,
        28.26086956521739,
        32.25806451612903,
        89.83050847457628,
        68.18181818181817,
        47.01195219123506,
        80.88235294117648,
        44.44444444444444,
        51.0,
        73.15436241610739,
        73.4375,
        65.89147286821705,
        87.76978417266187,
        56.074766355140184,
        96.7741935483871,
        76.8,
        18.181818181818183,
        73.39181286549707,
        39.33333333333333,
        4.487179487179487,
        64.28571428571429,
        70.95238095238095,
        42.857142857142854,
        3.0303030303030303,
        66.3265306122449,
        67.85714285714286,
        42.79475982532751,
        76.44787644787645,
        92.92929292929293,
        31.25,
        81.92771084337349,
        32.631578947368425,
        22.127659574468083,
        79.7872340425532,
        72.62569832402235,
        64.22764227642277,
        82.3943661971831,
        39.130434782608695,
        52.23880597014925,
        10.344827586206897,
        88.46153846153845,
        4.838709677419355,
        37.267080745341616,
        92.5,
        9.166666666666666,
        69.84126984126983,
        84.25196850393701,
        57.14285714285714,
        50.0,
        87.09677419354838,
        26.41509433962264,
        87.6923076923077,
        92.10526315789474,
        85.40145985401459,
        50.0,
        41.25,
        30.64516129032258,
        39.436619718309856,
        90.14084507042254,
        68.75,
        83.05084745762711,
        93.87574255800978
    ],
    "Closed Set Accuracy": {
        "OA": 83.0186552443217,
        "AA": 84.50660155666864,