{
    "OA": 77.78585498546103,
    "AA": 58.50103419057919,
    "OOD": 90.96421830448577,
    "NMI": 61.968003874493924,
    "H-score": 71.0461675211594,
    "H3-score": 67.7396550573076,
    "UCR": 66.92094437986215,
    "Recall-all": [
        93.18181818181817,
        69.26406926406926,
        87.2340425531915,
        83.75,
        60.09615384615385,
        35.064935064935064,
        94.8051948051948,
        69.35483870967742,
        92.85714285714286,
        1.1494252873563218,
        90.27777777777779,
        66.89655172413794,
        90.19607843137256,
        89.43661971830986,
        0.0,
        84.28571428571429,
        96.96969696969697,
        72.18045112781954,
        69.17293233082707,
        75.89285714285714,
        82.14285714285714,
        70.54794520547945,
        34.54545454545455,
        82.25806451612904,
        46.865671641791046,
        74.04580152671755,
        94.0,
        31.03448275862069,
        55.78947368421052,
        97.5,
        74.45652173913044,
        54.67289719626168,
        66.25766871165644,
        59.523809523809526,
        19.101123595505616,
        29.411764705882355,
        0.0,
        41.23711340206185,
        66.66666666666666,
        51.42857142857142,
        87.83068783068782,
        77.60416666666666,
        62.82051282051282,
        75.2,
        58.895705521472394,
        43.36283185840708,
        97.12230215827337,
        89.03225806451613,
        2.0785219399538106,
        87.35632183908046,
        83.33333333333334,
        52.17391304347826,
        95.83333333333334,
        51.21951219512195,
        97.8021978021978,
        35.526315789473685,
        0.0,
        62.06896551724138,
        84.90566037735849,
        50.76923076923077,
        55.55555555555556,
        29.7029702970297,
        17.391304347826086,
        30.76923076923077,
        43.956043956043956,
        58.82352941176471,
        95.45454545454545,
        12.5,
        71.64179104477611,
        0.0,
        37.5,
        19.148936170212767,
        70.0,
        50.0,
        24.285714285714285,
        91.30434782608695,
        12.5,
        0.0,
        0.0,
        0.0,
        69.04761904761905,
        0.0,
        96.22641509433963,
        1.507537688442211,
        94.64285714285714,
        80.99173553719008,
        78.50467289719626,
        5.166051660516605,
        78.75,
        67.85714285714286,
        21.73913043478261,
        29.493087557603687,
        89.83050847457628,
        61.36363636363637,
        55.77689243027888,
        81.61764705882352,
        22.22222222222222,
        60.0,
        85.90604026845638,
        71.35416666666666,
        69.76744186046511,
        85.61151079136691,
        19.626168224299064,
        99.46236559139786,
        69.6,
        6.0606060606060606,
        82.16374269005848,
        61.33333333333333,
        0.0,
        54.761904761904766,
        78.0952380952381,
        59.183673469387756,
        4.545454545454546,
        78.57142857142857,
        78.57142857142857,
        48.90829694323144,
        78.37837837837837,
        95.95959595959596,
        28.125,
        85.54216867469879,
        40.0,
        25.106382978723403,
        79.7872340425532,
        70.39106145251397,
        67.47967479674797,
        89.43661971830986,
        46.73913043478261,
        40.298507462686565,
        13.793103448275861,
        90.76923076923077,
        0.8064516129032258,
        26.08695652173913,
        94.5,
        11.666666666666666,
        87.3015873015873,
        88.18897637795276,
        57.14285714285714,
        61.44578313253012,
        87.09677419354838,
        56.60377358490566,
        92.3076923076923,
        97.36842105263158,
        89.05109489051095,
        76.71232876712328,
        61.25000000000001,
        32.25806451612903,
        33.80281690140845,
        90.14084507042254,
        37.5,
        92.37288135593221,
        90.96421830448577
    ],
    "Closed Set Accuracy": {
        "OA": 80.27954686355181,
        "AA": 80.69908763819397,