{
    "OA": 49.76046891731951,
    "AA": 53.48232924859764,
    "OOD": null,
    "NMI": null,
    "H-score": null,
    "H3-score": null,
    "UCR": 78.92690074959138,
    "Recall-all": [
        95.45454545454545,
        27.705627705627705,
        84.39716312056737,
        80.0,
        35.57692307692308,
        16.883116883116884,
        90.9090909090909,
        69.35483870967742,
        85.71428571428571,
        5.747126436781609,
        88.88888888888889,
        57.931034482758626,
        79.73856209150327,
        83.09859154929578,
        17.94871794871795,
        71.42857142857143,
        93.93939393939394,
        71.42857142857143,
        54.13533834586466,
        65.17857142857143,
        83.92857142857143,
        57.534246575342465,
        9.090909090909092,
        52.41935483870967,
        25.07462686567164,
        55.72519083969466,
        84.0,
        29.88505747126437,
        37.368421052631575,
        86.25,
        66.84782608695652,
        5.607476635514018,
        59.50920245398773,
        61.904761904761905,
        24.719101123595504,
        12.745098039215685,
        6.024096385542169,
        25.773195876288657,
        51.55555555555556,
        44.285714285714285,
        83.5978835978836,
        70.83333333333334,
        29.48717948717949,
        72.8,
        41.104294478527606,
        30.08849557522124,
        86.33093525179856,
        62.58064516129033,
        0.0,
        71.26436781609196,
        95.23809523809523,
        41.30434782608695,
        97.91666666666666,
        58.536585365853654,
        96.7032967032967,
        7.894736842105263,
        4.166666666666666,
        63.793103448275865,
        84.90566037735849,
        46.15384615384615,
        52.22222222222223,
        0.9900990099009901,
        65.21739130434783,
        43.58974358974359,
        4.395604395604396,
        82.35294117647058,
        77.27272727272727,
        6.25,
        71.64179104477611,
        39.130434782608695,
        37.5,
        9.219858156028367,
        70.0,
        53.333333333333336,
        12.857142857142856,
        69.56521739130434,
        75.0,
        5.263157894736842,
        17.391304347826086,
        16.94915254237288,
        69.04761904761905,
        54.54545454545454,
        97.16981132075472,
        2.0100502512562812,
        84.82142857142857,
        78.51239669421489,
        70.09345794392523,
        6.642066420664207,
        77.5,
        67.85714285714286,
        17.391304347826086,
        0.9216589861751152,
        86.4406779661017,
        67.04545454545455,
        47.01195219123506,
        69.11764705882352,
        44.44444444444444,
        35.0,
        76.51006711409396,
        59.375,
        66.66666666666666,
        79.85611510791367,
        42.99065420560748,
        95.16129032258065,
        64.0,
        15.151515151515152,
        54.09356725146199,
        48.0,
        0.0,
        66.66666666666666,
        77.61904761904762,
        46.93877551020408,
        0.5050505050505051,
        69.38775510204081,
        78.57142857142857,
        40.61135371179039,
        52.123552123552116,
        91.91919191919192,
        34.375,
        84.33734939759037,
        33.1578947368421,
        1.276595744680851,
        68.08510638297872,
        59.217877094972074,
        58.536585365853654,
        79.5774647887324,
        40.21739130434783,
        38.80597014925373,
        17.24137931034483,
        90.76923076923077,
        3.225806451612903,
        19.461697722567287,
        88.0,
        10.0,
        69.04761904761905,
        81.10236220472441,
        51.02040816326531,
        34.33734939759036,
        87.09677419354838,
        49.056603773584904,
        89.23076923076924,
        97.36842105263158,
        84.67153284671532,
        65.06849315068493,
        47.5,
        32.25806451612903,
        52.112676056338024,
        88.73239436619718,
        68.75,
        86.4406779661017
    ],
    "Closed Set Accuracy": {
        "OA": 78.92690074959138,
        "AA": 80.35491211775707,