{
    "OA": 77.91248475752744,
    "AA": 58.79008079390397,
    "OOD": 91.06461587888036,
    "NMI": 62.33288555660613,
    "H-score": 71.29221243313133,
    "H3-score": 68.03400799758056,
    "UCR": 67.14741908137167,
    "Recall-all": [
        95.45454545454545,
        66.66666666666666,
        86.52482269503547,
        83.75,
        56.730769230769226,
        27.27272727272727,
        94.8051948051948,
        67.74193548387096,
        94.44444444444444,
        1.1494252873563218,
        89.58333333333334,
        68.96551724137932,
        88.88888888888889,
        88.73239436619718,
        0.0,
        84.28571428571429,
        96.96969696969697,
        72.93233082706767,
        72.93233082706767,
        80.35714285714286,
        83.03571428571429,
        69.86301369863014,
        30.909090909090907,
        87.09677419354838,
        47.462686567164184,
        75.57251908396947,
        94.0,
        32.18390804597701,
        54.736842105263165,
        95.83333333333334,
        75.0,
        50.467289719626166,
        68.09815950920245,
        69.04761904761905,
        26.96629213483146,
        25.49019607843137,
        0.0,
        40.20618556701031,
        67.11111111111111,
        50.95238095238095,
        87.3015873015873,
        76.04166666666666,
        67.09401709401709,
        73.6,
        58.895705521472394,
        45.13274336283185,
        97.12230215827337,
        89.6774193548387,
        2.5404157043879905,
        85.0574712643678,
        80.95238095238095,
        58.69565217391305,
        95.83333333333334,
        48.78048780487805,
        97.8021978021978,
        34.21052631578947,
        0.0,
        67.24137931034483,
        90.56603773584906,
        47.69230769230769,
        55.55555555555556,
        18.81188118811881,
        13.043478260869565,
        30.76923076923077,
        42.857142857142854,
        52.94117647058824,
        90.9090909090909,
        12.5,
        73.13432835820896,
        4.3478260869565215,
        45.83333333333333,
        18.439716312056735,
        75.0,
        53.333333333333336,
        21.428571428571427,
        91.30434782608695,
        0.0,
        0.0,
        0.0,
        0.0,
        69.04761904761905,
        9.090909090909092,
        96.22641509433963,
        1.507537688442211,
        95.53571428571429,
        83.47107438016529,
        80.37383177570094,
        8.118081180811808,
        80.0,
        64.28571428571429,
        19.565217391304348,
        31.797235023041477,
        88.13559322033898,
        64.77272727272727,
        56.573705179282875,
        81.61764705882352,
        33.33333333333333,
        63.0,
        85.90604026845638,
        69.79166666666666,
        68.21705426356588,
        84.89208633093526,
        16.822429906542055,
        98.38709677419355,
        68.0,
        6.0606060606060606,
        80.99415204678363,
        58.666666666666664,
        0.0,
        52.38095238095239,
        77.61904761904762,
        60.204081632653065,
        6.0606060606060606,
        77.55102040816327,
        79.76190476190477,
        49.78165938864629,
        78.37837837837837,
        95.95959595959596,
        37.5,
        86.74698795180723,
        42.10526315789473,
        23.829787234042556,
        85.1063829787234,
        69.27374301675978,
        69.91869918699187,
        88.73239436619718,
        45.65217391304348,
        44.776119402985074,
        13.793103448275861,
        91.53846153846153,
        0.8064516129032258,
        27.12215320910973,
        94.0,
        13.333333333333334,
        89.68253968253968,
        88.18897637795276,
        59.183673469387756,
        59.036144578313255,
        87.09677419354838,
        54.71698113207547,
        93.07692307692308,
        97.36842105263158,
        89.78102189781022,
        77.3972602739726,
        60.0,
        33.87096774193548,
        38.028169014084504,
        91.54929577464789,
        31.25,
        93.22033898305084,
        91.06461587888036
    ],
    "Closed Set Accuracy": {
        "OA": 80.44862762779688,
        "AA": 80.89016482459748,