{
    "OA": 80.79328904621053,
    "AA": 70.38527902958121,
    "OOD": 92.15014990681468,
    "NMI": 86.8982428203833,
    "H-score": 79.71660943308551,
    "H3-score": 81.97621803218863,
    "UCR": 79.95733826777058,
    "Recall-all": [
        98.53479853479854,
        15.789473684210526,
        89.28571428571429,
        82.56880733944955,
        52.38095238095239,
        79.35483870967742,
        93.23308270676691,
        96.55172413793103,
        97.2972972972973,
        1.8292682926829267,
        91.70305676855895,
        87.64044943820225,
        96.09120521172639,
        84.44444444444444,
        82.11678832116789,
        77.98165137614679,
        95.0,
        94.9367088607595,
        80.2588996763754,
        49.09090909090909,
        98.40637450199203,
        90.02770083102493,
        43.44827586206896,
        87.04156479217605,
        37.524557956778,
        77.4703557312253,
        59.03225806451613,
        52.7114967462039,
        55.9652928416486,
        75.65922920892496,
        96.40287769784173,
        4.838709677419355,
        58.82352941176471,
        69.52141057934509,
        56.0546875,
        17.46987951807229,
        35.15981735159817,
        45.320197044334975,
        84.44444444444444,
        86.14457831325302,
        67.67068273092369,
        76.13019891500905,
        40.85820895522388,
        83.72093023255815,
        79.41176470588235,
        70.74235807860262,
        96.12756264236903,
        82.14971209213053,
        14.285714285714285,
        70.04504504504504,
        83.04347826086956,
        73.29650092081032,
        89.65517241379311,
        77.23577235772358,
        92.94117647058823,
        53.89221556886228,
        21.176470588235293,
        80.05952380952381,
        77.88018433179722,
        84.54106280193237,
        93.87755102040816,
        9.414758269720101,
        82.95165394402035,
        51.57232704402516,
        9.515260323159785,
        99.33774834437085,
        97.13375796178345,
        27.197802197802197,
        83.92857142857143,
        91.63636363636364,
        55.88865096359743,
        24.550898203592812,
        92.85714285714286,
        73.60774818401937,
        33.1858407079646,
        46.52777777777778,
        85.63218390804597,
        32.800000000000004,
        83.89830508474576,
        60.0,
        78.0952380952381,
        89.12466843501326,
        91.11111111111111,
        74.7159090909091,
        96.59318637274549,
        78.64077669902912,
        98.4126984126984,
        34.883720930232556,
        78.18181818181819,
        94.3342776203966,
        67.59493670886076,
        1.4678899082568808,
        94.81481481481482,
        87.07482993197279,
        65.47619047619048,
        78.63501483679525,
        96.29629629629629,
        68.01007556675063,
        97.39776951672863,
        75.80071174377224,
        95.77114427860697,
        63.17991631799163,
        24.087591240875913,
        95.44626593806922,
        79.03930131004367,
        50.607287449392715,
        47.578947368421055,
        93.39019189765459,
        0.4123711340206186,
        59.28338762214984,
        77.61194029850746,
        82.12290502793296,
        10.904872389791183,
        93.96984924623115,
        92.02453987730061,
        76.51933701657458,
        32.732732732732735,
        93.75,
        92.8125,
        95.01385041551247,
        97.09302325581395,
        4.819277108433735,
        61.240310077519375,
        53.746770025839794,
        74.89539748953975,
        90.41353383458647,
        95.6989247311828,
        48.59649122807018,
        81.0958904109589,
        94.90291262135922,
        8.226221079691516,
        83.7465564738292,
        89.78388998035363,
        71.59533073929961,
        87.89954337899543,
        84.65473145780051,
        68.64406779661016,
        24.653739612188367,
        94.63087248322147,
        68.75,
        94.750656167979,
        97.43589743589743,
        95.18716577540107,
        88.6574074074074,
        48.370927318295735,
        74.23076923076923,
        84.86055776892431,
        74.57627118644068,
        66.16379310344827,
        95.8498023715415,
        92.15014990681468
    ],
    "Closed Set Accuracy": {
        "OA": 89.7936782571487,
        "AA": 89.69549491545774,