{
    "OA": 80.36561121078407,
    "AA": 72.01582909270883,
    "OOD": 88.33968073900009,
    "NMI": 81.44566492547314,
    "H-score": 79.28029360446743,
    "H3-score": 79.9905193497046,
    "UCR": 78.28571541786164,
    "Recall-all": [
        99.26739926739927,
        53.94736842105263,
        87.36263736263736,
        93.34862385321101,
        0.0,
        90.0,
        93.60902255639097,
        92.67241379310344,
        78.37837837837837,
        0.0,
        86.8995633187773,
        83.52059925093633,
        94.46254071661238,
        86.66666666666667,
        73.72262773722628,
        83.4862385321101,
        95.0,
        56.9620253164557,
        84.78964401294499,
        68.48484848484848,
        92.82868525896414,
        91.68975069252078,
        61.839080459770116,
        87.77506112469437,
        49.50884086444008,
        82.6086956521739,
        82.25806451612904,
        50.542299349240785,
        53.579175704989154,
        86.61257606490872,
        95.68345323741008,
        30.64516129032258,
        54.41176470588235,
        77.58186397984886,
        59.9609375,
        22.89156626506024,
        25.799086757990867,
        47.783251231527096,
        91.94444444444444,
        84.93975903614458,
        61.84738955823293,
        70.88607594936708,
        58.2089552238806,
        92.38900634249472,
        79.41176470588235,
        72.0524017467249,
        96.81093394077449,
        87.5239923224568,
        0.0,
        92.34234234234235,
        78.69565217391305,
        74.21731123388582,
        87.35632183908046,
        78.86178861788618,
        90.29411764705883,
        59.88023952095808,
        47.05882352941176,
        82.44047619047619,
        82.94930875576037,
        82.1256038647343,
        95.51020408163265,
        15.267175572519085,
        79.64376590330788,
        65.61844863731656,
        46.678635547576306,
        96.02649006622516,
        97.77070063694268,
        31.868131868131865,
        86.60714285714286,
        86.9090909090909,
        78.37259100642399,
        37.12574850299401,
        92.14285714285714,
        75.54479418886199,
        38.05309734513274,
        59.49074074074075,
        83.9080459770115,
        41.199999999999996,
        78.60169491525424,
        52.054794520547944,
        80.23809523809524,
        87.26790450928382,
        91.31313131313131,
        69.60227272727273,
        94.58917835671342,
        61.165048543689316,
        98.1859410430839,
        27.906976744186046,
        77.66233766233766,
        95.46742209631728,
        69.87341772151898,
        15.045871559633028,
        85.92592592592592,
        87.3015873015873,
        68.25396825396825,
        70.02967359050444,
        98.76543209876543,
        61.46095717884131,
        98.51301115241635,
        76.51245551601423,
        93.03482587064677,
        61.08786610878661,
        18.248175182481752,
        91.2568306010929,
        81.4410480349345,
        51.821862348178136,
        49.89473684210527,
        95.52238805970148,
        0.0,
        55.700325732899024,
        73.73134328358208,
        87.52327746741155,
        7.424593967517401,
        94.47236180904522,
        91.00204498977506,
        83.14917127071824,
        56.45645645645646,
        92.93478260869566,
        90.9375,
        93.07479224376732,
        93.02325581395348,
        51.00401606425703,
        59.30232558139535,
        42.63565891472868,
        74.47698744769873,
        92.10526315789474,
        97.1326164874552,
        61.75438596491228,
        74.79452054794521,
        95.14563106796116,
        15.424164524421593,
        84.57300275482093,
        88.21218074656188,
        77.82101167315176,
        92.46575342465754,
        85.16624040920716,
        63.559322033898304,
        29.085872576177284,
        93.73601789709173,
        67.3913043478261,
        87.66404199475065,
        97.43589743589743,
        91.97860962566845,
        87.26851851851852,
        53.383458646616546,
        74.23076923076923,
        73.30677290836654,
        81.35593220338984,
        71.98275862068965,
        97.62845849802372,
        88.33968073900009
    ],
    "Closed Set Accuracy": {
        "OA": 88.05975702777623,
        "AA": 87.54776203567069,