{
    "OA": 45.68986036178991,
    "AA": 44.410839043926096,
    "OOD": null,
    "NMI": null,
    "H-score": null,
    "H3-score": null,
    "UCR": 76.10084100285623,
    "Recall-all": [
        86.02150537634408,
        0.6944444444444444,
        48.275862068965516,
        31.372549019607842,
        26.420454545454547,
        8.89423076923077,
        50.0,
        14.285714285714285,
        54.662379421221864,
        0.0,
        70.6713780918728,
        19.607843137254903,
        74.05405405405405,
        56.8,
        9.62962962962963,
        68.12080536912751,
        44.047619047619044,
        32.97872340425532,
        5.555555555555555,
        39.0625,
        52.58215962441315,
        43.333333333333336,
        15.759312320916905,
        58.867924528301884,
        1.5444015444015444,
        9.375,
        65.29680365296804,
        45.45454545454545,
        18.103448275862068,
        52.20588235294118,
        23.300970873786408,
        0.0,
        50.602409638554214,
        77.77777777777779,
        78.94736842105263,
        13.636363636363635,
        60.71428571428571,
        38.069705093833775,
        34.01015228426396,
        44.761904761904766,
        69.32515337423312,
        27.85388127853881,
        5.167173252279635,
        78.57142857142857,
        12.068965517241379,
        19.047619047619047,
        87.5,
        25.64102564102564,
        0.0,
        67.4074074074074,
        81.17647058823529,
        51.4018691588785,
        62.5,
        16.666666666666664,
        74.75247524752476,
        7.339449541284404,
        32.0,
        41.05960264900662,
        42.22222222222222,
        59.45945945945946,
        61.278195488721806,
        0.0,
        81.08108108108108,
        39.490445859872615,
        2.083333333333333,
        88.46153846153845,
        82.72727272727273,
        2.1739130434782608,
        22.22222222222222,
        87.17948717948718,
        45.45454545454545,
        1.4705882352941175,
        54.83870967741935,
        29.67032967032967,
        20.103092783505154,
        60.46511627906976,
        81.48148148148148,
        0.0,
        45.94594594594595,
        0.0,
        27.77777777777778,
        88.07339449541286,
        96.26168224299066,
        41.66666666666667,
        72.61904761904762,
        50.90909090909091,
        79.08496732026144,
        8.264462809917356,
        27.27272727272727,
        56.75675675675676,
        37.64705882352941,
        0.9940357852882704,
        87.5,
        79.6934865900383,
        40.082644628099175,
        80.74534161490683,
        88.77551020408163,
        7.142857142857142,
        62.676056338028175,
        50.51194539249146,
        81.06060606060606,
        46.92307692307692,
        1.694915254237288,
        90.2027027027027,
        19.704433497536947,
        45.45454545454545,
        38.308457711442784,
        8.620689655172415,
        0.0,
        18.181818181818183,
        63.74999999999999,
        32.35294117647059,
        2.564102564102564,
        80.0,
        90.0,
        69.32773109243698,
        17.537313432835823,
        97.40259740259741,
        2.3972602739726026,
        84.02777777777779,
        71.42857142857143,
        0.2949852507374631,
        24.85207100591716,
        20.33898305084746,
        13.793103448275861,
        93.96551724137932,
        59.32203389830508,
        31.756756756756754,
        44.0,
        98.63013698630137,
        0.0,
        21.44469525959368,
        70.64220183486239,
        6.986899563318777,
        40.845070422535215,
        87.0,
        32.25806451612903,
        2.2598870056497176,
        82.6923076923077,
        5.818181818181818,
        25.396825396825395,
        89.59537572254335,
        65.92178770949721,
        11.11111111111111,
        41.964285714285715,
        38.70967741935484,
        23.846153846153847,
        59.61538461538461,
        45.714285714285715,
        82.01892744479495,
        81.37254901960785,
        61.029411764705884,
        90.78014184397163,
        9.58904109589041,
        17.770034843205575,
        0.0,
        66.82027649769586,
        76.84210526315789,
        16.216216216216218,
        84.24657534246576,
        63.63636363636363,
        38.996138996138995,
        3.3707865168539324,
        4.761904761904762,
        61.512027491408936,
        29.605263157894733,
        56.074766355140184,
        18.571428571428573,
        0.8064516129032258,
        26.785714285714285,
        61.111111111111114,
        78.52112676056338,
        37.95620437956204,
        0.0,
        76.70454545454545,
        72.26277372262774,
        77.27272727272727,
        60.91954022988506,
        50.0,
        26.013513513513516,
        0.0,
        12.82051282051282,
        45.370370370370374,
        49.275362318840585,
        44.11764705882353,
        42.857142857142854,
        36.55913978494624,
        7.555555555555555,
        64.44444444444444,
        64.86486486486487,
        4.484304932735426,
        22.54901960784314,
        2.405498281786942,
        2.857142857142857,
        54.406130268199234,
        64.20454545454545,
        22.013651877133107,
        61.41078838174274,
        5.8988764044943816,
        9.174311926605505,
        0.0,
        84.27947598253274,
        83.58662613981764,
        14.285714285714285,
        82.36994219653178,
        36.65338645418327,
        56.14035087719298,
        52.6829268292683,
        96.19565217391305,
        39.24528301886793,
        64.1025641025641,
        54.94505494505495,
        92.73504273504274,
        69.56521739130434,
        31.57894736842105,
        85.20900321543408,
        85.24590163934425,
        1.5873015873015872,
        80.84415584415584,
        69.15422885572139,
        87.87878787878788,
        3.10077519379845,
        78.41409691629956,
        37.89473684210527,
        87.55364806866953,
        75.0,
        53.69458128078818,
        41.66666666666667,
        25.0,
        33.87096774193548,
        78.8135593220339,
        6.666666666666667,
        55.00000000000001,
        77.14285714285715,
        35.294117647058826,
        74.8663101604278,
        91.37931034482759,
        31.11111111111111,
        14.69387755102041,
        3.4482758620689653,
        2.5,
        21.052631578947366,
        92.15686274509804,
        55.952380952380956,
        5.426356589147287,
        36.53846153846153,
        72.72727272727273,
        78.22222222222223,
        69.66292134831461,
        14.285714285714285,
        70.44534412955466,
        88.37209302325581,
        47.72727272727273,
        86.81318681318682,
        11.11111111111111,
        95.37366548042705,
        30.973451327433626,
        75.0,
        84.12017167381974,
        10.989010989010989,
        46.846846846846844,
        19.480519480519483,
        47.69230769230769,
        47.11538461538461,
        75.38461538461539,
        2.4193548387096775,
        9.090909090909092,
        5.660377358490567,
        65.47085201793722,
        30.16949152542373,
        36.486486486486484,
        59.67741935483871,
        68.13953488372093,
        81.69014084507043,
        5.0,
        56.52173913043478,
        49.26470588235294,
        49.333333333333336,
        77.27272727272727,
        2.857142857142857,
        1.948051948051948,
        74.53580901856765,
        33.33333333333333,
        8.333333333333332,
        44.0,
        0.0,
        51.010101010101,
        0.0,
        34.54545454545455,
        55.55555555555556,
        91.57088122605363,
        13.355048859934854,
        42.857142857142854,
        54.285714285714285,
        46.464646464646464,
        8.94308943089431,
        76.69491525423729,
        3.9473684210526314,
        38.028169014084504,
        5.825242718446602,
        20.0,
        2.857142857142857,
        71.00371747211895,
