{
    "OA": 42.94612559847534,
    "AA": 44.848215053732254,
    "OOD": null,
    "NMI": null,
    "H-score": null,
    "H3-score": null,
    "UCR": 77.61353600148747,
    "Recall-all": [
        87.09677419354838,
        1.3888888888888888,
        46.55172413793103,
        33.33333333333333,
        27.84090909090909,
        8.89423076923077,
        50.609756097560975,
        14.285714285714285,
        55.62700964630225,
        0.3389830508474576,
        69.96466431095406,
        20.26143790849673,
        74.5945945945946,
        58.4,
        10.37037037037037,
        68.45637583892618,
        45.23809523809524,
        31.914893617021278,
        5.555555555555555,
        39.58333333333333,
        53.051643192488264,
        50.0,
        16.332378223495702,
        61.886792452830186,
        2.7027027027027026,
        12.5,
        66.66666666666666,
        36.36363636363637,
        18.103448275862068,
        55.14705882352941,
        25.24271844660194,
        0.0,
        53.01204819277109,
        77.77777777777779,
        79.82456140350878,
        13.636363636363635,
        60.71428571428571,
        39.14209115281501,
        35.53299492385787,
        48.57142857142857,
        71.77914110429448,
        28.767123287671232,
        6.990881458966565,
        80.0,
        18.96551724137931,
        26.190476190476193,
        90.0,
        29.48717948717949,
        0.0,
        70.74074074074073,
        87.05882352941177,
        55.140186915887845,
        62.5,
        33.33333333333333,
        72.77227722772277,
        9.174311926605505,
        40.0,
        45.6953642384106,
        44.44444444444444,
        56.75675675675676,
        64.28571428571429,
        0.0,
        84.32432432432432,
        46.496815286624205,
        1.6666666666666667,
        88.46153846153845,
        85.45454545454545,
        1.0869565217391304,
        13.88888888888889,
        87.17948717948718,
        48.484848484848484,
        1.4705882352941175,
        58.06451612903226,
        31.318681318681318,
        18.04123711340206,
        61.240310077519375,
        81.48148148148148,
        0.0,
        54.054054054054056,
        0.0,
        38.88888888888889,
        91.74311926605505,
        96.26168224299066,
        58.333333333333336,
        73.80952380952381,
        54.54545454545454,
        79.73856209150327,
        10.46831955922865,
        45.45454545454545,
        55.4054054054054,
        38.82352941176471,
        1.1928429423459244,
        88.57142857142857,
        83.5249042145594,
        40.082644628099175,
        81.98757763975155,
        91.83673469387756,
        14.285714285714285,
        64.7887323943662,
        53.58361774744027,
        81.81818181818183,
        48.46153846153846,
        5.084745762711865,
        90.54054054054053,
        22.167487684729064,
        45.45454545454545,
        37.81094527363184,
        10.344827586206897,
        0.0,
        18.181818181818183,
        62.916666666666664,
        38.23529411764706,
        2.564102564102564,
        80.0,
        90.0,
        71.84873949579831,
        19.029850746268657,
        97.40259740259741,
        2.3972602739726026,
        85.41666666666666,
        71.42857142857143,
        0.2949852507374631,
        26.035502958579883,
        22.033898305084744,
        15.517241379310345,
        91.37931034482759,
        61.86440677966102,
        35.810810810810814,
        44.0,
        98.63013698630137,
        1.36986301369863,
        22.799097065462753,
        72.47706422018348,
        8.296943231441048,
        42.25352112676056,
        88.0,
        32.25806451612903,
        2.2598870056497176,
        82.05128205128204,
        5.818181818181818,
        26.190476190476193,
        91.32947976878613,
        68.15642458100558,
        16.666666666666664,
        45.535714285714285,
        41.935483870967744,
        26.923076923076923,
        60.43956043956044,
        57.14285714285714,
        82.01892744479495
    ],
    "Closed Set Accuracy": {
        "OA": 77.61353600148747,
        "AA": 76.95757289459527,