{
    "OA": 49.87318942681621,
    "AA": 53.52080576055863,
    "OOD": null,
    "NMI": null,
    "H-score": null,
    "H3-score": null,
    "UCR": 78.92690074959138,
    "Recall-all": [
        93.18181818181817,
        26.83982683982684,
        84.39716312056737,
        81.25,
        36.05769230769231,
        16.883116883116884,
        90.9090909090909,
        67.74193548387096,
        86.5079365079365,
        6.896551724137931,
        88.88888888888889,
        58.620689655172406,
        80.3921568627451,
        83.09859154929578,
        20.51282051282051,
        71.42857142857143,
        93.93939393939394,
        70.67669172932331,
        54.13533834586466,
        66.96428571428571,
        83.92857142857143,
        56.849315068493155,
        9.090909090909092,
        52.41935483870967,
        25.07462686567164,
        55.72519083969466,
        83.0,
        29.88505747126437,
        37.368421052631575,
        86.25,
        67.3913043478261,
        7.009345794392523,
        58.282208588957054,
        64.28571428571429,
        23.595505617977526,
        13.725490196078432,
        6.024096385542169,
        26.804123711340207,
        51.55555555555556,
        44.761904761904766,
        83.5978835978836,
        70.83333333333334,
        31.196581196581196,
        72.8,
        40.49079754601227,
        30.08849557522124,
        86.33093525179856,
        62.58064516129033,
        0.0,
        71.26436781609196,
        97.61904761904762,
        41.30434782608695,
        97.91666666666666,
        58.536585365853654,
        96.7032967032967,
        7.894736842105263,
        4.166666666666666,
        63.793103448275865,
        84.90566037735849,
        46.15384615384615,
        48.888888888888886,
        0.9900990099009901,
        65.21739130434783,
        43.58974358974359,
        5.4945054945054945,
        82.35294117647058,
        75.0,
        0.0,
        70.1492537313433,
        39.130434782608695,
        41.66666666666667,
        9.219858156028367,
        70.0,
        56.666666666666664,
        12.857142857142856,
        69.56521739130434,
        75.0,
        5.263157894736842,
        17.391304347826086,
        15.254237288135593,
        69.04761904761905,
        54.54545454545454,
        97.16981132075472,
        2.512562814070352,
        84.82142857142857,
        78.51239669421489,
        70.09345794392523,
        6.273062730627306,
        77.5,
        67.85714285714286,
        17.391304347826086,
        2.3041474654377883,
        84.7457627118644,
        67.04545454545455,
        47.01195219123506,
        69.11764705882352,
        44.44444444444444,
        35.0,
        75.16778523489933,
        58.854166666666664,
        65.89147286821705,
        79.85611510791367,
        42.05607476635514,
        94.6236559139785,
        64.0,
        15.151515151515152,
        57.01754385964912,
        48.0,
        0.0,
        66.66666666666666,
        77.61904761904762,
        46.93877551020408,
        0.5050505050505051,
        70.40816326530613,
        78.57142857142857,
        41.04803493449782,
        51.737451737451735,
        91.91919191919192,
        35.9375,
        83.13253012048193,
        33.68421052631579,
        1.276595744680851,
        68.08510638297872,
        60.33519553072626,
        59.34959349593496,
        79.5774647887324,
        40.21739130434783,
        41.7910447761194,
        13.793103448275861,
        90.0,
        2.4193548387096775,
        19.461697722567287,
        88.0,
        10.0,
        69.84126984126983,
        81.10236220472441,
        51.02040816326531,
        34.33734939759036,
        87.09677419354838,
        47.16981132075472,
        90.0,
        97.36842105263158,
        85.40145985401459,
        65.06849315068493,
        46.25,
        33.87096774193548,
        52.112676056338024,
        88.73239436619718,
        68.75,
        87.28813559322035
    ],
    "Closed Set Accuracy": {
        "OA": 78.92690074959138,
        "AA": 80.39757827094603,