{
    "OA": 74.6218162486105,
    "AA": 52.861028663792396,
    "OOD": 93.77422114852283,
    "NMI": 68.51827322156537,
    "H-score": 67.38598902312933,
    "H3-score": 67.76059976791822,
    "UCR": 69.57928882654394,
    "Recall-all": [
        89.24731182795699,
        22.22222222222222,
        43.103448275862064,
        37.254901960784316,
        44.88636363636363,
        22.596153846153847,
        64.63414634146342,
        9.523809523809524,
        64.95176848874597,
        0.6779661016949152,
        75.61837455830388,
        25.49019607843137,
        89.72972972972974,
        66.0,
        6.666666666666667,
        81.87919463087249,
        59.523809523809526,
        40.42553191489361,
        18.40277777777778,
        68.22916666666666,
        60.093896713615024,
        56.666666666666664,
        58.73925501432665,
        76.60377358490567,
        11.196911196911197,
        34.375,
        87.21461187214612,
        0.0,
        36.206896551724135,
        82.35294117647058,
        30.097087378640776,
        18.064516129032256,
        54.21686746987952,
        22.22222222222222,
        82.45614035087719,
        6.8181818181818175,
        35.714285714285715,
        58.98123324396782,
        52.79187817258884,
        51.42857142857142,
        75.4601226993865,
        42.00913242009132,
        49.544072948328264,
        87.14285714285714,
        22.413793103448278,
        42.857142857142854,
        95.0,
        80.76923076923077,
        0.0,
        87.4074074074074,
        91.76470588235294,
        68.22429906542055,
        12.5,
        10.0,
        80.19801980198021,
        45.87155963302752,
        56.00000000000001,
        70.86092715231787,
        62.77777777777778,
        48.64864864864865,
        78.94736842105263,
        19.35483870967742,
        88.64864864864866,
        77.07006369426752,
        56.666666666666664,
        88.46153846153845,
        92.72727272727272,
        11.956521739130435,
        33.33333333333333,
        79.48717948717949,
        82.82828282828282,
        2.450980392156863,
        75.80645161290323,
        63.18681318681318,
        30.412371134020617,
        81.3953488372093,
        85.18518518518519,
        0.0,
        45.94594594594595,
        0.0,
        27.77777777777778,
        95.41284403669725,
        97.19626168224299,
        16.666666666666664,
        83.33333333333334,
        52.72727272727272,
        86.27450980392157,
        14.325068870523417,
        0.0,
        66.21621621621621,
        69.41176470588235,
        34.39363817097416,
        92.85714285714286,
        90.80459770114942,
        60.74380165289256,
        86.95652173913044,
        97.95918367346938,
        0.0,
        71.83098591549296,
        79.18088737201366,
        89.39393939393939,
        50.76923076923077,
        0.0,
        97.2972972972973,
        33.99014778325123,
        54.54545454545454,
        59.20398009950249,
        12.068965517241379,
        0.0,
        0.0,
        73.75,
        41.17647058823529,
        0.0,
        75.0,
        80.0,
        82.35294117647058,
        65.29850746268657,
        97.40259740259741,
        2.054794520547945,
        94.44444444444444,
        42.857142857142854,
        12.094395280235988,
        52.071005917159766,
        18.64406779661017,
        18.96551724137931,
        98.27586206896551,
        74.57627118644068,
        52.02702702702703,
        48.0,
        98.63013698630137,
        0.0,
        49.43566591422122,
        85.3211009174312,
        15.72052401746725,
        85.2112676056338,
        94.0,
        29.03225806451613,
        7.909604519774012,
        90.38461538461539,
        26.545454545454543,
        27.77777777777778,
        90.7514450867052,
        77.6536312849162,
        0.0,
        59.82142857142857,
        49.67741935483871,
        53.07692307692308,
        79.94505494505495,
        54.285714285714285,
        92.11356466876973,
        93.77422114852283
    ],
    "Closed Set Accuracy": {
        "OA": 80.90456933017245,
        "AA": 77.5376925024942,