{
    "OA": 76.6368070537473,
    "AA": 53.14376751112959,
    "OOD": 94.65081723625556,
    "NMI": 61.213914141364924,
    "H-score": 67.84094556451454,
    "H3-score": 65.47939396942688,
    "UCR": 68.78617208381243,
    "Recall-all": [
        90.9090909090909,
        51.94805194805194,
        83.68794326241135,
        85.0,
        57.692307692307686,
        14.285714285714285,
        93.5064935064935,
        56.451612903225815,
        87.3015873015873,
        9.195402298850574,
        79.86111111111111,
        55.86206896551724,
        77.12418300653596,
        83.80281690140845,
        15.384615384615385,
        69.28571428571428,
        87.87878787878788,
        60.150375939849624,
        42.857142857142854,
        64.28571428571429,
        83.03571428571429,
        46.57534246575342,
        5.454545454545454,
        68.54838709677419,
        35.223880597014926,
        62.59541984732825,
        87.0,
        22.988505747126435,
        27.89473684210526,
        86.25,
        61.95652173913043,
        28.037383177570092,
        65.6441717791411,
        54.761904761904766,
        25.842696629213485,
        13.725490196078432,
        7.228915662650602,
        19.587628865979383,
        45.33333333333333,
        36.19047619047619,
        89.41798941798942,
        71.875,
        44.44444444444444,
        70.39999999999999,
        48.466257668711656,
        24.778761061946902,
        89.92805755395683,
        83.87096774193549,
        1.3856812933025404,
        70.11494252873564,
        88.09523809523809,
        36.95652173913043,
        91.66666666666666,
        65.85365853658537,
        95.6043956043956,
        15.789473684210526,
        2.083333333333333,
        55.172413793103445,
        79.24528301886792,
        41.53846153846154,
        43.333333333333336,
        9.900990099009901,
        65.21739130434783,
        35.8974358974359,
        23.076923076923077,
        58.82352941176471,
        84.0909090909091,
        12.5,
        43.28358208955223,
        26.08695652173913,
        45.83333333333333,
        9.929078014184398,
        65.0,
        53.333333333333336,
        18.571428571428573,
        91.30434782608695,
        50.0,
        0.0,
        13.043478260869565,
        11.864406779661017,
        52.38095238095239,
        45.45454545454545,
        94.33962264150944,
        2.0100502512562812,
        81.25,
        80.16528925619835,
        73.83177570093457,
        7.380073800738007,
        81.25,
        60.71428571428571,
        23.91304347826087,
        18.89400921658986,
        84.7457627118644,
        59.09090909090909,
        41.832669322709165,
        78.67647058823529,
        44.44444444444444,
        45.0,
        71.14093959731544,
        69.27083333333334,
        65.89147286821705,
        87.05035971223022,
        45.794392523364486,
        95.6989247311828,
        67.2,
        15.151515151515152,
        65.49707602339181,
        40.0,
        0.9615384615384616,
        64.28571428571429,
        69.52380952380952,
        41.83673469387755,
        3.0303030303030303,
        63.26530612244898,
        64.28571428571429,
        41.92139737991266,
        65.63706563706563,
        91.91919191919192,
        18.75,
        80.72289156626506,
        28.421052631578945,
        7.234042553191489,
        75.53191489361703,
        65.92178770949721,
        60.16260162601627,
        80.98591549295774,
        38.04347826086957,
        49.25373134328358,
        10.344827586206897,
        86.15384615384616,
        4.032258064516129,
        32.91925465838509,
        91.0,
        6.666666666666667,
        66.66666666666666,
        80.31496062992126,
        51.02040816326531,
        46.98795180722892,
        83.87096774193549,
        26.41509433962264,
        86.15384615384616,
        90.78947368421053,
        83.94160583941606,
        50.0,
        41.25,
        29.03225806451613,
        39.436619718309856,
        85.91549295774648,
        68.75,
        80.50847457627118,
        94.65081723625556
    ],
    "Closed Set Accuracy": {
        "OA": 81.53638054444005,
        "AA": 82.84966824834528,