{
    "OA": 74.59523464308153,
    "AA": 52.62241944765255,
    "OOD": 93.64336403442549,
    "NMI": 69.44539483839036,
    "H-score": 67.15556260758413,
    "H3-score": 67.9032434153546,
    "UCR": 69.83278872000412,
    "Recall-all": [
        90.32258064516128,
        25.694444444444443,
        46.55172413793103,
        39.21568627450981,
        48.86363636363637,
        30.048076923076923,
        64.02439024390245,
        8.571428571428571,
        67.20257234726688,
        0.3389830508474576,
        76.67844522968198,
        24.836601307189543,
        89.1891891891892,
        67.2,
        7.4074074074074066,
        83.22147651006712,
        60.71428571428571,
        42.5531914893617,
        19.09722222222222,
        68.22916666666666,
        60.093896713615024,
        56.666666666666664,
        51.28939828080229,
        79.24528301886792,
        12.355212355212355,
        25.0,
        86.3013698630137,
        0.0,
        34.48275862068966,
        83.08823529411765,
        29.126213592233007,
        30.32258064516129,
        54.21686746987952,
        33.33333333333333,
        83.33333333333334,
        2.272727272727273,
        35.714285714285715,
        58.17694369973191,
        50.76142131979695,
        48.57142857142857,
        76.07361963190185,
        42.465753424657535,
        45.8966565349544,
        88.57142857142857,
        15.517241379310345,
        42.857142857142854,
        95.0,
        78.2051282051282,
        0.0,
        87.4074074074074,
        91.76470588235294,
        57.009345794392516,
        12.5,
        6.666666666666667,
        81.1881188118812,
        44.95412844036697,
        56.00000000000001,
        68.87417218543047,
        61.111111111111114,
        51.35135135135135,
        78.19548872180451,
        9.67741935483871,
        88.64864864864866,
        78.343949044586,
        67.91666666666667,
        92.3076923076923,
        93.63636363636364,
        7.608695652173914,
        33.33333333333333,
        79.48717948717949,
        82.82828282828282,
        2.450980392156863,
        70.96774193548387,
        57.14285714285714,
        32.98969072164948,
        82.17054263565892,
        83.33333333333334,
        0.0,
        40.54054054054054,
        0.0,
        22.22222222222222,
        95.41284403669725,
        98.13084112149532,
        16.666666666666664,
        83.33333333333334,
        54.54545454545454,
        86.9281045751634,
        14.325068870523417,
        0.0,
        67.56756756756756,
        65.88235294117646,
        28.031809145129227,
        91.78571428571428,
        89.272030651341,
        59.917355371900825,
        89.44099378881988,
        96.93877551020408,
        0.0,
        72.53521126760563,
        84.30034129692832,
        88.63636363636364,
        50.76923076923077,
        0.0,
        97.63513513513513,
        37.4384236453202,
        45.45454545454545,
        55.72139303482587,
        8.620689655172415,
        0.0,
        0.0,
        75.0,
        44.11764705882353,
        0.0,
        80.0,
        70.0,
        80.67226890756302,
        61.19402985074627,
        98.05194805194806,
        2.054794520547945,
        93.75,
        42.857142857142854,
        14.15929203539823,
        54.437869822485204,
        23.728813559322035,
        18.96551724137931,
        97.41379310344827,
        77.96610169491525,
        54.729729729729726,
        47.199999999999996,
        98.63013698630137,
        1.36986301369863,
        46.27539503386004,
        86.23853211009175,
        19.213973799126638,
        78.16901408450704,
        93.0,
        32.25806451612903,
        9.03954802259887,
        88.46153846153845,
        30.909090909090907,
        28.57142857142857,
        91.32947976878613,
        77.09497206703911,
        0.0,
        58.03571428571429,
        47.74193548387097,
        40.76923076923077,
        84.89010989010988,
        51.42857142857142,
        91.7981072555205,
        93.64336403442549
    ],
    "Closed Set Accuracy": {
        "OA": 81.1044484730163,
        "AA": 77.63201009398306,