{
    "OA": 45.672008886067914,
    "AA": 44.31071576445421,
    "OOD": null,
    "NMI": null,
    "H-score": null,
    "H3-score": null,
    "UCR": 76.1405109489051,
    "Recall-all": [
        86.02150537634408,
        0.6944444444444444,
        46.55172413793103,
        31.372549019607842,
        26.988636363636363,
        8.89423076923077,
        48.78048780487805,
        12.380952380952381,
        54.662379421221864,
        0.0,
        70.31802120141343,
        19.607843137254903,
        73.51351351351352,
        57.99999999999999,
        9.62962962962963,
        68.12080536912751,
        45.23809523809524,
        29.78723404255319,
        5.902777777777778,
        37.5,
        53.051643192488264,
        46.666666666666664,
        15.472779369627506,
        58.490566037735846,
        1.5444015444015444,
        9.375,
        64.84018264840182,
        45.45454545454545,
        18.103448275862068,
        53.67647058823529,
        22.330097087378643,
        0.0,
        51.80722891566265,
        77.77777777777779,
        77.19298245614034,
        13.636363636363635,
        60.71428571428571,
        37.801608579088466,
        34.51776649746193,
        44.761904761904766,
        70.5521472392638,
        27.85388127853881,
        5.775075987841945,
        78.57142857142857,
        10.344827586206897,
        23.809523809523807,
        90.0,
        26.923076923076923,
        0.0,
        68.14814814814815,
        82.35294117647058,
        53.271028037383175,
        62.5,
        20.0,
        73.76237623762376,
        8.256880733944955,
        34.0,
        41.72185430463576,
        41.11111111111111,
        59.45945945945946,
        61.65413533834586,
        0.0,
        81.08108108108108,
        42.675159235668794,
        2.5,
        88.46153846153845,
        81.81818181818183,
        1.0869565217391304,
        13.88888888888889,
        87.17948717948718,
        43.43434343434344,
        0.9803921568627451,
        56.451612903225815,
        29.67032967032967,
        18.556701030927837,
        60.46511627906976,
        81.48148148148148,
        0.0,
        45.94594594594595,
        0.0,
        22.22222222222222,
        88.07339449541286,
        96.26168224299066,
        41.66666666666667,
        72.61904761904762,
        49.09090909090909,
        79.08496732026144,
        7.7134986225895315,
        27.27272727272727,
        55.4054054054054,
        40.0,
        0.9940357852882704,
        86.07142857142858,
        80.07662835249042,
        40.909090909090914,
        81.36645962732919,
        87.75510204081633,
        7.142857142857142,
        61.97183098591549,
        50.85324232081911,
        80.3030303030303,
        46.92307692307692,
        1.694915254237288,
        89.1891891891892,
        20.689655172413794,
        45.45454545454545,
        37.81094527363184,
        8.620689655172415,
        0.0,
        18.181818181818183,
        63.33333333333333,
        32.35294117647059,
        2.564102564102564,
        80.0,
        90.0,
        69.74789915966386,
        17.16417910447761,
        98.05194805194806,
        2.3972602739726026,
        84.02777777777779,
        71.42857142857143,
        0.5899705014749262,
        23.668639053254438,
        20.33898305084746,
        12.068965517241379,
        93.96551724137932,
        58.47457627118644,
        30.405405405405407,
        40.8,
        98.63013698630137,
        0.0,
        21.896162528216703,
        70.64220183486239,
        6.986899563318777,
        40.140845070422536,
        87.0,
        32.25806451612903,
        2.2598870056497176,
        82.6923076923077,
        5.818181818181818,
        24.6031746031746,
        90.17341040462428,
        67.0391061452514,
        11.11111111111111,
        41.964285714285715,
        40.0,
        23.846153846153847,
        58.24175824175825,
        42.857142857142854,
        82.01892744479495,
        81.37254901960785,
        61.029411764705884,
        91.48936170212765,
        9.58904109589041,
        17.073170731707318,
        0.0,
        66.82027649769586,
        76.84210526315789,
        21.62162162162162,
        83.56164383561644,
        65.15151515151516,
        38.996138996138995,
        3.3707865168539324,
        4.761904761904762,
        61.16838487972509,
        30.263157894736842,
        55.140186915887845,
        18.571428571428573,
        1.6129032258064515,
        27.083333333333332,
        61.111111111111114,
        78.16901408450704,
        38.68613138686132,
        0.0,
        76.70454545454545,
        72.26277372262774,
        77.27272727272727,
        60.91954022988506,
        45.714285714285715,
        26.013513513513516,
        0.0,
        10.256410256410255,
        43.51851851851852,
        49.275362318840585,
        44.11764705882353,
        42.857142857142854,
        35.483870967741936,
        7.111111111111111,
        64.44444444444444,
        66.21621621621621,
        4.0358744394618835,
        23.52941176470588,
        2.405498281786942,
        5.714285714285714,
        55.938697318007655,
        65.9090909090909,
        22.35494880546075,
        60.99585062240664,
        6.179775280898876,
        8.868501529051988,
        0.0,
        84.27947598253274,
        83.89057750759878,
        14.285714285714285,
        82.94797687861272,
        37.45019920318725,
        57.01754385964912,
        53.41463414634147,
        94.56521739130434,
        41.509433962264154,
        64.1025641025641,
        54.94505494505495,
        94.01709401709401,
        65.21739130434783,
        31.57894736842105,
        85.53054662379421,
        81.9672131147541,
        1.5873015873015872,
        79.54545454545455,
        69.65174129353234,
        86.86868686868688,
        3.10077519379845,
        78.41409691629956,
        38.94736842105263,
        87.98283261802575,
        75.0,
        54.679802955665025,
        40.0,
        25.48076923076923,
        29.03225806451613,
        80.50847457627118,
        6.666666666666667,
        55.00000000000001,
        74.28571428571429,
        35.294117647058826,
        75.40106951871658,
        90.22988505747126,
        28.888888888888886,
        14.69387755102041,
        3.4482758620689653,
        2.5,
        19.736842105263158,
        92.15686274509804,
        54.166666666666664,
        5.943152454780361,
        44.230769230769226,
        72.24880382775119,
        77.77777777777779,
        68.53932584269663,
        15.238095238095239,
        70.44534412955466,
        88.37209302325581,
        45.45454545454545,
        86.81318681318682,
        8.88888888888889,
        96.08540925266904,
        32.743362831858406,
        75.53191489361703,
        84.12017167381974,
        9.89010989010989,
        47.74774774774775,
        19.480519480519483,
        46.15384615384615,
        46.15384615384615,
        73.84615384615385,
        2.4193548387096775,
        9.090909090909092,
        5.660377358490567,
        65.02242152466367,
        29.830508474576273,
        36.486486486486484,
        59.67741935483871,
        67.44186046511628,
        82.3943661971831,
        5.0,
        56.52173913043478,
        48.529411764705884,
        49.333333333333336,
        77.27272727272727,
        2.857142857142857,
        1.948051948051948,
        75.06631299734748,
        33.33333333333333,
        8.333333333333332,
        36.0,
        0.0,
        52.02020202020202,
        0.0,
        34.54545454545455,
        55.55555555555556,
        91.18773946360153,
        12.703583061889251,
        42.857142857142854,
        53.92857142857142,
        46.464646464646464,
        8.536585365853659,
        77.11864406779661,
        3.9473684210526314,
        40.845070422535215,
        5.825242718446602,
        20.0,
        2.857142857142857,
        70.63197026022306,
