{
    "OA": 68.07129169689865,
    "AA": 68.41955506844045,
    "OOD": null,
    "NMI": null,
    "H-score": null,
    "H3-score": null,
    "UCR": 89.58344961023981,
    "Recall-all": [
        98.53479853479854,
        11.18421052631579,
        88.18681318681318,
        96.10091743119266,
        57.14285714285714,
        84.19354838709677,
        94.73684210526315,
        88.79310344827587,
        91.8918918918919,
        0.0,
        87.33624454148472,
        80.89887640449437,
        94.46254071661238,
        88.33333333333333,
        78.1021897810219,
        77.98165137614679,
        95.0,
        89.87341772151899,
        71.19741100323624,
        45.45454545454545,
        98.80478087649402,
        79.50138504155125,
        12.413793103448276,
        75.30562347188264,
        34.77406679764244,
        72.92490118577075,
        85.48387096774194,
        51.19305856832972,
        47.722342733188725,
        62.47464503042597,
        92.44604316546763,
        7.706093189964158,
        68.13725490196079,
        83.87909319899244,
        66.40625,
        4.618473895582329,
        38.81278538812785,
        39.6551724137931,
        84.44444444444444,
        85.14056224899599,
        68.87550200803213,
        69.25858951175407,
        34.88805970149254,
        86.04651162790698,
        75.7918552036199,
        68.12227074235808,
        95.67198177676538,
        67.94625719769674,
        33.33333333333333,
        86.26126126126125,
        81.30434782608695,
        74.03314917127072,
        88.88888888888889,
        95.1219512195122,
        90.29411764705883,
        33.83233532934132,
        15.294117647058824,
        77.08333333333334,
        79.95391705069125,
        80.19323671497585,
        92.24489795918367,
        1.0178117048346056,
        84.98727735368958,
        50.10482180293501,
        0.5385996409335727,
        98.67549668874173,
        91.40127388535032,
        19.230769230769234,
        85.71428571428571,
        92.72727272727272,
        73.01927194860814,
        23.952095808383234,
        91.07142857142857,
        74.09200968523002,
        30.973451327433626,
        48.842592592592595,
        87.93103448275862,
        31.2,
        87.07627118644068,
        63.561643835616444,
        72.38095238095238,
        86.73740053050398,
        92.12121212121212,
        72.72727272727273,
        94.98997995991984,
        83.49514563106796,
        99.54648526077098,
        26.356589147286826,
        76.36363636363637,
        90.36827195467421,
        58.48101265822785,
        1.1009174311926606,
        92.34567901234568,
        91.83673469387756,
        61.904761904761905,
        71.81008902077151,
        94.44444444444444,
        57.43073047858942,
        94.23791821561338,
        75.80071174377224,
        93.28358208955224,
        71.96652719665272,
        38.32116788321168,
        88.88888888888889,
        76.63755458515283,
        54.655870445344135,
        41.473684210526315,
        90.19189765458422,
        0.0,
        59.28338762214984,
        73.13432835820896,
        80.63314711359403,
        6.960556844547564,
        92.21105527638191,
        85.48057259713701,
        79.55801104972376,
        31.53153153153153,
        92.66304347826086,
        91.25,
        95.29085872576178,
        92.44186046511628,
        9.236947791164658,
        70.93023255813954,
        39.79328165374677,
        68.6192468619247,
        85.33834586466166,
        93.1899641577061,
        46.8421052631579,
        79.72602739726027,
        94.41747572815534,
        20.051413881748072,
        53.994490358126725,
        90.96267190569745,
        71.59533073929961,
        69.40639269406392,
        84.14322250639387,
        62.28813559322034,
        9.418282548476455,
        92.39373601789708,
        54.07608695652174,
        95.01312335958005,
        96.84418145956607,
        91.80035650623886,
        79.39814814814815,
        40.852130325814535,
        75.38461538461539,
        87.25099601593625,
        63.438256658595634,
        70.90517241379311,
        93.47826086956522
    ],
    "Closed Set Accuracy": {
        "OA": 89.58344961023981,
        "AA": 89.51770576485136,