{
    "OA": 68.96018394455197,
    "AA": 67.91754924649618,
    "OOD": null,
    "NMI": null,
    "H-score": null,
    "H3-score": null,
    "UCR": 89.20649099300283,
    "Recall-all": [
        98.16849816849816,
        8.552631578947368,
        86.81318681318682,
        96.10091743119266,
        33.33333333333333,
        80.0,
        94.73684210526315,
        88.36206896551724,
        91.8918918918919,
        0.0,
        84.93449781659389,
        78.27715355805243,
        93.48534201954396,
        84.44444444444444,
        75.54744525547446,
        72.47706422018348,
        93.33333333333333,
        88.60759493670885,
        64.72491909385113,
        43.63636363636363,
        98.00796812749005,
        74.51523545706371,
        10.344827586206897,
        73.59413202933986,
        33.39882121807465,
        70.94861660079052,
        82.9032258064516,
        46.85466377440347,
        40.780911062906725,
        56.99797160243407,
        90.28776978417267,
        6.810035842293908,
        68.13725490196079,
        83.12342569269522,
        61.5234375,
        2.610441767068273,
        34.47488584474886,
        38.17733990147783,
        80.83333333333333,
        81.92771084337349,
        68.27309236947792,
        67.63110307414105,
        31.902985074626866,
        84.35517970401692,
        74.43438914027149,
        62.44541484716157,
        94.98861047835992,
        65.64299424184262,
        9.523809523809524,
        83.33333333333334,
        76.08695652173914,
        72.37569060773481,
        84.67432950191571,
        93.4959349593496,
        87.94117647058823,
        32.93413173652694,
        3.5294117647058822,
        73.51190476190477,
        77.18894009216591,
        78.26086956521739,
        90.81632653061224,
        1.0178117048346056,
        81.1704834605598,
        48.63731656184486,
        0.5385996409335727,
        98.01324503311258,
        85.6687898089172,
        17.582417582417584,
        80.80357142857143,
        90.54545454545455,
        70.8779443254818,
        16.766467065868262,
        88.57142857142857,
        72.39709443099274,
        27.43362831858407,
        45.13888888888889,
        83.9080459770115,
        30.0,
        84.7457627118644,
        60.273972602739725,
        70.23809523809523,
        85.41114058355438,
        91.11111111111111,
        69.88636363636364,
        93.9879759519038,
        81.55339805825243,
        99.09297052154194,
        23.25581395348837,
        76.1038961038961,
        89.23512747875354,
        54.177215189873415,
        0.9174311926605505,
        91.35802469135803,
        88.88888888888889,
        57.14285714285714,
        69.43620178041543,
        94.44444444444444,
        54.15617128463476,
        93.3085501858736,
        70.8185053380783,
        91.54228855721394,
        69.8744769874477,
        34.67153284671533,
        86.88524590163934,
        74.235807860262,
        50.607287449392715,
        39.1578947368421,
        88.05970149253731,
        0.0,
        57.98045602605863,
        68.95522388059702,
        76.72253258845437,
        5.104408352668213,
        91.4572864321608,
        82.0040899795501,
        75.69060773480662,
        27.627627627627625,
        89.40217391304348,
        90.625,
        93.07479224376732,
        91.86046511627907,
        6.024096385542169,
        65.89147286821705,
        36.69250645994832,
        64.01673640167364,
        81.39097744360903,
        91.39784946236558,
        44.73684210526316,
        74.79452054794521,
        92.23300970873787,
        15.938303341902312,
        53.168044077134994,
        88.99803536345776,
        67.70428015564202,
        62.55707762557078,
        83.12020460358056,
        55.08474576271186,
        6.3711911357340725,
        91.72259507829978,
        44.83695652173913,
        92.6509186351706,
        96.44970414201184,
        90.37433155080214,
        75.69444444444444,
        36.340852130325814,
        74.23076923076923,
        85.65737051792829,
        60.77481840193705,
        70.6896551724138,
        90.11857707509881,
        90.78651685393258,
        92.97912713472486,
        89.63730569948186,
        19.923371647509576,
        66.76557863501483,
        75.51020408163265,
        85.96491228070175,
        64.77987421383648,
        62.34718826405869,
        93.66197183098592,
        81.87919463087249,
        80.34188034188034,
        46.70487106017192,
        75.06172839506173,
        83.60655737704919,
        49.175824175824175,
        77.86259541984732,
        39.08450704225352,
        7.9470198675496695,
        85.95505617977528,
        72.92682926829268,
        83.16633266533067,
        80.56265984654732,
        0.0,
        84.21052631578947,
        96.7948717948718,
        93.37748344370861,
        82.10023866348448,
        75.66265060240964,
        35.79545454545455,
        51.75438596491229,
        71.12068965517241,
        72.01086956521739,
        89.1025641025641,
        84.49612403100775,
        81.35593220338984,
        62.78118609406953,
        46.464646464646464,
        92.05128205128204,
        61.111111111111114,
        6.896551724137931,
        68.47826086956522,
        43.309859154929576,
        23.026315789473685,
        61.13989637305699,
        74.63503649635037,
        50.32822757111597,
        90.9278350515464,
        41.6,
        11.678832116788321,
        15.654952076677317,
        90.87301587301587,
        70.9832134292566,
        67.64705882352942,
        89.2925430210325,
        46.12403100775194,
        59.893048128342244,
        65.04424778761062,
        77.39557739557739,
        68.34532374100719,
        53.910614525139664,
        65.97222222222221,
        89.46395563770795,
        89.27613941018767,
        42.61168384879725,
        71.94719471947195,
        89.66244725738397,
        44.827586206896555,
        85.45081967213115,
        83.16582914572864,
        86.37413394919169,
        64.74820143884892,
        70.25,
        78.46153846153847,
        80.43010752688173,
        91.16945107398568,
        97.46835443037975,
        84.63035019455253,
        52.67034990791897,
        39.36842105263158,
        84.51025056947609,
        26.63656884875846,
        51.52941176470588,
        64.65116279069767,
        76.05263157894737,
        71.3097713097713,
        95.55084745762711,
        68.23104693140795,
        38.50574712643678,
        53.896103896103895,
        51.57384987893463,
        51.041666666666664,
        97.90794979079497,
        74.10468319559229,
        16.55629139072848,
        93.24324324324324,
        95.57522123893806,
        88.01369863013699,
        90.29850746268657,
        63.41463414634146,
        95.46827794561933,
        95.81993569131832,
        91.37055837563452,
        95.81993569131832,
        84.5360824742268,
        98.36448598130842,
        70.43010752688173,
        92.96875,
        86.51079136690647,
        31.21951219512195,
        73.54838709677419,
        72.43589743589743,
        85.625,
        84.5360824742268,
        70.13574660633483,
        23.232323232323232,
        93.28621908127208,
        19.58041958041958,
        97.84615384615385,
        82.8080229226361,
        72.40663900414937,
        97.82608695652173,
        91.13924050632912,
        89.50276243093923,
        65.48913043478261,
        84.98845265588915,
        80.0,
        71.42857142857143,
        89.50381679389314,
        3.225806451612903,
        4.25531914893617,
        88.8659793814433,
        71.54471544715447,
        16.666666666666664,
        86.0377358490566,
        32.6530612244898,
        87.91540785498489,
        18.75,
        89.56521739130436,
        50.585480093676814,
        79.93630573248409,
        44.0625,
        52.046783625730995,
        86.05200945626478,
        78.40531561461795,
