{
    "OA": 66.66666666666666,
    "AA": 42.83725868220825,
    "OOD": 99.62825278810409,
    "NMI": 96.3557371233247,
    "H-score": 54.12782403452632,
    "H3-score": 63.3893262557169,
    "Recall-all": [
        96.55172413793103,
        0.0,
        93.54838709677419,
        74.07407407407408,
        0.0,
        0.0,
        0.0,
        0.0,
        40.74074074074074,
        66.66666666666666,
        99.62825278810409
    ],
    "Closed Set Accuracy": {
        "OA": 97.96610169491525,
        "AA": 98.20155038759691,
        "Recall-all": [
            100.0,
            100.0,
            100.0,
            100.0,
            100.0,
            90.0,
            95.34883720930233,
            100.0,
            100.0,
            96.66666666666667
        ]
    },
    "OSR Accuracy": {
        "TNR": 76.57992565055763,
        "AUROC": 94.09236973095584,
        "DTACC": 88.20742234263751,
        "AUIN": 94.01735627153968,
        "AUOUT": 93.91716451056261,
        "OSCR": 92.04523974544769,
        "AUPR": 94.11464799120711
    }
}