{
    "OA": 74.22470767666496,
    "AA": 52.47678611055082,
    "OOD": 99.70267591674926,
    "NMI": 72.22529371941468,
    "H-score": 64.57737578518879,
    "H3-score": 66.94153897798259,
    "Recall-all": [
        91.30434782608695,
        24.390243902439025,
        91.48936170212765,
        96.96969696969697,
        5.0,
        0.0,
        24.242424242424242,
        6.0,
        59.57446808510638,
        78.57142857142857,
        99.70267591674926
    ],
    "Closed Set Accuracy": {
        "OA": 97.18162839248434,
        "AA": 97.24872566391745,
        "Recall-all": [
            98.91304347826086,
            98.78048780487805,
            98.93617021276596,
            100.0,
            90.0,
            99.0,
            95.95959595959596,
            96.0,
            100.0,
            94.89795918367348
        ]
    },
    "OSR Accuracy": {
        "TNR": 89.39544103072349,
        "AUROC": 97.0488981214994,
        "DTACC": 92.48134224133115,
        "AUIN": 96.87762023597347,
        "AUOUT": 96.81326016666006,
        "OSCR": 94.25535524744926,
        "AUPR": 96.86948295783307
    }
}