{
    "OA": 21.0062893081761,
    "AA": 19.576746246247016,
    "OOD": null,
    "NMI": null,
    "H-score": null,
    "H3-score": null,
    "Recall-all": [
        89.65517241379311,
        0.0,
        12.903225806451612,
        44.44444444444444,
        0.0,
        0.0,
        0.0,
        0.0,
        3.7037037037037033,
        30.0,
        100.0,
        0.0,
        0.0,
        25.0,
        38.88888888888889,
        0.0,
        26.31578947368421,
        0.0,
        0.0,
        10.714285714285714,
        0.0,
        0.0,
        0.0,
        0.0,
        45.0,
        0.0,
        100.0,
        0.0,
        54.166666666666664,
        26.08695652173913,
        0.0
    ],
    "Closed Set Accuracy": {
        "OA": 89.30817610062893,
        "AA": 88.27066521006309,
        "Recall-all": [
            100.0,
            100.0,
            100.0,
            100.0,
            100.0,
            90.0,
            95.34883720930233,
            100.0,
            100.0,
            93.33333333333333,
            100.0,
            66.66666666666666,
            100.0,
            100.0,
            100.0,
            95.23809523809523,
            100.0,
            0.0,
            90.0,
            71.42857142857143,
            100.0,
            100.0,
            100.0,
            0.0,
            95.0,
            81.81818181818183,
            100.0,
            66.66666666666666,
            100.0,
            95.65217391304348,
            95.23809523809523
        ]
    },
    "OSR Accuracy": null
}