{
    "OA": 89.95385161519347,
    "AA": 74.92622407366052,
    "OOD": 99.46207638515331,
    "NMI": 76.47103927579793,
    "H-score": 83.8485375867697,
    "H3-score": 81.2374574238953,
    "Recall-all": [
        94.56521739130434,
        95.1219512195122,
        96.80851063829788,
        98.98989898989899,
        32.0,
        2.0,
        86.86868686868688,
        37.0,
        93.61702127659575,
        87.75510204081633,
        99.46207638515331
    ],
    "Closed Set Accuracy": {
        "OA": 97.4947807933194,
        "AA": 97.55280729657049,
        "Recall-all": [
            98.91304347826086,
            98.78048780487805,
            98.93617021276596,
            100.0,
            91.0,
            99.0,
            95.95959595959596,
            96.0,
            100.0,
            96.93877551020408
        ]
    },
    "OSR Accuracy": {
        "TNR": 96.39591178052717,
        "AUROC": 98.51823942879024,
        "DTACC": 96.18135999218381,
        "AUIN": 97.75329095134644,
        "AUOUT": 98.98464874020434,
        "OSCR": 96.0197863803134,
        "AUPR": 99.01202009002199
    }
}