{
    "OA": 63.89280677009873,
    "AA": 3.0191261449674474,
    "OOD": 99.97374380517904,
    "NMI": 64.06274698093681,
    "H-score": 4.635460358157509,
    "H3-score": 6.713148522664994,
    "Recall-all": [
        15.909090909090908,
        0.0,
        7.801418439716312,
        1.25,
        0.0,
        0.0,
        31.16883116883117,
        3.225806451612903,
        0.0,
        0.0,
        23.61111111111111,
        0.6896551724137931,
        0.0,
        0.0,
        0.0,
        0.0,
        0.0,
        0.7518796992481203,
        0.0,
        0.8928571428571428,
        5.357142857142857,
        0.0,
        0.0,
        3.225806451612903,
        0.0,
        0.0,
        6.0,
        0.0,
        0.0,
        0.0,
        1.6304347826086956,
        0.0,
        0.6134969325153374,
        0.0,
        3.3707865168539324,
        0.0,
        0.0,
        0.0,
        0.8888888888888888,
        0.0,
        10.582010582010582,
        0.0,
        0.0,
        4.0,
        0.0,
        0.0,
        0.7194244604316548,
        3.870967741935484,
        0.0,
        0.0,
        0.0,
        0.0,
        2.083333333333333,
        0.0,
        0.0,
        3.9473684210526314,
        0.0,
        0.0,
        0.0,
        4.615384615384616,
        0.0,
        0.0,
        8.695652173913043,
        0.0,
        0.0,
        5.88235294117647,
        0.0,
        0.0,
        0.0,
        0.0,
        0.0,
        0.0,
        5.0,
        0.0,
        0.0,
        0.0,
        0.0,
        0.0,
        0.0,
        0.0,
        0.0,
        0.0,
        1.8867924528301887,
        0.0,
        12.5,
        20.66115702479339,
        14.018691588785046,
        0.0,
        0.0,
        0.0,
        0.0,
        0.0,
        5.084745762711865,
        0.0,
        0.0,
        0.0,
        0.0,
        0.0,
        0.6711409395973155,
        0.0,
        13.178294573643413,
        4.316546762589928,
        0.0,
        0.0,
        0.0,
        0.0,
        0.0,
        0.0,
        0.0,
        0.0,
        0.9523809523809524,
        0.0,
        0.0,
        0.0,
        0.0,
        1.3100436681222707,
        0.0,
        0.0,
        0.0,
        1.2048192771084338,
        0.5263157894736842,
        0.0,
        0.0,
        0.0,
        0.0,
        1.4084507042253522,
        2.1739130434782608,
        0.0,
        0.0,
        0.0,
        0.0,
        2.2774327122153206,
        1.0,
        0.0,
        0.0,
        14.173228346456693,
        0.0,
        0.0,
        45.16129032258064,
        0.0,
        0.0,
        19.736842105263158,
        19.708029197080293,
        0.0,
        0.0,
        14.516129032258066,
        1.4084507042253522,
        1.4084507042253522,
        0.0,
        0.847457627118644,
        99.97374380517904
    ],
    "Closed Set Accuracy": {
        "OA": 79.55813560277292,
        "AA": 80.2690004983966,
        "Recall-all": [
            95.45454545454545,
            96.53679653679653,
            96.45390070921985,
            93.75,
            96.15384615384616,
            87.01298701298701,
            100.0,
            70.96774193548387,
            98.4126984126984,
            14.367816091954023,
            92.36111111111111,
            93.79310344827586,
            95.42483660130719,
            96.47887323943662,
            97.43589743589743,
            94.28571428571428,
            96.96969696969697,
            91.72932330827066,
            84.9624060150376,
            98.21428571428571,
            94.64285714285714,
            92.46575342465754,
            92.72727272727272,
            96.7741935483871,
            67.46268656716417,
            74.80916030534351,
            97.0,
            62.06896551724138,
            76.31578947368422,
            99.16666666666667,
            91.30434782608695,
            90.65420560747664,
            83.43558282208589,
            76.19047619047619,
            62.92134831460674,
            61.76470588235294,
            34.93975903614458,
            60.824742268041234,
            90.22222222222223,
            74.76190476190476,
            97.35449735449735,
            87.5,
            94.44444444444444,
            87.2,
            89.57055214723927,
            62.83185840707964,
            99.28057553956835,
            97.41935483870968,
            11.778290993071593,
            94.25287356321839,
            100.0,
            65.21739130434783,
            97.91666666666666,
            78.04878048780488,
            96.7032967032967,
            94.73684210526315,
            50.0,
            84.48275862068965,
            90.56603773584906,
            80.0,
            75.55555555555556,
            99.00990099009901,
            73.91304347826086,
            71.7948717948718,
            91.20879120879121,
            94.11764705882352,
            97.72727272727273,
            75.0,
            89.55223880597015,
            52.17391304347826,
            79.16666666666666,
            60.99290780141844,
            90.0,
            46.666666666666664,
            81.42857142857143,
            91.30434782608695,
            100.0,
            68.42105263157895,
            60.86956521739131,
            0.0,
            92.85714285714286,
            81.81818181818183,
            98.11320754716981,
            6.532663316582915,
            100.0,
            96.69421487603306,
            96.26168224299066,
            38.74538745387454,
            96.25,
            71.42857142857143,
            84.78260869565217,
            94.47004608294931,
            96.61016949152543,
            72.72727272727273,
            82.86852589641434,
            92.64705882352942,
            55.55555555555556,
            94.0,
            92.61744966442953,
            91.66666666666666,
            93.7984496124031,
            94.96402877697841,
            48.598130841121495,
            99.46236559139786,
            91.2,
            36.36363636363637,
            97.953216374269,
            82.66666666666667,
            30.128205128205128,
            9.523809523809524,
            90.0,
            74.48979591836735,
            2.0202020202020203,
            76.53061224489795,
            80.95238095238095,
            68.5589519650655,
            94.5945945945946,
            98.98989898989899,
            28.125,
            91.56626506024097,
            67.36842105263158,
            95.31914893617022,
            95.74468085106383,
            87.15083798882681,
            90.2439024390244,
            94.36619718309859,
            80.43478260869566,
            38.80597014925373,
            79.3103448275862,
            94.61538461538461,
            39.516129032258064,
            69.56521739130434,
            99.0,
            59.166666666666664,
            98.4126984126984,
            99.21259842519686,
            79.59183673469387,
            98.19277108433735,
            87.09677419354838,
            77.35849056603774,
            97.6923076923077,
            97.36842105263158,
            92.7007299270073,
            80.13698630136986,
            71.25,
            88.70967741935483,
            50.70422535211267,
            98.59154929577466,
            81.25,
            94.91525423728814
        ]
    },
    "OSR Accuracy": {
        "TNR": 32.784141258328134,
        "AUROC": 85.40645161712783,
        "DTACC": 78.42645603741883,
        "AUIN": 80.61549066657054,
        "AUOUT": 88.44420183348912,
        "OSCR": 67.14541896685414,
        "AUPR": 88.4492031576242
    }
}