{
    "OA": 58.60613450895789,
    "AA": 1.3959460619025457,
    "OOD": 99.99196819404843,
    "NMI": 61.213914141364924,
    "H-score": 1.4664313225506285,
    "H3-score": 2.176520053633168,
    "Recall-all": [
        9.090909090909092,
        0.0,
        0.0,
        1.25,
        0.0,
        0.0,
        16.883116883116884,
        1.6129032258064515,
        0.0,
        0.0,
        8.333333333333332,
        0.6896551724137931,
        0.0,
        0.0,
        0.0,
        0.0,
        0.0,
        0.0,
        0.0,
        0.0,
        0.0,
        0.0,
        0.0,
        0.8064516129032258,
        0.0,
        0.0,
        2.0,
        0.0,
        0.0,
        0.0,
        0.5434782608695652,
        0.0,
        0.0,
        0.0,
        0.0,
        0.0,
        0.0,
        0.0,
        0.0,
        0.0,
        1.5873015873015872,
        0.0,
        0.0,
        0.8,
        0.0,
        0.0,
        0.0,
        0.0,
        0.0,
        0.0,
        0.0,
        0.0,
        0.0,
        0.0,
        0.0,
        0.0,
        0.0,
        0.0,
        0.0,
        1.5384615384615385,
        0.0,
        0.0,
        4.3478260869565215,
        0.0,
        0.0,
        0.0,
        0.0,
        0.0,
        0.0,
        0.0,
        0.0,
        0.0,
        0.0,
        0.0,
        0.0,
        0.0,
        0.0,
        0.0,
        0.0,
        0.0,
        0.0,
        0.0,
        0.9433962264150944,
        0.0,
        0.0,
        4.132231404958678,
        3.7383177570093453,
        0.0,
        0.0,
        0.0,
        0.0,
        0.0,
        0.0,
        0.0,
        0.0,
        0.0,
        0.0,
        0.0,
        0.0,
        0.0,
        6.2015503875969,
        0.0,
        0.0,
        0.0,
        0.0,
        0.0,
        0.0,
        0.0,
        0.0,
        0.0,
        0.0,
        0.0,
        0.0,
        0.0,
        0.0,
        0.8733624454148471,
        0.0,
        0.0,
        0.0,
        0.0,
        0.0,
        0.0,
        0.0,
        0.0,
        0.0,
        0.0,
        0.0,
        0.0,
        0.0,
        0.0,
        0.0,
        0.2070393374741201,
        0.5,
        0.0,
        0.0,
        0.7874015748031495,
        0.0,
        0.0,
        19.35483870967742,
        0.0,
        0.0,
        9.210526315789473,
        7.2992700729927,
        0.0,
        0.0,
        8.064516129032258,
        0.0,
        0.0,
        0.0,
        0.0,
        99.99196819404843
    ],
    "Closed Set Accuracy": {
        "OA": 76.67812658513216,
        "AA": 78.02392155245276,
        "Recall-all": [
            95.45454545454545,
            95.23809523809523,
            96.45390070921985,
            93.75,
            96.15384615384616,
            87.01298701298701,
            98.7012987012987,
            70.96774193548387,
            100.0,
            12.068965517241379,
            92.36111111111111,
            94.48275862068965,
            94.77124183006535,
            96.47887323943662,
            97.43589743589743,
            85.0,
            96.96969696969697,
            91.72932330827066,
            77.44360902255639,
            98.21428571428571,
            94.64285714285714,
            83.56164383561644,
            92.72727272727272,
            94.35483870967742,
            48.656716417910445,
            70.22900763358778,
            97.0,
            60.91954022988506,
            76.84210526315789,
            98.75,
            85.32608695652173,
            91.1214953271028,
            84.04907975460122,
            76.19047619047619,
            58.42696629213483,
            54.90196078431373,
            31.32530120481928,
            61.855670103092784,
            88.88888888888889,
            70.95238095238095,
            97.88359788359789,
            86.97916666666666,
            92.3076923076923,
            83.2,
            88.95705521472392,
            59.29203539823009,
            99.28057553956835,
            96.7741935483871,
            8.775981524249422,
            94.25287356321839,
            97.61904761904762,
            65.21739130434783,
            97.91666666666666,
            78.04878048780488,
            96.7032967032967,
            93.42105263157895,
            47.91666666666667,
            86.20689655172413,
            90.56603773584906,
            80.0,
            74.44444444444444,
            99.00990099009901,
            73.91304347826086,
            71.7948717948718,
            86.81318681318682,
            94.11764705882352,
            97.72727272727273,
            68.75,
            88.05970149253731,
            47.82608695652174,
            79.16666666666666,
            58.156028368794324,
            90.0,
            43.333333333333336,
            77.14285714285715,
            100.0,
            100.0,
            26.31578947368421,
            65.21739130434783,
            0.0,
            90.47619047619048,
            81.81818181818183,
            97.16981132075472,
            4.522613065326634,
            100.0,
            95.0413223140496,
            96.26168224299066,
            30.25830258302583,
            95.0,
            71.42857142857143,
            78.26086956521739,
            94.00921658986175,
            93.22033898305084,
            75.0,
            76.49402390438247,
            92.64705882352942,
            55.55555555555556,
            94.0,
            91.94630872483222,
            89.58333333333334,
            93.7984496124031,
            92.80575539568345,
            30.8411214953271,
            99.46236559139786,
            90.4,
            39.39393939393939,
            96.49122807017544,
            79.33333333333333,
            4.166666666666666,
            7.142857142857142,
            89.52380952380953,
            72.44897959183673,
            2.525252525252525,
            74.48979591836735,
            85.71428571428571,
            68.99563318777294,
            94.20849420849422,
            98.98989898989899,
            9.375,
            91.56626506024097,
            54.21052631578947,
            90.2127659574468,
            95.74468085106383,
            84.91620111731844,
            83.73983739837398,
            94.36619718309859,
            79.34782608695652,
            31.343283582089555,
            74.13793103448276,
            94.61538461538461,
            32.25806451612903,
            62.732919254658384,
            99.0,
            55.00000000000001,
            97.61904761904762,
            96.8503937007874,
            77.55102040816327,
            95.18072289156626,
            87.09677419354838,
            75.47169811320755,
            96.92307692307692,
            97.36842105263158,
            91.97080291970804,
            75.34246575342466,
            71.25,
            83.87096774193549,
            53.52112676056338,
            98.59154929577466,
            81.25,
            93.22033898305084
        ]
    },
    "OSR Accuracy": {
        "TNR": 31.21561383076985,
        "AUROC": 84.49084888020396,
        "DTACC": 77.34795613772059,
        "AUIN": 81.96171121854915,
        "AUOUT": 85.41170027560239,
        "OSCR": 63.856975748747146,
        "AUPR": 85.4189449989716
    }
}