{
    "OA": 49.2518062357562,
    "AA": 3.5980842314523547,
    "OOD": 99.97366501904222,
    "NMI": 85.66138305673925,
    "H-score": 5.741367849930708,
    "H3-score": 8.335536288009873,
    "Recall-all": [
        10.256410256410255,
        0.0,
        0.0,
        0.0,
        0.0,
        2.258064516129032,
        24.06015037593985,
        0.0,
        0.0,
        0.0,
        3.056768558951965,
        0.0,
        4.5602605863192185,
        0.0,
        0.0,
        0.0,
        0.0,
        0.0,
        0.0,
        0.0,
        0.0,
        0.0,
        0.0,
        0.0,
        0.0,
        0.0,
        0.0,
        0.0,
        0.0,
        0.0,
        0.0,
        0.0,
        0.0,
        0.0,
        0.78125,
        0.0,
        1.82648401826484,
        5.172413793103448,
        0.0,
        0.0,
        3.2128514056224895,
        1.4466546112115732,
        0.0,
        0.0,
        0.0,
        0.0,
        1.5945330296127564,
        0.0,
        0.0,
        0.0,
        0.0,
        0.0,
        0.0,
        1.6260162601626018,
        0.0,
        0.0,
        0.0,
        0.0,
        0.0,
        0.0,
        0.0,
        0.0,
        0.2544529262086514,
        0.20964360587002098,
        0.0,
        55.62913907284768,
        1.2738853503184715,
        0.0,
        0.0,
        0.0,
        0.0,
        0.0,
        22.142857142857142,
        0.0,
        0.0,
        0.0,
        13.793103448275861,
        0.0,
        1.694915254237288,
        0.0,
        0.0,
        0.2652519893899204,
        0.6060606060606061,
        0.0,
        2.6052104208416833,
        0.9708737864077669,
        54.19501133786848,
        0.0,
        0.0,
        13.59773371104816,
        2.0253164556962027,
        0.0,
        3.45679012345679,
        2.0408163265306123,
        0.0,
        0.0,
        4.320987654320987,
        0.0,
        0.7434944237918215,
        1.0676156583629894,
        36.56716417910448,
        0.41841004184100417,
        0.0,
        0.546448087431694,
        0.0,
        0.0,
        0.0,
        0.0,
        0.0,
        0.0,
        0.5970149253731344,
        0.0,
        0.0,
        0.0,
        0.0,
        6.906077348066299,
        0.0,
        0.5434782608695652,
        0.0,
        0.0,
        0.0,
        0.0,
        0.3875968992248062,
        0.0,
        0.0,
        0.18796992481203006,
        22.58064516129032,
        0.0,
        26.301369863013697,
        0.0,
        0.0,
        12.672176308539946,
        0.19646365422396855,
        0.0,
        0.0,
        2.813299232736573,
        0.0,
        0.0,
        22.14765100671141,
        0.0,
        0.0,
        2.366863905325444,
        7.66488413547237,
        0.0,
        0.0,
        52.307692307692314,
        7.171314741035857,
        0.0,
        0.21551724137931033,
        0.0,
        99.97366501904222
    ],
    "Closed Set Accuracy": {
        "OA": 84.57703112500232,
        "AA": 84.67090896211786,
        "Recall-all": [
            99.63369963369964,
            96.05263157894737,
            89.01098901098901,
            93.11926605504587,
            100.0,
            98.38709677419355,
            99.24812030075188,
            92.24137931034483,
            100.0,
            15.853658536585366,
            97.59825327510917,
            87.26591760299625,
            99.3485342019544,
            97.77777777777777,
            94.16058394160584,
            85.3211009174312,
            96.66666666666667,
            98.73417721518987,
            77.02265372168284,
            99.39393939393939,
            100.0,
            54.57063711911358,
            94.71264367816093,
            98.53300733496333,
            72.29862475442044,
            62.64822134387352,
            95.16129032258065,
            64.64208242950107,
            34.924078091106296,
            95.33468559837728,
            97.12230215827337,
            73.83512544802868,
            55.392156862745104,
            17.12846347607053,
            79.6875,
            66.46586345381526,
            49.31506849315068,
            67.24137931034483,
            95.83333333333334,
            87.34939759036145,
            86.94779116465864,
            93.49005424954791,
            82.27611940298507,
            95.34883720930233,
            85.52036199095022,
            81.6593886462882,
            99.08883826879271,
            99.04030710172745,
            23.809523809523807,
            99.09909909909909,
            80.43478260869566,
            90.23941068139963,
            98.08429118773945,
            99.1869918699187,
            96.76470588235294,
            94.01197604790418,
            83.52941176470588,
            94.94047619047619,
            88.70967741935483,
            90.33816425120773,
            99.38775510204081,
            93.89312977099237,
            94.40203562340967,
            88.25995807127882,
            95.69120287253142,
            100.0,
            98.72611464968153,
            93.4065934065934,
            92.41071428571429,
            82.18181818181817,
            94.86081370449678,
            82.03592814371258,
            97.14285714285714,
            71.91283292978208,
            89.38053097345133,
            34.02777777777778,
            94.25287356321839,
            24.0,
            94.0677966101695,
            11.232876712328768,
            91.42857142857143,
            97.87798408488064,
            92.32323232323232,
            83.52272727272727,
            98.99799599198397,
            95.14563106796116,
            100.0,
            77.51937984496125,
            85.45454545454545,
            98.86685552407933,
            87.34177215189874,
            95.22935779816514,
            98.76543209876543,
            97.73242630385488,
            90.87301587301587,
            93.76854599406528,
            100.0,
            91.183879093199,
            100.0,
            97.86476868327402,
            99.00497512437812,
            88.70292887029288,
            37.22627737226277,
            98.90710382513662,
            89.08296943231441,
            76.92307692307693,
            68.21052631578948,
            97.22814498933901,
            7.216494845360824,
            3.5830618892508146,
            86.26865671641791,
            88.08193668528864,
            3.944315545243619,
            85.17587939698493,
            91.00204498977506,
            98.89502762430939,
            90.09009009009009,
            97.82608695652173,
            88.125,
            96.67590027700831,
            98.25581395348837,
            92.3694779116466,
            93.4108527131783,
            66.9250645994832,
            87.44769874476988,
            97.93233082706767,
            99.2831541218638,
            55.614035087719294,
            97.53424657534246,
            97.57281553398059,
            62.2107969151671,
            100.0,
            94.10609037328095,
            94.55252918287937,
            99.54337899543378,
            92.32736572890026,
            72.45762711864407,
            65.37396121883657,
            94.85458612975391,
            73.91304347826086,
            95.8005249343832,
            99.0138067061144,
            99.46524064171123,
            81.48148148148148,
            81.95488721804512,
            90.38461538461539,
            86.05577689243027,
            98.06295399515739,
            94.82758620689656,
            99.01185770750988
        ]
    },
    "OSR Accuracy": {
        "TNR": 38.329551900170166,
        "AUROC": 87.02989209965888,
        "DTACC": 79.8437018957416,
        "AUIN": 88.89911085692421,
        "AUOUT": 82.06929272035183,
        "OSCR": 73.55538315732139,
        "AUPR": 82.07341107348532
    }
}