{
    "OA": 0.26495607307209595,
    "AA": 0.5061174360793775,
    "OOD": null,
    "NMI": null,
    "H-score": null,
    "H3-score": null,
    "UCR": 72.240040905499,
    "Recall-all": [
        5.376344086021505,
        0.0,
        0.0,
        0.0,
        0.0,
        0.2403846153846154,
        0.6097560975609756,
        0.9523809523809524,
        0.0,
        0.0,
        0.0,
        0.0,
        0.0,
        0.0,
        0.0,
        0.0,
        0.0,
        0.0,
        0.0,
        0.0,
        0.0,
        0.0,
        0.0,
        0.0,
        0.0,
        0.0,
        0.0,
        0.0,
        0.0,
        0.0,
        0.0,
        0.0,
        0.0,
        0.0,
        0.0,
        0.0,
        0.0,
        0.5361930294906166,
        0.0,
        0.0,
        0.0,
        0.0,
        0.0,
        0.0,
        0.0,
        0.0,
        2.5,
        0.0,
        0.0,
        0.0,
        0.0,
        0.0,
        0.0,
        0.0,
        0.0,
        0.0,
        0.0,
        0.0,
        0.0,
        0.0,
        0.0,
        0.0,
        0.0,
        0.0,
        0.0,
        7.6923076923076925,
        0.0,
        0.0,
        0.0,
        0.0,
        1.0101010101010102,
        0.0,
        0.0,
        0.0,
        0.0,
        0.0,
        3.7037037037037033,
        0.0,
        0.0,
        0.0,
        0.0,
        0.0,
        0.0,
        0.0,
        0.0,
        0.0,
        4.57516339869281,
        0.0,
        0.0,
        1.3513513513513513,
        0.0,
        0.0,
        0.0,
        0.0,
        0.0,
        0.0,
        0.0,
        0.0,
        0.7042253521126761,
        0.0,
        1.5151515151515151,
        0.0,
        0.0,
        0.0,
        0.0,
        27.27272727272727,
        0.0,
        0.0,
        0.0,
        0.0,
        0.8333333333333334,
        0.0,
        0.0,
        0.0,
        0.0,
        0.42016806722689076,
        0.0,
        0.0,
        0.0,
        0.0,
        0.0,
        0.0,
        0.0,
        0.0,
        0.0,
        0.0,
        8.47457627118644,
        0.0,
        0.8,
        0.0,
        0.0,
        0.2257336343115124,
        0.0,
        0.0,
        0.0,
        0.0,
        0.0,
        0.0,
        1.9230769230769231,
        0.0,
        0.0,
        0.0,
        3.910614525139665,
        0.0,
        0.0,
        1.2903225806451613,
        0.0,
        0.0,
        0.0,
        0.0
    ],
    "Closed Set Accuracy": {
        "OA": 72.240040905499,
        "AA": 70.79156607100835,
        "Recall-all": [
            93.54838709677419,
            92.36111111111111,
            29.310344827586203,
            62.745098039215684,
            85.51136363636364,
            55.28846153846154,
            62.19512195121951,
            37.142857142857146,
            63.9871382636656,
            35.932203389830505,
            70.31802120141343,
            37.254901960784316,
            80.0,
            74.4,
            25.185185185185183,
            86.57718120805369,
            73.80952380952381,
            63.829787234042556,
            20.13888888888889,
            89.58333333333334,
            63.84976525821596,
            70.0,
            70.20057306590259,
            88.67924528301887,
            50.57915057915058,
            65.625,
            94.97716894977168,
            72.72727272727273,
            31.896551724137932,
            88.97058823529412,
            35.92233009708738,
            80.0,
            63.85542168674698,
            77.77777777777779,
            92.10526315789474,
            65.9090909090909,
            82.14285714285714,
            78.01608579088472,
            48.223350253807105,
            64.76190476190476,
            94.47852760736197,
            60.273972602739725,
            67.47720364741642,
            85.71428571428571,
            50.0,
            47.61904761904761,
            95.0,
            58.97435897435898,
            4.3478260869565215,
            97.03703703703704,
            98.82352941176471,
            77.57009345794393,
            62.5,
            86.66666666666667,
            87.62376237623762,
            86.23853211009175,
            90.0,
            90.72847682119205,
            67.22222222222223,
            91.8918918918919,
            75.93984962406014,
            80.64516129032258,
            90.81081081081082,
            96.17834394904459,
            97.08333333333333,
            80.76923076923077,
            81.81818181818183,
            69.56521739130434,
            55.55555555555556,
            92.3076923076923,
            93.93939393939394,
            35.294117647058826,
            70.96774193548387,
            74.72527472527473,
            71.64948453608247,
            91.47286821705426,
            92.5925925925926,
            72.72727272727273,
            72.97297297297297,
            11.11111111111111,
            61.111111111111114,
            98.1651376146789,
            97.19626168224299,
            66.66666666666666,
            89.28571428571429,
            65.45454545454545,
            88.23529411764706,
            12.396694214876034,
            72.72727272727273,
            64.86486486486487,
            85.88235294117646,
            93.63817097415506,
            92.85714285714286,
            93.48659003831418,
            82.23140495867769,
            99.37888198757764,
            98.9795918367347,
            50.0,
            78.87323943661971,
            95.22184300341297,
            89.39393939393939,
            60.0,
            11.864406779661017,
            99.66216216216216,
            31.527093596059114,
            72.72727272727273,
            84.5771144278607,
            18.96551724137931,
            71.42857142857143,
            18.181818181818183,
            92.5,
            61.76470588235294,
            12.82051282051282,
            80.0,
            100.0,
            88.23529411764706,
            87.68656716417911,
            96.1038961038961,
            3.0821917808219177,
            90.27777777777779,
            100.0,
            72.86135693215338,
            82.24852071005917,
            54.23728813559322,
            24.137931034482758,
            100.0,
            78.8135593220339,
            91.21621621621621,
            63.2,
            98.63013698630137,
            45.20547945205479,
            66.36568848758465,
            83.94495412844036,
            39.737991266375545,
            85.91549295774648,
            96.0,
            64.51612903225806,
            36.15819209039548,
            88.46153846153845,
            29.454545454545457,
            34.92063492063492,
            95.95375722543352,
            86.59217877094973,
            44.44444444444444,
            83.92857142857143,
            56.774193548387096,
            45.38461538461539,
            97.52747252747253,
            88.57142857142857,
            92.42902208201893
        ]
    },
    "OSR Accuracy": null
}