{
    "OA": 64.19771011366466,
    "AA": 4.6983506904785255,
    "OOD": 99.91138534247924,
    "NMI": 64.06274698093681,
    "H-score": 7.8094884742852315,
    "H3-score": 11.043822952767782,
    "Recall-all": [
        15.909090909090908,
        0.0,
        0.0,
        0.0,
        0.0,
        0.0,
        7.792207792207792,
        4.838709677419355,
        0.0,
        0.0,
        17.36111111111111,
        1.3793103448275863,
        0.6535947712418301,
        0.0,
        2.564102564102564,
        1.4285714285714286,
        3.0303030303030303,
        0.7518796992481203,
        0.0,
        0.0,
        0.8928571428571428,
        1.36986301369863,
        0.0,
        0.8064516129032258,
        0.0,
        0.0,
        14.000000000000002,
        0.0,
        0.0,
        0.0,
        3.260869565217391,
        0.0,
        0.0,
        0.0,
        0.0,
        0.0,
        1.2048192771084338,
        1.0309278350515463,
        3.111111111111111,
        6.666666666666667,
        8.465608465608465,
        0.0,
        0.0,
        0.8,
        1.2269938650306749,
        1.7699115044247788,
        2.158273381294964,
        0.0,
        0.0,
        0.5747126436781609,
        0.0,
        0.0,
        45.83333333333333,
        12.195121951219512,
        16.483516483516482,
        0.0,
        0.0,
        0.0,
        0.0,
        13.846153846153847,
        0.0,
        0.0,
        4.3478260869565215,
        0.0,
        0.0,
        5.88235294117647,
        0.0,
        0.0,
        0.0,
        8.695652173913043,
        4.166666666666666,
        0.0,
        25.0,
        3.3333333333333335,
        0.0,
        0.0,
        12.5,
        0.0,
        4.3478260869565215,
        1.694915254237288,
        0.0,
        0.0,
        16.037735849056602,
        0.0,
        0.0,
        33.057851239669425,
        2.803738317757009,
        0.0,
        0.0,
        35.714285714285715,
        2.1739130434782608,
        0.0,
        1.694915254237288,
        0.0,
        0.398406374501992,
        1.4705882352941175,
        0.0,
        0.0,
        2.013422818791946,
        6.770833333333333,
        1.550387596899225,
        3.597122302158273,
        0.0,
        1.0752688172043012,
        2.4,
        3.0303030303030303,
        0.0,
        0.6666666666666667,
        0.0,
        7.142857142857142,
        29.523809523809526,
        0.0,
        0.0,
        25.510204081632654,
        0.0,
        3.056768558951965,
        0.0,
        2.0202020202020203,
        0.0,
        21.686746987951807,
        3.1578947368421053,
        0.0,
        5.319148936170213,
        5.58659217877095,
        7.317073170731707,
        1.4084507042253522,
        0.0,
        1.4925373134328357,
        0.0,
        1.5384615384615385,
        0.0,
        0.4140786749482402,
        1.5,
        0.0,
        0.0,
        0.0,
        0.0,
        0.0,
        77.41935483870968,
        0.0,
        2.307692307692308,
        11.842105263157894,
        7.2992700729927,
        2.73972602739726,
        3.75,
        3.225806451612903,
        8.450704225352112,
        0.0,
        0.0,
        0.0,
        99.91138534247924
    ],
    "Closed Set Accuracy": {
        "OA": 80.7247928760638,
        "AA": 82.17563101804666,
        "Recall-all": [
            100.0,
            94.37229437229438,
            38.297872340425535,
            87.5,
            91.82692307692307,
            50.649350649350644,
            100.0,
            88.70967741935483,
            98.4126984126984,
            41.37931034482759,
            84.72222222222221,
            88.27586206896552,
            92.15686274509804,
            93.66197183098592,
            61.53846153846154,
            95.0,
            96.96969696969697,
            75.18796992481202,
            84.21052631578947,
            96.42857142857143,
            86.60714285714286,
            89.04109589041096,
            98.18181818181819,
            95.96774193548387,
            69.55223880597015,
            90.07633587786259,
            99.0,
            79.3103448275862,
            75.78947368421053,
            99.16666666666667,
            79.8913043478261,
            92.99065420560748,
            87.11656441717791,
            69.04761904761905,
            62.92134831460674,
            79.41176470588235,
            75.90361445783132,
            82.4742268041237,
            76.0,
            64.76190476190476,
            98.4126984126984,
            83.33333333333334,
            95.72649572649573,
            84.0,
            86.50306748466258,
            69.02654867256636,
            98.56115107913669,
            96.7741935483871,
            18.475750577367204,
            94.25287356321839,
            100.0,
            65.21739130434783,
            97.91666666666666,
            82.92682926829268,
            96.7032967032967,
            93.42105263157895,
            52.083333333333336,
            93.10344827586206,
            90.56603773584906,
            87.6923076923077,
            80.0,
            99.00990099009901,
            73.91304347826086,
            76.92307692307693,
            93.4065934065934,
            52.94117647058824,
            97.72727272727273,
            75.0,
            83.5820895522388,
            65.21739130434783,
            87.5,
            66.66666666666666,
            95.0,
            83.33333333333334,
            91.42857142857143,
            100.0,
            87.5,
            73.68421052631578,
            47.82608695652174,
            30.508474576271187,
            85.71428571428571,
            90.9090909090909,
            100.0,
            28.14070351758794,
            97.32142857142857,
            94.21487603305785,
            90.65420560747664,
            16.236162361623617,
            93.75,
            85.71428571428571,
            80.43478260869566,
            95.85253456221197,
            96.61016949152543,
            80.68181818181817,
            81.67330677290838,
            97.05882352941177,
            55.55555555555556,
            88.0,
            89.93288590604027,
            94.79166666666666,
            82.17054263565892,
            91.36690647482014,
            79.43925233644859,
            99.46236559139786,
            92.80000000000001,
            51.515151515151516,
            95.02923976608187,
            66.66666666666666,
            82.05128205128204,
            78.57142857142857,
            93.33333333333333,
            74.48979591836735,
            41.41414141414141,
            91.83673469387756,
            82.14285714285714,
            69.43231441048034,
            96.13899613899613,
            97.97979797979798,
            68.75,
            92.7710843373494,
            59.473684210526315,
            93.61702127659575,
            98.93617021276596,
            90.5027932960894,
            95.9349593495935,
            97.1830985915493,
            71.73913043478261,
            91.04477611940298,
            62.06896551724138,
            96.15384615384616,
            33.064516129032256,
            56.31469979296067,
            98.5,
            49.166666666666664,
            98.4126984126984,
            97.63779527559055,
            81.63265306122449,
            86.74698795180723,
            87.09677419354838,
            83.01886792452831,
            96.15384615384616,
            98.68421052631578,
            91.24087591240875,
            91.0958904109589,
            87.5,
            51.61290322580645,
            76.05633802816901,
            98.59154929577466,
            87.5,
            90.67796610169492
        ]
    },
    "OSR Accuracy": {
        "TNR": 33.72608224753028,
        "AUROC": 85.67092380968678,
        "DTACC": 79.22656818154395,
        "AUIN": 79.41956861722979,
        "AUOUT": 88.91395579149012,
        "OSCR": 69.02887910810746,