{
    "OA": 58.80077753094256,
    "AA": 5.249502553448602,
    "OOD": 99.92388333390998,
    "NMI": 68.53397081229535,
    "H-score": 8.828548691417657,
    "H3-score": 12.444014895308987,
    "Recall-all": [
        24.731182795698924,
        0.0,
        0.0,
        0.0,
        0.2840909090909091,
        1.201923076923077,
        6.097560975609756,
        0.9523809523809524,
        0.0,
        0.0,
        1.4134275618374559,
        1.3071895424836601,
        1.6216216216216217,
        0.0,
        2.9629629629629632,
        0.0,
        2.380952380952381,
        1.0638297872340425,
        0.0,
        0.0,
        0.4694835680751174,
        0.0,
        0.0,
        0.7547169811320755,
        0.0,
        0.0,
        15.068493150684931,
        0.0,
        0.0,
        0.0,
        0.0,
        0.0,
        0.0,
        0.0,
        10.526315789473683,
        0.0,
        0.0,
        5.093833780160858,
        2.030456852791878,
        0.0,
        7.975460122699387,
        0.45662100456621,
        0.0,
        1.4285714285714286,
        0.0,
        4.761904761904762,
        15.0,
        3.8461538461538463,
        0.0,
        2.9629629629629632,
        0.0,
        0.0,
        12.5,
        0.0,
        6.9306930693069315,
        0.0,
        0.0,
        1.9867549668874174,
        0.0,
        10.81081081081081,
        0.0,
        0.0,
        5.405405405405405,
        3.1847133757961785,
        0.0,
        26.923076923076923,
        5.454545454545454,
        0.0,
        0.0,
        0.0,
        5.05050505050505,
        0.0,
        14.516129032258066,
        2.197802197802198,
        0.0,
        0.0,
        20.37037037037037,
        0.0,
        5.405405405405405,
        0.0,
        0.0,
        6.422018348623854,
        14.953271028037381,
        16.666666666666664,
        4.761904761904762,
        10.909090909090908,
        28.104575163398692,
        0.0,
        18.181818181818183,
        20.27027027027027,
        5.88235294117647,
        0.0,
        7.857142857142857,
        1.9157088122605364,
        2.479338842975207,
        3.1055900621118013,
        16.3265306122449,
        7.142857142857142,
        8.450704225352112,
        2.04778156996587,
        24.242424242424242,
        1.5384615384615385,
        1.694915254237288,
        1.3513513513513513,
        1.9704433497536946,
        27.27272727272727,
        0.0,
        0.0,
        0.0,
        0.0,
        17.083333333333332,
        0.0,
        0.0,
        35.0,
        0.0,
        13.865546218487395,
        0.3731343283582089,
        13.636363636363635,
        1.0273972602739725,
        9.722222222222223,
        14.285714285714285,
        0.0,
        1.183431952662722,
        1.694915254237288,
        1.7241379310344827,
        3.4482758620689653,
        24.576271186440678,
        0.6756756756756757,
        8.799999999999999,
        0.0,
        0.0,
        4.288939051918736,
        4.587155963302752,
        0.43668122270742354,
        0.0,
        3.0,
        0.0,
        0.0,
        13.461538461538462,
        0.0,
        0.0,
        9.248554913294797,
        12.849162011173185,
        0.0,
        0.0,
        12.903225806451612,
        3.8461538461538463,
        0.0,
        8.571428571428571,
        3.7854889589905363,
        99.92388333390998
    ],
    "Closed Set Accuracy": {
        "OA": 79.88193185515735,
        "AA": 78.70845106668655,
        "Recall-all": [
            95.6989247311828,
            95.13888888888889,
            31.03448275862069,
            70.58823529411765,
            89.48863636363636,
            58.894230769230774,
            66.46341463414635,
            45.714285714285715,
            79.7427652733119,
            46.440677966101696,
            78.09187279151944,
            47.05882352941176,
            91.35135135135135,
            81.6,
            34.81481481481482,
            92.9530201342282,
            72.61904761904762,
            70.2127659574468,
            38.19444444444444,
            91.14583333333334,
            66.66666666666666,
            73.33333333333333,
            94.55587392550143,
            94.71698113207547,
            63.32046332046332,
            75.0,
            94.97716894977168,
            81.81818181818183,
            43.96551724137931,
            95.58823529411765,
            42.71844660194174,
            92.25806451612904,
            69.87951807228916,
            77.77777777777779,
            94.73684210526315,
            77.27272727272727,
            85.71428571428571,
            86.32707774798928,
            55.32994923857868,
            70.47619047619048,
            95.0920245398773,
            73.51598173515981,
            78.72340425531915,
            88.57142857142857,
            77.58620689655173,
            61.904761904761905,
            97.5,
            97.43589743589743,
            8.695652173913043,
            97.77777777777777,
            100.0,
            81.30841121495327,
            62.5,
            90.0,
            90.0990099009901,
            89.90825688073394,
            92.0,
            95.36423841059603,
            81.66666666666667,
            91.8918918918919,
            90.6015037593985,
            96.7741935483871,
            96.21621621621622,
            96.81528662420382,
            99.16666666666667,
            80.76923076923077,
            95.45454545454545,
            78.26086956521739,
            58.333333333333336,
            94.87179487179486,
            96.96969696969697,
            49.50980392156863,
            91.93548387096774,
            84.06593406593407,
            84.5360824742268,
            95.34883720930233,
            98.14814814814815,
            90.9090909090909,
            86.48648648648648,
            33.33333333333333,
            72.22222222222221,
            98.1651376146789,
            99.06542056074767,
            100.0,
            91.66666666666666,
            83.63636363636363,
            94.11764705882352,
            20.9366391184573,
            72.72727272727273,
            91.8918918918919,
            92.94117647058823,
            96.62027833001989,
            98.57142857142858,
            94.6360153256705,
            90.9090909090909,
            99.37888198757764,
            100.0,
            57.14285714285714,
            80.98591549295774,
            97.26962457337885,
            90.15151515151516,
            61.53846153846154,
            18.64406779661017,
            99.66216216216216,
            74.8768472906404,
            90.9090909090909,
            90.04975124378109,
            25.862068965517242,
            100.0,
            27.27272727272727,
            97.08333333333333,
            76.47058823529412,
            15.384615384615385,
            90.0,
            90.0,
            90.75630252100841,
            98.88059701492537,
            98.7012987012987,
            12.67123287671233,
            94.44444444444444,
            100.0,
            89.38053097345133,
            89.3491124260355,
            67.79661016949152,
            37.93103448275862,
            100.0,
            83.89830508474576,
            97.97297297297297,
            69.6,
            98.63013698630137,
            67.12328767123287,
            70.8803611738149,
            91.74311926605505,
            54.14847161572053,
            90.84507042253522,
            99.0,
            80.64516129032258,
            42.93785310734463,
            91.02564102564102,
            55.27272727272727,
            57.936507936507944,
            97.6878612716763,
            88.8268156424581,
            61.111111111111114,
            91.96428571428571,
            55.483870967741936,
            48.46153846153846,
            98.35164835164835,
            94.28571428571428,
            94.00630914826499
        ]
    },