{
    "OA": 57.32304434850214,
    "AA": 56.5909236097633,
    "OOD": null,
    "NMI": null,
    "H-score": null,
    "H3-score": null,
    "Recall-all": [
        95.97069597069597,
        15.131578947368421,
        42.30769230769231,
        0.22935779816513763,
        61.904761904761905,
        83.54838709677419,
        92.4812030075188,
        96.55172413793103,
        97.2972972972973,
        10.365853658536585,
        91.26637554585153,
        91.76029962546816,
        93.15960912052117,
        86.11111111111111,
        28.832116788321166,
        57.798165137614674,
        91.66666666666666,
        96.20253164556962,
        4.854368932038835,
        98.7878787878788,
        98.80478087649402,
        27.42382271468144,
        48.275862068965516,
        93.39853300733496,
        29.273084479371313,
        1.5810276679841897,
        52.25806451612903,
        45.98698481561822,
        25.379609544468547,
        73.83367139959432,
        97.12230215827337,
        1.971326164874552,
        12.745098039215685,
        9.06801007556675,
        43.1640625,
        24.69879518072289,
        32.87671232876712,
        50.0,
        83.88888888888889,
        40.963855421686745,
        71.6867469879518,
        71.60940325497288,
        7.835820895522389,
        63.424947145877375,
        41.17647058823529,
        56.33187772925764,
        93.39407744874715,
        34.16506717850288,
        0.0,
        50.0,
        50.65217391304348,
        73.66482504604052,
        80.45977011494253,
        1.6260162601626018,
        94.11764705882352,
        64.67065868263472,
        34.11764705882353,
        71.72619047619048,
        33.17972350230415,
        79.71014492753623,
        92.04081632653062,
        8.142493638676845,
        69.46564885496184,
        37.9454926624738,
        17.953321364452425,
        94.03973509933775,
        35.03184713375796,
        14.010989010989011,
        25.892857142857146,
        67.27272727272727,
        13.704496788008566,
        7.784431137724551,
        89.28571428571429,
        76.02905569007264,
        51.32743362831859,
        16.435185185185187,
        82.75862068965517,
        36.4,
        71.1864406779661,
        0.273972602739726,
        5.0,
        85.41114058355438,
        75.15151515151514,
        53.40909090909091,
        96.59318637274549,
        75.72815533980582,
        96.82539682539682,
        20.54263565891473,
        50.38961038961038,
        30.59490084985836,
        50.8860759493671,
        0.1834862385321101,
        91.35802469135803,
        88.43537414965986,
        69.84126984126983,
        66.46884272997032,
        74.69135802469135,
        15.617128463476071,
        98.88475836431226,
        76.15658362989323,
        96.26865671641791,
        53.55648535564853,
        0.0,
        94.35336976320583,
        68.77729257641921,
        42.10526315789473,
        52.0,
        0.42643923240938164,
        2.268041237113402,
        2.2801302931596092,
        77.31343283582089,
        45.06517690875233,
        0.0,
        83.16582914572864,
        75.86912065439672,
        75.13812154696133,
        12.612612612612612,
        86.41304347826086,
        1.25,
        84.48753462603878,
        81.97674418604652,
        1.6064257028112447,
        41.86046511627907,
        48.06201550387597,
        21.338912133891213,
        90.0375939849624,
        94.98207885304659,
        19.824561403508774,
        77.53424657534246,
        92.23300970873787,
        0.0,
        97.2451790633609,
        87.62278978388997,
        26.459143968871597,
        95.8904109589041,
        85.16624040920716,
        57.20338983050848,
        22.71468144044321,
        93.73601789709173,
        36.41304347826087,
        4.724409448818897,
        97.63313609467455,
        95.54367201426025,
        9.49074074074074,
        42.10526315789473,
        80.0,
        64.9402390438247,
        81.1138014527845,
        19.612068965517242,
        95.25691699604744,
        85.1685393258427,
        94.87666034155598,
        96.37305699481865,
        44.827586206896555,
        24.629080118694365,
        14.965986394557824,
        86.8421052631579,
        67.61006289308176,
        28.606356968215156,
        95.53990610328638,
        82.5503355704698,
        88.03418803418803,
        3.7249283667621778,
        0.24691358024691357,
        80.98360655737706,
        10.43956043956044,
        83.20610687022901,
        28.52112676056338,
        15.894039735099339,
        94.3820224719101,
        71.46341463414633,
        84.5691382765531,
        89.00255754475704,
        0.0,
        93.35180055401662,
        91.34615384615384,
        84.98896247240619,
        85.91885441527445,
        60.24096385542169,
        93.18181818181817,
        0.0,
        68.53448275862068,
        85.59782608695652,
        32.69230769230769,
        81.13695090439276,
        85.59322033898306,
        10.633946830265849,
        50.0,
        89.23076923076924,
        90.18518518518519,
        3.0852994555353903,
        60.86956521739131,
        14.788732394366196,
        10.855263157894738,
        56.476683937823836,
        53.284671532846716,
        87.74617067833698,
        91.75257731958763,
        10.8,
        15.571776155717762,
        0.9584664536741214,
        95.43650793650794,
        66.66666666666666,
        8.235294117647058,
        84.89483747609943,
        51.55038759689923,
        66.0427807486631,
        61.06194690265486,
        83.04668304668304,
        91.72661870503596,
        70.6703910614525,
        68.28703703703704,
        83.73382624768946,
        72.38605898123325,
        27.491408934707906,
        62.70627062706271,
        54.85232067510548,
        0.3134796238244514,
        87.09016393442623,
        38.19095477386934,
        18.937644341801384,
        30.215827338129497,
        80.5,
        52.087912087912095,
        77.84946236559139,
        93.55608591885442,
        96.51898734177216,
        41.63424124513619,
        19.521178637200737,
        48.421052631578945,
        86.56036446469248,
        1.1286681715575622,
        49.64705882352941,
        66.04651162790698,
        15.526315789473685,
        88.77338877338877,
        97.03389830508475,
        46.57039711191336,
        2.8735632183908044,
        30.519480519480517,
        0.0,
        56.770833333333336,
        98.5355648535565,
        97.2451790633609,
        6.181015452538632,
        98.64864864864865,
        97.05014749262537,
        73.63013698630137,
        89.80099502487562,
        47.5609756097561,
        98.79154078549848,
        47.90996784565916,
        95.17766497461929,
        97.10610932475883,
        79.03780068728523,
        99.76635514018692,
        23.655913978494624,
        94.53125,
        92.98561151079137,
        90.2439024390244,
        50.967741935483865,
        79.48717948717949,
        83.75,
        88.14432989690721,
        86.42533936651584,
        63.63636363636363,
        6.007067137809187,
        88.81118881118881,
        93.23076923076923,
        8.30945558739255,
        52.074688796680505,
        93.47826086956522,
        60.75949367088608,
        88.39779005524862,
        0.0,
        84.52655889145497,
        79.75903614457832,
        80.4945054945055,
        88.16793893129771,
        0.0,
        8.51063829787234,
        91.1340206185567,
        1.2195121951219512,
        33.33333333333333,
        1.6981132075471699,
        0.6802721088435374,
        91.8429003021148,
        4.861111111111112,
        83.47826086956522,
        3.278688524590164,
        69.42675159235668,
        23.125,
        86.25730994152046,
        87.2340425531915,
        69.76744186046511,
        0.0,
        93.42105263157895,
        0.7407407407407408,
        93.55670103092784,
        85.60975609756098,
        0.0,
