{
    "OA": 77.60723471334937,
    "AA": 46.50122433706961,
    "OOD": 95.32967934622076,
    "NMI": 64.06274698093681,
    "H-score": 62.215071555778145,
    "H3-score": 62.82038721018124,
    "Recall-all": [
        84.0909090909091,
        74.89177489177489,
        92.90780141843972,
        82.5,
        75.96153846153845,
        66.23376623376623,
        98.7012987012987,
        20.967741935483872,
        88.09523809523809,
        8.620689655172415,
        80.55555555555556,
        75.86206896551724,
        50.98039215686274,
        88.02816901408451,
        38.46153846153847,
        55.00000000000001,
        84.84848484848484,
        76.69172932330827,
        5.263157894736842,
        91.07142857142857,
        91.07142857142857,
        33.56164383561644,
        0.0,
        55.64516129032258,
        32.537313432835816,
        0.7633587786259541,
        95.0,
        8.045977011494253,
        12.631578947368421,
        92.08333333333333,
        59.78260869565217,
        49.532710280373834,
        77.30061349693251,
        28.57142857142857,
        28.08988764044944,
        5.88235294117647,
        2.4096385542168677,
        6.185567010309279,
        52.44444444444445,
        25.71428571428571,
        93.12169312169311,
        58.854166666666664,
        41.452991452991455,
        69.6,
        38.65030674846626,
        10.619469026548673,
        87.76978417266187,
        86.45161290322581,
        0.23094688221709006,
        78.73563218390804,
        90.47619047619048,
        32.608695652173914,
        75.0,
        31.70731707317073,
        90.10989010989012,
        76.31578947368422,
        14.583333333333334,
        15.517241379310345,
        79.24528301886792,
        41.53846153846154,
        16.666666666666664,
        2.9702970297029703,
        65.21739130434783,
        30.76923076923077,
        45.05494505494506,
        47.05882352941176,
        75.0,
        12.5,
        0.0,
        17.391304347826086,
        50.0,
        3.546099290780142,
        80.0,
        26.666666666666668,
        18.571428571428573,
        91.30434782608695,
        87.5,
        0.0,
        17.391304347826086,
        0.0,
        0.0,
        36.36363636363637,
        81.13207547169812,
        0.5025125628140703,
        93.75,
        82.64462809917356,
        73.83177570093457,
        15.129151291512915,
        3.75,
        17.857142857142858,
        13.043478260869565,
        42.3963133640553,
        83.05084745762711,
        47.72727272727273,
        13.147410358565736,
        33.82352941176471,
        11.11111111111111,
        6.0,
        77.18120805369128,
        53.645833333333336,
        78.29457364341084,
        84.89208633093526,
        0.0,
        97.31182795698925,
        12.0,
        3.0303030303030303,
        86.8421052631579,
        2.666666666666667,
        0.0,
        0.0,
        70.47619047619048,
        1.0204081632653061,
        0.0,
        53.06122448979592,
        33.33333333333333,
        43.23144104803494,
        65.25096525096525,
        88.88888888888889,
        0.0,
        75.90361445783132,
        14.210526315789473,
        0.425531914893617,
        82.97872340425532,
        65.36312849162012,
        47.96747967479675,
        80.28169014084507,
        39.130434782608695,
        1.4925373134328357,
        18.96551724137931,
        80.76923076923077,
        10.483870967741936,
        48.033126293995856,
        74.0,
        9.166666666666666,
        84.12698412698413,
        96.06299212598425,
        40.816326530612244,
        0.0,
        83.87096774193549,
        3.7735849056603774,
        70.76923076923077,
        94.73684210526315,
        89.78102189781022,
        0.0,
        22.5,
        51.61290322580645,
        49.29577464788733,
        87.32394366197182,
        12.5,
        86.4406779661017,
        95.32967934622076
    ],
    "Closed Set Accuracy": {
        "OA": 77.24736515809052,
        "AA": 77.66215621275485,