{
    "OA": 78.00547581514977,
    "AA": 58.076874739694894,
    "OOD": 89.76336604417605,
    "NMI": 69.89403061875899,
    "H-score": 70.36800035454664,
    "H3-score": 70.21064513591291,
    "Recall-all": [
        90.9090909090909,
        77.05627705627705,
        90.78014184397163,
        48.75,
        75.0,
        76.62337662337663,
        98.7012987012987,
        90.32258064516128,
        88.09523809523809,
        8.620689655172415,
        95.13888888888889,
        88.27586206896552,
        86.27450980392157,
        92.95774647887323,
        30.76923076923077,
        77.14285714285715,
        96.96969696969697,
        84.21052631578947,
        57.14285714285714,
        91.96428571428571,
        94.64285714285714,
        70.54794520547945,
        56.36363636363636,
        75.80645161290323,
        25.07462686567164,
        2.2900763358778624,
        93.0,
        25.287356321839084,
        63.1578947368421,
        97.91666666666666,
        68.47826086956522,
        63.084112149532714,
        73.00613496932516,
        59.523809523809526,
        43.82022471910113,
        33.33333333333333,
        27.710843373493976,
        29.896907216494846,
        62.22222222222222,
        34.76190476190476,
        94.17989417989418,
        75.0,
        73.93162393162393,
        79.2,
        43.558282208588956,
        41.5929203539823,
        91.36690647482014,
        90.96774193548387,
        0.4618937644341801,
        90.80459770114942,
        85.71428571428571,
        34.78260869565217,
        83.33333333333334,
        0.0,
        97.8021978021978,
        81.57894736842105,
        12.5,
        31.03448275862069,
        79.24528301886792,
        52.307692307692314,
        51.11111111111111,
        30.693069306930692,
        69.56521739130434,
        46.15384615384615,
        30.76923076923077,
        76.47058823529412,
        90.9090909090909,
        56.25,
        26.865671641791046,
        34.78260869565217,
        70.83333333333334,
        17.73049645390071,
        60.0,
        53.333333333333336,
        30.0,
        86.95652173913044,
        87.5,
        31.57894736842105,
        13.043478260869565,
        0.0,
        80.95238095238095,
        36.36363636363637,
        95.28301886792453,
        0.0,
        97.32142857142857,
        80.16528925619835,
        79.43925233644859,
        16.974169741697416,
        1.25,
        0.0,
        15.217391304347828,
        24.42396313364055,
        94.91525423728814,
        56.81818181818182,
        40.23904382470119,
        69.85294117647058,
        33.33333333333333,
        73.0,
        88.59060402684564,
        58.333333333333336,
        73.64341085271317,
        69.06474820143885,
        0.9345794392523363,
        97.31182795698925,
        34.4,
        6.0606060606060606,
        89.47368421052632,
        40.666666666666664,
        0.0,
        0.0,
        85.23809523809524,
        39.795918367346935,
        1.0101010101010102,
        73.46938775510205,
        72.61904761904762,
        53.7117903930131,
        86.48648648648648,
        97.97979797979798,
        0.0,
        79.51807228915662,
        17.36842105263158,
        18.72340425531915,
        32.97872340425532,
        69.83240223463687,
        81.30081300813008,
        71.12676056338029,
        38.04347826086957,
        14.925373134328357,
        24.137931034482758,
        85.38461538461539,
        25.0,
        26.91511387163561,
        91.5,
        29.166666666666668,
        95.23809523809523,
        98.4251968503937,
        75.51020408163265,
        92.16867469879519,
        90.32258064516128,
        37.735849056603776,
        96.15384615384616,
        93.42105263157895,
        89.78102189781022,
        62.328767123287676,
        36.25,
        51.61290322580645,
        56.33802816901409,
        95.77464788732394,
        0.0,
        88.98305084745762,
        89.76336604417605
    ],
    "Closed Set Accuracy": {
        "OA": 74.06301076480865,
        "AA": 75.40180649835897,