{
    "OA": 78.34764196979471,
    "AA": 61.87362695731543,
    "OOD": 92.20013401831584,
    "NMI": 85.26732804912132,
    "H-score": 73.90681068804014,
    "H3-score": 77.34304373009377,
    "Recall-all": [
        95.6043956043956,
        35.526315789473685,
        41.208791208791204,
        4.128440366972478,
        71.42857142857143,
        87.09677419354838,
        93.98496240601504,
        96.55172413793103,
        97.2972972972973,
        17.073170731707318,
        93.44978165938865,
        88.76404494382022,
        96.09120521172639,
        89.44444444444444,
        40.14598540145985,
        66.05504587155964,
        91.66666666666666,
        97.46835443037975,
        18.12297734627832,
        99.39393939393939,
        99.20318725099602,
        41.55124653739612,
        71.03448275862068,
        94.86552567237165,
        41.650294695481335,
        2.1739130434782608,
        54.19354838709678,
        48.37310195227766,
        26.030368763557483,
        77.48478701825557,
        97.12230215827337,
        5.197132616487455,
        13.23529411764706,
        9.319899244332493,
        44.53125,
        31.32530120481928,
        34.47488584474886,
        52.21674876847291,
        85.27777777777777,
        67.8714859437751,
        76.70682730923694,
        75.40687160940325,
        22.94776119402985,
        68.07610993657505,
        42.98642533936652,
        65.06550218340611,
        96.58314350797266,
        61.036468330134355,
        0.0,
        56.08108108108109,
        76.30434782608695,
        74.95395948434623,
        81.60919540229885,
        4.878048780487805,
        94.70588235294117,
        66.76646706586826,
        54.11764705882353,
        75.0,
        52.07373271889401,
        81.64251207729468,
        93.6734693877551,
        25.190839694656486,
        72.51908396946564,
        50.943396226415096,
        43.98563734290844,
        98.67549668874173,
        97.45222929936305,
        66.75824175824175,
        41.07142857142857,
        73.0909090909091,
        18.843683083511777,
        32.93413173652694,
        91.78571428571428,
        76.99757869249395,
        54.424778761061944,
        17.36111111111111,
        83.33333333333334,
        38.0,
        76.69491525423729,
        9.04109589041096,
        54.285714285714285,
        90.98143236074272,
        76.36363636363637,
        64.77272727272727,
        96.59318637274549,
        79.6116504854369,
        97.73242630385488,
        42.63565891472868,
        51.16883116883116,
        39.376770538243626,
        74.9367088607595,
        1.834862385321101,
        94.32098765432099,
        89.79591836734694,
        74.20634920634922,
        77.74480712166172,
        77.77777777777779,
        54.15617128463476,
        99.07063197026022,
        82.56227758007117,
        96.76616915422885,
        54.39330543933054,
        1.4598540145985401,
        95.08196721311475,
        75.32751091703057,
        44.12955465587044,
        56.42105263157895,
        7.462686567164178,
        3.0927835051546393,
        2.2801302931596092,
        78.50746268656717,
        48.60335195530726,
        0.0,
        86.93467336683418,
        83.02658486707567,
        82.59668508287292,
        19.51951951951952,
        88.58695652173914,
        1.25,
        89.47368421052632,
        81.97674418604652,
        3.2128514056224895,
        50.0,
        59.9483204134367,
        66.94560669456067,
        90.22556390977444,
        97.1326164874552,
        25.087719298245613,
        80.0,
        93.20388349514563,
        1.2853470437017995,
        98.07162534435263,
        88.01571709233792,
        49.416342412451364,
        97.71689497716895,
        87.46803069053708,
        66.52542372881356,
        37.95013850415512,
        93.73601789709173,
        39.40217391304348,
        81.36482939632546,
        97.63313609467455,
        96.79144385026738,
        22.916666666666664,
        49.122807017543856,
        83.07692307692308,
        65.33864541832669,
        86.92493946731234,
        21.982758620689655,
        96.04743083003953,
        92.20013401831584
    ],
    "Closed Set Accuracy": {
        "OA": 81.20779148294915,
        "AA": 81.47511152341285,