{
    "OA": 48.547632044728964,
    "AA": 47.09440839190092,
    "OOD": null,
    "NMI": null,
    "H-score": null,
    "H3-score": null,
    "Recall-all": [
        99.26739926739927,
        16.447368421052634,
        51.373626373626365,
        86.46788990825688,
        71.42857142857143,
        36.774193548387096,
        96.61654135338345,
        26.72413793103448,
        89.1891891891892,
        0.0,
        76.63755458515283,
        42.69662921348314,
        82.41042345276874,
        88.33333333333333,
        9.854014598540147,
        22.477064220183486,
        65.0,
        82.27848101265823,
        0.0,
        93.93939393939394,
        99.20318725099602,
        3.8781163434903045,
        2.2988505747126435,
        90.4645476772616,
        5.1080550098231825,
        0.0,
        84.83870967741936,
        11.496746203904555,
        0.21691973969631237,
        4.259634888438134,
        8.273381294964029,
        15.591397849462366,
        47.549019607843135,
        6.54911838790932,
        37.109375,
        0.2008032128514056,
        12.100456621004566,
        25.12315270935961,
        71.11111111111111,
        55.82329317269076,
        77.30923694779116,
        70.88607594936708,
        10.074626865671641,
        56.236786469344615,
        2.0361990950226243,
        0.8733624454148471,
        94.30523917995444,
        58.54126679462573,
        0.0,
        83.55855855855856,
        12.173913043478262,
        85.451197053407,
        21.0727969348659,
        64.22764227642277,
        82.6470588235294,
        15.269461077844312,
        29.411764705882355,
        38.98809523809524,
        22.350230414746544,
        53.14009661835749,
        3.061224489795918,
        1.5267175572519083,
        78.11704834605598,
        66.0377358490566,
        4.308797127468582,
        90.06622516556291,
        42.99363057324841,
        0.8241758241758242,
        0.0,
        26.90909090909091,
        74.08993576017131,
        2.9940119760479043,
        89.28571428571429,
        45.52058111380145,
        31.858407079646017,
        25.462962962962965,
        71.83908045977012,
        5.2,
        82.41525423728814,
        0.273972602739726,
        0.0,
        81.6976127320955,
        79.7979797979798,
        17.613636363636363,
        95.99198396793587,
        74.75728155339806,
        98.86621315192744,
        28.294573643410853,
        26.49350649350649,
        77.33711048158641,
        32.40506329113924,
        2.2018348623853212,
        94.32098765432099,
        90.702947845805,
        63.888888888888886,
        47.47774480712167,
        90.12345679012346,
        23.929471032745592,
        96.6542750929368,
        65.12455516014235,
        95.02487562189054,
        53.97489539748954,
        0.0,
        91.43897996357013,
        10.480349344978166,
        8.097165991902834,
        6.526315789473684,
        0.0,
        0.0,
        0.6514657980456027,
        50.74626865671642,
        0.5586592178770949,
        0.0,
        10.301507537688442,
        2.2494887525562373,
        82.32044198895028,
        9.60960960960961,
        75.54347826086956,
        0.3125,
        3.32409972299169,
        59.883720930232556,
        0.0,
        64.72868217054264,
        14.987080103359174,
        2.510460251046025,
        85.71428571428571,
        94.98207885304659,
        2.456140350877193,
        72.87671232876713,
        88.10679611650485,
        2.570694087403599,
        97.7961432506887,
        81.72888015717092,
        10.116731517509727,
        19.406392694063925,
        83.88746803069054,
        5.932203389830509,
        0.554016620498615,
        84.56375838926175,
        0.0,
        0.0,
        97.43589743589743,
        95.00891265597147,
        0.4629629629629629,
        14.786967418546364,
        77.6923076923077,
        64.9402390438247,
        62.71186440677966,
        36.853448275862064,
        86.16600790513834,
        93.93258426966293,
        95.06641366223909,
        84.4559585492228,
        46.74329501915709,
        61.42433234421365,
        79.93197278911565,
        83.1140350877193,
        36.16352201257861,
        74.08312958435208,
        94.13145539906104,
        77.18120805369128,
        87.74928774928775,
        0.28653295128939826,
        0.0,
        77.04918032786885,
        12.637362637362637,
        90.45801526717557,
        8.80281690140845,
        7.9470198675496695,
        45.50561797752809,
        1.2195121951219512,
        81.1623246492986,
        88.23529411764706,
        0.0,
        87.25761772853186,
        76.28205128205127,
        92.71523178807946,
        67.30310262529832,
        45.78313253012048,
        42.32954545454545,
        0.0,
        0.43103448275862066,
        82.6086956521739,
        74.03846153846155,
        55.55555555555556,
        0.0,
        79.95910020449898,
        70.70707070707071,
        92.82051282051282,
        3.148148148148148,
        2.540834845735027,
        23.91304347826087,
        10.56338028169014,
        0.0,
        34.196891191709845,
        72.44525547445255,
        91.2472647702407,
        88.65979381443299,
        2.4,
        6.569343065693431,
        0.9584664536741214,
        88.88888888888889,
        57.31414868105516,
        0.29411764705882354,
        86.61567877629062,
        26.744186046511626,
        36.63101604278075,
        26.991150442477874,
        75.67567567567568,
        75.53956834532374,
        55.865921787709496,
        64.35185185185185,
        88.35489833641404,
        87.93565683646113,
        32.64604810996563,
        49.504950495049506,
        33.54430379746836,
        0.0,
        87.09016393442623,
        5.778894472361809,
        25.17321016166282,
        3.597122302158273,
        74.5,
        24.615384615384617,
        77.20430107526882,
        95.4653937947494,
        98.41772151898735,
        93.77431906614785,
        2.0257826887661143,
        2.526315789473684,
        84.73804100227791,
        11.286681715575622,
        28.705882352941174,
        71.62790697674419,
        3.9473684210526314,
        75.88357588357589,
        95.55084745762711,
        31.40794223826715,
        1.7241379310344827,
        36.36363636363637,
        0.0,
        62.5,
        97.69874476987448,
        87.32782369146005,
        1.9867549668874174,
        97.07207207207207,
        97.05014749262537,
        61.64383561643836,
        93.03482587064677,
        1.2195121951219512,
        89.72809667673715,
        80.38585209003215,
        71.31979695431471,
        95.17684887459808,
        22.336769759450174,
        97.89719626168224,
        3.763440860215054,
        99.21875,
        91.18705035971223,
        2.682926829268293,
        55.80645161290323,
        1.9230769230769231,
        85.0,
        88.14432989690721,
        61.085972850678736,
        74.24242424242425,
        13.074204946996467,
        70.62937062937063,
        95.6923076923077,
        94.26934097421203,
        62.03319502074689,
        95.65217391304348,
        40.50632911392405,
        88.95027624309392,
        0.0,
        82.44803695150115,
        88.67469879518072,
        70.32967032967034,
        79.9618320610687,
        0.0,
        4.25531914893617,
        89.27835051546393,
        0.40650406504065045,
        21.428571428571427,
        85.09433962264151,
        0.0,
        88.21752265861026,
        1.3888888888888888,
        82.6086956521739,
        0.0,
        64.64968152866241,
        12.1875,
        85.67251461988305,
        86.7612293144208,
        19.601328903654487,
        2.6785714285714284,
        88.59649122807018,
        0.0,
        81.18556701030928,
        61.21951219512195,
        0.0,
        0.0,
        89.19540229885058,
        61.58038147138964,
        82.88288288288288,
        28.467153284671532,
        90.96774193548387,
