{
    "OA": 21.039283097559604,
    "AA": 26.933097019319945,
    "OOD": null,
    "NMI": null,
    "H-score": null,
    "H3-score": null,
    "Recall-all": [
        52.27272727272727,
        0.0,
        0.0,
        0.0,
        1.4423076923076923,
        11.688311688311687,
        88.31168831168831,
        46.774193548387096,
        0.7936507936507936,
        0.0,
        70.83333333333334,
        36.55172413793103,
        1.3071895424836601,
        1.4084507042253522,
        10.256410256410255,
        2.142857142857143,
        84.84848484848484,
        6.015037593984962,
        1.5037593984962405,
        22.321428571428573,
        1.7857142857142856,
        6.164383561643835,
        0.0,
        40.32258064516129,
        0.0,
        3.0534351145038165,
        96.0,
        2.2988505747126435,
        7.894736842105263,
        2.5,
        1.0869565217391304,
        1.8691588785046727,
        83.43558282208589,
        0.0,
        6.741573033707865,
        36.27450980392157,
        3.614457831325301,
        9.278350515463918,
        37.333333333333336,
        20.952380952380953,
        93.12169312169311,
        0.0,
        5.128205128205128,
        2.4,
        26.380368098159508,
        19.469026548672566,
        89.20863309352518,
        1.2903225806451613,
        0.23094688221709006,
        77.01149425287356,
        88.09523809523809,
        2.1739130434782608,
        89.58333333333334,
        58.536585365853654,
        95.6043956043956,
        22.36842105263158,
        10.416666666666668,
        36.206896551724135,
        56.60377358490566,
        44.61538461538462,
        10.0,
        0.0,
        17.391304347826086,
        0.0,
        0.0,
        23.52941176470588,
        68.18181818181817,
        12.5,
        0.0,
        21.73913043478261,
        45.83333333333333,
        4.964539007092199,
        75.0,
        80.0,
        17.142857142857142,
        91.30434782608695,
        50.0,
        10.526315789473683,
        13.043478260869565,
        6.779661016949152,
        2.380952380952381,
        54.54545454545454,
        93.39622641509435,
        2.0100502512562812,
        0.0,
        75.20661157024794,
        41.1214953271028,
        1.4760147601476015,
        2.5,
        57.14285714285714,
        10.869565217391305,
        0.0,
        76.27118644067797,
        3.4090909090909087,
        1.593625498007968,
        2.2058823529411766,
        0.0,
        7.000000000000001,
        5.369127516778524,
        57.8125,
        64.34108527131784,
        79.85611510791367,
        31.775700934579437,
        0.5376344086021506,
        4.8,
        9.090909090909092,
        0.29239766081871343,
        2.0,
        0.0,
        66.66666666666666,
        70.0,
        1.0204081632653061,
        0.5050505050505051,
        62.244897959183675,
        1.1904761904761905,
        37.99126637554585,
        0.0,
        93.93939393939394,
        1.5625,
        79.51807228915662,
        11.578947368421053,
        0.0,
        87.2340425531915,
        67.59776536312849,
        64.22764227642277,
        0.0,
        2.1739130434782608,
        10.44776119402985,
        0.0,
        3.8461538461538463,
        0.0,
        2.484472049689441,
        0.0,
        0.8333333333333334,
        0.0,
        0.0,
        48.97959183673469,
        0.6024096385542169,
        87.09677419354838,
        0.0,
        5.384615384615385,
        89.47368421052632,
        83.21167883211679,
        11.643835616438356,
        50.0,
        32.25806451612903,
        66.19718309859155,
        15.492957746478872,
        31.25,
        0.847457627118644
    ],
    "Closed Set Accuracy": {
        "OA": 64.68466437468298,
        "AA": 68.363197644608,
        "Recall-all": [
            79.54545454545455,
            54.97835497835498,
            0.0,
            52.5,
            56.730769230769226,
            49.35064935064935,
            97.40259740259741,
            88.70967741935483,
            70.63492063492063,
            25.862068965517242,
            86.11111111111111,
            79.3103448275862,
            63.39869281045751,
            86.61971830985915,
            46.15384615384615,
            68.57142857142857,
            96.96969696969697,
            44.3609022556391,
            61.65413533834586,
            89.28571428571429,
            73.21428571428571,
            62.328767123287676,
            27.27272727272727,
            62.096774193548384,
            31.94029850746269,
            82.44274809160305,
            99.0,
            64.36781609195403,
            46.31578947368421,
            93.75,
            57.065217391304344,
            63.084112149532714,
            99.38650306748467,
            54.761904761904766,
            46.06741573033708,
            71.56862745098039,
            50.602409638554214,
            70.10309278350515,
            72.0,
            50.95238095238095,
            97.35449735449735,
            61.458333333333336,
            67.94871794871796,
            65.60000000000001,
            72.39263803680981,
            51.32743362831859,
            98.56115107913669,
            60.64516129032258,
            4.387990762124711,
            93.67816091954023,
            100.0,
            13.043478260869565,
            95.83333333333334,
            75.60975609756098,
            97.8021978021978,
            89.47368421052632,
            35.41666666666667,
            87.93103448275862,
            86.79245283018868,
            76.92307692307693,
            54.44444444444444,
            69.3069306930693,
            69.56521739130434,
            61.53846153846154,
            74.72527472527473,
            29.411764705882355,
            77.27272727272727,
            75.0,
            68.65671641791045,
            43.47826086956522,
            75.0,
            38.297872340425535,
            75.0,
            93.33333333333333,
            71.42857142857143,
            95.65217391304348,
            100.0,
            63.1578947368421,
            43.47826086956522,
            23.728813559322035,
            80.95238095238095,
            90.9090909090909,
            98.11320754716981,
            13.06532663316583,
            83.92857142857143,
            92.56198347107438,
            80.37383177570094,
            7.7490774907749085,
            85.0,
            71.42857142857143,
            80.43478260869566,
            73.73271889400922,
            91.52542372881356,
            68.18181818181817,
            49.00398406374502,
            88.97058823529412,
            44.44444444444444,
            72.0,
            72.48322147651007,
            90.625,
            88.37209302325581,
            93.5251798561151,
            61.6822429906542,
            96.23655913978494,
            76.8,
            27.27272727272727,
            84.7953216374269,
            52.666666666666664,
            48.3974358974359,
            80.95238095238095,
            91.9047619047619,
            56.12244897959183,
            55.05050505050505,
            88.77551020408163,
            64.28571428571429,
            63.75545851528385,
            75.67567567567568,
            98.98989898989899,
            35.9375,
            93.97590361445783,
            38.94736842105263,
            68.51063829787233,
            98.93617021276596,
            86.59217877094973,
            91.05691056910568,
            85.2112676056338,
            50.0,
            67.16417910447761,
            41.37931034482759,
            87.6923076923077,
            33.064516129032256,
            25.25879917184265,
            56.00000000000001,
            30.833333333333336,
            85.71428571428571,
            76.37795275590551,
            81.63265306122449,
            36.74698795180723,
            90.32258064516128,
            75.47169811320755,
            70.0,
