{
    "OA": 45.72507467733754,
    "AA": 50.06102893729747,
    "OOD": null,
    "NMI": null,
    "H-score": null,
    "H3-score": null,
    "Recall-all": [
        84.0909090909091,
        31.16883116883117,
        0.7092198581560284,
        3.75,
        2.8846153846153846,
        36.36363636363637,
        85.71428571428571,
        87.09677419354838,
        2.380952380952381,
        1.7241379310344827,
        89.58333333333334,
        52.41379310344828,
        79.08496732026144,
        84.50704225352112,
        7.6923076923076925,
        74.28571428571429,
        93.93939393939394,
        39.849624060150376,
        21.804511278195488,
        3.571428571428571,
        83.92857142857143,
        78.08219178082192,
        21.818181818181817,
        55.64516129032258,
        1.4925373134328357,
        81.67938931297711,
        90.0,
        24.137931034482758,
        22.63157894736842,
        98.33333333333333,
        55.97826086956522,
        0.9345794392523363,
        86.50306748466258,
        0.0,
        2.247191011235955,
        42.15686274509804,
        30.120481927710845,
        41.23711340206185,
        52.44444444444445,
        29.523809523809526,
        92.5925925925926,
        4.6875,
        48.717948717948715,
        69.6,
        30.061349693251532,
        39.823008849557525,
        87.05035971223022,
        68.38709677419355,
        0.23094688221709006,
        87.35632183908046,
        80.95238095238095,
        0.0,
        93.75,
        41.46341463414634,
        97.8021978021978,
        68.42105263157895,
        14.583333333333334,
        25.862068965517242,
        62.264150943396224,
        50.76923076923077,
        47.77777777777778,
        89.10891089108911,
        56.52173913043478,
        25.64102564102564,
        15.384615384615385,
        52.94117647058824,
        90.9090909090909,
        56.25,
        79.1044776119403,
        30.434782608695656,
        54.166666666666664,
        14.893617021276595,
        70.0,
        66.66666666666666,
        10.0,
        82.6086956521739,
        75.0,
        63.1578947368421,
        17.391304347826086,
        15.254237288135593,
        71.42857142857143,
        54.54545454545454,
        96.22641509433963,
        2.512562814070352,
        95.53571428571429,
        76.85950413223141,
        67.28971962616822,
        3.6900369003690034,
        5.0,
        78.57142857142857,
        13.043478260869565,
        0.4608294930875576,
        91.52542372881356,
        45.45454545454545,
        25.49800796812749,
        88.23529411764706,
        33.33333333333333,
        79.0,
        73.8255033557047,
        58.333333333333336,
        64.34108527131784,
        67.62589928057554,
        1.8691588785046727,
        98.38709677419355,
        51.2,
        9.090909090909092,
        85.08771929824562,
        40.0,
        1.282051282051282,
        61.904761904761905,
        85.23809523809524,
        29.591836734693878,
        3.0303030303030303,
        80.61224489795919,
        61.904761904761905,
        37.55458515283843,
        2.3166023166023164,
        98.98989898989899,
        46.875,
        77.10843373493977,
        15.263157894736842,
        0.0,
        42.5531914893617,
        75.97765363128491,
        81.30081300813008,
        78.87323943661971,
        17.391304347826086,
        11.940298507462686,
        12.068965517241379,
        89.23076923076924,
        2.4193548387096775,
        6.211180124223603,
        85.5,
        2.5,
        95.23809523809523,
        94.48818897637796,
        79.59183673469387,
        0.6024096385542169,
        90.32258064516128,
        50.943396226415096,
        82.3076923076923,
        85.52631578947368,
        81.75182481751825,
        70.54794520547945,
        58.75,
        12.903225806451612,
        64.7887323943662,
        98.59154929577466,
        12.5,
        85.59322033898306
    ],
    "Closed Set Accuracy": {
        "OA": 65.23135884574198,
        "AA": 68.66590179147678,