{
    "OA": 30.96117149257446,
    "AA": 33.70763085149468,
    "OOD": null,
    "NMI": null,
    "H-score": null,
    "H3-score": null,
    "Recall-all": [
        52.27272727272727,
        0.0,
        4.25531914893617,
        11.25,
        8.173076923076923,
        14.285714285714285,
        81.81818181818183,
        40.32258064516129,
        3.968253968253968,
        0.0,
        62.5,
        32.41379310344827,
        6.535947712418301,
        6.338028169014084,
        10.256410256410255,
        7.857142857142857,
        84.84848484848484,
        15.789473684210526,
        2.2556390977443606,
        58.92857142857143,
        41.964285714285715,
        7.534246575342466,
        0.0,
        43.54838709677419,
        3.2835820895522385,
        5.343511450381679,
        94.0,
        6.896551724137931,
        8.421052631578947,
        93.75,
        47.82608695652174,
        14.953271028037381,
        77.91411042944786,
        2.380952380952381,
        7.865168539325842,
        31.372549019607842,
        6.024096385542169,
        9.278350515463918,
        31.11111111111111,
        20.952380952380953,
        92.5925925925926,
        1.0416666666666665,
        11.11111111111111,
        9.6,
        26.380368098159508,
        19.469026548672566,
        69.7841726618705,
        58.06451612903226,
        0.23094688221709006,
        72.41379310344827,
        85.71428571428571,
        4.3478260869565215,
        89.58333333333334,
        58.536585365853654,
        94.5054945054945,
        40.78947368421053,
        10.416666666666668,
        32.758620689655174,
        52.83018867924528,
        41.53846153846154,
        10.0,
        0.0,
        26.08695652173913,
        2.564102564102564,
        3.296703296703297,
        35.294117647058826,
        47.72727272727273,
        12.5,
        2.9850746268656714,
        21.73913043478261,
        45.83333333333333,
        6.382978723404255,
        60.0,
        70.0,
        15.714285714285714,
        86.95652173913044,
        50.0,
        0.0,
        13.043478260869565,
        6.779661016949152,
        7.142857142857142,
        45.45454545454545,
        90.56603773584906,
        2.0100502512562812,
        66.96428571428571,
        71.07438016528926,
        42.99065420560748,
        1.107011070110701,
        23.75,
        50.0,
        13.043478260869565,
        0.4608294930875576,
        61.016949152542374,
        30.681818181818183,
        8.764940239043826,
        58.82352941176471,
        0.0,
        8.0,
        59.06040268456376,
        59.375,
        57.36434108527132,
        76.97841726618705,
        29.906542056074763,
        95.6989247311828,
        8.0,
        9.090909090909092,
        0.8771929824561403,
        15.333333333333332,
        0.0,
        64.28571428571429,
        69.52380952380952,
        4.081632653061225,
        0.5050505050505051,
        63.26530612244898,
        5.952380952380952,
        37.117903930131,
        33.59073359073359,
        90.9090909090909,
        4.6875,
        72.28915662650603,
        12.631578947368421,
        0.0,
        86.17021276595744,
        60.33519553072626,
        59.34959349593496,
        78.87323943661971,
        7.608695652173914,
        10.44776119402985,
        0.0,
        84.61538461538461,
        2.4193548387096775,
        7.453416149068323,
        0.0,
        1.6666666666666667,
        45.23809523809524,
        3.937007874015748,
        48.97959183673469,
        1.2048192771084338,
        83.87096774193549,
        7.547169811320755,
        16.153846153846153,
        75.0,
        76.64233576642336,
        17.123287671232877,
        46.25,
        33.87096774193548,
        52.112676056338024,
        78.87323943661971,
        31.25,
        5.932203389830509,
        44.79166666666667,
        3.0303030303030303,
        91.30434782608695,
        10.0,
        2.7522935779816518,
        11.940298507462686,
        3.937007874015748,
        1.8181818181818181,
        21.53846153846154,
        89.41176470588236,
        76.84210526315789,
        22.727272727272727,
        19.473684210526315,
        41.17647058823529,
        25.0,
        23.076923076923077,
        1.82648401826484,
        13.688212927756654,
        5.263157894736842,
        59.36395759717315,
        34.146341463414636,
        76.02996254681648,
        0.0,
        12.5,
        0.43478260869565216,
        1.2987012987012987,
        70.58823529411765,
        36.486486486486484,
        39.04761904761905,
        37.77777777777778,
        76.78571428571429,
        26.31578947368421,
        87.87878787878788,
        89.937106918239,
        75.70093457943925,
        33.05084745762712,
        63.793103448275865,
        30.555555555555557,
        85.85858585858585,
        89.04109589041096,
        0.7407407407407408,
        32.95454545454545,
        39.0625,
        0.8403361344537815,
        0.8547008547008548,
        48.86363636363637,
        0.0,
        39.24050632911392,
        57.14285714285714,
        0.0,
        16.25,
        96.15384615384616,
        80.9090909090909,
        3.8461538461538463,
        92.14285714285714,
        42.30769230769231,
        13.636363636363635,
        69.02654867256636,
        94.44444444444444,
        8.421052631578947,
        23.456790123456788,
        51.23456790123457,
        60.215053763440864,
        52.307692307692314,
        47.25274725274725,
        66.92913385826772,
        16.363636363636363,
        16.666666666666664,
        79.45205479452055,
        84.33734939759037,
        9.16030534351145,
        22.78481012658228,
        80.2547770700637,
        5.0,
        98.9010989010989,
        0.0,
        29.82456140350877,
        42.68292682926829,
        1.5384615384615385,
        6.944444444444445,
        6.172839506172839,
        26.47058823529412,
        36.84210526315789,
        35.38461538461539,
        5.7324840764331215,
        85.71428571428571,
        54.356846473029044,
        49.56521739130435,
        0.6211180124223602,
        40.625,
        18.461538461538463,
        28.125,
        96.875,
        78.82352941176471,
        0.0,
        64.28571428571429,
        19.78021978021978,
        12.749003984063744,
        4.444444444444445,
        16.216216216216218,
        78.13953488372093,
        41.39344262295082,
        41.72185430463576,
        50.943396226415096,
        3.187250996015936,
        10.734463276836157,
        1.9337016574585635,
        3.1976744186046515,
        79.43037974683544,
        2.4498886414253898,
        7.458563535911603,
        15.676959619952493,
        9.937888198757763,
        37.93103448275862,
        39.705882352941174,
        1.2307692307692308,
        4.622871046228711,
        7.236842105263158,
        64.87455197132617,
        1.8461538461538463,
        5.514705882352941,
        2.4922118380062304,
        0.4024144869215292,
        81.22605363984674,
        34.394904458598724,
        37.308868501529055,
        26.0,
        22.857142857142858,
        31.982942430703627,
        1.1976047904191618,
        0.32679738562091504,
        58.88888888888889,
        4.098360655737705,
        0.0,
        4.2682926829268295,
        0.0,
        74.35897435897436,
        0.0,
        33.33333333333333,
        3.314917127071823,
        64.96350364963503,
        13.812154696132598,
        9.30232558139535,
        16.901408450704224,
        28.703703703703702,
        0.0,
        81.59509202453987,
        3.4482758620689653,
        13.636363636363635,
        23.754789272030653,
        63.94557823129252,
        5.472636815920398,
        75.45454545454545,
        64.28571428571429,
        64.20454545454545,
        55.81395348837209,
        89.36170212765957,
        28.32618025751073,
        88.02083333333334,
        63.44086021505376,
