{
    "OA": 48.74305152244254,
    "AA": 50.49999353342349,
    "OOD": null,
    "NMI": null,
    "H-score": null,
    "H3-score": null,
    "Recall-all": [
        84.0909090909091,
        33.76623376623377,
        6.382978723404255,
        3.75,
        15.384615384615385,
        36.36363636363637,
        85.71428571428571,
        87.09677419354838,
        7.142857142857142,
        2.2988505747126435,
        88.88888888888889,
        45.51724137931035,
        71.89542483660131,
        80.98591549295774,
        7.6923076923076925,
        73.57142857142858,
        90.9090909090909,
        69.17293233082707,
        25.563909774436087,
        13.392857142857142,
        83.92857142857143,
        70.54794520547945,
        20.0,
        51.61290322580645,
        27.46268656716418,
        80.1526717557252,
        87.0,
        25.287356321839084,
        22.63157894736842,
        98.33333333333333,
        55.97826086956522,
        0.9345794392523363,
        82.82208588957054,
        11.904761904761903,
        3.3707865168539324,
        42.15686274509804,
        28.915662650602407,
        41.23711340206185,
        50.66666666666667,
        32.38095238095238,
        92.5925925925926,
        60.9375,
        48.717948717948715,
        62.4,
        31.901840490797547,
        38.93805309734513,
        83.45323741007195,
        65.80645161290323,
        0.23094688221709006,
        85.0574712643678,
        80.95238095238095,
        4.3478260869565215,
        93.75,
        41.46341463414634,
        97.8021978021978,
        55.26315789473685,
        14.583333333333334,
        29.310344827586203,
        56.60377358490566,
        52.307692307692314,
        48.888888888888886,
        75.24752475247524,
        56.52173913043478,
        25.64102564102564,
        18.681318681318682,
        47.05882352941176,
        79.54545454545455,
        50.0,
        64.17910447761194,
        30.434782608695656,
        54.166666666666664,
        17.73049645390071,
        65.0,
        60.0,
        8.571428571428571,
        78.26086956521739,
        75.0,
        36.84210526315789,
        21.73913043478261,
        15.254237288135593,
        71.42857142857143,
        54.54545454545454,
        96.22641509433963,
        2.512562814070352,
        91.96428571428571,
        76.03305785123968,
        66.35514018691589,
        4.797047970479705,
        7.5,
        78.57142857142857,
        13.043478260869565,
        2.7649769585253456,
        89.83050847457628,
        44.31818181818182,
        25.89641434262948,
        86.02941176470588,
        33.33333333333333,
        68.0,
        75.83892617449665,
        56.770833333333336,
        59.68992248062015,
        63.30935251798561,
        6.5420560747663545,
        98.38709677419355,
        44.0,
        9.090909090909092,
        83.62573099415205,
        37.333333333333336,
        8.012820512820513,
        59.523809523809526,
        84.28571428571429,
        36.734693877551024,
        80.3030303030303,
        77.55102040816327,
        72.61904761904762,
        37.55458515283843,
        84.94208494208493,
        95.95959595959596,
        43.75,
        77.10843373493977,
        16.315789473684212,
        0.0,
        42.5531914893617,
        73.18435754189943,
        81.30081300813008,
        76.05633802816901,
        20.652173913043477,
        19.402985074626866,
        12.068965517241379,
        86.92307692307692,
        20.967741935483872,
        6.832298136645963,
        84.5,
        2.5,
        92.85714285714286,
        92.1259842519685,
        79.59183673469387,
        3.614457831325301,
        90.32258064516128,
        50.943396226415096,
        82.3076923076923,
        85.52631578947368,
        81.75182481751825,
        66.43835616438356,
        55.00000000000001,
        20.967741935483872,
        56.33802816901409,
        97.1830985915493,
        6.25,
        77.11864406779661,
        75.0,
        18.181818181818183,
        95.65217391304348,
        56.99999999999999,
        16.51376146788991,
        8.955223880597014,
        65.35433070866141,
        81.81818181818183,
        18.461538461538463,
        85.88235294117646,
        82.10526315789474,
        50.0,
        5.7894736842105265,
        60.0,
        52.976190476190474,
        50.0,
        44.74885844748858,
        34.22053231939163,
        4.2105263157894735,
        78.4452296819788,
        63.41463414634146,
        83.52059925093633,
        1.6129032258064515,
        6.25,
        82.17391304347827,
        38.961038961038966,
        89.91596638655463,
        48.64864864864865,
        46.666666666666664,
        85.92592592592592,
        79.16666666666666,
        73.68421052631578,
        90.15151515151516,
        62.264150943396224,
        68.22429906542055,
        52.54237288135594,
        65.51724137931035,
        34.25925925925926,
        88.88888888888889,
        95.2054794520548,
        6.666666666666667,
        34.090909090909086,
        32.8125,
        68.0672268907563,
        2.564102564102564,
        77.8409090909091,
        0.0,
        54.43037974683544,
        40.0,
        8.0,
        32.5,
        97.11538461538461,
        85.45454545454545,
        3.8461538461538463,
        97.14285714285714,
        51.92307692307693,
        54.54545454545454,
        84.95575221238938,
        96.29629629629629,
        75.78947368421053,
        35.80246913580247,
        69.1358024691358,
        84.40860215053763,
        3.076923076923077,
        36.26373626373626,
        90.5511811023622,
        60.0,
        66.66666666666666,
        71.23287671232876,
        91.56626506024097,
        84.7328244274809,
        12.658227848101266,
        74.52229299363057,
        78.75,
        94.5054945054945,
        2.142857142857143,
        73.68421052631578,
        47.5609756097561,
        12.307692307692308,
        13.88888888888889,
        27.160493827160494,
        14.705882352941178,
        42.10526315789473,
        29.230769230769234,
        45.85987261146497,
        92.06349206349206,
        51.037344398340245,
        51.30434782608696,
        1.8633540372670807,
        43.75,
        38.46153846153847,
        65.625,
        100.0,
        94.11764705882352,
        13.043478260869565,
        45.23809523809524,
        28.57142857142857,
        48.60557768924303,
        51.11111111111111,
        59.45945945945946,
        73.0232558139535,
        14.754098360655737,
        56.29139072847682,
        56.60377358490566,
        25.89641434262948,
        76.27118644067797,
        3.867403314917127,
        57.84883720930233,
        75.63291139240506,
        85.52338530066815,
        11.049723756906078,
        18.76484560570071,
        34.78260869565217,
        51.37931034482759,
        73.77450980392157,
        11.384615384615385,
        6.082725060827251,
        5.921052631578947,
        53.04659498207885,
        55.69230769230769,
        19.485294117647058,
        50.467289719626166,
        0.6036217303822937,
        73.5632183908046,
        48.089171974522294,
        66.05504587155964,
        31.555555555555554,
        33.92857142857143,
        38.80597014925373,
        3.1936127744510974,
        1.6339869281045754,
        60.0,
        47.540983606557376,
        0.0,
        6.707317073170732,
        3.3333333333333335,
        66.66666666666666,
        0.0,
        10.666666666666668,
        36.46408839779006,
        71.53284671532847,
        56.9060773480663,
        62.7906976744186,
        37.32394366197183,
        57.870370370370374,
        0.5617977528089888,
        80.98159509202453,
        57.758620689655174,
        59.09090909090909,
        53.25670498084292,
        65.3061224489796,
        23.88059701492537,
        85.45454545454545,
        33.57142857142857,
        71.5909090909091,
