{
    "OA": 74.41685179308156,
    "AA": 56.136456630069645,
    "OOD": 89.09109780991594,
    "NMI": 74.03585466887408,
    "H-score": 68.70870588309079,
    "H3-score": 70.39851889262549,
    "Recall-all": [
        77.41935483870968,
        61.80555555555556,
        34.48275862068966,
        13.725490196078432,
        5.965909090909091,
        37.74038461538461,
        50.0,
        29.523809523809526,
        45.659163987138264,
        12.88135593220339,
        76.32508833922262,
        22.875816993464053,
        69.72972972972973,
        70.8,
        12.592592592592592,
        85.23489932885906,
        45.23809523809524,
        22.340425531914892,
        2.083333333333333,
        62.5,
        39.436619718309856,
        63.33333333333333,
        65.32951289398281,
        81.88679245283019,
        17.760617760617762,
        43.75,
        64.84018264840182,
        54.54545454545454,
        1.7241379310344827,
        83.08823529411765,
        26.21359223300971,
        15.483870967741936,
        48.19277108433735,
        77.77777777777779,
        71.05263157894737,
        34.090909090909086,
        78.57142857142857,
        51.206434316353885,
        39.59390862944163,
        33.33333333333333,
        83.43558282208589,
        32.87671232876712,
        39.51367781155015,
        68.57142857142857,
        25.862068965517242,
        57.14285714285714,
        95.0,
        74.35897435897436,
        0.0,
        88.14814814814815,
        94.11764705882352,
        45.794392523364486,
        62.5,
        6.666666666666667,
        86.63366336633663,
        69.72477064220183,
        42.0,
        33.11258278145696,
        42.22222222222222,
        75.67567567567568,
        56.766917293233085,
        16.129032258064516,
        83.78378378378379,
        84.07643312101911,
        93.33333333333333,
        84.61538461538461,
        89.0909090909091,
        41.30434782608695,
        50.0,
        94.87179487179486,
        47.474747474747474,
        10.294117647058822,
        72.58064516129032,
        43.956043956043956,
        36.08247422680412,
        76.74418604651163,
        88.88888888888889,
        81.81818181818183,
        54.054054054054056,
        88.88888888888889,
        72.22222222222221,
        98.1651376146789,
        99.06542056074767,
        83.33333333333334,
        75.0,
        47.27272727272727,
        86.9281045751634,
        12.396694214876034,
        36.36363636363637,
        66.21621621621621,
        58.82352941176471,
        6.759443339960239,
        98.92857142857143,
        81.99233716475096,
        68.18181818181817,
        90.6832298136646,
        90.81632653061224,
        42.857142857142854,
        64.08450704225352,
        93.51535836177474,
        83.33333333333334,
        52.307692307692314,
        5.084745762711865,
        99.32432432432432,
        22.660098522167488,
        54.54545454545454,
        66.16915422885572,
        15.517241379310345,
        50.0,
        9.090909090909092,
        85.0,
        32.35294117647059,
        5.128205128205128,
        80.0,
        60.0,
        83.19327731092437,
        79.47761194029852,
        98.7012987012987,
        2.73972602739726,
        73.61111111111111,
        100.0,
        1.4749262536873156,
        40.23668639053255,
        55.932203389830505,
        43.103448275862064,
        99.13793103448276,
        66.94915254237289,
        39.189189189189186,
        57.599999999999994,
        100.0,
        12.32876712328767,
        49.43566591422122,
        60.550458715596335,
        10.480349344978166,
        86.61971830985915,
        87.0,
        58.06451612903226,
        19.774011299435028,
        88.46153846153845,
        13.818181818181818,
        20.634920634920633,
        91.32947976878613,
        83.79888268156425,
        33.33333333333333,
        57.14285714285714,
        43.87096774193549,
        85.38461538461539,
        97.52747252747253,
        22.857142857142858,
        81.38801261829653,
        89.09109780991594
    ],
    "Closed Set Accuracy": {
        "OA": 75.01045879235811,
        "AA": 74.19688492275806,