{
    "OA": 52.005315772770544,
    "AA": 50.54396078353779,
    "OOD": null,
    "NMI": null,
    "H-score": null,
    "H3-score": null,
    "Recall-all": [
        75.26881720430107,
        15.277777777777779,
        37.93103448275862,
        9.803921568627452,
        2.840909090909091,
        27.64423076923077,
        49.390243902439025,
        29.523809523809526,
        44.05144694533762,
        1.694915254237288,
        73.14487632508833,
        21.568627450980394,
        60.0,
        67.60000000000001,
        11.851851851851853,
        80.87248322147651,
        41.66666666666667,
        19.148936170212767,
        1.3888888888888888,
        61.979166666666664,
        36.15023474178404,
        63.33333333333333,
        18.911174785100286,
        79.62264150943396,
        7.335907335907336,
        15.625,
        62.10045662100456,
        54.54545454545454,
        0.8620689655172413,
        76.47058823529412,
        21.35922330097087,
        0.6451612903225806,
        45.78313253012048,
        77.77777777777779,
        63.1578947368421,
        27.27272727272727,
        78.57142857142857,
        47.45308310991957,
        36.04060913705584,
        24.761904761904763,
        80.3680981595092,
        21.461187214611872,
        35.25835866261398,
        62.857142857142854,
        22.413793103448278,
        42.857142857142854,
        87.5,
        51.28205128205128,
        0.0,
        82.96296296296296,
        90.58823529411765,
        36.44859813084112,
        62.5,
        3.3333333333333335,
        86.13861386138613,
        67.88990825688074,
        36.0,
        33.11258278145696,
        34.44444444444444,
        70.27027027027027,
        29.69924812030075,
        12.903225806451612,
        79.45945945945945,
        80.89171974522293,
        88.75,
        84.61538461538461,
        83.63636363636363,
        29.347826086956523,
        44.44444444444444,
        89.74358974358975,
        39.39393939393939,
        8.333333333333332,
        64.51612903225806,
        35.16483516483517,
        30.412371134020617,
        75.96899224806202,
        85.18518518518519,
        63.63636363636363,
        51.35135135135135,
        44.44444444444444,
        55.55555555555556,
        98.1651376146789,
        99.06542056074767,
        58.333333333333336,
        69.04761904761905,
        41.81818181818181,
        86.9281045751634,
        7.162534435261708,
        36.36363636363637,
        64.86486486486487,
        48.23529411764706,
        1.1928429423459244,
        95.71428571428572,
        79.6934865900383,
        61.15702479338842,
        89.44099378881988,
        85.71428571428571,
        35.714285714285715,
        57.04225352112676,
        92.83276450511946,
        81.06060606060606,
        48.46153846153846,
        3.389830508474576,
        98.98648648648648,
        17.24137931034483,
        45.45454545454545,
        65.17412935323384,
        12.068965517241379,
        50.0,
        0.0,
        80.83333333333333,
        20.588235294117645,
        0.0,
        80.0,
        60.0,
        78.57142857142857,
        41.417910447761194,
        98.7012987012987,
        2.73972602739726,
        70.83333333333334,
        100.0,
        0.2949852507374631,
        30.76923076923077,
        33.89830508474576,
        34.48275862068966,
        99.13793103448276,
        56.779661016949156,
        27.027027027027028,
        46.400000000000006,
        100.0,
        6.8493150684931505,
        47.17832957110609,
        61.00917431192661,
        6.11353711790393,
        84.50704225352112,
        85.0,
        54.83870967741935,
        12.994350282485875,
        87.17948717948718,
        10.181818181818182,
        16.666666666666664,
        89.59537572254335,
        82.12290502793296,
        33.33333333333333,
        54.46428571428571,
        40.64516129032258,
        85.38461538461539,
        95.32967032967034,
        17.142857142857142,
        80.12618296529969,
        77.45098039215686,
        56.61764705882353,
        93.61702127659575,
        60.273972602739725,
        26.480836236933797,
        4.301075268817205,
        65.89861751152074,
        28.421052631578945,
        40.54054054054054,
        78.76712328767124,
        68.18181818181817,
        44.4015444015444,
        3.3707865168539324,
        9.523809523809524,
        82.13058419243985,
        28.947368421052634,
        58.87850467289719,
        26.285714285714285,
        8.064516129032258,
        29.166666666666668,
        72.22222222222221,
        86.26760563380282,
        57.66423357664233,
        0.0,
        83.80681818181817,
        66.42335766423358,
        89.77272727272727,
        60.3448275862069,
        61.42857142857143,
        24.66216216216216,
        1.3888888888888888,
        30.76923076923077,
        82.4074074074074,
        40.57971014492754,
        50.98039215686274,
        71.42857142857143,
        58.78136200716846,
        17.77777777777778,
        64.44444444444444,
        83.78378378378379,
        14.349775784753364,
        23.52941176470588,
        6.529209621993128,
        22.857142857142858,
        70.49808429118774,
        86.36363636363636,
        66.38225255972696,
        43.15352697095436,
        6.741573033707865,
        4.587155963302752,
        7.6923076923076925,
        88.20960698689956,
        89.05775075987842,
        14.285714285714285,
        93.35260115606935,
        63.34661354581673,
        73.68421052631578,
        87.07317073170732,
        98.91304347826086,
        50.18867924528302,
        76.92307692307693,
        83.51648351648352,
        96.58119658119658,
        56.52173913043478,
        19.298245614035086,
        93.56913183279742,
        77.04918032786885,
        1.5873015873015872,
        83.44155844155844,
        91.54228855721394,
        74.74747474747475,
        4.651162790697675,
        86.34361233480176,
        21.052631578947366,
        93.13304721030042,
        57.95454545454546,
        70.44334975369459,
        38.333333333333336,
        3.125,
        37.096774193548384,
        85.59322033898306,
        8.333333333333332,
        55.00000000000001,
        82.85714285714286,
        32.35294117647059,
        94.6524064171123,
        91.95402298850574,
        42.22222222222222,
        4.489795918367347,
        17.24137931034483,
        2.5,
        40.78947368421053,
        93.4640522875817,
        71.42857142857143,
        2.0671834625323,
        50.0,
        64.5933014354067,
        83.11111111111111,
        61.79775280898876,
        49.523809523809526,
        69.63562753036437,
        37.2093023255814,
        61.36363636363637,
        83.51648351648352,
        28.888888888888886,
        93.59430604982207,
        2.6548672566371683,
        85.1063829787234,
        90.98712446351931,
        87.36263736263736,
        43.24324324324324,
        31.16883116883117,
        55.38461538461539,
        57.692307692307686,
        90.0,
        44.354838709677416,
        9.090909090909092,
        28.30188679245283,
        58.744394618834086,
        56.949152542372886,
        39.189189189189186,
        50.53763440860215,
        10.465116279069768,
        85.91549295774648,
        10.0,
        65.21739130434783,
        62.5,
        64.0,
        81.81818181818183,
        2.857142857142857,
        4.220779220779221,
        81.6976127320955,
        50.0,
        2.083333333333333,
        12.0,
        0.0,
        55.55555555555556,
        22.22222222222222,
        32.72727272727273,
        44.44444444444444,
        89.65517241379311,
        10.097719869706841,
        69.04761904761905,
        57.85714285714286,
        45.45454545454545,
        1.2195121951219512,
        82.62711864406779,
        3.9473684210526314,
        40.845070422535215,
        15.048543689320388,
        20.0,
