{
    "OA": 71.41994103716591,
    "AA": 53.49799972638826,
    "OOD": 92.87332024762193,
    "NMI": 76.15041915935838,
    "H-score": 67.67727849318705,
    "H3-score": 70.28546808393845,
    "Recall-all": [
        77.41935483870968,
        28.47222222222222,
        43.103448275862064,
        13.725490196078432,
        4.829545454545454,
        32.93269230769231,
        50.0,
        29.523809523809526,
        12.540192926045016,
        7.118644067796611,
        74.55830388692578,
        22.22222222222222,
        69.72972972972973,
        65.60000000000001,
        11.851851851851853,
        84.56375838926175,
        45.23809523809524,
        20.212765957446805,
        1.3888888888888888,
        63.020833333333336,
        41.31455399061033,
        63.33333333333333,
        69.05444126074498,
        80.0,
        14.285714285714285,
        31.25,
        62.10045662100456,
        54.54545454545454,
        1.7241379310344827,
        77.94117647058823,
        23.300970873786408,
        3.870967741935484,
        44.57831325301205,
        77.77777777777779,
        66.66666666666666,
        31.818181818181817,
        82.14285714285714,
        46.64879356568365,
        37.055837563451774,
        25.71428571428571,
        84.04907975460122,
        27.397260273972602,
        38.90577507598784,
        64.28571428571429,
        24.137931034482758,
        54.761904761904766,
        87.5,
        70.51282051282051,
        0.0,
        85.55555555555556,
        90.58823529411765,
        38.31775700934579,
        62.5,
        3.3333333333333335,
        85.14851485148515,
        69.72477064220183,
        42.0,
        34.437086092715234,
        38.333333333333336,
        72.97297297297297,
        50.75187969924813,
        16.129032258064516,
        79.45945945945945,
        82.16560509554141,
        90.83333333333333,
        84.61538461538461,
        89.0909090909091,
        35.869565217391305,
        50.0,
        92.3076923076923,
        44.44444444444444,
        9.313725490196079,
        67.74193548387096,
        39.010989010989015,
        36.597938144329895,
        72.86821705426357,
        87.03703703703704,
        72.72727272727273,
        54.054054054054056,
        88.88888888888889,
        66.66666666666666,
        98.1651376146789,
        99.06542056074767,
        66.66666666666666,
        71.42857142857143,
        45.45454545454545,
        86.9281045751634,
        9.917355371900827,
        36.36363636363637,
        64.86486486486487,
        55.294117647058826,
        1.9880715705765408,
        98.92857142857143,
        81.22605363984674,
        66.11570247933885,
        89.44099378881988,
        87.75510204081633,
        50.0,
        59.859154929577464,
        92.83276450511946,
        81.06060606060606,
        50.76923076923077,
        3.389830508474576,
        98.98648648648648,
        23.15270935960591,
        54.54545454545454,
        66.16915422885572,
        15.517241379310345,
        50.0,
        0.0,
        82.91666666666667,
        29.411764705882355,
        2.564102564102564,
        80.0,
        60.0,
        81.5126050420168,
        41.04477611940299,
        98.7012987012987,
        2.73972602739726,
        66.66666666666666,
        100.0,
        1.1799410029498525,
        36.09467455621302,
        45.76271186440678,
        43.103448275862064,
        99.13793103448276,
        66.94915254237289,
        32.432432432432435,
        56.8,
        100.0,
        10.95890410958904,
        47.629796839729124,
        57.3394495412844,
        8.73362445414847,
        86.61971830985915,
        88.0,
        58.06451612903226,
        13.559322033898304,
        87.82051282051282,
        10.909090909090908,
        19.047619047619047,
        92.48554913294798,
        82.12290502793296,
        27.77777777777778,
        54.46428571428571,
        49.67741935483871,
        81.53846153846153,
        96.7032967032967,
        20.0,
        80.7570977917981,
        92.87332024762193
    ],
    "Closed Set Accuracy": {
        "OA": 72.92334867289546,
        "AA": 72.4017745352872,