{
    "OA": 53.617686467172845,
    "AA": 53.12106933378901,
    "OOD": null,
    "NMI": null,
    "H-score": null,
    "H3-score": null,
    "Recall-all": [
        95.6043956043956,
        6.578947368421052,
        44.230769230769226,
        0.22935779816513763,
        71.42857142857143,
        23.548387096774192,
        92.4812030075188,
        97.41379310344827,
        97.2972972972973,
        0.6097560975609756,
        91.26637554585153,
        87.26591760299625,
        90.87947882736157,
        82.22222222222221,
        10.218978102189782,
        60.550458715596335,
        91.66666666666666,
        97.46835443037975,
        18.446601941747574,
        51.515151515151516,
        98.40637450199203,
        89.75069252077562,
        14.25287356321839,
        17.84841075794621,
        31.041257367387033,
        71.34387351778656,
        51.61290322580645,
        51.62689804772235,
        44.46854663774403,
        74.84787018255578,
        97.84172661870504,
        3.225806451612903,
        81.86274509803921,
        8.816120906801007,
        0.78125,
        28.915662650602407,
        36.986301369863014,
        43.84236453201971,
        83.05555555555556,
        78.714859437751,
        69.47791164658635,
        69.62025316455697,
        9.701492537313433,
        59.61945031712473,
        77.82805429864254,
        37.99126637554585,
        92.48291571753985,
        5.950095969289827,
        0.0,
        43.01801801801802,
        57.391304347826086,
        24.861878453038674,
        82.37547892720306,
        24.390243902439025,
        93.82352941176471,
        59.88023952095808,
        36.470588235294116,
        6.845238095238096,
        31.336405529953915,
        83.57487922705315,
        46.93877551020408,
        0.5089058524173028,
        63.104325699745544,
        3.563941299790356,
        1.7953321364452424,
        15.894039735099339,
        6.687898089171974,
        0.5494505494505495,
        43.75,
        85.81818181818181,
        2.355460385438972,
        34.73053892215569,
        88.21428571428571,
        60.77481840193705,
        9.29203539823009,
        5.324074074074074,
        63.793103448275865,
        2.4,
        1.694915254237288,
        0.0,
        52.61904761904762,
        1.8567639257294428,
        75.55555555555556,
        0.2840909090909091,
        96.79358717434869,
        76.69902912621359,
        91.38321995464852,
        6.976744186046512,
        4.675324675324675,
        63.45609065155807,
        6.075949367088607,
        0.1834862385321101,
        63.20987654320987,
        84.12698412698413,
        62.301587301587304,
        75.37091988130564,
        5.555555555555555,
        48.614609571788414,
        98.51301115241635,
        29.8932384341637,
        94.77611940298507,
        48.11715481171548,
        11.678832116788321,
        66.66666666666666,
        44.54148471615721,
        1.214574898785425,
        56.84210526315789,
        92.96375266524521,
        2.0618556701030926,
        75.57003257328991,
        77.31343283582089,
        32.02979515828678,
        12.064965197215777,
        87.68844221105527,
        90.79754601226993,
        70.1657458563536,
        13.513513513513514,
        91.57608695652173,
        91.5625,
        88.9196675900277,
        95.93023255813954,
        1.6064257028112447,
        36.434108527131784,
        10.077519379844961,
        53.13807531380753,
        75.56390977443608,
        87.09677419354838,
        3.8596491228070176,
        2.73972602739726,
        93.93203883495146,
        4.370179948586118,
        96.69421487603306,
        88.01571709233792,
        10.894941634241246,
        97.26027397260275,
        84.65473145780051,
        68.22033898305084,
        8.033240997229916,
        92.39373601789708,
        34.78260869565217,
        81.62729658792651,
        97.63313609467455,
        95.00891265597147,
        83.56481481481481,
        52.88220551378446,
        63.46153846153846,
        56.573705179282875,
        32.92978208232446,
        2.3706896551724137,
        6.521739130434782,
        84.04494382022472,
        88.9943074003795,
        96.37305699481865,
        6.513409961685824,
        10.089020771513352,
        10.54421768707483,
        41.66666666666667,
        24.842767295597483,
        32.27383863080684,
        94.83568075117371,
        85.23489932885906,
        71.50997150997152,
        22.349570200573066,
        89.13580246913581,
        80.65573770491802,
        14.835164835164836,
        4.198473282442748,
        17.6056338028169,
        3.3112582781456954,
        92.69662921348315,
        82.1951219512195,
        74.34869739478958,
        0.2557544757033248,
        2.9850746268656714,
        94.18282548476455,
        84.61538461538461,
        4.635761589403973,
        84.7255369928401,
        65.5421686746988,
        65.05681818181817,
        77.19298245614034,
        77.58620689655173,
        86.1413043478261,
        35.57692307692308,
        83.20413436692506,
        84.7457627118644,
        11.860940695296524,
        63.13131313131313,
        89.48717948717949,
        77.03703703703704,
        1.4519056261343013,
        32.608695652173914,
        7.394366197183098,
        11.842105263157894,
        2.33160621761658,
        44.89051094890511,
        0.0,
        82.2680412371134,
        7.199999999999999,
        10.948905109489052,
        7.987220447284344,
        95.23809523809523,
        68.10551558752998,
        42.94117647058823,
        89.8661567877629,
        64.34108527131784,
        20.588235294117645,
        42.92035398230089,
        83.53808353808354,
        16.546762589928058,
        59.49720670391061,
        69.44444444444444,
        69.87060998151571,
        0.5361930294906166,
        28.865979381443296,
        66.66666666666666,
        53.79746835443038,
        25.705329153605017,
        88.31967213114754,
        62.311557788944725,
        18.706697459584294,
        38.1294964028777,
        79.5,
        56.043956043956044,
        75.6989247311828,
        0.7159904534606205,
        96.20253164556962,
        9.922178988326849,
        8.47145488029466,
        43.57894736842105,
        84.51025056947609,
        4.740406320541761,
        39.76470588235294,
        65.34883720930232,
        58.94736842105262,
        64.44906444906445,
        97.03389830508475,
        28.880866425992778,
        6.896551724137931,
        37.66233766233766,
        52.300242130750604,
        48.95833333333333,
        98.5355648535565,
        96.14325068870524,
        0.0,
        97.52252252252252,
        95.87020648967551,
        27.054794520547947,
        85.57213930348259,
        52.4390243902439,
        98.79154078549848,
        91.96141479099678,
        97.20812182741116,
        97.10610932475883,
        85.91065292096219,
        98.5981308411215,
        23.655913978494624,
        80.46875,
        92.08633093525181,
        87.8048780487805,
        49.354838709677416,
        79.16666666666666,
        93.125,
        91.49484536082474,
        90.04524886877829,
        61.61616161616161,
        96.81978798586573,
        34.96503496503497,
        94.15384615384616,
        5.444126074498568,
        44.81327800829876,
        82.6086956521739,
        65.82278481012658,
        92.26519337016575,
        83.15217391304348,
        89.14549653579677,
        28.915662650602407,
        81.86813186813187,
        89.12213740458014,
        0.0,
        2.127659574468085,
        89.07216494845362,
        70.32520325203252,
        2.380952380952381,
        0.7547169811320755,
        5.442176870748299,
        90.33232628398792,
        2.7777777777777777,
        9.565217391304348,
        27.400468384074944,
        69.42675159235668,
        37.8125,
        39.473684210526315,
        84.86997635933807,
