{
    "OA": 42.31549180480363,
    "AA": 44.13326683999852,
    "OOD": null,
    "NMI": null,
    "H-score": null,
    "H3-score": null,
    "Recall-all": [
        95.6043956043956,
        5.263157894736842,
        43.68131868131868,
        0.0,
        71.42857142857143,
        23.225806451612904,
        93.60902255639097,
        97.41379310344827,
        97.2972972972973,
        1.2195121951219512,
        93.01310043668121,
        85.76779026217228,
        92.83387622149837,
        83.88888888888889,
        0.36496350364963503,
        63.76146788990825,
        91.66666666666666,
        98.73417721518987,
        12.297734627831716,
        49.696969696969695,
        98.80478087649402,
        43.49030470914128,
        7.816091954022989,
        16.381418092909534,
        27.70137524557957,
        69.36758893280633,
        52.903225806451616,
        51.19305856832972,
        42.950108459869845,
        76.47058823529412,
        98.20143884892086,
        2.867383512544803,
        63.725490196078425,
        8.816120906801007,
        0.78125,
        31.52610441767068,
        37.44292237442922,
        43.103448275862064,
        83.05555555555556,
        81.72690763052208,
        70.68273092369478,
        2.7124773960216997,
        7.276119402985075,
        60.25369978858352,
        80.09049773755656,
        40.174672489082965,
        94.07744874715262,
        4.606525911708253,
        0.0,
        42.792792792792795,
        58.69565217391305,
        0.3683241252302026,
        85.0574712643678,
        17.88617886178862,
        93.82352941176471,
        3.293413173652695,
        40.0,
        6.25,
        22.58064516129032,
        84.05797101449275,
        46.326530612244895,
        0.2544529262086514,
        64.63104325699746,
        3.563941299790356,
        1.0771992818671454,
        7.28476821192053,
        7.32484076433121,
        0.0,
        33.482142857142854,
        89.45454545454545,
        2.141327623126338,
        35.32934131736527,
        89.28571428571429,
        67.55447941888619,
        7.964601769911504,
        6.481481481481481,
        68.39080459770115,
        4.0,
        1.4830508474576272,
        0.0,
        1.6666666666666667,
        1.0610079575596816,
        76.56565656565657,
        0.2840909090909091,
        96.79358717434869,
        78.64077669902912,
        91.83673469387756,
        8.914728682170542,
        3.896103896103896,
        63.45609065155807,
        4.050632911392405,
        0.1834862385321101,
        6.419753086419753,
        85.71428571428571,
        65.07936507936508,
        75.96439169139467,
        4.938271604938271,
        51.13350125944584,
        98.88475836431226,
        36.29893238434164,
        95.77114427860697,
        50.2092050209205,
        12.043795620437956,
        66.66666666666666,
        46.288209606986904,
        0.8097165991902834,
        60.631578947368425,
        1.279317697228145,
        1.6494845360824744,
        77.52442996742671,
        78.2089552238806,
        7.262569832402235,
        11.1368909512761,
        91.4572864321608,
        92.22903885480572,
        71.54696132596685,
        13.513513513513514,
        91.57608695652173,
        1.25,
        89.75069252077562,
        95.93023255813954,
        1.6064257028112447,
        36.04651162790697,
        10.077519379844961,
        64.43514644351464,
        10.150375939849624,
        89.96415770609319,
        1.2280701754385965,
        1.095890410958904,
        93.68932038834951,
        5.3984575835475574,
        2.479338842975207,
        88.21218074656188,
        10.116731517509727,
        98.17351598173516,
        4.603580562659847,
        69.91525423728814,
        4.986149584487535,
        92.39373601789708,
        34.78260869565217,
        81.36482939632546,
        97.63313609467455,
        96.2566844919786,
        12.731481481481483,
        53.88471177944862,
        64.23076923076924,
        58.964143426294825,
        29.539951573849876,
        2.3706896551724137,
        5.33596837944664
    ],
    "Closed Set Accuracy": {
        "OA": 71.8181987311864,
        "AA": 72.12371812301062,