{
    "OA": 54.0593518932063,
    "AA": 53.54299988508586,
    "OOD": null,
    "NMI": null,
    "H-score": null,
    "H3-score": null,
    "Recall-all": [
        95.6043956043956,
        5.921052631578947,
        44.230769230769226,
        0.22935779816513763,
        66.66666666666666,
        22.58064516129032,
        92.85714285714286,
        97.41379310344827,
        97.2972972972973,
        1.2195121951219512,
        89.95633187772926,
        86.14232209737828,
        90.22801302931596,
        83.88888888888889,
        3.2846715328467155,
        60.550458715596335,
        91.66666666666666,
        98.73417721518987,
        19.093851132686083,
        50.303030303030305,
        98.40637450199203,
        58.17174515235457,
        10.344827586206897,
        17.359413202933986,
        30.844793713163064,
        71.54150197628458,
        51.61290322580645,
        50.759219088937094,
        40.99783080260303,
        75.25354969574036,
        97.84172661870504,
        2.867383512544803,
        82.35294117647058,
        8.816120906801007,
        0.78125,
        30.72289156626506,
        36.757990867579906,
        42.364532019704434,
        83.05555555555556,
        77.91164658634538,
        69.67871485943775,
        68.89692585895118,
        10.074626865671641,
        59.40803382663847,
        78.28054298642535,
        44.10480349344978,
        92.71070615034168,
        7.293666026871401,
        0.0,
        43.91891891891892,
        58.913043478260875,
        24.49355432780847,
        82.75862068965517,
        19.51219512195122,
        93.82352941176471,
        55.08982035928144,
        37.64705882352941,
        6.845238095238096,
        33.41013824884793,
        83.09178743961353,
        47.3469387755102,
        0.7633587786259541,
        63.358778625954194,
        3.563941299790356,
        1.436265709156194,
        16.55629139072848,
        7.643312101910828,
        0.5494505494505495,
        40.625,
        86.18181818181819,
        2.355460385438972,
        34.73053892215569,
        88.57142857142857,
        61.98547215496368,
        8.4070796460177,
        4.398148148148148,
        63.793103448275865,
        3.2,
        2.330508474576271,
        0.0,
        52.85714285714286,
        1.8567639257294428,
        75.95959595959596,
        0.2840909090909091,
        96.79358717434869,
        78.64077669902912,
        90.702947845805,
        35.27131782945737,
        4.675324675324675,
        63.45609065155807,
        5.3164556962025316,
        0.1834862385321101,
        43.7037037037037,
        85.03401360544217,
        62.301587301587304,
        73.59050445103857,
        5.555555555555555,
        48.86649874055416,
        98.88475836431226,
        36.29893238434164,
        95.27363184079603,
        48.95397489539749,
        12.043795620437956,
        67.57741347905282,
        41.26637554585153,
        1.214574898785425,
        57.263157894736835,
        92.53731343283582,
        1.6494845360824744,
        75.8957654723127,
        77.31343283582089,
        27.746741154562383,
        13.68909512761021,
        89.19597989949749,
        90.59304703476482,
        69.88950276243095,
        13.813813813813812,
        91.57608695652173,
        91.25,
        88.36565096952909,
        95.34883720930233,
        1.6064257028112447,
        34.883720930232556,
        8.2687338501292,
        60.66945606694561,
        73.49624060150376,
        86.37992831541219,
        2.807017543859649,
        3.287671232876712,
        93.20388349514563,
        6.426735218508997,
        96.41873278236915,
        88.01571709233792,
        10.894941634241246,
        97.94520547945206,
        85.16624040920716,
        69.0677966101695,
        7.479224376731302,
        91.2751677852349,
        35.05434782608695,
        81.62729658792651,
        97.63313609467455,
        94.6524064171123,
        83.79629629629629,
        53.383458646616546,
        63.46153846153846,
        56.17529880478087,
        35.83535108958838,
        2.3706896551724137,
        95.65217391304348,
        84.04494382022472,
        88.9943074003795,
        96.37305699481865,
        6.130268199233716,
        10.682492581602373,
        11.564625850340136,
        42.32456140350877,
        22.641509433962266,
        32.51833740831296,
        94.83568075117371,
        83.22147651006712,
        70.94017094017094,
        22.349570200573066,
        88.88888888888889,
        81.31147540983606,
        17.307692307692307,
        3.0534351145038165,
        19.014084507042252,
        2.6490066225165565,
        91.57303370786516,
        82.92682926829268,
        75.95190380761522,
        0.2557544757033248,
        1.4925373134328357,
        94.18282548476455,
        84.93589743589743,
        4.635761589403973,
        84.48687350835323,
        66.98795180722892,
        67.04545454545455,
        77.19298245614034,
        77.58620689655173,
        86.1413043478261,
        35.57692307692308,
        83.20413436692506,
        81.35593220338984,
        12.474437627811861,
        62.878787878787875,
        89.48717948717949,
        79.62962962962963,
        1.2704174228675136,
        30.434782608695656,
        7.042253521126761,
        12.5,
        4.66321243523316,
        47.81021897810219,
        0.0,
        82.2680412371134,
        6.4,
        11.678832116788321,
        8.945686900958465,
        95.03968253968253,
        68.10551558752998,
        58.82352941176471,
        90.05736137667304,
        64.34108527131784,
        19.25133689839572,
        46.902654867256636,
        83.78378378378379,
        48.201438848920866,
        58.659217877094974,
        69.44444444444444,
        27.726432532347506,
        1.3404825737265416,
        28.52233676975945,
        66.33663366336634,
        53.79746835443038,
        24.137931034482758,
        88.11475409836066,
        61.80904522613066,
        19.168591224018474,
        38.84892086330935,
        79.0,
        53.84615384615385,
        76.12903225806451,
        0.47732696897374705,
        96.51898734177216,
        10.116731517509727,
        8.47145488029466,
        43.78947368421053,
        84.73804100227791,
        5.8690744920993225,
        39.294117647058826,
        64.88372093023256,
        65.26315789473685,
        87.31808731808732,
        97.2457627118644,
        44.04332129963899,
        7.471264367816093,
        37.66233766233766,
        52.300242130750604,
        48.95833333333333,
        98.5355648535565,
        96.41873278236915,
        0.0,
        97.52252252252252,
        95.87020648967551,
        26.36986301369863,
        85.57213930348259,
        54.87804878048781,
        98.79154078549848,
        91.63987138263666,
        97.20812182741116,
        96.78456591639872,
        86.5979381443299,
        98.36448598130842,
        19.892473118279568,
        81.25,
        91.90647482014388,
        88.04878048780488,
        68.06451612903226,
        79.16666666666666,
        95.625,
        92.5257731958763,
        90.04524886877829,
        63.63636363636363,
        96.46643109540636,
        43.35664335664335,
        94.46153846153847,
        5.444126074498568,
        49.1701244813278,
        84.78260869565217,
        55.69620253164557,
        91.71270718232044,
        83.15217391304348,
        89.37644341801386,
        26.506024096385545,
        81.04395604395604,
        89.12213740458014,
        0.0,
        4.25531914893617,
        90.10309278350516,
        60.16260162601627,
        2.380952380952381,
        0.7547169811320755,
        5.442176870748299,
        90.03021148036254,
        2.083333333333333,
        8.695652173913043,
        24.121779859484775,
        69.42675159235668,
        36.25,
        39.1812865497076,
        84.63356973995272,
        65.78073089700996,
        0.8928571428571428,
