{
    "OA": 50.59108219612821,
    "AA": 49.09399731685178,
    "OOD": null,
    "NMI": null,
    "H-score": null,
    "H3-score": null,
    "Recall-all": [
        81.72043010752688,
        68.75,
        60.3448275862069,
        13.725490196078432,
        33.23863636363637,
        56.25,
        48.78048780487805,
        29.523809523809526,
        63.022508038585215,
        0.3389830508474576,
        78.4452296819788,
        30.718954248366014,
        57.2972972972973,
        67.60000000000001,
        8.88888888888889,
        81.87919463087249,
        42.857142857142854,
        82.97872340425532,
        7.638888888888889,
        75.52083333333334,
        59.154929577464785,
        63.33333333333333,
        29.22636103151863,
        76.9811320754717,
        52.8957528957529,
        31.25,
        56.62100456621004,
        63.63636363636363,
        49.137931034482754,
        77.94117647058823,
        40.77669902912621,
        17.419354838709676,
        48.19277108433735,
        66.66666666666666,
        62.28070175438597,
        13.636363636363635,
        75.0,
        23.59249329758713,
        39.59390862944163,
        46.666666666666664,
        76.07361963190185,
        25.11415525114155,
        36.77811550151976,
        74.28571428571429,
        29.310344827586203,
        38.095238095238095,
        90.0,
        39.743589743589745,
        0.0,
        78.88888888888889,
        84.70588235294117,
        37.38317757009346,
        62.5,
        6.666666666666667,
        84.65346534653465,
        73.39449541284404,
        28.000000000000004,
        8.609271523178808,
        38.333333333333336,
        72.97297297297297,
        43.233082706766915,
        3.225806451612903,
        77.29729729729729,
        43.94904458598726,
        6.666666666666667,
        65.38461538461539,
        67.27272727272727,
        1.0869565217391304,
        33.33333333333333,
        94.87179487179486,
        32.323232323232325,
        3.9215686274509802,
        74.19354838709677,
        8.241758241758241,
        41.23711340206185,
        39.53488372093023,
        79.62962962962963,
        18.181818181818183,
        24.324324324324326,
        0.0,
        50.0,
        2.7522935779816518,
        97.19626168224299,
        0.0,
        80.95238095238095,
        49.09090909090909,
        87.58169934640523,
        10.46831955922865,
        0.0,
        0.0,
        15.294117647058824,
        4.3737574552683895,
        78.92857142857143,
        81.99233716475096,
        51.2396694214876,
        20.496894409937887,
        12.244897959183673,
        35.714285714285715,
        69.71830985915493,
        25.597269624573375,
        87.87878787878788,
        48.46153846153846,
        3.389830508474576,
        96.95945945945947,
        9.35960591133005,
        9.090909090909092,
        68.65671641791045,
        24.137931034482758,
        14.285714285714285,
        0.0,
        82.5,
        11.76470588235294,
        2.564102564102564,
        80.0,
        60.0,
        76.47058823529412,
        37.3134328358209,
        98.7012987012987,
        2.054794520547945,
        73.61111111111111,
        100.0,
        3.8348082595870205,
        7.100591715976331,
        13.559322033898304,
        34.48275862068966,
        97.41379310344827,
        57.6271186440678,
        13.513513513513514,
        4.0,
        98.63013698630137,
        5.47945205479452,
        59.14221218961625,
        66.5137614678899,
        13.100436681222707,
        90.84507042253522,
        85.0,
        35.483870967741936,
        6.779661016949152,
        82.05128205128204,
        5.818181818181818,
        27.77777777777778,
        93.0635838150289,
        84.35754189944134,
        33.33333333333333,
        50.89285714285714,
        29.677419354838708,
        83.84615384615385,
        86.26373626373626,
        0.0,
        87.06624605678233,
        78.43137254901961,
        57.35294117647059,
        94.32624113475178,
        8.21917808219178,
        13.240418118466899,
        8.60215053763441,
        64.97695852534562,
        11.052631578947368,
        48.64864864864865,
        83.56164383561644,
        68.18181818181817,
        23.166023166023166,
        7.865168539325842,
        4.761904761904762,
        75.60137457044674,
        30.92105263157895,
        18.69158878504673,
        40.85714285714286,
        6.451612903225806,
        33.035714285714285,
        72.22222222222221,
        74.29577464788733,
        0.0,
        0.0,
        83.80681818181817,
        69.34306569343066,
        89.77272727272727,
        65.51724137931035,
        54.285714285714285,
        25.33783783783784,
        2.7777777777777777,
        30.76923076923077,
        83.33333333333334,
        43.47826086956522,
        53.92156862745098,
        71.42857142857143,
        61.648745519713266,
        22.666666666666664,
        64.44444444444444,
        72.97297297297297,
        36.32286995515695,
        24.18300653594771,
        6.529209621993128,
        20.0,
        0.7662835249042145,
        83.52272727272727,
        0.0,
        36.09958506224066,
        7.303370786516854,
        47.40061162079511,
        7.6923076923076925,
        85.1528384279476,
        91.1854103343465,
        0.0,
        90.17341040462428,
        48.60557768924303,
        44.73684210526316,
        30.975609756097562,
        96.73913043478261,
        4.905660377358491,
        61.53846153846154,
        89.01098901098901,
        96.58119658119658,
        0.0,
        33.33333333333333,
        91.96141479099678,
        72.1311475409836,
        0.0,
        87.33766233766234,
        87.56218905472637,
        84.84848484848484,
        1.550387596899225,
        85.46255506607929,
        4.2105263157894735,
        93.13304721030042,
        52.27272727272727,
        73.39901477832512,
        36.666666666666664,
        28.846153846153843,
        27.419354838709676,
        81.35593220338984,
        1.6666666666666667,
        55.00000000000001,
        81.42857142857143,
        26.47058823529412,
        87.16577540106952,
        94.25287356321839,
        40.0,
        9.387755102040817,
        12.068965517241379,
        12.5,
        32.89473684210527,
        93.4640522875817,
        70.23809523809523,
        2.3255813953488373,
        55.769230769230774,
        69.377990430622,
        86.66666666666667,
        66.29213483146067,
        50.476190476190474,
        77.32793522267207,
        83.72093023255815,
        75.0,
        84.61538461538461,
        55.55555555555556,
        96.79715302491103,
        17.699115044247787,
        87.7659574468085,
        89.69957081545064,
        91.20879120879121,
        40.54054054054054,
        36.36363636363637,
        64.61538461538461,
        54.807692307692314,
        89.23076923076924,
        74.19354838709677,
        18.181818181818183,
        20.754716981132077,
        70.4035874439462,
        57.6271186440678,
        51.35135135135135,
        60.752688172043015,
        73.48837209302326,
        92.25352112676056,
        10.0,
        78.26086956521739,
        73.52941176470588,
        62.66666666666667,
        81.81818181818183,
        0.0,
        2.272727272727273,
        82.49336870026525,
        50.0,
        25.0,
        32.0,
        60.0,
        56.56565656565656,
        22.22222222222222,
        3.6363636363636362,
        44.44444444444444,
        93.48659003831418,
        12.052117263843648,
        64.28571428571429,
        59.285714285714285,
        32.323232323232325,
        14.227642276422763,
        84.32203389830508,
        2.631578947368421,
        56.33802816901409,
        19.41747572815534,
        40.0,
        1.4285714285714286,
        78.43866171003717,
        71.875,
        86.79245283018868,
        50.0,
        91.66666666666666,
        48.45360824742268,
