{
    "OA": 42.38990902494837,
    "AA": 44.254559658235834,
    "OOD": null,
    "NMI": null,
    "H-score": null,
    "H3-score": null,
    "Recall-all": [
        95.97069597069597,
        5.263157894736842,
        45.05494505494506,
        0.0,
        71.42857142857143,
        22.258064516129032,
        93.98496240601504,
        97.41379310344827,
        97.2972972972973,
        0.6097560975609756,
        93.44978165938865,
        86.51685393258427,
        92.50814332247556,
        83.88888888888889,
        1.4598540145985401,
        62.38532110091744,
        91.66666666666666,
        98.73417721518987,
        12.297734627831716,
        49.696969696969695,
        98.80478087649402,
        42.93628808864266,
        9.425287356321839,
        16.625916870415647,
        25.343811394891947,
        72.5296442687747,
        52.58064516129032,
        52.060737527114966,
        44.46854663774403,
        75.65922920892496,
        98.20143884892086,
        3.225806451612903,
        84.31372549019608,
        8.816120906801007,
        0.78125,
        31.72690763052209,
        37.44292237442922,
        43.103448275862064,
        83.33333333333334,
        82.73092369477911,
        69.67871485943775,
        31.103074141048825,
        7.08955223880597,
        57.082452431289646,
        80.09049773755656,
        9.606986899563319,
        94.30523917995444,
        2.6871401151631478,
        0.0,
        43.91891891891892,
        58.47826086956521,
        25.41436464088398,
        84.67432950191571,
        27.64227642276423,
        93.82352941176471,
        63.47305389221557,
        36.470588235294116,
        6.547619047619048,
        11.751152073732719,
        84.05797101449275,
        46.12244897959184,
        0.5089058524173028,
        64.63104325699746,
        3.1446540880503147,
        1.436265709156194,
        6.622516556291391,
        12.420382165605096,
        0.0,
        48.660714285714285,
        89.0909090909091,
        2.141327623126338,
        29.94011976047904,
        88.92857142857142,
        10.653753026634384,
        8.4070796460177,
        6.25,
        68.39080459770115,
        2.8000000000000003,
        1.2711864406779663,
        0.0,
        1.9047619047619049,
        1.0610079575596816,
        76.16161616161617,
        0.2840909090909091,
        8.617234468937877,
        77.66990291262135,
        91.60997732426304,
        6.976744186046512,
        3.896103896103896,
        63.45609065155807,
        5.063291139240507,
        0.1834862385321101,
        62.96296296296296,
        85.71428571428571,
        65.87301587301587,
        75.37091988130564,
        4.938271604938271,
        50.62972292191436,
        98.88475836431226,
        35.94306049822064,
        96.01990049751244,
        51.46443514644351,
        12.043795620437956,
        66.12021857923497,
        62.66375545851528,
        1.214574898785425,
        59.578947368421055,
        1.4925373134328357,
        2.4742268041237114,
        77.85016286644951,
        77.91044776119404,
        7.635009310986965,
        10.208816705336426,
        90.95477386934674,
        91.61554192229039,
        73.20441988950276,
        13.513513513513514,
        91.57608695652173,
        92.1875,
        91.13573407202216,
        95.93023255813954,
        1.6064257028112447,
        34.883720930232556,
        8.010335917312661,
        61.08786610878661,
        74.81203007518798,
        4.659498207885305,
        1.4035087719298245,
        1.36986301369863,
        94.41747572815534,
        5.141388174807198,
        2.203856749311295,
        2.5540275049115913,
        7.392996108949417,
        98.17351598173516,
        4.859335038363171,
        69.49152542372882,
        6.3711911357340725,
        92.61744966442953,
        34.51086956521739,
        81.62729658792651,
        97.63313609467455,
        96.4349376114082,
        12.5,
        54.13533834586466,
        64.23076923076924,
        60.55776892430279,
        28.087167070217916,
        2.3706896551724137,
        5.7312252964426875
    ],
    "Closed Set Accuracy": {
        "OA": 72.00238135104463,
        "AA": 72.2529381190978,