{
    "OA": 86.74366055736881,
    "AA": 91.15174707470022,
    "OOD": 85.35193405199747,
    "NMI": 77.12807455171719,
    "H-score": 88.42640941925148,
    "H3-score": 84.31093517994053,
    "UCR": 94.89697728122955,
    "Recall-all": [
        94.18604651162791,
        97.97979797979798,
        84.375,
        75.90361445783132,
        98.98989898989899,
        96.15384615384616,
        80.0,
        97.26027397260275,
        98.52941176470588,
        93.93939393939394,
        85.35193405199747
    ],
    "Closed Set Accuracy": {
        "OA": 99.51749095295537,
        "AA": 99.50131294408402,
        "Recall-all": [
            100.0,
            100.0,
            100.0,
            98.79518072289156,
            100.0,
            98.71794871794873,
            97.5,
            100.0,
            100.0,
            100.0
        ]
    },
    "OSR Accuracy": {
        "TNR": 77.64743183259353,
        "AUROC": 95.37833895419148,
        "DTACC": 88.90810527998603,
        "AUIN": 86.7204339746458,
        "AUOUT": 98.57019981026993,
        "OSCR": 94.89697728122955,
        "AUPR": 98.58635650732232
    }
}