{
    "OA": 66.63346613545816,
    "AA": 94.5666918435162,
    "OOD": 60.52944675788221,
    "NMI": 83.89258409832253,
    "H-score": 74.82729095697961,
    "H3-score": 77.62461844070242,
    "UCR": 96.44011046286415,
    "Recall-all": [
        100.0,
        98.98989898989899,
        96.7741935483871,
        100.0,
        100.0,
        90.32258064516128,
        97.87234042553192,
        100.0,
        97.53086419753086,
        98.21428571428571,
        60.52944675788221
    ],
    "Closed Set Accuracy": {
        "OA": 98.92966360856269,
        "AA": 98.87787806599292,
        "Recall-all": [
            100.0,
            100.0,
            100.0,
            100.0,
            100.0,
            95.16129032258065,
            97.87234042553192,
            100.0,
            97.53086419753086,
            98.21428571428571
        ]
    },
    "OSR Accuracy": {
        "TNR": 86.85306365258775,
        "AUROC": 97.51349404297353,
        "DTACC": 92.95012434349003,
        "AUIN": 92.57010455094698,
        "AUOUT": 99.41452250347464,
        "OSCR": 96.44011046286415,
        "AUPR": 99.42950945390767
    }
}