{
    "OA": 66.68326693227091,
    "AA": 94.2842527842354,
    "OOD": 60.6484235574063,
    "NMI": 85.51929124074788,
    "H-score": 74.82362394573543,
    "H3-score": 78.08003942312767,
    "UCR": 96.43765451975506,
    "Recall-all": [
        100.0,
        98.98989898989899,
        96.7741935483871,
        100.0,
        100.0,
        87.09677419354838,
        97.87234042553192,
        100.0,
        97.53086419753086,
        98.21428571428571,
        60.6484235574063
    ],
    "Closed Set Accuracy": {
        "OA": 99.08256880733946,
        "AA": 99.00133485611636,
        "Recall-all": [
            100.0,
            100.0,
            100.0,
            100.0,
            100.0,
            95.16129032258065,
            97.87234042553192,
            100.0,
            98.76543209876543,
            98.21428571428571
        ]
    },
    "OSR Accuracy": {
        "TNR": 86.4069006543724,
        "AUROC": 97.35799645980349,
        "DTACC": 92.63781024473928,
        "AUIN": 92.23919461599824,
        "AUOUT": 99.37523014621641,
        "OSCR": 96.43765451975506,
        "AUPR": 99.39022597413503
    }
}