{
    "OA": 72.7589641434263,
    "AA": 94.78439957379324,
    "OOD": 67.93575252825698,
    "NMI": 90.76659772279503,
    "H-score": 80.06538026808563,
    "H3-score": 83.34199218148103,
    "UCR": 95.44927385948948,
    "Recall-all": [
        100.0,
        98.98989898989899,
        96.7741935483871,
        100.0,
        100.0,
        87.09677419354838,
        97.87234042553192,
        100.0,
        97.53086419753086,
        96.42857142857143,
        67.93575252825698
    ],
    "Closed Set Accuracy": {
        "OA": 99.08256880733946,
        "AA": 99.00133485611636,
        "Recall-all": [
            100.0,
            100.0,
            100.0,
            100.0,
            100.0,
            95.16129032258065,
            97.87234042553192,
            100.0,
            98.76543209876543,
            98.21428571428571
        ]
    },
    "OSR Accuracy": {
        "TNR": 80.69601427721594,
        "AUROC": 96.36911551482935,
        "DTACC": 90.3242663552167,
        "AUIN": 88.05424164611739,
        "AUOUT": 99.1855942345709,
        "OSCR": 95.44927385948948,
        "AUPR": 99.20062187235061
    }
}