{
    "OA": 73.85458167330677,
    "AA": 95.35085711310681,
    "OOD": 69.15526472337893,
    "NMI": 89.52697933170055,
    "H-score": 81.07825793331817,
    "H3-score": 83.71293150196418,
    "UCR": 95.87065002446943,
    "Recall-all": [
        100.0,
        98.98989898989899,
        96.7741935483871,
        100.0,
        100.0,
        90.32258064516128,
        97.87234042553192,
        100.0,
        97.53086419753086,
        98.21428571428571,
        69.15526472337893
    ],
    "Closed Set Accuracy": {
        "OA": 99.2354740061162,
        "AA": 99.162625178697,
        "Recall-all": [
            100.0,
            100.0,
            100.0,
            100.0,
            100.0,
            96.7741935483871,
            97.87234042553192,
            100.0,
            98.76543209876543,
            98.21428571428571
        ]
    },
    "OSR Accuracy": {
        "TNR": 82.5698988697204,
        "AUROC": 96.63831416788099,
        "DTACC": 91.00210665342277,
        "AUIN": 88.38559875792652,
        "AUOUT": 99.26065305700125,
        "OSCR": 95.87065002446943,
        "AUPR": 99.27566500785316
    }
}