{
    "OA": 75.23004227804029,
    "AA": 86.8864159641655,
    "OOD": 72.45306248076331,
    "NMI": 68.00416917953747,
    "H-score": 79.6070305806265,
    "H3-score": 75.32446245398201,
    "UCR": 83.40234619819262,
    "Recall-all": [
        96.66666666666667,
        94.64285714285714,
        84.375,
        88.77551020408163,
        93.93939393939394,
        69.6969696969697,
        83.56164383561644,
        100.0,
        94.87179487179486,
        76.76767676767676,
        72.45306248076331
    ],
    "Closed Set Accuracy": {
        "OA": 92.61658031088082,
        "AA": 93.54196267827626,
        "Recall-all": [
            98.33333333333333,
            98.21428571428571,
            89.0625,
            91.83673469387756,
            93.93939393939394,
            89.8989898989899,
            95.8904109589041,
            100.0,
            97.43589743589743,
            80.8080808080808
        ]
    },
    "OSR Accuracy": {
        "TNR": 30.009233610341646,
        "AUROC": 90.52502404087667,
        "DTACC": 86.11766952605583,
        "AUIN": 84.89439885928645,
        "AUOUT": 95.87562426265592,
        "OSCR": 83.40234619819262,
        "AUPR": 95.89389307258826
    }
}