{
    "OA": 60.09163802978236,
    "AA": 60.841886514537514,
    "OOD": null,
    "NMI": null,
    "H-score": null,
    "H3-score": null,
    "UCR": 80.27491408934708,
    "Recall-all": [
        93.33333333333333,
        91.07142857142857,
        76.5625,
        76.53061224489795,
        88.88888888888889,
        39.39393939393939,
        47.94520547945205,
        93.47826086956522,
        82.05128205128204,
        65.65656565656566,
        86.86868686868688,
        12.5,
        31.313131313131315,
        62.5,
        71.42857142857143,
        19.51219512195122,
        64.58333333333334,
        47.5,
        92.6829268292683,
        66.0,
        97.5,
        100.0,
        43.43434343434344,
        38.38383838383838,
        55.73770491803278,
        80.76923076923077,
        70.70707070707071,
        82.6086956521739,
        95.0,
        72.72727272727273,
        50.943396226415096,
        55.00000000000001,
        75.75757575757575,
        8.450704225352112,
        55.55555555555556,
        40.0,
        51.31578947368421,
        59.59595959595959,
        54.21686746987952,
        75.0,
        60.78431372549019,
        65.0,
        35.35353535353536,
        36.36363636363637,
        14.634146341463413,
        72.41379310344827,
        52.5,
        73.91304347826086,
        67.5,
        74.6268656716418,
        93.93939393939394,
        64.0,
        52.38095238095239,
        30.952380952380953,
        97.67441860465115,
        36.0655737704918,
        55.55555555555556,
        40.0,
        63.74999999999999,
        66.66666666666666,
        69.23076923076923,
        1.0101010101010102,
        60.37735849056604,
        52.52525252525253,
        45.0
    ],
    "Closed Set Accuracy": {
        "OA": 80.27491408934708,
        "AA": 80.42769093640618,
        "Recall-all": [
            98.33333333333333,
            96.42857142857143,
            87.5,
            92.85714285714286,
            93.93939393939394,
            81.81818181818183,
            65.75342465753424,
            100.0,
            98.71794871794873,
            76.76767676767676,
            91.91919191919192,
            75.0,
            51.515151515151516,
            78.125,
            90.47619047619048,
            26.82926829268293,
            81.25,
            67.5,
            95.1219512195122,
            92.0,
            100.0,
            100.0,
            100.0,
            74.74747474747475,
            68.85245901639344,
            96.15384615384616,
            86.86868686868688,
            95.65217391304348,
            97.5,
            75.75757575757575,
            71.69811320754717,
            80.0,
            92.92929292929293,
            40.845070422535215,
            75.75757575757575,
            75.0,
            81.57894736842105,
            88.88888888888889,
            74.69879518072288,
            85.0,
            92.15686274509804,
            82.5,
            67.67676767676768,
            60.60606060606061,
            41.46341463414634,
            91.95402298850574,
            90.0,
            93.47826086956522,
            77.5,
            95.52238805970148,
            96.96969696969697,
            89.33333333333333,
            76.19047619047619,
            69.04761904761905,
            100.0,
            47.540983606557376,
            81.11111111111111,
            53.333333333333336,
            85.0,
            84.84848484848484,
            84.61538461538461,
            45.45454545454545,
            83.01886792452831,
            69.6969696969697,
            65.0
        ]
    },
    "OSR Accuracy": null
}