{
    "OA": 82.61656858306927,
    "AA": 94.00356146978673,
    "OOD": 78.74109263657957,
    "NMI": 71.07612516338597,
    "H-score": 86.32626885193461,
    "H3-score": 80.56559363705371,
    "UCR": 94.53206650831343,
    "Recall-all": [
        100.0,
        97.5609756097561,
        100.0,
        90.0,
        96.0,
        89.8989898989899,
        87.5,
        96.96969696969697,
        100.0,
        97.36842105263158,
        78.74109263657957
    ],
    "Closed Set Accuracy": {
        "OA": 97.71428571428571,
        "AA": 97.96542770451629,
        "Recall-all": [
            100.0,
            97.5609756097561,
            100.0,
            95.0,
            100.0,
            93.93939393939394,
            97.5,
            96.96969696969697,
            100.0,
            98.68421052631578
        ]
    },
    "OSR Accuracy": {
        "TNR": 82.54156769596199,
        "AUROC": 96.81416129397125,
        "DTACC": 90.7143422689741,
        "AUIN": 92.9752265485261,
        "AUOUT": 98.79327300443178,
        "OSCR": 94.53206650831343,
        "AUPR": 98.82349874097525
    }
}