{
    "OA": 82.7976459936623,
    "AA": 93.52902302407574,
    "OOD": 79.03800475059383,
    "NMI": 71.54325340513655,
    "H-score": 86.27750038605733,
    "H3-score": 80.7363727722358,
    "UCR": 94.24567356633847,
    "Recall-all": [
        100.0,
        97.5609756097561,
        96.29629629629629,
        85.0,
        94.66666666666667,
        91.91919191919192,
        90.0,
        96.96969696969697,
        100.0,
        97.36842105263158,
        79.03800475059383
    ],
    "Closed Set Accuracy": {
        "OA": 97.52380952380952,
        "AA": 97.56643780552639,
        "Recall-all": [
            100.0,
            97.5609756097561,
            100.0,
            90.0,
            100.0,
            94.94949494949495,
            97.5,
            96.96969696969697,
            100.0,
            98.68421052631578
        ]
    },
    "OSR Accuracy": {
        "TNR": 81.35391923990498,
        "AUROC": 96.7150774799231,
        "DTACC": 90.62526863476982,
        "AUIN": 92.79464753037932,
        "AUOUT": 98.75498121569217,
        "OSCR": 94.24567356633847,
        "AUPR": 98.78522491120832
    }
}