{
    "OA": 74.14009540547326,
    "AA": 96.04380902335879,
    "OOD": 67.6284083703234,
    "NMI": 81.39110957782788,
    "H-score": 80.32271580081701,
    "H3-score": 80.67706497382056,
    "UCR": 97.89321083457507,
    "Recall-all": [
        100.0,
        100.0,
        100.0,
        96.3855421686747,
        100.0,
        98.71794871794873,
        93.75,
        100.0,
        100.0,
        100.0,
        67.6284083703234
    ],
    "Closed Set Accuracy": {
        "OA": 99.39686369119421,
        "AA": 99.38083101637318,
        "Recall-all": [
            100.0,
            100.0,
            100.0,
            97.59036144578313,
            100.0,
            98.71794871794873,
            97.5,
            100.0,
            100.0,
            100.0
        ]
    },
    "OSR Accuracy": {
        "TNR": 92.73937856689918,
        "AUROC": 98.4973989029574,
        "DTACC": 94.0016047938819,
        "AUIN": 95.51214478814529,
        "AUOUT": 99.56549511412459,
        "OSCR": 97.89321083457507,
        "AUPR": 99.58141994280759
    }
}