{
    "OA": 66.7081673306773,
    "AA": 94.12732315823973,
    "OOD": 60.70791195716835,
    "NMI": 84.48803346680774,
    "H-score": 74.81633250758516,
    "H3-score": 77.78581941397485,
    "UCR": 96.71517609112232,
    "Recall-all": [
        100.0,
        98.98989898989899,
        96.7741935483871,
        100.0,
        100.0,
        87.09677419354838,
        97.87234042553192,
        100.0,
        97.53086419753086,
        96.42857142857143,
        60.70791195716835
    ],
    "Closed Set Accuracy": {
        "OA": 99.08256880733946,
        "AA": 99.00133485611636,
        "Recall-all": [
            100.0,
            100.0,
            100.0,
            100.0,
            100.0,
            95.16129032258065,
            97.87234042553192,
            100.0,
            98.76543209876543,
            98.21428571428571
        ]
    },
    "OSR Accuracy": {
        "TNR": 87.03152885187389,
        "AUROC": 97.63538158988662,
        "DTACC": 93.20945374367595,
        "AUIN": 93.10079972056022,
        "AUOUT": 99.43950673447644,
        "OSCR": 96.71517609112232,
        "AUPR": 99.45448947189203
    }
}