{
    "OA": 73.80478087649402,
    "AA": 95.3454490767648,
    "OOD": 69.0957763236169,
    "NMI": 89.52697933170055,
    "H-score": 81.03735827698094,
    "H3-score": 83.68386076935703,
    "UCR": 95.88629529168563,
    "Recall-all": [
        100.0,
        98.98989898989899,
        96.7741935483871,
        100.0,
        100.0,
        90.32258064516128,
        97.87234042553192,
        100.0,
        97.53086419753086,
        98.21428571428571,
        69.0957763236169
    ],
    "Closed Set Accuracy": {
        "OA": 99.2354740061162,
        "AA": 99.162625178697,
        "Recall-all": [
            100.0,
            100.0,
            100.0,
            100.0,
            100.0,
            96.7741935483871,
            97.87234042553192,
            100.0,
            98.76543209876543,
            98.21428571428571
        ]
    },
    "OSR Accuracy": {
        "TNR": 82.86734086853063,
        "AUROC": 96.65423231766442,
        "DTACC": 90.97654665291338,
        "AUIN": 88.46950014884288,
        "AUOUT": 99.26285718202142,
        "OSCR": 95.88629529168563,
        "AUPR": 99.27786931706892
    }
}