{
    "OA": 74.63317582690873,
    "AA": 86.94325677018789,
    "OOD": 71.68359495229302,
    "NMI": 68.00518520975724,
    "H-score": 79.19626302788939,
    "H3-score": 75.07924311455011,
    "UCR": 83.21803281041431,
    "Recall-all": [
        98.33333333333333,
        94.64285714285714,
        84.375,
        88.77551020408163,
        93.93939393939394,
        70.70707070707071,
        83.56164383561644,
        100.0,
        93.58974358974359,
        76.76767676767676,
        71.68359495229302
    ],
    "Closed Set Accuracy": {
        "OA": 92.2279792746114,
        "AA": 93.11757853067786,
        "Recall-all": [
            100.0,
            96.42857142857143,
            85.9375,
            92.85714285714286,
            93.93939393939394,
            87.87878787878788,
            95.8904109589041,
            100.0,
            97.43589743589743,
            80.8080808080808
        ]
    },
    "OSR Accuracy": {
        "TNR": 33.42566943674977,
        "AUROC": 90.76300081172843,
        "DTACC": 86.04656355004408,
        "AUIN": 85.01025977033328,
        "AUOUT": 95.9487840734716,
        "OSCR": 83.21803281041431,
        "AUPR": 95.9678397743498
    }
}