{
    "OA": 82.66183793571751,
    "AA": 93.73470214305652,
    "OOD": 78.80047505938242,
    "NMI": 71.07783991395418,
    "H-score": 86.23845002404589,
    "H3-score": 80.51531624336275,
    "UCR": 94.32445424725736,
    "Recall-all": [
        100.0,
        97.5609756097561,
        96.29629629629629,
        87.5,
        94.66666666666667,
        91.91919191919192,
        90.0,
        96.96969696969697,
        100.0,
        97.36842105263158,
        78.80047505938242
    ],
    "Closed Set Accuracy": {
        "OA": 97.71428571428571,
        "AA": 97.96542770451629,
        "Recall-all": [
            100.0,
            97.5609756097561,
            100.0,
            95.0,
            100.0,
            93.93939393939394,
            97.5,
            96.96969696969697,
            100.0,
            98.68421052631578
        ]
    },
    "OSR Accuracy": {
        "TNR": 80.64133016627079,
        "AUROC": 96.60717113448707,
        "DTACC": 90.22808505825132,
        "AUIN": 92.69985059215666,
        "AUOUT": 98.70285348315801,
        "OSCR": 94.32445424725736,
        "AUPR": 98.73313586092678
    }
}