{
    "OA": 83.88944223107569,
    "AA": 94.22722126052908,
    "OOD": 81.58834027364664,
    "NMI": 90.76659772279503,
    "H-score": 87.9934644356349,
    "H3-score": 88.90016306842787,
    "Recall-all": [
        100.0,
        97.97979797979798,
        93.54838709677419,
        100.0,
        100.0,
        75.80645161290323,
        93.61702127659575,
        100.0,
        97.53086419753086,
        96.42857142857143,
        81.58834027364664
    ],
    "Closed Set Accuracy": {
        "OA": 99.08256880733946,
        "AA": 99.00133485611636,
        "Recall-all": [
            100.0,
            100.0,
            100.0,
            100.0,
            100.0,
            95.16129032258065,
            97.87234042553192,
            100.0,
            98.76543209876543,
            98.21428571428571
        ]
    },
    "OSR Accuracy": {
        "TNR": 85.87150505651397,
        "AUROC": 97.6236931199028,
        "DTACC": 93.26057374469471,
        "AUIN": 92.8446747533017,
        "AUOUT": 99.44798483859398,
        "OSCR": 96.7036468026381,
        "AUPR": 99.4629627810673
    }
}