{
    "OA": 90.07004532344457,
    "AA": 81.15946005304524,
    "OOD": 94.53681710213777,
    "NMI": 69.55331038381244,
    "H-score": 86.81933774788311,
    "H3-score": 80.18560765028988,
    "Recall-all": [
        94.5945945945946,
        85.36585365853658,
        92.5925925925926,
        67.5,
        86.66666666666667,
        74.74747474747475,
        72.5,
        96.96969696969697,
        95.0,
        96.05263157894737,
        68.11594202898551,
        88.0,
        40.909090909090914,
        67.5,
        77.5,
        94.53681710213777
    ],
    "Closed Set Accuracy": {
        "OA": 97.71197846567968,
        "AA": 97.69615836134786,
        "Recall-all": [
            100.0,
            97.5609756097561,
            100.0,
            95.0,
            100.0,
            94.94949494949495,
            97.5,
            96.96969696969697,
            100.0,
            98.68421052631578,
            98.55072463768117,
            96.0,
            97.72727272727273,
            92.5,
            100.0
        ]
    },
    "OSR Accuracy": {
        "TNR": 81.29453681710214,
        "AUROC": 95.64933840148593,
        "DTACC": 88.97500983046838,
        "AUIN": 92.07416481166628,
        "AUOUT": 97.73835978934274,
        "OSCR": 93.39176734238397,
        "AUPR": 97.76913087950501
    }
}