{
    "OA": 92.57861635220127,
    "AA": 93.38350951374207,
    "OOD": 92.80000000000001,
    "NMI": 91.59239872145888,
    "H-score": 93.11932419322956,
    "H3-score": 92.60605331072557,
    "Recall-all": [
        100.0,
        100.0,
        100.0,
        100.0,
        100.0,
        66.66666666666666,
        74.4186046511628,
        100.0,
        100.0,
        93.33333333333333,
        92.80000000000001
    ],
    "Closed Set Accuracy": {
        "OA": 98.98305084745763,
        "AA": 99.10077519379846,
        "Recall-all": [
            100.0,
            100.0,
            100.0,
            100.0,
            100.0,
            93.33333333333333,
            97.67441860465115,
            100.0,
            100.0,
            100.0
        ]
    },
    "OSR Accuracy": {
        "TNR": 90.8,
        "AUROC": 95.16203389830508,
        "DTACC": 93.38813559322034,
        "AUIN": 87.82505524052343,
        "AUOUT": 97.57821210708431,
        "OSCR": 94.1661016949153,
        "AUPR": 97.68024945056573
    }
}