{
    "OA": 63.05732484076433,
    "AA": 73.15810276679842,
    "OOD": null,
    "NMI": null,
    "H-score": null,
    "H3-score": null,
    "Recall-all": [
        100.0,
        0.0,
        100.0,
        100.0,
        80.0,
        0.0,
        86.36363636363636,
        100.0,
        100.0,
        65.21739130434783
    ],
    "Closed Set Accuracy": {
        "OA": 81.52866242038218,
        "AA": 86.71997929606626,
        "Recall-all": [
            100.0,
            52.38095238095239,
            100.0,
            100.0,
            90.0,
            29.166666666666668,
            100.0,
            100.0,
            100.0,
            95.65217391304348
        ]
    },
    "OSR Accuracy": null
}