{
    "OA": 70.06369426751591,
    "AA": 77.08333333333333,
    "OOD": null,
    "NMI": null,
    "H-score": null,
    "H3-score": null,
    "Recall-all": [
        100.0,
        100.0,
        100.0,
        100.0,
        100.0,
        8.333333333333332,
        0.0,
        100.0,
        62.5,
        100.0
    ],
    "Closed Set Accuracy": {
        "OA": 82.80254777070064,
        "AA": 88.25757575757575,
        "Recall-all": [
            100.0,
            100.0,
            100.0,
            100.0,
            100.0,
            41.66666666666667,
            40.909090909090914,
            100.0,
            100.0,
            100.0
        ]
    },
    "OSR Accuracy": null
}