{
    "OA": 70.84745762711864,
    "AA": 74.81481481481482,
    "OOD": null,
    "NMI": null,
    "H-score": null,
    "H3-score": null,
    "Recall-all": [
        100.0,
        100.0,
        100.0,
        100.0,
        70.37037037037037,
        33.33333333333333,
        0.0,
        100.0,
        44.44444444444444,
        100.0
    ],
    "Closed Set Accuracy": {
        "OA": 86.4406779661017,
        "AA": 89.55211024978468,
        "Recall-all": [
            100.0,
            100.0,
            100.0,
            100.0,
            100.0,
            66.66666666666666,
            32.55813953488372,
            100.0,
            96.29629629629629,
            100.0
        ]
    },
    "OSR Accuracy": null
}