{
    "OA": 92.45283018867924,
    "AA": 93.17209302325583,
    "OOD": 92.80000000000001,
    "NMI": 91.59239872145888,
    "H-score": 93.00370084527701,
    "H3-score": 92.5297890268971,
    "Recall-all": [
        100.0,
        100.0,
        100.0,
        100.0,
        100.0,
        66.66666666666666,
        72.09302325581395,
        100.0,
        100.0,
        93.33333333333333,
        92.80000000000001
    ],
    "Closed Set Accuracy": {
        "OA": 98.98305084745763,
        "AA": 99.10077519379846,
        "Recall-all": [
            100.0,
            100.0,
            100.0,
            100.0,
            100.0,
            93.33333333333333,
            97.67441860465115,
            100.0,
            100.0,
            100.0
        ]
    },
    "OSR Accuracy": {
        "TNR": 90.8,
        "AUROC": 95.16881355932205,
        "DTACC": 93.38813559322034,
        "AUIN": 87.93889688988959,
        "AUOUT": 97.56825915063766,
        "OSCR": 94.17389830508482,
        "AUPR": 97.67032655879039
    }
}