{
    "OA": 90.60283687943263,
    "AA": 87.28425431805739,
    "OOD": 97.02602230483272,
    "NMI": 96.3557371233247,
    "H-score": 91.35437960518263,
    "H3-score": 92.96414204391631,
    "Recall-all": [
        100.0,
        100.0,
        100.0,
        100.0,
        100.0,
        0.0,
        69.76744186046511,
        100.0,
        100.0,
        93.33333333333333,
        97.02602230483272
    ],
    "Closed Set Accuracy": {
        "OA": 93.89830508474576,
        "AA": 94.2015503875969,
        "Recall-all": [
            100.0,
            100.0,
            100.0,
            100.0,
            100.0,
            46.666666666666664,
            95.34883720930233,
            100.0,
            100.0,
            100.0
        ]
    },
    "OSR Accuracy": {
        "TNR": 82.15613382899627,
        "AUROC": 97.34484279503496,
        "DTACC": 92.61924264381577,
        "AUIN": 97.49196266549576,
        "AUOUT": 96.98058564566314,
        "OSCR": 91.22550563921614,
        "AUPR": 97.17193529940906
    }
}