{
    "OA": 98.04964539007092,
    "AA": 98.56252505167522,
    "OOD": 98.14126394052045,
    "NMI": 96.3557371233247,
    "H-score": 98.37191185893747,
    "H3-score": 97.69187248434831,
    "Recall-all": [
        100.0,
        100.0,
        100.0,
        100.0,
        100.0,
        100.0,
        86.04651162790698,
        100.0,
        100.0,
        100.0,
        98.14126394052045
    ],
    "Closed Set Accuracy": {
        "OA": 99.66101694915255,
        "AA": 99.76744186046511,
        "Recall-all": [
            100.0,
            100.0,
            100.0,
            100.0,
            100.0,
            100.0,
            97.67441860465115,
            100.0,
            100.0,
            100.0
        ]
    },
    "OSR Accuracy": {
        "TNR": 100.0,
        "AUROC": 99.90800831705626,
        "DTACC": 98.37628378804108,
        "AUIN": 99.74748393780645,
        "AUOUT": 99.71505983872642,
        "OSCR": 99.56335454602723,
        "AUPR": 99.90111441890241
    }
}