{
    "OA": 96.35220125786164,
    "AA": 99.47272727272728,
    "OOD": 94.19999999999999,
    "NMI": 92.36501928756688,
    "H-score": 97.0128887080911,
    "H3-score": 95.41380536934506,
    "Recall-all": [
        100.0,
        100.0,
        100.0,
        100.0,
        100.0,
        100.0,
        100.0,
        100.0,
        100.0,
        100.0,
        94.19999999999999
    ],
    "Closed Set Accuracy": {
        "OA": 100.0,
        "AA": 100.0,
        "Recall-all": [
            100.0,
            100.0,
            100.0,
            100.0,
            100.0,
            100.0,
            100.0,
            100.0,
            100.0,
            100.0
        ]
    },
    "OSR Accuracy": {
        "TNR": 96.2,
        "AUROC": 99.23254237288135,
        "DTACC": 97.53050847457627,
        "AUIN": 98.38357753868367,
        "AUOUT": 99.4995131503039,
        "OSCR": 99.22508474576274,
        "AUPR": 99.59986940123142
    }
}