{
    "OA": 98.40425531914893,
    "AA": 98.00563777307964,
    "OOD": 100.0,
    "NMI": 96.3557371233247,
    "H-score": 98.89043551882345,
    "H3-score": 98.03217552606228,
    "Recall-all": [
        100.0,
        100.0,
        100.0,
        100.0,
        100.0,
        100.0,
        81.3953488372093,
        100.0,
        100.0,
        96.66666666666667,
        100.0
    ],
    "Closed Set Accuracy": {
        "OA": 99.66101694915255,
        "AA": 99.76744186046511,
        "Recall-all": [
            100.0,
            100.0,
            100.0,
            100.0,
            100.0,
            100.0,
            97.67441860465115,
            100.0,
            100.0,
            100.0
        ]
    },
    "OSR Accuracy": {
        "TNR": 100.0,
        "AUROC": 99.97353663915317,
        "DTACC": 99.66101694915255,
        "AUIN": 99.80766968689606,
        "AUOUT": 99.78425683260518,
        "OSCR": 99.63266334824507,
        "AUPR": 99.9701876115826
    }
}