{
    "OA": 99.46808510638297,
    "AA": 99.89861439675566,
    "OOD": 98.88475836431226,
    "NMI": 96.28403890971923,
    "H-score": 99.43875235468442,
    "H3-score": 98.36578619282903,
    "Recall-all": [
        100.0,
        100.0,
        100.0,
        100.0,
        100.0,
        100.0,
        100.0,
        100.0,
        100.0,
        100.0,
        98.88475836431226
    ],
    "Closed Set Accuracy": {
        "OA": 100.0,
        "AA": 100.0,
        "Recall-all": [
            100.0,
            100.0,
            100.0,
            100.0,
            100.0,
            100.0,
            100.0,
            100.0,
            100.0,
            100.0
        ]
    },
    "OSR Accuracy": {
        "TNR": 100.0,
        "AUROC": 100.0,
        "DTACC": 100.0,
        "AUIN": 99.83050847457626,
        "AUOUT": 99.81412639405205,
        "OSCR": 99.9993699199799,
        "AUPR": 100.0
    }
}