{
    "OA": 62.761803336883204,
    "AA": 60.83943184110342,
    "OOD": null,
    "NMI": null,
    "H-score": null,
    "H3-score": null,
    "Recall-all": [
        0.0,
        0.0,
        97.87234042553192,
        98.98989898989899,
        90.0,
        99.0,
        94.94949494949495,
        94.0,
        95.74468085106383,
        89.79591836734694,
        100.0,
        0.0,
        0.0,
        90.10989010989012,
        50.51546391752577,
        48.45360824742268,
        66.66666666666666,
        1.0204081632653061,
        99.0,
        85.41666666666666,
        93.6842105263158,
        74.19354838709677,
        97.0,
        11.224489795918368,
        75.55555555555556,
        80.0,
        48.0,
        2.0202020202020203,
        43.43434343434344,
        37.5,
        21.875
    ],
    "Closed Set Accuracy": {
        "OA": 76.25133120340789,
        "AA": 74.70803423111553,
        "Recall-all": [
            38.04347826086957,
            39.02439024390244,
            98.93617021276596,
            100.0,
            91.0,
            99.0,
            95.95959595959596,
            96.0,
            98.93617021276596,
            95.91836734693877,
            100.0,
            54.87804878048781,
            11.11111111111111,
            94.5054945054945,
            77.31958762886599,
            54.63917525773196,
            83.9506172839506,
            28.57142857142857,
            100.0,
            96.875,
            98.94736842105263,
            76.34408602150538,
            97.0,
            20.408163265306122,
            91.11111111111111,
            84.0,
            59.0,
            32.323232323232325,
            64.64646464646465,
            84.375,
            53.125
        ]
    },
    "OSR Accuracy": null
}