{
    "OA": 66.41817536386226,
    "AA": 64.74654326085428,
    "OOD": null,
    "NMI": null,
    "H-score": null,
    "H3-score": null,
    "Recall-all": [
        0.0,
        0.0,
        97.87234042553192,
        98.98989898989899,
        90.0,
        99.0,
        94.94949494949495,
        94.0,
        96.80851063829788,
        89.79591836734694,
        100.0,
        90.2439024390244,
        0.0,
        90.10989010989012,
        50.51546391752577,
        49.48453608247423,
        70.37037037037037,
        2.0408163265306123,
        99.0,
        88.54166666666666,
        94.73684210526315,
        74.19354838709677,
        97.0,
        11.224489795918368,
        74.44444444444444,
        80.0,
        48.0,
        2.0202020202020203,
        38.38383838383838,
        63.541666666666664,
        21.875
    ],
    "Closed Set Accuracy": {
        "OA": 76.7128150514732,
        "AA": 75.27349886856828,
        "Recall-all": [
            35.869565217391305,
            42.68292682926829,
            98.93617021276596,
            100.0,
            91.0,
            99.0,
            95.95959595959596,
            96.0,
            100.0,
            95.91836734693877,
            100.0,
            96.34146341463415,
            11.11111111111111,
            94.5054945054945,
            76.28865979381443,
            55.670103092783506,
            79.01234567901234,
            23.46938775510204,
            100.0,
            96.875,
            97.89473684210527,
            76.34408602150538,
            97.0,
            20.408163265306122,
            90.0,
            81.33333333333333,
            56.99999999999999,
            28.28282828282828,
            59.59595959595959,
            88.54166666666666,
            48.4375
        ]
    },
    "OSR Accuracy": null
}