{
    "OA": 98.04964539007092,
    "AA": 97.58280479210711,
    "OOD": 100.0,
    "NMI": 96.3557371233247,
    "H-score": 98.65213001827505,
    "H3-score": 97.87592793158399,
    "Recall-all": [
        100.0,
        100.0,
        100.0,
        100.0,
        100.0,
        100.0,
        76.74418604651163,
        100.0,
        100.0,
        96.66666666666667,
        100.0
    ],
    "Closed Set Accuracy": {
        "OA": 99.66101694915255,
        "AA": 99.76744186046511,
        "Recall-all": [
            100.0,
            100.0,
            100.0,
            100.0,
            100.0,
            100.0,
            97.67441860465115,
            100.0,
            100.0,
            100.0
        ]
    },
    "OSR Accuracy": {
        "TNR": 100.0,
        "AUROC": 99.96219519879025,
        "DTACC": 99.47514334320459,
        "AUIN": 99.79796014623149,
        "AUOUT": 99.77142305322451,
        "OSCR": 99.62069182786199,
        "AUPR": 99.95737849102679
    }
}