{
    "OA": 93.08591764107778,
    "AA": 86.91019433341442,
    "OOD": 98.81070366699703,
    "NMI": 72.22529371941468,
    "H-score": 91.80060593787563,
    "H3-score": 84.19548264324023,
    "Recall-all": [
        97.82608695652173,
        0.0,
        96.80851063829788,
        98.98989898989899,
        90.0,
        99.0,
        94.94949494949495,
        94.0,
        97.87234042553192,
        87.75510204081633,
        98.81070366699703
    ],
    "Closed Set Accuracy": {
        "OA": 94.1544885177453,
        "AA": 93.62841705266804,
        "Recall-all": [
            98.91304347826086,
            58.536585365853654,
            98.93617021276596,
            100.0,
            91.0,
            99.0,
            95.95959595959596,
            97.0,
            100.0,
            96.93877551020408
        ]
    },
    "OSR Accuracy": {
        "TNR": 70.36669970267592,
        "AUROC": 96.7002613224197,
        "DTACC": 93.72433071045351,
        "AUIN": 97.31995478953483,
        "AUOUT": 96.03993659571779,
        "OSCR": 90.91226973936016,
        "AUPR": 96.09248495609073
    }
}