{
    "OA": 60.45438409655662,
    "AA": 59.33436521139138,
    "OOD": null,
    "NMI": null,
    "H-score": null,
    "H3-score": null,
    "Recall-all": [
        94.56521739130434,
        90.2439024390244,
        96.80851063829788,
        96.96969696969697,
        91.0,
        0.0,
        0.0,
        97.0,
        51.06382978723404,
        89.79591836734694,
        100.0,
        35.36585365853659,
        0.0,
        79.12087912087912,
        50.51546391752577,
        47.42268041237113,
        71.60493827160494,
        5.1020408163265305,
        97.0,
        1.0416666666666665,
        2.1052631578947367,
        72.04301075268818,
        97.0,
        33.6734693877551,
        85.55555555555556,
        74.66666666666667,
        44.0,
        75.75757575757575,
        81.81818181818183,
        62.5,
        15.625
    ],
    "Closed Set Accuracy": {
        "OA": 70.74902378416755,
        "AA": 69.58258277760996,
        "Recall-all": [
            97.82608695652173,
            97.5609756097561,
            97.87234042553192,
            96.96969696969697,
            92.0,
            35.0,
            21.21212121212121,
            99.0,
            80.85106382978722,
            90.81632653061224,
            100.0,
            69.51219512195121,
            2.7777777777777777,
            85.71428571428571,
            59.79381443298969,
            59.79381443298969,
            79.01234567901234,
            25.510204081632654,
            100.0,
            2.083333333333333,
            28.421052631578945,
            75.26881720430107,
            97.0,
            37.755102040816325,
            93.33333333333333,
            84.0,
            52.0,
            89.8989898989899,
            88.88888888888889,
            81.25,
            35.9375
        ]
    },
    "OSR Accuracy": null
}