{
    "OA": 38.72651356993737,
    "AA": 37.97090751194094,
    "OOD": null,
    "NMI": null,
    "H-score": null,
    "H3-score": null,
    "Recall-all": [
        0.0,
        0.0,
        97.87234042553192,
        100.0,
        90.0,
        0.0,
        0.0,
        0.0,
        0.0,
        91.83673469387756
    ],
    "Closed Set Accuracy": {
        "OA": 67.64091858037578,
        "AA": 67.21987024572996,
        "Recall-all": [
            48.91304347826087,
            43.90243902439025,
            98.93617021276596,
            100.0,
            94.0,
            60.0,
            44.44444444444444,
            34.0,
            51.06382978723404,
            96.93877551020408
        ]
    },
    "OSR Accuracy": null
}