{
    "OA": 96.98795180722891,
    "AA": 99.60010663822982,
    "OOD": 95.60117302052787,
    "NMI": 90.60205858321484,
    "H-score": 97.75062469320808,
    "H3-score": 95.24695993102105,
    "Recall-all": [
        100.0,
        100.0,
        100.0,
        100.0,
        100.0,
        100.0,
        100.0,
        100.0,
        100.0,
        100.0,
        95.60117302052787
    ],
    "Closed Set Accuracy": {
        "OA": 100.0,
        "AA": 100.0,
        "Recall-all": [
            100.0,
            100.0,
            100.0,
            100.0,
            100.0,
            100.0,
            100.0,
            100.0,
            100.0,
            100.0
        ]
    },
    "OSR Accuracy": {
        "TNR": 100.0,
        "AUROC": 99.94583185460523,
        "DTACC": 98.77654706091114,
        "AUIN": 99.56872618846222,
        "AUOUT": 99.82835061113566,
        "OSCR": 99.94022825335746,
        "AUPR": 99.97501499432265
    }
}