{
    "OA": 93.85871494497692,
    "AA": 85.97637881434804,
    "OOD": 98.76277568585262,
    "NMI": 77.7295566516552,
    "H-score": 91.19061094684965,
    "H3-score": 86.21513517443545,
    "Recall-all": [
        96.73913043478261,
        97.5609756097561,
        96.80851063829788,
        96.96969696969697,
        90.0,
        92.0,
        6.0606060606060606,
        97.0,
        84.04255319148936,
        89.79591836734694,
        98.76277568585262
    ],
    "Closed Set Accuracy": {
        "OA": 90.18789144050105,
        "AA": 90.47413613947248,
        "Recall-all": [
            98.91304347826086,
            100.0,
            97.87234042553192,
            98.98989898989899,
            91.0,
            97.0,
            30.303030303030305,
            99.0,
            95.74468085106383,
            95.91836734693877
        ]
    },
    "OSR Accuracy": {
        "TNR": 63.74394835933297,
        "AUROC": 96.31679545763375,
        "DTACC": 92.78598388924388,
        "AUIN": 95.67091870228911,
        "AUOUT": 97.5027187938932,
        "OSCR": 86.53427831202036,
        "AUPR": 97.53063338387882
    }
}