{
    "OA": 93.07774227902024,
    "AA": 86.64172545479545,
    "OOD": 97.09521247982786,
    "NMI": 77.7295566516552,
    "H-score": 90.98342109222254,
    "H3-score": 86.09156983687797,
    "Recall-all": [
        97.82608695652173,
        97.5609756097561,
        96.80851063829788,
        96.96969696969697,
        91.0,
        92.0,
        15.151515151515152,
        98.0,
        80.85106382978722,
        89.79591836734694,
        97.09521247982786
    ],
    "Closed Set Accuracy": {
        "OA": 90.91858037578288,
        "AA": 91.14847792991789,
        "Recall-all": [
            97.82608695652173,
            98.78048780487805,
            97.87234042553192,
            98.98989898989899,
            91.0,
            98.0,
            41.41414141414141,
            99.0,
            95.74468085106383,
            92.85714285714286
        ]
    },
    "OSR Accuracy": {
        "TNR": 80.31199569661108,
        "AUROC": 96.8815591025323,
        "DTACC": 91.73574137441169,
        "AUIN": 95.95403146503865,
        "AUOUT": 97.90978426770099,
        "OSCR": 87.82866402908172,
        "AUPR": 97.9376757681934
    }
}