{
    "OA": 61.94533191338303,
    "AA": 60.77402751380142,
    "OOD": null,
    "NMI": null,
    "H-score": null,
    "H3-score": null,
    "Recall-all": [
        0.0,
        100.0,
        97.87234042553192,
        98.98989898989899,
        90.0,
        99.0,
        0.0,
        94.0,
        97.87234042553192,
        89.79591836734694,
        100.0,
        90.2439024390244,
        0.0,
        90.10989010989012,
        49.48453608247423,
        42.2680412371134,
        6.172839506172839,
        1.0204081632653061,
        99.0,
        78.125,
        95.78947368421052,
        74.19354838709677,
        97.0,
        24.489795918367346,
        80.0,
        78.66666666666666,
        48.0,
        2.0202020202020203,
        17.17171717171717,
        20.833333333333336,
        21.875
    ],
    "Closed Set Accuracy": {
        "OA": 75.00887468938588,
        "AA": 73.90667104358764,
        "Recall-all": [
            31.521739130434785,
            100.0,
            98.93617021276596,
            100.0,
            91.0,
            99.0,
            49.494949494949495,
            96.0,
            100.0,
            96.93877551020408,
            100.0,
            96.34146341463415,
            13.88888888888889,
            95.6043956043956,
            75.25773195876289,
            59.79381443298969,
            40.74074074074074,
            21.428571428571427,
            100.0,
            91.66666666666666,
            98.94736842105263,
            76.34408602150538,
            97.0,
            37.755102040816325,
            93.33333333333333,
            85.33333333333334,
            59.0,
            33.33333333333333,
            38.38383838383838,
            62.5,
            51.5625
        ]
    },
    "OSR Accuracy": null
}