{
    "OA": 98.19277108433735,
    "AA": 99.76006398293788,
    "OOD": 97.36070381231671,
    "NMI": 93.90711687156438,
    "H-score": 98.66220440101485,
    "H3-score": 97.02587988439694,
    "Recall-all": [
        100.0,
        100.0,
        100.0,
        100.0,
        100.0,
        100.0,
        100.0,
        100.0,
        100.0,
        100.0,
        97.36070381231671
    ],
    "Closed Set Accuracy": {
        "OA": 100.0,
        "AA": 100.0,
        "Recall-all": [
            100.0,
            100.0,
            100.0,
            100.0,
            100.0,
            100.0,
            100.0,
            100.0,
            100.0,
            100.0
        ]
    },
    "OSR Accuracy": {
        "TNR": 100.0,
        "AUROC": 100.0,
        "DTACC": 100.0,
        "AUIN": 99.68152866242038,
        "AUOUT": 99.8533724340176,
        "OSCR": 99.99906606645867,
        "AUPR": 100.0
    }
}