{
    "OA": 54.2296918767507,
    "AA": 55.5220754122317,
    "OOD": null,
    "NMI": null,
    "H-score": null,
    "H3-score": null,
    "Recall-all": [
        13.924050632911392,
        100.0,
        98.38709677419355,
        23.25581395348837,
        100.0,
        3.225806451612903,
        89.36170212765957,
        100.0,
        90.12345679012346,
        94.64285714285714,
        11.11111111111111,
        47.69230769230769,
        2.083333333333333,
        1.1363636363636365,
        0.0,
        92.7710843373494,
        100.0,
        2.4390243902439024,
        97.01492537313433,
        1.7241379310344827,
        91.54929577464789,
        100.0,
        17.582417582417584,
        22.22222222222222,
        87.8048780487805
    ],
    "Closed Set Accuracy": {
        "OA": 77.81512605042018,
        "AA": 78.20001502097966,
        "Recall-all": [
            46.835443037974684,
            100.0,
            98.38709677419355,
            83.72093023255815,
            100.0,
            29.03225806451613,
            91.48936170212765,
            100.0,
            96.29629629629629,
            96.42857142857143,
            84.84848484848484,
            78.46153846153847,
            28.125,
            54.54545454545454,
            40.0,
            96.3855421686747,
            100.0,
            43.90243902439025,
            98.50746268656717,
            65.51724137931035,
            95.77464788732394,
            100.0,
            95.6043956043956,
            43.333333333333336,
            87.8048780487805
        ]
    },
    "OSR Accuracy": null
}