{
    "OA": 76.80839315295417,
    "AA": 74.99956278833407,
    "OOD": null,
    "NMI": null,
    "H-score": null,
    "H3-score": null,
    "Recall-all": [
        100.0,
        100.0,
        100.0,
        93.97590361445783,
        100.0,
        5.128205128205128,
        61.25000000000001,
        97.26027397260275,
        100.0,
        96.96969696969697,
        97.91666666666666,
        12.307692307692308,
        25.0,
        27.631578947368425,
        23.28767123287671,
        77.41935483870968,
        84.31372549019608,
        58.139534883720934,
        93.82716049382715,
        76.66666666666667,
        89.65517241379311,
        100.0,
        100.0,
        73.68421052631578,
        80.55555555555556
    ],
    "Closed Set Accuracy": {
        "OA": 91.05466593042519,
        "AA": 90.30933894893684,
        "Recall-all": [
            100.0,
            100.0,
            100.0,
            97.59036144578313,
            100.0,
            50.0,
            87.5,
            100.0,
            100.0,
            100.0,
            100.0,
            70.76923076923077,
            68.75,
            81.57894736842105,
            63.013698630136986,
            93.54838709677419,
            86.27450980392157,
            86.04651162790698,
            100.0,
            95.0,
            98.27586206896551,
            100.0,
            100.0,
            87.71929824561403,
            91.66666666666666
        ]
    },
    "OSR Accuracy": null
}