{
    "OA": 70.69084232269911,
    "AA": 68.23537157251116,
    "OOD": null,
    "NMI": null,
    "H-score": null,
    "H3-score": null,
    "Recall-all": [
        97.67441860465115,
        100.0,
        98.4375,
        93.97590361445783,
        100.0,
        21.794871794871796,
        58.75,
        95.8904109589041,
        100.0,
        95.95959595959596,
        69.79166666666666,
        13.846153846153847,
        31.25,
        30.263157894736842,
        24.65753424657534,
        69.35483870967742,
        76.47058823529412,
        48.837209302325576,
        92.5925925925926,
        68.33333333333333,
        86.20689655172413,
        97.6470588235294,
        100.0,
        68.42105263157895,
        63.888888888888886,
        91.66666666666666,
        51.92307692307693,
        38.333333333333336,
        97.22222222222221,
        80.0,
        91.56626506024097,
        64.1025641025641,
        94.02985074626866,
        4.3478260869565215,
        7.042253521126761,
        30.434782608695656,
        98.33333333333333,
        77.58620689655173,
        25.0,
        62.5,
        50.0,
        63.23529411764706,
        35.38461538461539,
        44.06779661016949,
        13.432835820895523,
        98.07692307692307,
        75.47169811320755,
        63.63636363636363,
        88.0,
        73.17073170731707,
        93.5064935064935,
        86.27450980392157,
        12.121212121212121,
        92.20779220779221,
        100.0,
        93.65079365079364,
        86.41975308641975,
        77.77777777777779,
        64.40677966101694,
        97.5609756097561,
        87.05882352941177,
        8.955223880597014,
        82.71604938271605,
        32.075471698113205,
        97.95918367346938
    ],
    "Closed Set Accuracy": {
        "OA": 90.47509754418178,
        "AA": 89.47064225052708,
        "Recall-all": [
            98.83720930232558,
            100.0,
            100.0,
            97.59036144578313,
            100.0,
            51.28205128205128,
            90.0,
            100.0,
            100.0,
            100.0,
            100.0,
            73.84615384615385,
            70.3125,
            89.47368421052632,
            79.45205479452055,
            87.09677419354838,
            78.43137254901961,
            79.06976744186046,
            100.0,
            93.33333333333333,
            98.27586206896551,
            100.0,
            100.0,
            84.21052631578947,
            88.88888888888889,
            100.0,
            84.61538461538461,
            76.66666666666667,
            100.0,
            90.66666666666666,
            98.79518072289156,
            87.17948717948718,
            98.50746268656717,
            52.17391304347826,
            54.929577464788736,
            84.78260869565217,
            98.33333333333333,
            98.27586206896551,
            79.41176470588235,
            92.1875,
            76.66666666666667,
            86.76470588235294,
            81.53846153846153,
            88.13559322033898,
            79.1044776119403,
            100.0,
            96.22641509433963,
            84.84848484848484,
            97.33333333333334,
            100.0,
            97.40259740259741,
            96.07843137254902,
            80.3030303030303,
            100.0,
            100.0,
            100.0,
            88.88888888888889,
            98.14814814814815,
            98.30508474576271,
            98.78048780487805,
            94.11764705882352,
            55.223880597014926,
            95.06172839506173,
            66.0377358490566,
            100.0
        ]
    },
    "OSR Accuracy": null
}