{
    "OA": 79.11406931374799,
    "AA": 77.90630192049855,
    "OOD": null,
    "NMI": null,
    "H-score": null,
    "H3-score": null,
    "Recall-all": [
        76.74418604651163,
        100.0,
        95.3125,
        74.69879518072288,
        91.91919191919192,
        47.43589743589743,
        75.0,
        95.8904109589041,
        98.52941176470588,
        83.83838383838383,
        82.29166666666666,
        67.6923076923077,
        65.625,
        82.89473684210526,
        91.78082191780823,
        79.03225806451613,
        90.19607843137256,
        76.74418604651163,
        93.82716049382715,
        65.0,
        93.10344827586206,
        98.82352941176471,
        29.333333333333332,
        71.9298245614035,
        69.44444444444444,
        95.0,
        96.15384615384616,
        40.0,
        80.55555555555556,
        84.0,
        97.59036144578313,
        84.61538461538461,
        94.02985074626866,
        39.130434782608695,
        57.74647887323944,
        91.30434782608695,
        93.33333333333333,
        67.24137931034483,
        85.29411764705883,
        79.6875,
        36.666666666666664,
        91.17647058823529,
        87.6923076923077,
        67.79661016949152,
        64.17910447761194,
        84.61538461538461,
        86.79245283018868,
        71.21212121212122,
        92.0,
        85.36585365853658,
        100.0,
        94.11764705882352,
        62.121212121212125,
        92.20779220779221,
        100.0,
        85.71428571428571,
        29.629629629629626,
        90.74074074074075,
        57.6271186440678,
        69.51219512195121,
        98.82352941176471,
        22.388059701492537,
        88.88888888888889,
        32.075471698113205,
        89.79591836734694
    ],
    "Closed Set Accuracy": {
        "OA": 88.47831076428734,
        "AA": 87.50539654547242,
        "Recall-all": [
            83.72093023255815,
            100.0,
            100.0,
            95.18072289156626,
            96.96969696969697,
            58.97435897435898,
            85.0,
            97.26027397260275,
            98.52941176470588,
            95.95959595959596,
            97.91666666666666,
            80.0,
            68.75,
            93.42105263157895,
            94.52054794520548,
            90.32258064516128,
            92.15686274509804,
            86.04651162790698,
            97.53086419753086,
            85.0,
            96.55172413793103,
            100.0,
            98.66666666666667,
            77.19298245614034,
            75.0,
            98.33333333333333,
            100.0,
            73.33333333333333,
            98.61111111111111,
            84.0,
            100.0,
            92.3076923076923,
            95.52238805970148,
            43.47826086956522,
            61.97183098591549,
            97.82608695652173,
            98.33333333333333,
            93.10344827586206,
            86.76470588235294,
            95.3125,
            80.0,
            95.58823529411765,
            90.76923076923077,
            77.96610169491525,
            70.1492537313433,
            92.3076923076923,
            90.56603773584906,
            90.9090909090909,
            96.0,
            95.1219512195122,
            100.0,
            98.0392156862745,
            83.33333333333334,
            96.1038961038961,
            100.0,
            92.06349206349206,
            44.44444444444444,
            96.29629629629629,
            86.4406779661017,
            86.58536585365853,
            98.82352941176471,
            46.26865671641791,
            92.5925925925926,
            32.075471698113205,
            91.83673469387756
        ]
    },
    "OSR Accuracy": null
}