{
    "OA": 86.86893807510569,
    "AA": 73.79065296246068,
    "OOD": 90.64327485380117,
    "NMI": 77.23622512560259,
    "H-score": 80.31806061318207,
    "H3-score": 79.26514341296055,
    "Recall-all": [
        73.33333333333333,
        94.64285714285714,
        50.0,
        77.55102040816327,
        93.93939393939394,
        48.484848484848484,
        68.4931506849315,
        97.82608695652173,
        41.02564102564102,
        75.75757575757575,
        90.64327485380117
    ],
    "Closed Set Accuracy": {
        "OA": 86.78756476683938,
        "AA": 86.84508663765025,
        "Recall-all": [
            85.0,
            98.21428571428571,
            62.5,
            84.6938775510204,
            97.97979797979798,
            88.88888888888889,
            95.8904109589041,
            100.0,
            65.38461538461539,
            89.8989898989899
        ]
    },
    "OSR Accuracy": {
        "TNR": 61.064943059402886,
        "AUROC": 90.59933945398903,
        "DTACC": 84.09532546483014,
        "AUIN": 73.61269851610463,
        "AUOUT": 97.1929998971917,
        "OSCR": 78.70093946802284,
        "AUPR": 97.20921118573493
    }
}