{
    "OA": 72.55659856432911,
    "AA": 71.73879496224562,
    "OOD": null,
    "NMI": null,
    "H-score": null,
    "H3-score": null,
    "Recall-all": [
        100.0,
        100.0,
        100.0,
        93.97590361445783,
        100.0,
        5.128205128205128,
        61.25000000000001,
        97.26027397260275,
        100.0,
        96.96969696969697,
        21.875,
        15.384615384615385,
        18.75,
        22.36842105263158,
        23.28767123287671,
        77.41935483870968,
        84.31372549019608,
        58.139534883720934,
        95.06172839506173,
        76.66666666666667,
        91.37931034482759,
        100.0,
        100.0,
        73.68421052631578,
        80.55555555555556
    ],
    "Closed Set Accuracy": {
        "OA": 90.2263942573164,
        "AA": 89.52791939538132,
        "Recall-all": [
            100.0,
            100.0,
            100.0,
            98.79518072289156,
            100.0,
            48.717948717948715,
            87.5,
            100.0,
            100.0,
            100.0,
            90.625,
            70.76923076923077,
            64.0625,
            80.26315789473685,
            63.013698630136986,
            93.54838709677419,
            86.27450980392157,
            83.72093023255815,
            100.0,
            95.0,
            98.27586206896551,
            100.0,
            100.0,
            85.96491228070175,
            91.66666666666666
        ]
    },
    "OSR Accuracy": null
}