{
    "OA": 56.246498599439775,
    "AA": 58.44555439008731,
    "OOD": null,
    "NMI": null,
    "H-score": null,
    "H3-score": null,
    "Recall-all": [
        13.924050632911392,
        100.0,
        98.38709677419355,
        18.6046511627907,
        100.0,
        3.225806451612903,
        87.2340425531915,
        100.0,
        86.41975308641975,
        94.64285714285714,
        7.07070707070707,
        93.84615384615384,
        2.083333333333333,
        1.1363636363636365,
        0.0,
        92.7710843373494,
        100.0,
        53.65853658536586,
        80.59701492537313,
        1.7241379310344827,
        91.54929577464789,
        100.0,
        18.681318681318682,
        27.77777777777778,
        87.8048780487805
    ],
    "Closed Set Accuracy": {
        "OA": 77.3669467787115,
        "AA": 78.33109615215123,
        "Recall-all": [
            44.303797468354425,
            100.0,
            98.38709677419355,
            74.4186046511628,
            100.0,
            29.03225806451613,
            91.48936170212765,
            100.0,
            92.5925925925926,
            96.42857142857143,
            80.8080808080808,
            100.0,
            27.083333333333332,
            53.40909090909091,
            40.0,
            96.3855421686747,
            100.0,
            65.85365853658537,
            97.01492537313433,
            65.51724137931035,
            94.36619718309859,
            100.0,
            95.6043956043956,
            27.77777777777778,
            87.8048780487805
        ]
    },
    "OSR Accuracy": null
}