{
    "OA": 55.006180469715694,
    "AA": 54.35295862625536,
    "OOD": null,
    "NMI": null,
    "H-score": null,
    "H3-score": null,
    "Recall-all": [
        87.83783783783784,
        68.29268292682927,
        85.18518518518519,
        60.0,
        74.66666666666667,
        2.0202020202020203,
        55.00000000000001,
        84.84848484848484,
        50.0,
        82.89473684210526,
        56.52173913043478,
        12.0,
        2.272727272727273,
        55.00000000000001,
        80.0,
        52.17391304347826,
        53.333333333333336,
        0.0,
        4.761904761904762,
        88.88888888888889,
        86.36363636363636,
        39.130434782608695,
        7.777777777777778,
        20.0,
        69.56521739130434,
        87.5,
        15.0,
        12.658227848101266,
        91.30434782608695,
        72.22222222222221,
        81.94444444444444,
        77.55102040816327,
        68.62745098039215,
        0.0,
        2.380952380952381,
        18.75,
        72.22222222222221,
        16.3265306122449,
        71.42857142857143,
        40.0,
        36.84210526315789,
        73.68421052631578,
        30.0,
        23.076923076923077,
        26.31578947368421,
        38.88888888888889,
        87.5,
        95.74468085106383,
        59.183673469387756,
        26.666666666666668,
        90.0,
        80.0,
        47.61904761904761,
        70.73170731707317,
        97.82608695652173,
        57.49999999999999,
        90.0,
        58.69565217391305,
        43.75,
        86.36363636363636,
        83.72093023255815,
        0.0,
        52.38095238095239,
        82.5,
        87.5
    ],
    "Closed Set Accuracy": {
        "OA": 78.65677791512155,
        "AA": 77.42688744666752,
        "Recall-all": [
            97.2972972972973,
            82.92682926829268,
            88.88888888888889,
            97.5,
            97.33333333333334,
            43.43434343434344,
            80.0,
            93.93939393939394,
            75.0,
            94.73684210526315,
            82.6086956521739,
            36.0,
            18.181818181818183,
            77.5,
            92.5,
            56.52173913043478,
            86.66666666666667,
            22.22222222222222,
            33.33333333333333,
            97.77777777777777,
            95.45454545454545,
            65.21739130434783,
            55.55555555555556,
            70.0,
            86.95652173913044,
            95.0,
            50.0,
            81.0126582278481,
            97.82608695652173,
            88.88888888888889,
            98.61111111111111,
            83.6734693877551,
            80.3921568627451,
            35.0,
            19.047619047619047,
            62.5,
            88.88888888888889,
            83.6734693877551,
            95.23809523809523,
            80.0,
            63.1578947368421,
            89.47368421052632,
            60.0,
            57.692307692307686,
            78.94736842105263,
            72.22222222222221,
            95.83333333333334,
            100.0,
            89.79591836734694,
            60.0,
            95.0,
            86.66666666666667,
            88.09523809523809,
            85.36585365853658,
            97.82608695652173,
            87.5,
            95.0,
            78.26086956521739,
            93.75,
            95.45454545454545,
            90.69767441860465,
            35.0,
            80.95238095238095,
            95.0,
            93.75
        ]
    },
    "OSR Accuracy": null
}