{
    "OA": 25.528007346189163,
    "AA": 31.088511564545502,
    "OOD": null,
    "NMI": null,
    "H-score": null,
    "H3-score": null,
    "Recall-all": [
        94.5945945945946,
        75.60975609756098,
        77.77777777777779,
        17.5,
        2.666666666666667,
        0.0,
        27.500000000000004,
        96.96969696969697,
        60.0,
        0.0,
        0.0,
        4.0,
        2.272727272727273,
        0.0,
        57.49999999999999,
        4.3478260869565215,
        40.0,
        0.0,
        76.19047619047619,
        26.666666666666668,
        68.18181818181817,
        30.434782608695656,
        0.0,
        15.0,
        0.0
    ],
    "Closed Set Accuracy": {
        "OA": 72.45179063360881,
        "AA": 73.18805471827294,
        "Recall-all": [
            97.2972972972973,
            95.1219512195122,
            92.5925925925926,
            92.5,
            70.66666666666667,
            40.4040404040404,
            70.0,
            96.96969696969697,
            100.0,
            76.31578947368422,
            59.42028985507246,
            52.0,
            34.090909090909086,
            75.0,
            92.5,
            56.52173913043478,
            66.66666666666666,
            16.666666666666664,
            100.0,
            80.0,
            90.9090909090909,
            84.78260869565217,
            86.66666666666667,
            70.0,
            32.608695652173914
        ]
    },
    "OSR Accuracy": null
}