{
    "OA": 93.5224704996234,
    "AA": 94.21784548638429,
    "OOD": 93.27837666455295,
    "NMI": 85.12541006991601,
    "H-score": 93.79173804190253,
    "H3-score": 90.71464689540802,
    "Recall-all": [
        100.0,
        100.0,
        100.0,
        97.59036144578313,
        100.0,
        92.3076923076923,
        60.0,
        97.26027397260275,
        100.0,
        95.95959595959596,
        93.27837666455295
    ],
    "Closed Set Accuracy": {
        "OA": 98.31121833534378,
        "AA": 98.24384471500332,
        "Recall-all": [
            100.0,
            100.0,
            100.0,
            97.59036144578313,
            100.0,
            98.71794871794873,
            87.5,
            98.63013698630137,
            100.0,
            100.0
        ]
    },
    "OSR Accuracy": {
        "TNR": 93.08814204185161,
        "AUROC": 98.50355647719441,
        "DTACC": 94.19183941658322,
        "AUIN": 95.17319181642462,
        "AUOUT": 99.57965742058548,
        "OSCR": 96.81362743845601,
        "AUPR": 99.59557752161955
    }
}