{
    "OA": 90.04074241738344,
    "AA": 80.79087871430069,
    "OOD": 94.77434679334917,
    "NMI": 69.55331038381244,
    "H-score": 86.4037089717372,
    "H3-score": 79.94882040373086,
    "Recall-all": [
        97.2972972972973,
        87.8048780487805,
        85.18518518518519,
        80.0,
        94.66666666666667,
        21.21212121212121,
        45.0,
        96.96969696969697,
        95.0,
        90.78947368421053,
        94.77434679334917
    ],
    "Closed Set Accuracy": {
        "OA": 96.57142857142857,
        "AA": 96.77680726589584,
        "Recall-all": [
            97.2972972972973,
            97.5609756097561,
            96.29629629629629,
            97.5,
            100.0,
            92.92929292929293,
            87.5,
            100.0,
            100.0,
            98.68421052631578
        ]
    },
    "OSR Accuracy": {
        "TNR": 63.064133016627075,
        "AUROC": 93.6492478226445,
        "DTACC": 86.74578667571542,
        "AUIN": 86.3696645552963,
        "AUOUT": 97.57623541953798,
        "OSCR": 90.40521434226922,
        "AUPR": 97.60702125839951
    }
}