{
    "OA": 92.56589321919351,
    "AA": 85.50154983397628,
    "OOD": 95.1219512195122,
    "NMI": 90.76659772279503,
    "H-score": 89.69803267099853,
    "H3-score": 90.05275156884407,
    "Recall-all": [
        97.46835443037975,
        97.97979797979798,
        90.32258064516128,
        100.0,
        100.0,
        66.12903225806451,
        89.36170212765957,
        100.0,
        97.53086419753086,
        82.14285714285714,
        78.78787878787878,
        24.615384615384617,
        61.458333333333336,
        89.77272727272727,
        97.33333333333334,
        95.1219512195122
    ],
    "Closed Set Accuracy": {
        "OA": 96.47168059424327,
        "AA": 96.63211288289457,
        "Recall-all": [
            100.0,
            98.98989898989899,
            96.7741935483871,
            100.0,
            100.0,
            95.16129032258065,
            93.61702127659575,
            100.0,
            97.53086419753086,
            92.85714285714286,
            87.87878787878788,
            95.38461538461539,
            95.83333333333334,
            95.45454545454545,
            100.0
        ]
    },
    "OSR Accuracy": {
        "TNR": 90.95776323616894,
        "AUROC": 97.29377492837365,
        "DTACC": 93.11521196263665,
        "AUIN": 91.87689368976694,
        "AUOUT": 99.07987563281742,
        "OSCR": 93.7933217228778,
        "AUPR": 99.09493400346099
    }
}