{
    "OA": 68.39568510442965,
    "AA": 67.65970229117852,
    "OOD": null,
    "NMI": null,
    "H-score": null,
    "H3-score": null,
    "Recall-all": [
        72.09302325581395,
        98.98989898989899,
        95.3125,
        32.53012048192771,
        76.76767676767676,
        11.538461538461538,
        72.5,
        94.52054794520548,
        95.58823529411765,
        63.63636363636363,
        95.83333333333334,
        0.0,
        17.1875,
        56.57894736842105,
        79.45205479452055,
        59.67741935483871,
        90.19607843137256,
        4.651162790697675,
        3.7037037037037033,
        95.0,
        93.10344827586206,
        77.64705882352942,
        1.3333333333333335,
        56.14035087719298,
        69.44444444444444,
        95.0,
        92.3076923076923,
        100.0,
        97.22222222222221,
        90.66666666666666,
        97.59036144578313,
        85.8974358974359,
        97.01492537313433,
        39.130434782608695,
        39.436619718309856,
        21.73913043478261,
        93.33333333333333,
        63.793103448275865,
        75.0,
        65.625,
        50.0,
        89.70588235294117,
        86.15384615384616,
        72.88135593220339,
        32.83582089552239,
        100.0,
        84.90566037735849,
        63.63636363636363,
        61.33333333333333,
        82.92682926829268,
        100.0,
        86.27450980392157,
        42.42424242424242,
        74.02597402597402,
        97.72727272727273,
        60.317460317460316,
        40.74074074074074,
        83.33333333333334,
        59.32203389830508,
        100.0,
        94.11764705882352,
        4.477611940298507,
        32.098765432098766,
        39.62264150943396,
        91.83673469387756
    ],
    "Closed Set Accuracy": {
        "OA": 85.58641266926784,
        "AA": 84.931845998769,
        "Recall-all": [
            82.55813953488372,
            100.0,
            96.875,
            80.72289156626506,
            98.98989898989899,
            64.1025641025641,
            88.75,
            98.63013698630137,
            98.52941176470588,
            95.95959595959596,
            98.95833333333334,
            18.461538461538463,
            39.0625,
            86.8421052631579,
            94.52054794520548,
            77.41935483870968,
            94.11764705882352,
            48.837209302325576,
            29.629629629629626,
            98.33333333333333,
            98.27586206896551,
            84.70588235294117,
            60.0,
            71.9298245614035,
            75.0,
            98.33333333333333,
            98.07692307692307,
            100.0,
            100.0,
            90.66666666666666,
            100.0,
            92.3076923076923,
            97.01492537313433,
            65.21739130434783,
            56.33802816901409,
            67.3913043478261,
            96.66666666666667,
            86.20689655172413,
            94.11764705882352,
            85.9375,
            83.33333333333334,
            100.0,
            89.23076923076924,
            89.83050847457628,
            80.59701492537313,
            100.0,
            90.56603773584906,
            89.39393939393939,
            89.33333333333333,
            97.5609756097561,
            100.0,
            96.07843137254902,
            72.72727272727273,
            97.40259740259741,
            97.72727272727273,
            93.65079365079364,
            70.37037037037037,
            90.74074074074075,
            86.4406779661017,
            100.0,
            98.82352941176471,
            65.67164179104478,
            75.30864197530865,
            60.37735849056604,
            95.91836734693877
        ]
    },
    "OSR Accuracy": null
}