{
    "OA": 60.13252346769741,
    "AA": 58.32759908535311,
    "OOD": null,
    "NMI": null,
    "H-score": null,
    "H3-score": null,
    "Recall-all": [
        100.0,
        0.0,
        98.4375,
        2.4096385542168677,
        100.0,
        3.8461538461538463,
        50.0,
        97.26027397260275,
        97.05882352941177,
        96.96969696969697,
        100.0,
        0.0,
        20.3125,
        2.631578947368421,
        19.17808219178082,
        0.0,
        90.19607843137256,
        0.0,
        98.76543209876543,
        88.33333333333333,
        77.58620689655173,
        100.0,
        100.0,
        59.64912280701754,
        55.55555555555556
    ],
    "Closed Set Accuracy": {
        "OA": 83.48978464936499,
        "AA": 81.85728522842714,
        "Recall-all": [
            100.0,
            76.76767676767676,
            100.0,
            73.49397590361446,
            100.0,
            64.1025641025641,
            78.75,
            98.63013698630137,
            100.0,
            100.0,
            100.0,
            12.307692307692308,
            51.5625,
            61.8421052631579,
            73.97260273972603,
            54.83870967741935,
            96.07843137254902,
            46.51162790697674,
            100.0,
            98.33333333333333,
            98.27586206896551,
            100.0,
            100.0,
            85.96491228070175,
            75.0
        ]
    },
    "OSR Accuracy": null
}