{
    "OA": 65.48083543722744,
    "AA": 62.865553284525554,
    "OOD": null,
    "NMI": null,
    "H-score": null,
    "H3-score": null,
    "Recall-all": [
        97.67441860465115,
        100.0,
        93.75,
        95.18072289156626,
        98.98989898989899,
        23.076923076923077,
        43.75,
        97.26027397260275,
        94.11764705882352,
        93.93939393939394,
        100.0,
        0.0,
        18.75,
        6.578947368421052,
        26.027397260273972,
        1.6129032258064515,
        76.47058823529412,
        0.0,
        97.53086419753086,
        83.33333333333334,
        70.6896551724138,
        100.0,
        100.0,
        57.89473684210527,
        38.88888888888889,
        91.66666666666666,
        69.23076923076923,
        95.0,
        93.05555555555556,
        97.33333333333334,
        91.56626506024097,
        2.564102564102564,
        89.55223880597015,
        43.47826086956522,
        47.88732394366197,
        19.565217391304348,
        93.33333333333333,
        81.03448275862068,
        25.0,
        70.3125,
        60.0,
        20.588235294117645,
        69.23076923076923,
        30.508474576271187,
        16.417910447761194,
        96.15384615384616,
        24.528301886792452,
        71.21212121212122,
        88.0,
        90.2439024390244,
        93.5064935064935,
        72.54901960784314,
        15.151515151515152,
        11.688311688311687,
        100.0,
        9.523809523809524,
        93.82716049382715,
        64.81481481481481,
        27.11864406779661,
        98.78048780487805,
        77.64705882352942,
        10.44776119402985,
        86.41975308641975,
        60.37735849056604,
        71.42857142857143
    ],
    "Closed Set Accuracy": {
        "OA": 88.45535919210465,
        "AA": 87.59596059527352,
        "Recall-all": [
            98.83720930232558,
            100.0,
            100.0,
            97.59036144578313,
            100.0,
            67.94871794871796,
            76.25,
            98.63013698630137,
            100.0,
            100.0,
            100.0,
            16.923076923076923,
            45.3125,
            73.68421052631578,
            83.56164383561644,
            70.96774193548387,
            92.15686274509804,
            48.837209302325576,
            100.0,
            95.0,
            94.82758620689656,
            100.0,
            100.0,
            84.21052631578947,
            63.888888888888886,
            98.33333333333333,
            92.3076923076923,
            98.33333333333333,
            98.61111111111111,
            98.66666666666667,
            98.79518072289156,
            67.94871794871796,
            92.53731343283582,
            86.95652173913044,
            57.74647887323944,
            84.78260869565217,
            96.66666666666667,
            98.27586206896551,
            89.70588235294117,
            90.625,
            90.0,
            66.17647058823529,
            92.3076923076923,
            77.96610169491525,
            68.65671641791045,
            100.0,
            77.35849056603774,
            84.84848484848484,
            96.0,
            100.0,
            98.7012987012987,
            90.19607843137256,
            80.3030303030303,
            83.11688311688312,
            100.0,
            93.65079365079364,
            95.06172839506173,
            98.14814814814815,
            89.83050847457628,
            98.78048780487805,
            95.29411764705881,
            85.07462686567165,
            96.29629629629629,
            81.13207547169812,
            95.91836734693877
        ]
    },
    "OSR Accuracy": null
}