{
    "OA": 95.04482071713147,
    "AA": 86.85203476239705,
    "OOD": 97.11481261154074,
    "NMI": 89.52697933170055,
    "H-score": 91.12146927389176,
    "H3-score": 90.58502990834769,
    "Recall-all": [
        13.924050632911392,
        100.0,
        96.7741935483871,
        100.0,
        100.0,
        93.54838709677419,
        87.2340425531915,
        100.0,
        86.41975308641975,
        80.35714285714286,
        97.11481261154074
    ],
    "Closed Set Accuracy": {
        "OA": 90.97859327217125,
        "AA": 92.19162128479942,
        "Recall-all": [
            36.708860759493675,
            100.0,
            98.38709677419355,
            100.0,
            100.0,
            96.7741935483871,
            97.87234042553192,
            100.0,
            97.53086419753086,
            94.64285714285714
        ]
    },
    "OSR Accuracy": {
        "TNR": 40.749553837001784,
        "AUROC": 93.64847631470275,
        "DTACC": 91.27094146305079,
        "AUIN": 87.30739329201754,
        "AUOUT": 98.07889288886915,
        "OSCR": 88.11316712965652,
        "AUPR": 98.09437259519078
    }
}