{
    "OA": 39.94490358126722,
    "AA": 42.682040688247085,
    "OOD": null,
    "NMI": null,
    "H-score": null,
    "H3-score": null,
    "Recall-all": [
        85.13513513513513,
        70.73170731707317,
        85.18518518518519,
        15.0,
        14.666666666666666,
        2.0202020202020203,
        55.00000000000001,
        84.84848484848484,
        55.00000000000001,
        21.052631578947366,
        50.72463768115942,
        12.0,
        0.0,
        45.0,
        80.0,
        52.17391304347826,
        33.33333333333333,
        0.0,
        4.761904761904762,
        88.88888888888889,
        81.81818181818183,
        39.130434782608695,
        6.666666666666667,
        10.0,
        73.91304347826086
    ],
    "Closed Set Accuracy": {
        "OA": 70.15610651974288,
        "AA": 70.43905299831181,
        "Recall-all": [
            98.64864864864865,
            85.36585365853658,
            92.5925925925926,
            82.5,
            76.0,
            39.39393939393939,
            82.5,
            93.93939393939394,
            85.0,
            68.42105263157895,
            85.5072463768116,
            36.0,
            15.909090909090908,
            72.5,
            92.5,
            60.86956521739131,
            73.33333333333333,
            27.77777777777778,
            33.33333333333333,
            97.77777777777777,
            95.45454545454545,
            52.17391304347826,
            50.0,
            70.0,
            93.47826086956522
        ]
    },
    "OSR Accuracy": null
}