{
    "OA": 93.33183149357963,
    "AA": 82.97515491298373,
    "OOD": 96.9363474122546,
    "NMI": 89.52697933170055,
    "H-score": 88.87034611977327,
    "H3-score": 89.0894882965282,
    "Recall-all": [
        13.924050632911392,
        100.0,
        96.7741935483871,
        100.0,
        100.0,
        91.93548387096774,
        87.2340425531915,
        100.0,
        86.41975308641975,
        80.35714285714286,
        91.91919191919192,
        0.0,
        84.375,
        97.72727272727273,
        100.0,
        96.9363474122546
    ],
    "Closed Set Accuracy": {
        "OA": 91.73630454967501,
        "AA": 92.26868323357976,
        "Recall-all": [
            36.708860759493675,
            100.0,
            98.38709677419355,
            100.0,
            100.0,
            96.7741935483871,
            97.87234042553192,
            100.0,
            98.76543209876543,
            94.64285714285714,
            92.92929292929293,
            78.46153846153847,
            90.625,
            98.86363636363636,
            100.0
        ]
    },
    "OSR Accuracy": {
        "TNR": 51.070791195716836,
        "AUROC": 93.64247416507729,
        "DTACC": 90.12248147822874,
        "AUIN": 89.08168390220614,
        "AUOUT": 97.05267647376823,
        "OSCR": 88.11396088347678,
        "AUPR": 97.06844497911717
    }
}