{
    "OA": 94.40120512176752,
    "AA": 87.69592512484185,
    "OOD": 96.3855421686747,
    "NMI": 85.67668790964697,
    "H-score": 91.35640865808485,
    "H3-score": 89.38262651115787,
    "Recall-all": [
        72.09302325581395,
        100.0,
        96.875,
        80.72289156626506,
        89.8989898989899,
        62.82051282051282,
        77.5,
        95.8904109589041,
        98.52941176470588,
        93.93939393939394,
        96.3855421686747
    ],
    "Closed Set Accuracy": {
        "OA": 97.34620024125452,
        "AA": 97.36324584944647,
        "Recall-all": [
            88.37209302325581,
            100.0,
            100.0,
            95.18072289156626,
            100.0,
            93.58974358974359,
            97.5,
            100.0,
            100.0,
            98.98989898989899
        ]
    },
    "OSR Accuracy": {
        "TNR": 85.73240329740013,
        "AUROC": 96.87600634268392,
        "DTACC": 92.73392854001237,
        "AUIN": 91.45621389919809,
        "AUOUT": 98.94619697382112,
        "OSCR": 94.51010186387116,
        "AUPR": 98.96237360439196
    }
}