{
    "OA": 48.74330449114132,
    "AA": 45.584973316614374,
    "OOD": null,
    "NMI": null,
    "H-score": null,
    "H3-score": null,
    "Recall-all": [
        93.24324324324324,
        70.73170731707317,
        74.07407407407408,
        25.0,
        94.66666666666667,
        2.0202020202020203,
        25.0,
        96.96969696969697,
        60.0,
        88.1578947368421,
        15.942028985507244,
        4.0,
        2.272727272727273,
        0.0,
        60.0,
        17.391304347826086,
        33.33333333333333,
        0.0,
        76.19047619047619,
        64.44444444444444,
        63.63636363636363,
        97.82608695652173,
        93.33333333333333,
        20.0,
        0.0,
        57.49999999999999,
        27.500000000000004,
        0.0,
        89.13043478260869,
        77.77777777777779,
        90.27777777777779,
        30.612244897959183,
        33.33333333333333,
        0.0,
        7.142857142857142,
        12.5,
        72.22222222222221,
        93.87755102040816,
        71.42857142857143,
        40.0,
        42.10526315789473,
        15.789473684210526,
        30.0,
        11.538461538461538,
        0.0,
        50.0,
        16.666666666666664,
        85.1063829787234,
        46.93877551020408,
        40.0,
        60.0,
        6.666666666666667,
        19.047619047619047,
        39.02439024390244,
        97.82608695652173,
        7.5,
        80.0,
        6.521739130434782,
        25.0,
        86.36363636363636,
        86.04651162790698,
        0.0,
        38.095238095238095,
        97.5,
        93.75
    ],
    "Closed Set Accuracy": {
        "OA": 81.45859085290482,
        "AA": 80.24559237052328,
        "Recall-all": [
            97.2972972972973,
            97.5609756097561,
            92.5925925925926,
            95.0,
            100.0,
            49.494949494949495,
            60.0,
            96.96969696969697,
            95.0,
            96.05263157894737,
            76.81159420289855,
            48.0,
            27.27272727272727,
            77.5,
            90.0,
            60.86956521739131,
            66.66666666666666,
            11.11111111111111,
            95.23809523809523,
            84.44444444444444,
            90.9090909090909,
            100.0,
            100.0,
            75.0,
            54.347826086956516,
            97.5,
            67.5,
            75.9493670886076,
            100.0,
            100.0,
            98.61111111111111,
            63.26530612244898,
            60.78431372549019,
            25.0,
            19.047619047619047,
            68.75,
            100.0,
            100.0,
            95.23809523809523,
            95.0,
            84.21052631578947,
            57.89473684210527,
            45.0,
            73.07692307692307,
            68.42105263157895,
            77.77777777777779,
            83.33333333333334,
            97.87234042553192,
            87.75510204081633,
            80.0,
            95.0,
            50.0,
            88.09523809523809,
            90.2439024390244,
            100.0,
            85.0,
            90.0,
            89.13043478260869,
            100.0,
            95.45454545454545,
            97.67441860465115,
            80.0,
            95.23809523809523,
            100.0,
            100.0
        ]
    },
    "OSR Accuracy": null
}