{
    "OA": 90.90086011770032,
    "AA": 78.83627284956941,
    "OOD": 96.55581947743468,
    "NMI": 79.5752660430883,
    "H-score": 85.71546638964512,
    "H3-score": 83.5674082324708,
    "Recall-all": [
        93.24324324324324,
        75.60975609756098,
        85.18518518518519,
        85.0,
        84.0,
        19.19191919191919,
        75.0,
        93.93939393939394,
        70.0,
        89.47368421052632,
        96.55581947743468
    ],
    "Closed Set Accuracy": {
        "OA": 90.47619047619048,
        "AA": 93.09850862065241,
        "Recall-all": [
            100.0,
            90.2439024390244,
            92.5925925925926,
            97.5,
            100.0,
            62.62626262626263,
            95.0,
            96.96969696969697,
            100.0,
            96.05263157894737
        ]
    },
    "OSR Accuracy": {
        "TNR": 47.03087885985748,
        "AUROC": 92.3206650831354,
        "DTACC": 85.85505033367266,
        "AUIN": 87.04774510223419,
        "AUOUT": 96.32839173728657,
        "OSCR": 82.91267956113492,
        "AUPR": 96.36395573243885
    }
}