{
    "OA": 31.82089552238806,
    "AA": 35.07767590799785,
    "OOD": null,
    "NMI": null,
    "H-score": null,
    "H3-score": null,
    "Recall-all": [
        0.0,
        69.64285714285714,
        40.625,
        26.53061224489796,
        61.61616161616161,
        5.05050505050505,
        41.0958904109589,
        93.47826086956522,
        42.30769230769231,
        3.0303030303030303,
        28.28282828282828,
        2.5,
        18.181818181818183,
        76.5625,
        2.380952380952381,
        26.82926829268293,
        60.416666666666664,
        7.5,
        0.0,
        26.0,
        90.0,
        95.0,
        9.090909090909092,
        0.0,
        50.81967213114754
    ],
    "Closed Set Accuracy": {
        "OA": 56.00000000000001,
        "AA": 58.88852371151536,
        "Recall-all": [
            43.333333333333336,
            87.5,
            56.25,
            62.244897959183675,
            85.85858585858585,
            25.252525252525253,
            69.86301369863014,
            95.65217391304348,
            66.66666666666666,
            17.17171717171717,
            70.70707070707071,
            30.0,
            22.22222222222222,
            85.9375,
            30.952380952380953,
            56.09756097560976,
            77.08333333333334,
            32.5,
            73.17073170731707,
            40.0,
            100.0,
            97.5,
            45.45454545454545,
            30.303030303030305,
            70.49180327868852
        ]
    },
    "OSR Accuracy": null
}