{
    "OA": 89.31643277501131,
    "AA": 71.04946310613634,
    "OOD": 97.80285035629454,
    "NMI": 79.5752660430883,
    "H-score": 80.48219706198859,
    "H3-score": 80.17893964778007,
    "Recall-all": [
        95.94594594594594,
        60.97560975609756,
        85.18518518518519,
        72.5,
        58.666666666666664,
        4.040404040404041,
        60.0,
        84.84848484848484,
        80.0,
        81.57894736842105,
        97.80285035629454
    ],
    "Closed Set Accuracy": {
        "OA": 83.42857142857143,
        "AA": 88.10528995561089,
        "Recall-all": [
            100.0,
            85.36585365853658,
            96.29629629629629,
            97.5,
            90.66666666666666,
            39.39393939393939,
            92.5,
            90.9090909090909,
            95.0,
            93.42105263157895
        ]
    },
    "OSR Accuracy": {
        "TNR": 30.641330166270787,
        "AUROC": 88.44689514760775,
        "DTACC": 82.54965501640086,
        "AUIN": 81.830177399265,
        "AUOUT": 94.6387836643249,
        "OSCR": 72.2283678316932,
        "AUPR": 94.67258971646635
    }
}