{
    "OA": 17.492537313432834,
    "AA": 21.97863385637062,
    "OOD": null,
    "NMI": null,
    "H-score": null,
    "H3-score": null,
    "Recall-all": [
        1.6666666666666667,
        0.0,
        0.0,
        0.0,
        1.0101010101010102,
        1.0101010101010102,
        32.87671232876712,
        93.47826086956522,
        87.17948717948718,
        0.0,
        1.0101010101010102,
        0.0,
        2.0202020202020203,
        0.0,
        0.0,
        7.317073170731707,
        56.25,
        0.0,
        78.04878048780488,
        36.0,
        2.5,
        95.0,
        0.0,
        0.0,
        54.09836065573771
    ],
    "Closed Set Accuracy": {
        "OA": 61.61194029850746,
        "AA": 64.56279153540962,
        "Recall-all": [
            38.333333333333336,
            69.64285714285714,
            62.5,
            42.857142857142854,
            61.61616161616161,
            45.45454545454545,
            64.38356164383562,
            100.0,
            97.43589743589743,
            47.474747474747474,
            68.68686868686868,
            70.0,
            41.41414141414141,
            56.25,
            73.80952380952381,
            41.46341463414634,
            77.08333333333334,
            30.0,
            95.1219512195122,
            80.0,
            75.0,
            100.0,
            55.55555555555556,
            49.494949494949495,
            70.49180327868852
        ]
    },
    "OSR Accuracy": null
}