{
    "OA": 31.775486827033216,
    "AA": 35.178520827003204,
    "OOD": null,
    "NMI": null,
    "H-score": null,
    "H3-score": null,
    "Recall-all": [
        1.6666666666666667,
        3.571428571428571,
        71.875,
        0.0,
        91.91919191919192,
        1.0101010101010102,
        30.136986301369863,
        89.13043478260869,
        87.17948717948718,
        1.0101010101010102,
        1.0101010101010102,
        0.0,
        3.0303030303030303,
        0.0,
        0.0,
        7.317073170731707,
        54.166666666666664,
        0.0,
        78.04878048780488,
        60.0,
        47.5,
        95.0,
        3.0303030303030303,
        0.0,
        52.459016393442624,
        71.15384615384616,
        63.63636363636363,
        7.246376811594203,
        95.0,
        70.70707070707071,
        54.71698113207547,
        0.0,
        0.0,
        0.0,
        1.0101010101010102,
        42.5,
        14.473684210526317,
        74.74747474747475,
        15.66265060240964,
        72.5,
        70.58823529411765,
        55.00000000000001,
        6.0606060606060606,
        2.0202020202020203,
        0.0,
        0.0,
        42.5,
        69.56521739130434,
        65.0,
        56.71641791044776,
        88.88888888888889,
        24.0,
        7.142857142857142,
        0.0,
        93.02325581395348,
        13.114754098360656,
        2.2222222222222223,
        31.666666666666664,
        38.75,
        67.67676767676768,
        66.66666666666666,
        0.0,
        73.58490566037736,
        0.0,
        50.0
    ],
    "Closed Set Accuracy": {
        "OA": 69.66781214203894,
        "AA": 70.81947231355076,
        "Recall-all": [
            50.0,
            89.28571428571429,
            85.9375,
            53.06122448979592,
            96.96969696969697,
            58.58585858585859,
            61.64383561643836,
            100.0,
            98.71794871794873,
            57.57575757575758,
            80.8080808080808,
            70.0,
            49.494949494949495,
            65.625,
            78.57142857142857,
            39.02439024390244,
            79.16666666666666,
            30.0,
            97.5609756097561,
            86.0,
            97.5,
            100.0,
            77.77777777777779,
            56.56565656565656,
            65.57377049180327,
            94.23076923076923,
            92.92929292929293,
            66.66666666666666,
            97.5,
            83.83838383838383,
            75.47169811320755,
            37.5,
            47.474747474747474,
            40.845070422535215,
            34.34343434343434,
            75.0,
            78.94736842105263,
            96.96969696969697,
            71.08433734939759,
            85.0,
            86.27450980392157,
            75.0,
            59.59595959595959,
            58.58585858585859,
            21.951219512195124,
            42.5287356321839,
            90.0,
            84.78260869565217,
            72.5,
            85.07462686567165,
            95.95959595959596,
            52.0,
            64.28571428571429,
            54.761904761904766,
            100.0,
            42.62295081967213,
            48.888888888888886,
            40.0,
            80.0,
            84.84848484848484,
            76.92307692307693,
            60.60606060606061,
            86.79245283018868,
            53.535353535353536,
            82.5
        ]
    },
    "OSR Accuracy": null
}