{
    "OA": 83.39513803049032,
    "AA": 58.081934455133556,
    "OOD": 97.38717339667458,
    "NMI": 79.5752660430883,
    "H-score": 70.6739358156964,
    "H3-score": 73.41259735227248,
    "Recall-all": [
        91.8918918918919,
        63.41463414634146,
        85.18518518518519,
        87.5,
        61.33333333333333,
        5.05050505050505,
        60.0,
        81.81818181818183,
        85.0,
        82.89473684210526,
        20.28985507246377,
        48.0,
        4.545454545454546,
        35.0,
        20.0,
        97.38717339667458
    ],
    "Closed Set Accuracy": {
        "OA": 78.06191117092867,
        "AA": 82.22838621482181,
        "Recall-all": [
            98.64864864864865,
            87.8048780487805,
            96.29629629629629,
            97.5,
            88.0,
            34.34343434343434,
            95.0,
            87.87878787878788,
            100.0,
            92.10526315789474,
            66.66666666666666,
            96.0,
            43.18181818181818,
            72.5,
            77.5
        ]
    },
    "OSR Accuracy": {
        "TNR": 33.66983372921615,
        "AUROC": 86.6418320796156,
        "DTACC": 79.93565438950394,
        "AUIN": 81.19153034640782,
        "AUOUT": 91.7064216517393,
        "OSCR": 65.70709040514353,
        "AUPR": 91.74285455454068
    }
}