{
    "OA": 85.99093531108363,
    "AA": 60.88776424177074,
    "OOD": 99.22802850356295,
    "NMI": 69.55331038381244,
    "H-score": 73.47189314094965,
    "H3-score": 72.11888669048622,
    "Recall-all": [
        95.94594594594594,
        70.73170731707317,
        88.88888888888889,
        60.0,
        97.33333333333334,
        1.0101010101010102,
        45.0,
        96.96969696969697,
        100.0,
        94.73684210526315,
        26.08695652173913,
        36.0,
        2.272727272727273,
        12.5,
        47.5,
        99.22802850356295
    ],
    "Closed Set Accuracy": {
        "OA": 85.86810228802153,
        "AA": 88.13631817796578,
        "Recall-all": [
            100.0,
            100.0,
            100.0,
            92.5,
            100.0,
            52.52525252525253,
            87.5,
            96.96969696969697,
            100.0,
            98.68421052631578,
            86.95652173913044,
            96.0,
            40.909090909090914,
            75.0,
            95.0
        ]
    },
    "OSR Accuracy": {
        "TNR": 42.517814726840854,
        "AUROC": 89.78318622263853,
        "DTACC": 83.23545490292612,
        "AUIN": 86.47500597376437,
        "AUOUT": 93.47343107203008,
        "OSCR": 75.78755638532849,
        "AUPR": 93.50994373792602
    }
}