{
    "OA": 75.63025210084034,
    "AA": 77.25985183464965,
    "OOD": null,
    "NMI": null,
    "H-score": null,
    "H3-score": null,
    "Recall-all": [
        97.46835443037975,
        100.0,
        98.38709677419355,
        100.0,
        100.0,
        8.064516129032258,
        87.2340425531915,
        98.76543209876543,
        79.01234567901234,
        94.64285714285714,
        32.323232323232325,
        44.61538461538462,
        19.791666666666664,
        97.72727272727273,
        100.0,
        96.3855421686747,
        100.0,
        65.85365853658537,
        65.67164179104478,
        74.13793103448276,
        88.73239436619718,
        100.0,
        0.0,
        90.0,
        92.6829268292683
    ],
    "Closed Set Accuracy": {
        "OA": 90.58823529411765,
        "AA": 90.35406478529917,
        "Recall-all": [
            98.73417721518987,
            100.0,
            100.0,
            100.0,
            100.0,
            69.35483870967742,
            97.87234042553192,
            98.76543209876543,
            91.35802469135803,
            96.42857142857143,
            94.94949494949495,
            52.307692307692314,
            59.375,
            97.72727272727273,
            100.0,
            97.59036144578313,
            100.0,
            65.85365853658537,
            89.55223880597015,
            86.20689655172413,
            94.36619718309859,
            100.0,
            84.61538461538461,
            91.11111111111111,
            92.6829268292683
        ]
    },
    "OSR Accuracy": null
}