{
    "OA": 84.03207331042383,
    "AA": 70.91713729101842,
    "OOD": 88.48876577408433,
    "NMI": 77.23622512560259,
    "H-score": 78.0066675044827,
    "H3-score": 77.74948699229255,
    "Recall-all": [
        65.0,
        92.85714285714286,
        45.3125,
        77.55102040816327,
        91.91919191919192,
        47.474747474747474,
        60.273972602739725,
        95.65217391304348,
        47.43589743589743,
        71.71717171717171,
        87.87878787878788,
        2.5,
        81.81818181818183,
        85.9375,
        92.85714285714286,
        88.48876577408433
    ],
    "Closed Set Accuracy": {
        "OA": 86.20071684587813,
        "AA": 85.07762547121645,
        "Recall-all": [
            85.0,
            100.0,
            59.375,
            87.75510204081633,
            97.97979797979798,
            88.88888888888889,
            90.41095890410958,
            100.0,
            67.94871794871796,
            83.83838383838383,
            91.91919191919192,
            45.0,
            92.92929292929293,
            87.5,
            97.61904761904762
        ]
    },
    "OSR Accuracy": {
        "TNR": 51.49276700523237,
        "AUROC": 88.011089157844,
        "DTACC": 83.52433503112621,
        "AUIN": 68.64296166388868,
        "AUOUT": 94.95214457177431,
        "OSCR": 75.87338701403581,
        "AUPR": 94.96908752189375
    }
}