{
    "OA": 87.86781349026708,
    "AA": 82.92452621885889,
    "OOD": 91.270783847981,
    "NMI": 69.55331038381244,
    "H-score": 86.43674166757319,
    "H3-score": 79.96766993470331,
    "Recall-all": [
        95.94594594594594,
        68.29268292682927,
        92.5925925925926,
        87.5,
        97.33333333333334,
        21.21212121212121,
        65.0,
        96.96969696969697,
        100.0,
        96.05263157894737,
        91.270783847981
    ],
    "Closed Set Accuracy": {
        "OA": 93.9047619047619,
        "AA": 96.14724588633446,
        "Recall-all": [
            100.0,
            97.5609756097561,
            100.0,
            97.5,
            100.0,
            72.72727272727273,
            95.0,
            100.0,
            100.0,
            98.68421052631578
        ]
    },
    "OSR Accuracy": {
        "TNR": 57.1852731591449,
        "AUROC": 91.83565207555708,
        "DTACC": 85.65450740866419,
        "AUIN": 81.85425950654933,
        "AUOUT": 96.87545729531563,
        "OSCR": 85.84215586472133,
        "AUPR": 96.9066108454307
    }
}