{
    "OA": 83.91752577319588,
    "AA": 70.76187984492154,
    "OOD": 88.33487226839027,
    "NMI": 77.23622512560259,
    "H-score": 77.84970022913767,
    "H3-score": 77.64546481465904,
    "Recall-all": [
        65.0,
        92.85714285714286,
        46.875,
        77.55102040816327,
        90.9090909090909,
        47.474747474747474,
        60.273972602739725,
        91.30434782608695,
        51.28205128205128,
        72.72727272727273,
        87.87878787878788,
        2.5,
        80.8080808080808,
        85.9375,
        90.47619047619048,
        88.33487226839027
    ],
    "Closed Set Accuracy": {
        "OA": 87.27598566308244,
        "AA": 86.28480222303607,
        "Recall-all": [
            85.0,
            100.0,
            64.0625,
            86.73469387755102,
            96.96969696969697,
            88.88888888888889,
            90.41095890410958,
            100.0,
            74.35897435897436,
            89.8989898989899,
            91.91919191919192,
            50.0,
            90.9090909090909,
            87.5,
            97.61904761904762
        ]
    },
    "OSR Accuracy": {
        "TNR": 51.12342259156664,
        "AUROC": 88.33376908913799,
        "DTACC": 83.78632631380376,
        "AUIN": 69.12687576826436,
        "AUOUT": 95.25929641437111,
        "OSCR": 77.11995198963923,
        "AUPR": 95.27597626926807
    }
}