{
    "OA": 85.58233836449651,
    "AA": 86.61260334381825,
    "OOD": null,
    "NMI": null,
    "H-score": null,
    "H3-score": null,
    "Recall-all": [
        96.20253164556962,
        100.0,
        91.93548387096774,
        100.0,
        100.0,
        64.51612903225806,
        87.2340425531915,
        97.53086419753086,
        76.5432098765432,
        94.64285714285714,
        85.85858585858585,
        44.61538461538462,
        16.666666666666664,
        97.72727272727273,
        100.0,
        95.18072289156626,
        100.0,
        65.85365853658537,
        97.01492537313433,
        72.41379310344827,
        90.14084507042254,
        88.88888888888889,
        6.593406593406594,
        51.11111111111111,
        90.2439024390244,
        100.0,
        98.24561403508771,
        96.66666666666667,
        100.0,
        95.95959595959596,
        100.0,
        92.5925925925926,
        81.81818181818183,
        83.92857142857143,
        48.97959183673469,
        94.44444444444444,
        98.95833333333334,
        85.36585365853658,
        93.54838709677419,
        100.0,
        97.14285714285714,
        100.0,
        68.33333333333333,
        77.5,
        94.73684210526315,
        98.98989898989899,
        90.69767441860465,
        83.72093023255815,
        100.0,
        100.0,
        97.97979797979798,
        95.0,
        91.83673469387756,
        97.82608695652173,
        100.0,
        95.34883720930233,
        93.93939393939394,
        97.87234042553192,
        95.0,
        98.27586206896551,
        100.0,
        68.88888888888889,
        91.39784946236558,
        21.052631578947366,
        92.85714285714286
    ],
    "Closed Set Accuracy": {
        "OA": 91.95764811894571,
        "AA": 92.29043935571396,
        "Recall-all": [
            98.73417721518987,
            100.0,
            91.93548387096774,
            100.0,
            100.0,
            95.16129032258065,
            95.74468085106383,
            98.76543209876543,
            90.12345679012346,
            96.42857142857143,
            93.93939393939394,
            50.76923076923077,
            56.25,
            97.72727272727273,
            100.0,
            96.3855421686747,
            100.0,
            65.85365853658537,
            97.01492537313433,
            84.48275862068965,
            92.95774647887323,
            88.88888888888889,
            95.6043956043956,
            53.333333333333336,
            90.2439024390244,
            100.0,
            98.24561403508771,
            97.77777777777777,
            100.0,
            96.96969696969697,
            100.0,
            96.29629629629629,
            87.87878787878788,
            89.28571428571429,
            73.46938775510205,
            100.0,
            98.95833333333334,
            92.6829268292683,
            96.7741935483871,
            100.0,
            100.0,
            100.0,
            70.0,
            95.0,
            100.0,
            100.0,
            93.02325581395348,
            88.37209302325581,
            100.0,
            100.0,
            100.0,
            95.0,
            91.83673469387756,
            100.0,
            100.0,
            95.34883720930233,
            98.98989898989899,
            100.0,
            98.33333333333333,
            98.27586206896551,
            100.0,
            86.66666666666667,
            98.9247311827957,
            35.526315789473685,
            94.89795918367348
        ]
    },
    "OSR Accuracy": null
}