{
    "OA": 56.65748393021121,
    "AA": 57.920483609872456,
    "OOD": null,
    "NMI": null,
    "H-score": null,
    "H3-score": null,
    "Recall-all": [
        94.5945945945946,
        60.97560975609756,
        85.18518518518519,
        65.0,
        12.0,
        5.05050505050505,
        40.0,
        96.96969696969697,
        95.0,
        89.47368421052632,
        21.73913043478261,
        12.0,
        9.090909090909092,
        40.0,
        62.5,
        21.73913043478261,
        33.33333333333333,
        27.77777777777778,
        85.71428571428571,
        86.66666666666667,
        63.63636363636363,
        97.82608695652173,
        90.0,
        80.0,
        71.73913043478261
    ],
    "Closed Set Accuracy": {
        "OA": 80.25711662075298,
        "AA": 81.73801499338363,
        "Recall-all": [
            97.2972972972973,
            85.36585365853658,
            96.29629629629629,
            97.5,
            69.33333333333334,
            39.39393939393939,
            80.0,
            96.96969696969697,
            100.0,
            96.05263157894737,
            49.275362318840585,
            56.00000000000001,
            56.81818181818182,
            90.0,
            92.5,
            47.82608695652174,
            73.33333333333333,
            50.0,
            100.0,
            88.88888888888889,
            95.45454545454545,
            100.0,
            96.66666666666667,
            95.0,
            93.47826086956522
        ]
    },
    "OSR Accuracy": null
}