{
    "OA": 71.03641456582633,
    "AA": 74.44061600781114,
    "OOD": null,
    "NMI": null,
    "H-score": null,
    "H3-score": null,
    "Recall-all": [
        97.46835443037975,
        98.98989898989899,
        91.93548387096774,
        100.0,
        100.0,
        12.903225806451612,
        87.2340425531915,
        100.0,
        97.53086419753086,
        92.85714285714286,
        9.090909090909092,
        36.92307692307693,
        1.0416666666666665,
        98.86363636363636,
        97.33333333333334,
        96.3855421686747,
        98.50746268656717,
        82.92682926829268,
        65.67164179104478,
        96.55172413793103,
        95.77464788732394,
        95.95959595959596,
        5.4945054945054945,
        8.88888888888889,
        92.6829268292683
    ],
    "Closed Set Accuracy": {
        "OA": 84.36974789915966,
        "AA": 86.96017349322078,
        "Recall-all": [
            100.0,
            100.0,
            96.7741935483871,
            100.0,
            100.0,
            69.35483870967742,
            100.0,
            100.0,
            98.76543209876543,
            96.42857142857143,
            56.56565656565656,
            73.84615384615385,
            31.25,
            98.86363636363636,
            100.0,
            97.59036144578313,
            100.0,
            95.1219512195122,
            91.04477611940298,
            96.55172413793103,
            100.0,
            98.98989898989899,
            42.857142857142854,
            30.0,
            100.0
        ]
    },
    "OSR Accuracy": null
}