{
    "OA": 69.6332921302019,
    "AA": 68.41314429210729,
    "OOD": null,
    "NMI": null,
    "H-score": null,
    "H3-score": null,
    "Recall-all": [
        93.24324324324324,
        60.97560975609756,
        85.18518518518519,
        90.0,
        84.0,
        18.181818181818183,
        72.5,
        81.81818181818183,
        55.00000000000001,
        81.57894736842105,
        59.42028985507246,
        52.0,
        22.727272727272727,
        80.0,
        82.5,
        52.17391304347826,
        53.333333333333336,
        44.44444444444444,
        71.42857142857143,
        88.88888888888889,
        90.9090909090909,
        95.65217391304348,
        38.88888888888889,
        95.0,
        69.56521739130434,
        75.0,
        17.5,
        92.40506329113924,
        95.65217391304348,
        72.22222222222221,
        88.88888888888889,
        83.6734693877551,
        58.82352941176471,
        30.0,
        23.809523809523807,
        18.75,
        66.66666666666666,
        85.71428571428571,
        61.904761904761905,
        80.0,
        42.10526315789473,
        73.68421052631578,
        40.0,
        53.84615384615385,
        68.42105263157895,
        44.44444444444444,
        91.66666666666666,
        93.61702127659575,
        73.46938775510205,
        33.33333333333333,
        90.0,
        86.66666666666667,
        59.523809523809526,
        70.73170731707317,
        97.82608695652173,
        87.5,
        90.0,
        78.26086956521739,
        56.25,
        84.0909090909091,
        88.37209302325581,
        45.0,
        47.61904761904761,
        92.5,
        87.5
    ],
    "Closed Set Accuracy": {
        "OA": 83.51874742480429,
        "AA": 81.61299329888082,
        "Recall-all": [
            98.64864864864865,
            73.17073170731707,
            88.88888888888889,
            97.5,
            98.66666666666667,
            54.54545454545454,
            87.5,
            84.84848484848484,
            85.0,
            93.42105263157895,
            82.6086956521739,
            60.0,
            40.909090909090914,
            92.5,
            95.0,
            60.86956521739131,
            73.33333333333333,
            50.0,
            95.23809523809523,
            93.33333333333333,
            90.9090909090909,
            97.82608695652173,
            92.22222222222223,
            100.0,
            78.26086956521739,
            87.5,
            45.0,
            98.73417721518987,
            95.65217391304348,
            83.33333333333334,
            98.61111111111111,
            89.79591836734694,
            66.66666666666666,
            45.0,
            38.095238095238095,
            43.75,
            88.88888888888889,
            100.0,
            90.47619047619048,
            90.0,
            68.42105263157895,
            84.21052631578947,
            55.00000000000001,
            65.38461538461539,
            84.21052631578947,
            66.66666666666666,
            91.66666666666666,
            100.0,
            89.79591836734694,
            60.0,
            95.0,
            86.66666666666667,
            80.95238095238095,
            82.92682926829268,
            97.82608695652173,
            87.5,
            100.0,
            95.65217391304348,
            87.5,
            93.18181818181817,
            90.69767441860465,
            80.0,
            52.38095238095239,
            95.0,
            87.5
        ]
    },
    "OSR Accuracy": null
}