{
    "OA": 85.67879080681897,
    "AA": 90.40118156729876,
    "OOD": null,
    "NMI": null,
    "H-score": null,
    "H3-score": null,
    "Recall-all": [
        99.23203510696655,
        91.53956834532374,
        91.1727078891258,
        69.29141428708778,
        98.5930505222767,
        92.57831325301204
    ],
    "Closed Set Accuracy": {
        "OA": 91.22437711367243,
        "AA": 94.58011193714985,
        "Recall-all": [
            99.56116291826659,
            95.33812949640289,
            93.60341151385929,
            80.5980194212095,
            99.48838200810061,
            98.89156626506023
        ]
    },
    "OSR Accuracy": null
}