{
    "OA": 90.56224899598394,
    "AA": 96.45605616280105,
    "OOD": 87.68328445747801,
    "NMI": 90.60205858321484,
    "H-score": 92.25614788220507,
    "H3-score": 91.69944496120193,
    "Recall-all": [
        100.0,
        100.0,
        100.0,
        100.0,
        90.0,
        83.33333333333334,
        100.0,
        100.0,
        100.0,
        100.0,
        87.68328445747801
    ],
    "Closed Set Accuracy": {
        "OA": 99.36305732484077,
        "AA": 99.0,
        "Recall-all": [
            100.0,
            100.0,
            100.0,
            100.0,
            90.0,
            100.0,
            100.0,
            100.0,
            100.0,
            100.0
        ]
    },
    "OSR Accuracy": {
        "TNR": 94.72140762463343,
        "AUROC": 99.24164596447316,
        "DTACC": 96.3501877206418,
        "AUIN": 98.36692435811796,
        "AUOUT": 99.48711471302346,
        "OSCR": 98.59256215327682,
        "AUPR": 99.63430763079631
    }
}