{
    "OA": 74.822695035461,
    "AA": 58.21039327105498,
    "OOD": 100.0,
    "NMI": 96.3557371233247,
    "H-score": 70.15591675957957,
    "H3-score": 77.14976980001299,
    "UCR": 92.35271879528709,
    "Recall-all": [
        79.3103448275862,
        61.904761904761905,
        83.87096774193549,
        81.48148148148148,
        0.0,
        0.0,
        9.30232558139535,
        93.33333333333333,
        77.77777777777779,
        53.333333333333336,
        100.0
    ],
    "Closed Set Accuracy": {
        "OA": 97.96610169491525,
        "AA": 98.40310077519379,
        "Recall-all": [
            100.0,
            100.0,
            100.0,
            100.0,
            100.0,
            100.0,
            90.69767441860465,
            100.0,
            100.0,
            93.33333333333333
        ]
    },
    "OSR Accuracy": {
        "TNR": 62.0817843866171,
        "AUROC": 94.41875118140004,
        "DTACC": 88.37124314787978,
        "AUIN": 95.83876247167106,
        "AUOUT": 91.73669727565287,
        "OSCR": 92.35271879528709,
        "AUPR": 91.94973922983054
    }
}