{
    "OA": 26.440677966101696,
    "AA": 28.233057306472208,
    "OOD": null,
    "NMI": null,
    "H-score": null,
    "H3-score": null,
    "Recall-all": [
        44.827586206896555,
        33.33333333333333,
        19.35483870967742,
        66.66666666666666,
        0.0,
        0.0,
        0.0,
        46.666666666666664,
        48.148148148148145,
        23.333333333333332
    ],
    "Closed Set Accuracy": {
        "OA": 97.6271186440678,
        "AA": 97.96899224806201,
        "Recall-all": [
            100.0,
            100.0,
            100.0,
            100.0,
            100.0,
            96.66666666666667,
            93.02325581395348,
            100.0,
            100.0,
            90.0
        ]
    },
    "OSR Accuracy": null
}