{
    "OA": 30.522088353413658,
    "AA": 31.608945240465854,
    "OOD": null,
    "NMI": null,
    "H-score": null,
    "H3-score": null,
    "UCR": 93.37349397590361,
    "Recall-all": [
        66.66666666666666,
        23.809523809523807,
        58.333333333333336,
        61.53846153846154,
        0.0,
        0.0,
        13.636363636363635,
        66.66666666666666,
        75.0,
        30.434782608695656,
        95.83333333333334,
        0.0,
        0.0,
        69.23076923076923,
        7.142857142857142,
        0.0,
        60.0,
        0.0,
        12.903225806451612,
        10.0,
        30.0,
        7.6923076923076925,
        26.666666666666668,
        0.0,
        60.0,
        0.0,
        100.0,
        3.8461538461538463,
        23.809523809523807,
        50.0,
        26.666666666666668
    ],
    "Closed Set Accuracy": {
        "OA": 93.37349397590361,
        "AA": 93.68693134822166,
        "Recall-all": [
            100.0,
            100.0,
            100.0,
            100.0,
            90.0,
            79.16666666666666,
            100.0,
            100.0,
            100.0,
            100.0,
            100.0,
            75.0,
            100.0,
            100.0,
            100.0,
            100.0,
            100.0,
            75.0,
            100.0,
            90.0,
            100.0,
            100.0,
            100.0,
            16.666666666666664,
            90.0,
            100.0,
            100.0,
            88.46153846153845,
            100.0,
            100.0,
            100.0
        ]
    },
    "OSR Accuracy": null
}