{
    "OA": 79.81927710843374,
    "AA": 66.96337588630078,
    "OOD": 100.0,
    "NMI": 91.81140996566323,
    "H-score": 77.79474025656387,
    "H3-score": 81.96732759835696,
    "Recall-all": [
        83.33333333333334,
        76.19047619047619,
        100.0,
        69.23076923076923,
        10.0,
        4.166666666666666,
        54.54545454545454,
        100.0,
        100.0,
        39.130434782608695,
        100.0
    ],
    "Closed Set Accuracy": {
        "OA": 96.17834394904459,
        "AA": 96.91666666666666,
        "Recall-all": [
            100.0,
            100.0,
            100.0,
            100.0,
            90.0,
            79.16666666666666,
            100.0,
            100.0,
            100.0,
            100.0
        ]
    },
    "OSR Accuracy": {
        "TNR": 65.71428571428571,
        "AUROC": 95.75614194722475,
        "DTACC": 92.90445859872611,
        "AUIN": 96.55589069406912,
        "AUOUT": 93.97910150601894,
        "OSCR": 91.90172884440403,
        "AUPR": 94.29550510457119
    }
}