{
    "OA": 92.70440251572327,
    "AA": 85.7590978552719,
    "OOD": 98.6,
    "NMI": 91.59239872145888,
    "H-score": 90.99210607350598,
    "H3-score": 91.19266421606275,
    "Recall-all": [
        100.0,
        100.0,
        96.7741935483871,
        96.29629629629629,
        88.88888888888889,
        10.0,
        62.7906976744186,
        100.0,
        100.0,
        90.0,
        98.6
    ],
    "Closed Set Accuracy": {
        "OA": 98.64406779661017,
        "AA": 98.66666666666667,
        "Recall-all": [
            100.0,
            100.0,
            100.0,
            100.0,
            100.0,
            86.66666666666667,
            100.0,
            100.0,
            100.0,
            100.0
        ]
    },
    "OSR Accuracy": {
        "TNR": 75.4,
        "AUROC": 96.63932203389831,
        "DTACC": 93.89322033898306,
        "AUIN": 96.25701280306174,
        "AUOUT": 96.95774269743404,
        "OSCR": 95.27016949152569,
        "AUPR": 97.0639009639587
    }
}