{
    "OA": 39.97160099396521,
    "AA": 38.9724048230253,
    "OOD": null,
    "NMI": null,
    "H-score": null,
    "H3-score": null,
    "Recall-all": [
        4.3478260869565215,
        1.2195121951219512,
        89.36170212765957,
        85.85858585858585,
        69.0,
        14.000000000000002,
        43.43434343434344,
        61.0,
        51.06382978723404,
        82.6530612244898,
        88.88888888888889,
        31.70731707317073,
        0.0,
        71.42857142857143,
        12.371134020618557,
        0.0,
        27.160493827160494,
        1.0204081632653061,
        97.0,
        33.33333333333333,
        32.631578947368425,
        19.35483870967742,
        78.0,
        2.0408163265306123,
        54.44444444444444,
        41.333333333333336,
        43.0,
        4.040404040404041,
        26.262626262626267,
        25.0,
        17.1875
    ],
    "Closed Set Accuracy": {
        "OA": 84.84203052893149,
        "AA": 83.65526969736969,
        "Recall-all": [
            93.47826086956522,
            98.78048780487805,
            98.93617021276596,
            100.0,
            91.0,
            99.0,
            94.94949494949495,
            93.0,
            98.93617021276596,
            95.91836734693877,
            100.0,
            93.90243902439023,
            27.77777777777778,
            93.4065934065934,
            82.4742268041237,
            46.391752577319586,
            72.8395061728395,
            66.3265306122449,
            100.0,
            89.58333333333334,
            96.84210526315789,
            75.26881720430107,
            97.0,
            34.69387755102041,
            95.55555555555556,
            84.0,
            59.0,
            88.88888888888889,
            71.71717171717171,
            92.70833333333334,
            60.9375
        ]
    },
    "OSR Accuracy": null
}