{
    "OA": 84.443314692425,
    "AA": 71.31146015342154,
    "OOD": 98.90981169474728,
    "NMI": 72.22529371941468,
    "H-score": 80.97849826987581,
    "H3-score": 77.83549856902138,
    "Recall-all": [
        38.04347826086957,
        35.36585365853659,
        94.68085106382979,
        94.94949494949495,
        80.0,
        45.0,
        63.63636363636363,
        78.0,
        68.08510638297872,
        87.75510204081633,
        98.90981169474728
    ],
    "Closed Set Accuracy": {
        "OA": 96.97286012526096,
        "AA": 97.03338650327629,
        "Recall-all": [
            97.82608695652173,
            98.78048780487805,
            97.87234042553192,
            100.0,
            91.0,
            99.0,
            95.95959595959596,
            93.0,
            98.93617021276596,
            97.95918367346938
        ]
    },
    "OSR Accuracy": {
        "TNR": 90.8820614469772,
        "AUROC": 97.39143119026879,
        "DTACC": 93.75712532923936,
        "AUIN": 97.34106856515541,
        "AUOUT": 96.75430164879194,
        "OSCR": 94.44379498914813,
        "AUPR": 96.81834334348228
    }
}