{
    "OA": 95.13667021654241,
    "AA": 88.33100035506702,
    "OOD": 99.19311457772996,
    "NMI": 76.47103927579793,
    "H-score": 92.83558508412229,
    "H3-score": 86.6556396273031,
    "Recall-all": [
        80.43478260869566,
        82.92682926829268,
        96.80851063829788,
        97.97979797979798,
        88.0,
        78.0,
        77.77777777777779,
        86.0,
        95.74468085106383,
        88.77551020408163,
        99.19311457772996
    ],
    "Closed Set Accuracy": {
        "OA": 97.80793319415449,
        "AA": 97.87884014873575,
        "Recall-all": [
            98.91304347826086,
            100.0,
            98.93617021276596,
            100.0,
            92.0,
            100.0,
            95.95959595959596,
            94.0,
            100.0,
            98.9795918367347
        ]
    },
    "OSR Accuracy": {
        "TNR": 96.44970414201184,
        "AUROC": 98.45681057339962,
        "DTACC": 95.92680083686989,
        "AUIN": 97.86079146161126,
        "AUOUT": 98.57509774067039,
        "OSCR": 96.2683374117463,
        "AUPR": 98.60363568413159
    }
}