{
    "OA": 84.39247585155059,
    "AA": 70.64126522100061,
    "OOD": 99.10802775024777,
    "NMI": 72.22529371941468,
    "H-score": 80.5133901454522,
    "H3-score": 77.54844810824952,
    "UCR": 94.47979665267282,
    "Recall-all": [
        46.73913043478261,
        4.878048780487805,
        95.74468085106383,
        94.94949494949495,
        82.0,
        48.0,
        66.66666666666666,
        81.0,
        70.2127659574468,
        87.75510204081633,
        99.10802775024777
    ],
    "Closed Set Accuracy": {
        "OA": 97.07724425887265,
        "AA": 97.1178182624875,
        "Recall-all": [
            97.82608695652173,
            97.5609756097561,
            97.87234042553192,
            100.0,
            91.0,
            99.0,
            95.95959595959596,
            94.0,
            100.0,
            97.95918367346938
        ]
    },
    "OSR Accuracy": {
        "TNR": 90.58473736372646,
        "AUROC": 97.31766916126469,
        "DTACC": 93.59791107589109,
        "AUIN": 97.29474169422096,
        "AUOUT": 96.72173183984233,
        "OSCR": 94.47979665267282,
        "AUPR": 96.78367418501944
    }
}