{
    "OA": 91.84397163120568,
    "AA": 87.95630725863283,
    "OOD": 100.0,
    "NMI": 96.3557371233247,
    "H-score": 92.90556702427686,
    "H3-score": 94.02918247125818,
    "UCR": 98.57664923445294,
    "Recall-all": [
        100.0,
        100.0,
        100.0,
        100.0,
        74.07407407407408,
        66.66666666666666,
        44.18604651162791,
        96.66666666666667,
        92.5925925925926,
        93.33333333333333,
        100.0
    ],
    "Closed Set Accuracy": {
        "OA": 99.66101694915255,
        "AA": 99.76744186046511,
        "Recall-all": [
            100.0,
            100.0,
            100.0,
            100.0,
            100.0,
            100.0,
            97.67441860465115,
            100.0,
            100.0,
            100.0
        ]
    },
    "OSR Accuracy": {
        "TNR": 92.56505576208178,
        "AUROC": 98.92886396572365,
        "DTACC": 95.59889105916453,
        "AUIN": 98.99439461211624,
        "AUOUT": 98.5321046587055,
        "OSCR": 98.57664923445294,
        "AUPR": 98.72064583403673
    }
}