{
    "OA": 52.087682672233825,
    "AA": 51.084993280804035,
    "OOD": null,
    "NMI": null,
    "H-score": null,
    "H3-score": null,
    "Recall-all": [
        5.434782608695652,
        0.0,
        88.29787234042553,
        83.83838383838383,
        72.0,
        14.000000000000002,
        43.43434343434344,
        68.0,
        53.191489361702125,
        82.6530612244898
    ],
    "Closed Set Accuracy": {
        "OA": 96.3465553235908,
        "AA": 96.39989513964089,
        "Recall-all": [
            93.47826086956522,
            98.78048780487805,
            98.93617021276596,
            100.0,
            91.0,
            99.0,
            94.94949494949495,
            93.0,
            98.93617021276596,
            95.91836734693877
        ]
    },
    "OSR Accuracy": null
}