{
    "OA": 95.38516151934682,
    "AA": 88.88861749419756,
    "OOD": 99.24690693921463,
    "NMI": 76.47103927579793,
    "H-score": 93.20240640216059,
    "H3-score": 86.8683878971947,
    "UCR": 96.36646074336727,
    "Recall-all": [
        85.86956521739131,
        80.48780487804879,
        96.80851063829788,
        97.97979797979798,
        88.0,
        78.0,
        77.77777777777779,
        87.0,
        96.80851063829788,
        89.79591836734694,
        99.24690693921463
    ],
    "Closed Set Accuracy": {
        "OA": 97.91231732776617,
        "AA": 97.97884014873576,
        "Recall-all": [
            98.91304347826086,
            100.0,
            98.93617021276596,
            100.0,
            93.0,
            99.0,
            95.95959595959596,
            95.0,
            100.0,
            98.9795918367347
        ]
    },
    "OSR Accuracy": {
        "TNR": 97.31038192576655,
        "AUROC": 98.45215006608935,
        "DTACC": 96.20216382300852,
        "AUIN": 97.90932897375032,
        "AUOUT": 98.50368510497222,
        "OSCR": 96.36646074336727,
        "AUPR": 98.53314841182434
    }
}