{
    "OA": 95.78313253012048,
    "AA": 92.5,
    "OOD": 100.0,
    "NMI": 91.81140996566323,
    "H-score": 95.69702374433511,
    "H3-score": 94.36710912030081,
    "UCR": 99.68880800727935,
    "Recall-all": [
        100.0,
        100.0,
        100.0,
        100.0,
        80.0,
        62.5,
        100.0,
        75.0,
        100.0,
        100.0,
        100.0
    ],
    "Closed Set Accuracy": {
        "OA": 100.0,
        "AA": 100.0,
        "Recall-all": [
            100.0,
            100.0,
            100.0,
            100.0,
            100.0,
            100.0,
            100.0,
            100.0,
            100.0,
            100.0
        ]
    },
    "OSR Accuracy": {
        "TNR": 98.85714285714286,
        "AUROC": 99.70154686078253,
        "DTACC": 97.19927206551411,
        "AUIN": 99.36293300576804,
        "AUOUT": 99.44879385718059,
        "OSCR": 99.68880800727935,
        "AUPR": 99.7352610969968
    }
}