{
    "OA": 81.69801728520589,
    "AA": 66.28845441618014,
    "OOD": 99.30624380574827,
    "NMI": 72.22529371941468,
    "H-score": 77.08200256780634,
    "H3-score": 75.39345227715644,
    "Recall-all": [
        25.0,
        54.87804878048781,
        95.74468085106383,
        96.96969696969697,
        72.0,
        27.0,
        22.22222222222222,
        76.0,
        71.27659574468085,
        88.77551020408163,
        99.30624380574827
    ],
    "Closed Set Accuracy": {
        "OA": 97.39039665970772,
        "AA": 97.45484811289703,
        "Recall-all": [
            98.91304347826086,
            98.78048780487805,
            98.93617021276596,
            100.0,
            91.0,
            99.0,
            95.95959595959596,
            94.0,
            100.0,
            97.95918367346938
        ]
    },
    "OSR Accuracy": {
        "TNR": 91.0802775024777,
        "AUROC": 97.5392656074453,
        "DTACC": 93.43078266375068,
        "AUIN": 97.53357853406715,
        "AUOUT": 96.88730241405747,
        "OSCR": 94.9423869930541,
        "AUPR": 96.95107140704368
    }
}