{
    "OA": 98.19277108433735,
    "AA": 96.0339465031547,
    "OOD": 99.70674486803519,
    "NMI": 90.60205858321484,
    "H-score": 97.64443409739437,
    "H3-score": 95.17972264983587,
    "Recall-all": [
        100.0,
        100.0,
        100.0,
        100.0,
        90.0,
        75.0,
        100.0,
        91.66666666666666,
        100.0,
        100.0,
        99.70674486803519
    ],
    "Closed Set Accuracy": {
        "OA": 100.0,
        "AA": 100.0,
        "Recall-all": [
            100.0,
            100.0,
            100.0,
            100.0,
            100.0,
            100.0,
            100.0,
            100.0,
            100.0,
            100.0
        ]
    },
    "OSR Accuracy": {
        "TNR": 99.70674486803519,
        "AUROC": 99.9476997216878,
        "DTACC": 99.12023460410558,
        "AUIN": 99.56806811492808,
        "AUOUT": 99.82963847270113,
        "OSCR": 99.94209612044003,
        "AUPR": 99.97630034646905
    }
}