{
    "OA": 0.030692568787462987,
    "AA": 0.06500882970725515,
    "OOD": null,
    "NMI": null,
    "H-score": null,
    "H3-score": null,
    "Recall-all": [
        0.0,
        0.0,
        0.0,
        0.0,
        0.0,
        0.38554216867469876,
        0.0,
        0.0,
        0.0,
        0.394563787812363,
        0.0,
        0.0
    ],
    "Closed Set Accuracy": {
        "OA": 87.55687152451794,
        "AA": 90.1340948527556,
        "Recall-all": [
            99.53373560065826,
            93.89928057553956,
            92.94243070362474,
            73.46408999134698,
            99.38179492645492,
            95.27710843373494,
            97.03243616287095,
            73.475,
            90.52539019564739,
            98.02718106093819,
            97.21435316336166,
            70.8363374188897
        ]
    },
    "OSR Accuracy": null
}