{
    "OA": 73.75886524822694,
    "AA": 92.94164957258239,
    "OOD": 48.3271375464684,
    "NMI": 96.3557371233247,
    "H-score": 64.6012907435181,
    "H3-score": 72.57510383583279,
    "Recall-all": [
        100.0,
        100.0,
        100.0,
        100.0,
        100.0,
        83.33333333333334,
        90.69767441860465,
        100.0,
        100.0,
        100.0,
        48.3271375464684
    ],
    "Closed Set Accuracy": {
        "OA": 98.64406779661017,
        "AA": 98.86821705426357,
        "Recall-all": [
            100.0,
            100.0,
            100.0,
            100.0,
            100.0,
            93.33333333333333,
            95.34883720930233,
            100.0,
            100.0,
            100.0
        ]
    },
    "OSR Accuracy": {
        "TNR": 57.99256505576208,
        "AUROC": 94.01928044861698,
        "DTACC": 87.82433369037868,
        "AUIN": 95.07809793030731,
        "AUOUT": 92.89114479116365,
        "OSCR": 92.6286938441182,
        "AUPR": 93.09200936600786
    }
}