{
    "OA": 79.7302094426695,
    "AA": 94.50493159261912,
    "OOD": 70.95212479827865,
    "NMI": 76.47103927579793,
    "H-score": 81.90574109415614,
    "H3-score": 80.01165623510329,
    "Recall-all": [
        98.91304347826086,
        100.0,
        98.93617021276596,
        100.0,
        90.0,
        99.0,
        95.95959595959596,
        94.0,
        98.93617021276596,
        92.85714285714286,
        70.95212479827865
    ],
    "Closed Set Accuracy": {
        "OA": 97.80793319415449,
        "AA": 97.87679933240922,
        "Recall-all": [
            98.91304347826086,
            100.0,
            98.93617021276596,
            100.0,
            92.0,
            99.0,
            95.95959595959596,
            96.0,
            100.0,
            97.95918367346938
        ]
    },
    "OSR Accuracy": {
        "TNR": 91.6083916083916,
        "AUROC": 97.70826571854354,
        "DTACC": 93.50165251482098,
        "AUIN": 96.58339328170845,
        "AUOUT": 98.39252410653567,
        "OSCR": 95.52577260542591,
        "AUPR": 98.42025639404636
    }
}