{
    "OA": 76.2582613116421,
    "AA": 93.2134182724959,
    "OOD": 56.78889990089198,
    "NMI": 72.22529371941468,
    "H-score": 71.59765364309672,
    "H3-score": 71.80700951991005,
    "Recall-all": [
        98.91304347826086,
        100.0,
        97.87234042553192,
        100.0,
        90.0,
        99.0,
        95.95959595959596,
        94.0,
        98.93617021276596,
        93.87755102040816,
        56.78889990089198
    ],
    "Closed Set Accuracy": {
        "OA": 97.28601252609603,
        "AA": 97.37067688342964,
        "Recall-all": [
            98.91304347826086,
            100.0,
            98.93617021276596,
            100.0,
            90.0,
            99.0,
            95.95959595959596,
            96.0,
            100.0,
            94.89795918367348
        ]
    },
    "OSR Accuracy": {
        "TNR": 85.82755203171457,
        "AUROC": 96.99375764259452,
        "DTACC": 91.33782388565541,
        "AUIN": 97.3207548906606,
        "AUOUT": 96.347352915515,
        "OSCR": 94.29042583346978,
        "AUPR": 96.40035798508839
    }
}