{
    "OA": 77.40641490083206,
    "AA": 73.4943340929822,
    "OOD": 80.89196634651181,
    "NMI": 82.79849433955954,
    "H-score": 76.988330355949,
    "H3-score": 78.83363026040502,
    "Recall-all": [
        99.26739926739927,
        83.55263157894737,
        60.43956043956044,
        82.79816513761467,
        95.23809523809523,
        96.7741935483871,
        99.62406015037594,
        71.12068965517241,
        100.0,
        9.75609756097561,
        91.0480349344978,
        75.28089887640449,
        98.69706840390879,
        95.0,
        87.95620437956204,
        74.31192660550458,
        80.0,
        96.20253164556962,
        46.92556634304207,
        99.39393939393939,
        100.0,
        86.98060941828255,
        83.67816091954023,
        96.82151589242054,
        63.261296660117885,
        2.1739130434782608,
        93.87096774193549,
        41.21475054229935,
        16.268980477223426,
        92.0892494929006,
        87.41007194244604,
        48.2078853046595,
        40.19607843137255,
        8.312342569269521,
        58.203125,
        33.13253012048193,
        30.136986301369863,
        56.896551724137936,
        94.44444444444444,
        88.15261044176707,
        84.93975903614458,
        88.06509945750453,
        75.3731343283582,
        84.14376321353065,
        63.57466063348416,
        60.698689956331876,
        97.72209567198178,
        95.39347408829175,
        0.0,
        97.74774774774775,
        88.26086956521739,
        81.39963167587477,
        95.78544061302682,
        95.9349593495935,
        94.41176470588235,
        77.24550898203593,
        78.82352941176471,
        82.14285714285714,
        65.43778801843318,
        83.09178743961353,
        96.12244897959184,
        48.346055979643765,
        89.82188295165395,
        80.50314465408806,
        85.45780969479354,
        99.33774834437085,
        93.94904458598727,
        84.34065934065934,
        59.82142857142857,
        50.90909090909091,
        89.72162740899357,
        59.88023952095808,
        95.71428571428572,
        40.43583535108959,
        75.66371681415929,
        22.22222222222222,
        90.80459770114942,
        28.799999999999997,
        91.52542372881356,
        0.547945205479452,
        60.0,
        95.49071618037135,
        93.33333333333333,
        60.79545454545454,
        97.59519038076152,
        92.23300970873787,
        100.0,
        70.15503875968993,
        68.83116883116884,
        90.36827195467421,
        86.32911392405063,
        87.70642201834863,
        97.53086419753086,
        97.05215419501134,
        90.07936507936508,
        75.96439169139467,
        96.91358024691358,
        55.66750629722922,
        99.25650557620817,
        93.59430604982207,
        97.76119402985076,
        83.68200836820083,
        21.532846715328464,
        97.81420765027322,
        79.03930131004367,
        49.392712550607285,
        58.31578947368421,
        72.06823027718549,
        7.835051546391752,
        1.9543973941368076,
        82.98507462686567,
        61.452513966480446,
        0.0,
        72.8643216080402,
        37.423312883435585,
        96.96132596685084,
        68.76876876876878,
        95.65217391304348,
        21.25,
        91.96675900277008,
        93.6046511627907,
        65.06024096385542,
        88.75968992248062,
        68.73385012919897,
        76.15062761506276,
        95.48872180451127,
        98.9247311827957,
        31.2280701754386,
        93.42465753424658,
        97.33009708737865,
        43.18766066838046,
        99.72451790633609,
        87.03339882121807,
        87.54863813229572,
        94.06392694063926,
        91.56010230179028,
        36.016949152542374,
        29.362880886426595,
        93.51230425055928,
        27.173913043478258,
        56.95538057742782,
        98.81656804733728,
        98.57397504456328,
        14.814814814814813,
        66.16541353383458,
        87.3076923076923,
        75.2988047808765,
        90.07263922518159,
        86.85344827586206,
        97.4308300395257,
        80.89196634651181
    ],
    "Closed Set Accuracy": {
        "OA": 82.90264367174565,
        "AA": 83.09028662572537,