{
    "OA": 58.25631576395287,
    "AA": 74.90970935169791,
    "OOD": 40.16084596061907,
    "NMI": 86.8982428203833,
    "H-score": 52.344437037418004,
    "H3-score": 60.34407542486995,
    "Recall-all": [
        97.06959706959707,
        88.1578947368421,
        48.35164835164835,
        83.94495412844036,
        90.47619047619048,
        95.16129032258065,
        97.74436090225564,
        98.70689655172413,
        100.0,
        35.36585365853659,
        98.47161572052401,
        89.13857677902621,
        99.0228013029316,
        93.33333333333333,
        80.2919708029197,
        80.73394495412845,
        91.66666666666666,
        100.0,
        72.168284789644,
        99.39393939393939,
        100.0,
        29.916897506925206,
        88.27586206896552,
        97.31051344743277,
        41.2573673870334,
        31.818181818181817,
        83.54838709677419,
        52.49457700650759,
        29.28416485900217,
        91.27789046653145,
        98.20143884892086,
        58.06451612903226,
        15.196078431372548,
        11.335012594458437,
        58.203125,
        39.558232931726906,
        36.757990867579906,
        60.09852216748769,
        93.33333333333333,
        57.42971887550201,
        77.51004016064257,
        91.86256781193491,
        75.0,
        89.00634249471459,
        47.737556561085974,
        77.29257641921397,
        98.17767653758543,
        91.55470249520154,
        4.761904761904762,
        92.56756756756756,
        57.173913043478265,
        83.24125230202579,
        88.50574712643679,
        69.10569105691057,
        95.29411764705881,
        84.73053892215569,
        67.05882352941175,
        74.40476190476191,
        81.10599078341014,
        89.85507246376811,
        99.38775510204081,
        45.80152671755725,
        88.04071246819338,
        86.37316561844864,
        89.04847396768402,
        99.33774834437085,
        96.4968152866242,
        76.92307692307693,
        68.30357142857143,
        81.45454545454545,
        75.58886509635975,
        65.86826347305389,
        95.0,
        76.02905569007264,
        64.60176991150442,
        18.055555555555554,
        84.48275862068965,
        47.599999999999994,
        86.22881355932203,
        34.52054794520548,
        76.19047619047619,
        92.04244031830238,
        87.87878787878788,
        67.61363636363636,
        97.99599198396794,
        89.32038834951457,
        99.31972789115646,
        64.72868217054264,
        60.51948051948052,
        58.35694050991501,
        86.07594936708861,
        84.22018348623853,
        95.55555555555556,
        93.87755102040816,
        81.34920634920636,
        67.06231454005935,
        93.20987654320987,
        71.28463476070529,
        99.44237918215613,
        90.0355871886121,
        98.2587064676617,
        58.995815899581594,
        4.744525547445255,
        97.0856102003643,
        82.31441048034934,
        56.2753036437247,
        50.73684210526316,
        94.45628997867804,
        2.4742268041237114,
        2.9315960912052117,
        80.8955223880597,
        66.4804469273743,
        0.23201856148491878,
        92.46231155778895,
        88.34355828220859,
        94.47513812154696,
        81.98198198198197,
        89.94565217391305,
        90.0,
        92.5207756232687,
        92.44186046511628,
        67.46987951807229,
        80.23255813953489,
        44.44444444444444,
        76.15062761506276,
        93.796992481203,
        99.2831541218638,
        48.94736842105264,
        92.87671232876711,
        94.66019417475728,
        11.825192802056556,
        98.89807162534436,
        91.15913555992141,
        85.99221789883269,
        98.63013698630137,
        89.00255754475704,
        69.49152542372882,
        36.84210526315789,
        95.30201342281879,
        71.19565217391305,
        89.76377952755905,
        98.81656804733728,
        98.3957219251337,
        90.04629629629629,
        70.17543859649122,
        88.07692307692308,
        63.34661354581673,
        96.85230024213075,
        29.52586206896552,
        98.22134387351778,
        40.16084596061907
    ],
    "Closed Set Accuracy": {
        "OA": 77.95203810161672,
        "AA": 78.23444192376671,