{
    "OA": 77.70085851818769,
    "AA": 73.76846841939583,
    "OOD": 81.30295584841039,
    "NMI": 82.79849433955954,
    "H-score": 77.32454975646006,
    "H3-score": 79.06831581936949,
    "Recall-all": [
        99.26739926739927,
        80.26315789473685,
        62.91208791208791,
        83.25688073394495,
        95.23809523809523,
        97.74193548387096,
        99.24812030075188,
        74.13793103448276,
        97.2972972972973,
        10.365853658536585,
        93.01310043668121,
        71.16104868913857,
        99.0228013029316,
        95.0,
        86.86131386861314,
        74.77064220183486,
        88.33333333333333,
        97.46835443037975,
        39.482200647249186,
        99.39393939393939,
        100.0,
        84.7645429362881,
        87.1264367816092,
        97.31051344743277,
        70.33398821218074,
        2.9644268774703555,
        94.19354838709677,
        46.420824295010846,
        20.17353579175705,
        91.27789046653145,
        89.92805755395683,
        48.5663082437276,
        45.588235294117645,
        9.06801007556675,
        62.5,
        35.7429718875502,
        29.68036529680365,
        58.3743842364532,
        94.44444444444444,
        88.15261044176707,
        84.73895582329317,
        88.78842676311031,
        74.81343283582089,
        84.35517970401692,
        64.47963800904978,
        61.135371179039296,
        97.49430523917995,
        95.58541266794626,
        4.761904761904762,
        97.52252252252252,
        88.26086956521739,
        84.16206261510129,
        96.55172413793103,
        95.9349593495935,
        94.11764705882352,
        79.34131736526946,
        74.11764705882354,
        84.52380952380952,
        59.907834101382484,
        84.05797101449275,
        96.53061224489797,
        52.41730279898219,
        89.56743002544529,
        81.34171907756813,
        77.91741472172352,
        99.33774834437085,
        96.17834394904459,
        83.51648351648352,
        64.28571428571429,
        55.27272727272727,
        88.86509635974305,
        62.27544910179641,
        96.07142857142857,
        44.06779661016949,
        77.87610619469027,
        21.52777777777778,
        90.80459770114942,
        25.6,
        90.67796610169492,
        0.547945205479452,
        59.04761904761905,
        95.22546419098144,
        92.32323232323232,
        60.79545454545454,
        97.39478957915831,
        91.2621359223301,
        100.0,
        70.93023255813954,
        71.68831168831169,
        92.06798866855524,
        88.10126582278481,
        84.22018348623853,
        97.53086419753086,
        97.27891156462584,
        89.28571428571429,
        78.04154302670622,
        98.76543209876543,
        59.44584382871536,
        99.62825278810409,
        92.17081850533808,
        98.2587064676617,
        82.84518828451883,
        24.087591240875913,
        97.0856102003643,
        80.56768558951966,
        51.417004048582996,
        56.84210526315789,
        71.85501066098081,
        6.804123711340206,
        1.9543973941368076,
        81.7910447761194,
        57.72811918063314,
        0.23201856148491878,
        71.85929648241206,
        22.085889570552148,
        97.51381215469614,
        75.07507507507508,
        93.75,
        25.624999999999996,
        91.13573407202216,
        95.93023255813954,
        67.46987951807229,
        86.82170542635659,
        67.70025839793283,
        76.15062761506276,
        94.92481203007519,
        98.9247311827957,
        30.701754385964914,
        93.69863013698631,
        96.84466019417476,
        36.246786632390744,
        100.0,
        87.03339882121807,
        88.32684824902724,
        93.60730593607306,
        91.81585677749361,
        33.89830508474576,
        20.221606648199447,
        92.39373601789708,
        30.706521739130434,
        60.629921259842526,
        99.0138067061144,
        98.2174688057041,
        18.51851851851852,
        66.16541353383458,
        88.46153846153845,
        75.69721115537848,
        89.83050847457628,
        86.85344827586206,
        97.03557312252964,
        81.30295584841039
    ],
    "Closed Set Accuracy": {
        "OA": 82.83008688210451,
        "AA": 83.06392704173011,