{
    "OA": 66.72952541643922,
    "AA": 65.81742378369002,
    "OOD": null,
    "NMI": null,
    "H-score": null,
    "H3-score": null,
    "UCR": 76.09382495492366,
    "Recall-all": [
        98.16849816849816,
        63.81578947368421,
        54.670329670329664,
        70.64220183486239,
        90.47619047619048,
        92.58064516129032,
        98.87218045112782,
        50.86206896551724,
        97.2972972972973,
        6.707317073170732,
        85.37117903930131,
        56.17977528089888,
        96.41693811074919,
        93.88888888888889,
        80.2919708029197,
        49.54128440366973,
        71.66666666666667,
        96.20253164556962,
        37.86407766990291,
        98.7878787878788,
        100.0,
        5.8171745152354575,
        65.28735632183908,
        96.82151589242054,
        47.151277013752456,
        1.9762845849802373,
        93.2258064516129,
        38.611713665943604,
        16.919739696312362,
        85.80121703853956,
        79.13669064748201,
        36.37992831541219,
        44.11764705882353,
        9.06801007556675,
        62.3046875,
        14.65863453815261,
        28.08219178082192,
        51.970443349753694,
        93.88888888888889,
        66.06425702811245,
        82.53012048192771,
        78.6618444846293,
        71.0820895522388,
        79.49260042283298,
        61.085972850678736,
        53.7117903930131,
        94.98861047835992,
        58.34932821497121,
        0.0,
        95.94594594594594,
        58.69565217391305,
        79.55801104972376,
        82.75862068965517,
        93.4959349593496,
        93.23529411764706,
        73.35329341317365,
        57.647058823529406,
        69.04761904761905,
        52.764976958525345,
        81.64251207729468,
        84.48979591836735,
        40.966921119592875,
        87.02290076335878,
        78.82599580712788,
        75.76301615798923,
        97.35099337748345,
        50.63694267515923,
        35.43956043956044,
        46.42857142857143,
        46.18181818181818,
        87.15203426124198,
        40.7185628742515,
        92.85714285714286,
        35.83535108958838,
        66.8141592920354,
        24.305555555555554,
        89.08045977011494,
        8.799999999999999,
        89.19491525423729,
        0.547945205479452,
        25.238095238095237,
        91.51193633952255,
        82.62626262626263,
        47.159090909090914,
        96.9939879759519,
        89.32038834951457,
        99.77324263038548,
        27.906976744186046,
        70.3896103896104,
        77.90368271954674,
        66.58227848101265,
        77.43119266055047,
        95.06172839506173,
        95.69160997732426,
        84.92063492063492,
        65.57863501483679,
        98.14814814814815,
        36.775818639798494,
        99.07063197026022,
        89.6797153024911,
        97.76119402985076,
        78.66108786610879,
        10.583941605839415,
        95.62841530054644,
        58.951965065502186,
        49.797570850202426,
        50.10526315789474,
        72.49466950959487,
        1.2371134020618557,
        1.6286644951140066,
        78.50746268656717,
        48.04469273743017,
        0.46403712296983757,
        71.60804020100502,
        24.130879345603272,
        89.77900552486187,
        60.96096096096096,
        92.66304347826086,
        2.1875,
        82.54847645429363,
        92.44186046511628,
        36.54618473895582,
        84.88372093023256,
        41.343669250645995,
        33.47280334728033,
        92.4812030075188,
        98.56630824372759,
        25.438596491228072,
        90.68493150684932,
        94.66019417475728,
        13.110539845758353,
        99.72451790633609,
        84.47937131630648,
        83.65758754863813,
        87.89954337899543,
        84.91048593350384,
        25.847457627118644,
        21.052631578947366,
        92.84116331096197,
        25.271739130434785,
        53.805774278215225,
        99.0138067061144,
        98.2174688057041,
        15.046296296296296,
        52.130325814536334,
        86.53846153846155,
        73.30677290836654,
        83.05084745762711,
        71.55172413793103,
        92.88537549407114,
        95.0561797752809,
        98.292220113852,
        91.19170984455958,
        72.41379310344827,
        90.50445103857567,
        88.77551020408163,
        87.28070175438597,
        68.86792452830188,
        87.77506112469437,
        98.35680751173709,
        89.93288590604027,
        93.16239316239316,
        40.40114613180516,
        3.45679012345679,
        89.18032786885246,
        23.076923076923077,
        90.83969465648855,
        66.90140845070422,
        28.2560706401766,
        89.32584269662921,
        54.390243902439025,
        88.77755511022045,
        95.14066496163683,
        1.4925373134328357,
        94.18282548476455,
        76.6025641025641,
        92.27373068432672,
        83.29355608591885,
        69.1566265060241,
        80.39772727272727,
        0.43859649122807015,
        63.36206896551724,
        89.67391304347827,
        85.57692307692307,
        81.65374677002583,
        3.389830508474576,
        87.32106339468302,
        81.06060606060606,
        95.12820512820512,
        80.92592592592592,
        26.31578947368421,
        83.69565217391305,
        60.2112676056338,
        1.9736842105263157,
        44.04145077720207,
        77.1897810218978,
        96.93654266958424,
        94.63917525773195,
        57.199999999999996,
        28.467153284671532,
        7.348242811501597,
        95.23809523809523,
        68.10551558752998,
        4.117647058823529,
        90.05736137667304,
        39.922480620155035,
        65.77540106951871,
        80.53097345132744,
        91.15479115479116,
        96.40287769784173,
        74.86033519553072,
        81.94444444444444,
        92.60628465804066,
        94.90616621983914,
        49.48453608247423,
        71.94719471947195,
        41.35021097046413,
        0.3134796238244514,
        95.90163934426229,
        8.040201005025125,
        78.06004618937644,
        44.60431654676259,
        92.75,
        60.0,
        87.09677419354838,
        97.13603818615752,
        96.20253164556962,
        95.52529182879378,
        36.46408839779006,
        9.68421052631579,
        92.48291571753985,
        18.735891647855528,
        55.294117647058826,
        74.18604651162791,
        51.31578947368421,
        88.35758835758836,
        98.30508474576271,
        66.78700361010831,
        24.137931034482758,
        82.46753246753246,
        0.24213075060532688,
        77.60416666666666,
        99.16317991631799,
        96.41873278236915,
        47.682119205298015,
        99.09909909909909,
        98.82005899705014,
        65.75342465753424,
        91.29353233830845,
        24.390243902439025,
        85.1963746223565,
        60.45016077170418,
        59.64467005076142,
        93.89067524115757,
        49.140893470790374,
        98.83177570093457,
        39.247311827956985,
        100.0,
        97.3021582733813,
        75.85365853658537,
        61.61290322580645,
        40.38461538461539,
        92.5,
        90.20618556701031,
        79.18552036199095,
        92.42424242424242,
        89.04593639575971,
        85.3146853146853,
        100.0,
        95.12893982808023,
        76.34854771784232,
        100.0,
        87.34177215189874,
        98.89502762430939,
        2.989130434782609,
        91.22401847575058,
        93.49397590361446,
        82.14285714285714,
        90.64885496183206,
        29.03225806451613,
        25.53191489361702,
        92.37113402061856,
        10.16260162601626,
        76.19047619047619,
        90.37735849056604,
        0.0,
        92.44712990936556,
        5.555555555555555,
        96.52173913043478,
        0.234192037470726,
        80.2547770700637,
        44.6875,
        89.76608187134502,
