{
    "OA": 66.08605032008337,
    "AA": 65.2543804628854,
    "OOD": null,
    "NMI": null,
    "H-score": null,
    "H3-score": null,
    "Recall-all": [
        98.9010989010989,
        61.8421052631579,
        51.373626373626365,
        80.96330275229357,
        95.23809523809523,
        94.83870967741936,
        98.87218045112782,
        58.189655172413794,
        97.2972972972973,
        4.2682926829268295,
        88.64628820960698,
        61.04868913857678,
        95.76547231270358,
        93.88888888888889,
        78.83211678832117,
        52.293577981651374,
        58.333333333333336,
        96.20253164556962,
        27.184466019417474,
        98.7878787878788,
        100.0,
        4.7091412742382275,
        46.666666666666664,
        95.11002444987776,
        40.078585461689585,
        1.9762845849802373,
        91.93548387096774,
        39.479392624728845,
        18.22125813449024,
        81.7444219066937,
        81.29496402877699,
        30.64516129032258,
        45.09803921568628,
        9.571788413098236,
        61.1328125,
        17.670682730923694,
        28.31050228310502,
        51.970443349753694,
        93.88888888888889,
        72.48995983935743,
        82.1285140562249,
        74.14104882459313,
        71.0820895522388,
        78.22410147991543,
        59.95475113122172,
        48.47161572052402,
        94.30523917995444,
        62.95585412667947,
        4.761904761904762,
        95.94594594594594,
        46.52173913043478,
        76.42725598526704,
        85.0574712643678,
        94.3089430894309,
        92.94117647058823,
        75.1497005988024,
        58.82352941176471,
        65.17857142857143,
        49.53917050691244,
        84.05797101449275,
        82.0408163265306,
        36.1323155216285,
        87.53180661577609,
        79.66457023060796,
        73.78815080789947,
        93.37748344370861,
        55.095541401273884,
        27.472527472527474,
        45.982142857142854,
        43.63636363636363,
        88.22269807280514,
        40.119760479041915,
        93.21428571428572,
        38.983050847457626,
        66.3716814159292,
        20.60185185185185,
        89.08045977011494,
        5.6000000000000005,
        88.98305084745762,
        0.547945205479452,
        23.333333333333332,
        90.18567639257294,
        80.8080808080808,
        48.29545454545455,
        96.9939879759519,
        88.3495145631068,
        100.0,
        24.8062015503876,
        65.45454545454545,
        75.63739376770539,
        70.37974683544303,
        73.02752293577981,
        95.06172839506173,
        96.14512471655328,
        84.12698412698413,
        62.908011869436194,
        98.14814814814815,
        36.775818639798494,
        99.07063197026022,
        89.32384341637011,
        97.76119402985076,
        80.3347280334728,
        22.62773722627737,
        95.44626593806922,
        56.55021834061136,
        46.963562753036435,
        49.684210526315795,
        50.31982942430704,
        1.0309278350515463,
        2.2801302931596092,
        77.31343283582089,
        45.06517690875233,
        0.23201856148491878,
        70.85427135678391,
        25.153374233128833,
        93.0939226519337,
        56.45645645645646,
        90.21739130434783,
        4.375,
        78.1163434903047,
        91.86046511627907,
        19.67871485943775,
        83.33333333333334,
        43.41085271317829,
        40.58577405857741,
        92.66917293233082,
        98.2078853046595,
        26.666666666666668,
        91.23287671232877,
        95.63106796116504,
        19.794344473007712,
        99.44903581267218,
        78.1925343811395,
        83.65758754863813,
        88.12785388127854,
        84.65473145780051,
        20.76271186440678,
        12.465373961218837,
        93.73601789709173,
        26.358695652173914,
        64.82939632545933,
        98.61932938856016,
        98.0392156862745,
        15.74074074074074,
        53.88471177944862,
        86.53846153846155,
        71.31474103585657,
        83.53510895883777,
        75.64655172413794,
        93.87351778656127,
        95.0561797752809,
        98.10246679316889,
        91.70984455958549,
        70.88122605363985,
        93.17507418397626,
        91.15646258503402,
        87.5,
        63.20754716981132,
        87.28606356968214,
        97.65258215962442,
        91.2751677852349,
        95.44159544159544,
        35.816618911174785,
        1.2345679012345678,
        89.18032786885246,
        22.802197802197803,
        91.22137404580153,
        63.732394366197184,
        27.593818984547465,
        92.13483146067416,
        56.34146341463414,
        87.17434869739479,
        95.14066496163683,
        1.4925373134328357,
        94.45983379501385,
        73.3974358974359,
        92.71523178807946,
        86.63484486873509,
        73.01204819277109,
        81.81818181818183,
        0.43859649122807015,
        66.37931034482759,
        88.8586956521739,
        84.61538461538461,
        84.23772609819122,
        6.779661016949152,
        88.75255623721881,
        81.56565656565657,
        95.38461538461539,
        84.44444444444444,
        26.13430127041742,
        83.69565217391305,
        57.74647887323944,
        0.9868421052631579,
        38.60103626943005,
        77.91970802919708,
        96.93654266958424,
        94.43298969072164,
        41.199999999999996,
        22.14111922141119,
        7.0287539936102235,
        95.43650793650794,
        68.82494004796163,
        2.6470588235294117,
        90.43977055449331,
        45.348837209302324,
        63.63636363636363,
        79.20353982300885,
        90.17199017199017,
        96.0431654676259,
        75.69832402234637,
        81.01851851851852,
        92.60628465804066,
        94.63806970509383,
        50.171821305841924,
        70.29702970297029,
        34.177215189873415,
        0.0,
        95.28688524590164,
        4.522613065326634,
        81.5242494226328,
        38.84892086330935,
        92.25,
        46.37362637362637,
        87.74193548387098,
        97.13603818615752,
        98.41772151898735,
        96.10894941634241,
        36.279926335174956,
        8.842105263157894,
        93.16628701594533,
        21.44469525959368,
        50.588235294117645,
        76.74418604651163,
        48.421052631578945,
        86.48648648648648,
        98.09322033898306,
        68.23104693140795,
        18.39080459770115,
        81.16883116883116,
        0.48426150121065376,
        77.86458333333334,
        98.9539748953975,
        96.41873278236915,
        38.63134657836645,
        98.87387387387388,
        98.82005899705014,
        74.31506849315068,
        88.55721393034825,
        30.48780487804878,
        88.51963746223565,
        56.91318327974276,
        78.42639593908629,
        94.21221864951768,
        45.017182130584196,
        98.13084112149532,
        45.69892473118279,
        100.0,
        96.58273381294964,
        74.39024390243902,
        67.74193548387096,
        31.08974358974359,
        91.875,
        92.26804123711341,
        78.28054298642535,
        95.45454545454545,
        90.81272084805654,
        85.3146853146853,
        99.07692307692308,
        94.55587392550143,
        80.08298755186722,
        100.0,
        87.34177215189874,
        97.79005524861878,
        2.1739130434782608,
        90.06928406466513,
        93.25301204819277,
        82.41758241758241,
        90.45801526717557,
        25.806451612903224,
        21.27659574468085,
        93.4020618556701,
        11.788617886178862,
        76.19047619047619,
        90.0,
        0.0,
        91.8429003021148,
        9.027777777777777,
        98.26086956521739,
        0.234192037470726,
        83.43949044585987,
        42.1875,
        88.59649122807018,
        88.88888888888889,
        71.76079734219269,
