{
    "OA": 49.68720058614665,
    "AA": 49.87239120300794,
    "OOD": null,
    "NMI": null,
    "H-score": null,
    "H3-score": null,
    "UCR": 63.91816491010539,
    "Recall-all": [
        86.36363636363636,
        62.33766233766234,
        82.97872340425532,
        37.5,
        57.21153846153846,
        81.81818181818183,
        94.8051948051948,
        90.32258064516128,
        85.71428571428571,
        6.321839080459771,
        94.44444444444444,
        73.10344827586206,
        62.745098039215684,
        92.95774647887323,
        66.66666666666666,
        60.71428571428571,
        75.75757575757575,
        78.19548872180451,
        54.13533834586466,
        91.96428571428571,
        92.85714285714286,
        53.42465753424658,
        3.6363636363636362,
        59.67741935483871,
        5.6716417910447765,
        3.816793893129771,
        88.0,
        28.735632183908045,
        58.42105263157895,
        97.08333333333333,
        69.56521739130434,
        44.39252336448598,
        66.25766871165644,
        35.714285714285715,
        47.19101123595505,
        21.568627450980394,
        20.481927710843372,
        32.98969072164948,
        64.44444444444444,
        25.238095238095237,
        93.65079365079364,
        56.25,
        68.80341880341881,
        72.8,
        42.944785276073624,
        30.08849557522124,
        82.01438848920863,
        43.225806451612904,
        0.6928406466512702,
        82.18390804597702,
        59.523809523809526,
        8.695652173913043,
        77.08333333333334,
        14.634146341463413,
        96.7032967032967,
        82.89473684210526,
        16.666666666666664,
        1.7241379310344827,
        77.35849056603774,
        49.23076923076923,
        42.22222222222222,
        12.871287128712872,
        65.21739130434783,
        38.46153846153847,
        20.87912087912088,
        52.94117647058824,
        38.63636363636363,
        31.25,
        28.35820895522388,
        26.08695652173913,
        70.83333333333334,
        19.858156028368796,
        55.00000000000001,
        26.666666666666668,
        21.428571428571427,
        82.6086956521739,
        100.0,
        26.31578947368421,
        21.73913043478261,
        1.694915254237288,
        52.38095238095239,
        27.27272727272727,
        86.79245283018868,
        0.5025125628140703,
        94.64285714285714,
        85.9504132231405,
        77.57009345794393,
        2.5830258302583027,
        0.0,
        10.714285714285714,
        13.043478260869565,
        32.25806451612903,
        74.57627118644068,
        56.81818181818182,
        35.85657370517929,
        25.735294117647058,
        22.22222222222222,
        64.0,
        83.89261744966443,
        56.770833333333336,
        72.09302325581395,
        68.34532374100719,
        0.0,
        84.94623655913979,
        32.0,
        3.0303030303030303,
        73.09941520467837,
        43.333333333333336,
        0.0,
        0.0,
        79.04761904761905,
        14.285714285714285,
        0.0,
        68.36734693877551,
        28.57142857142857,
        37.99126637554585,
        61.003861003861005,
        89.8989898989899,
        0.0,
        78.3132530120482,
        18.947368421052634,
        12.340425531914894,
        54.25531914893617,
        66.4804469273743,
        14.634146341463413,
        59.859154929577464,
        41.30434782608695,
        8.955223880597014,
        15.517241379310345,
        78.46153846153847,
        8.870967741935484,
        24.637681159420293,
        79.0,
        35.0,
        83.33333333333334,
        89.76377952755905,
        51.02040816326531,
        56.024096385542165,
        90.32258064516128,
        43.39622641509434,
        96.15384615384616,
        94.73684210526315,
        87.59124087591242,
        54.794520547945204,
        53.75,
        59.67741935483871,
        23.943661971830984,
        71.83098591549296,
        0.0,
        72.88135593220339
    ],
    "Closed Set Accuracy": {
        "OA": 63.91816491010539,
        "AA": 64.49439366662966,