{
    "OA": 63.77369723353984,
    "AA": 64.18564352202266,
    "OOD": null,
    "NMI": null,
    "H-score": null,
    "H3-score": null,
    "Recall-all": [
        98.9010989010989,
        61.8421052631579,
        51.64835164835166,
        80.5045871559633,
        95.23809523809523,
        94.83870967741936,
        98.87218045112782,
        56.896551724137936,
        97.2972972972973,
        3.6585365853658534,
        88.8646288209607,
        61.42322097378277,
        95.76547231270358,
        93.88888888888889,
        79.92700729927007,
        51.8348623853211,
        53.333333333333336,
        96.20253164556962,
        26.860841423948216,
        99.39393939393939,
        100.0,
        4.7091412742382275,
        46.206896551724135,
        95.11002444987776,
        40.86444007858546,
        2.1739130434782608,
        91.93548387096774,
        38.611713665943604,
        18.22125813449024,
        83.36713995943205,
        82.01438848920863,
        30.46594982078853,
        45.09803921568628,
        9.571788413098236,
        61.1328125,
        16.867469879518072,
        28.08219178082192,
        51.970443349753694,
        93.88888888888889,
        72.69076305220884,
        82.1285140562249,
        73.96021699819168,
        71.26865671641791,
        78.8583509513742,
        59.72850678733032,
        48.47161572052402,
        94.30523917995444,
        63.53166986564299,
        4.761904761904762,
        95.72072072072072,
        46.73913043478261,
        76.24309392265194,
        84.67432950191571,
        93.4959349593496,
        92.94117647058823,
        74.8502994011976,
        58.82352941176471,
        64.88095238095238,
        49.53917050691244,
        83.57487922705315,
        81.83673469387756,
        36.6412213740458,
        87.53180661577609,
        80.083857442348,
        74.1472172351885,
        93.37748344370861,
        54.45859872611465,
        26.373626373626376,
        44.642857142857146,
        43.63636363636363,
        88.22269807280514,
        39.52095808383233,
        93.21428571428572,
        39.95157384987893,
        66.3716814159292,
        20.60185185185185,
        89.08045977011494,
        5.6000000000000005,
        88.98305084745762,
        0.547945205479452,
        23.57142857142857,
        90.18567639257294,
        81.41414141414141,
        48.86363636363637,
        96.9939879759519,
        88.3495145631068,
        100.0,
        24.031007751937985,
        65.45454545454545,
        75.92067988668555,
        71.13924050632912,
        72.8440366972477,
        95.30864197530863,
        96.14512471655328,
        83.73015873015873,
        62.908011869436194,
        98.14814814814815,
        36.775818639798494,
        99.07063197026022,
        88.96797153024912,
        97.76119402985076,
        79.9163179916318,
        23.357664233576642,
        95.44626593806922,
        56.33187772925764,
        47.368421052631575,
        49.26315789473684,
        50.53304904051173,
        1.0309278350515463,
        2.2801302931596092,
        77.31343283582089,
        43.947858472998135,
        0.23201856148491878,
        70.85427135678391,
        23.108384458077712,
        93.0939226519337,
        55.55555555555556,
        90.48913043478261,
        4.375,
        78.39335180055402,
        91.86046511627907,
        20.080321285140563,
        83.33333333333334,
        43.15245478036176,
        40.58577405857741,
        92.85714285714286,
        98.2078853046595,
        27.017543859649123,
        91.5068493150685,
        95.63106796116504,
        19.28020565552699,
        99.44903581267218,
        79.56777996070727,
        83.65758754863813,
        88.12785388127854,
        84.65473145780051,
        20.76271186440678,
        12.465373961218837,
        93.73601789709173,
        26.358695652173914,
        65.09186351706036,
        98.61932938856016,
        98.0392156862745,
        15.74074074074074,
        53.383458646616546,
        86.53846153846155,
        70.91633466135458,
        83.53510895883777,
        75.64655172413794,
        94.0711462450593
    ],
    "Closed Set Accuracy": {
        "OA": 75.86091421554949,
        "AA": 76.1882154040899,