{
    "OA": 57.55515686369588,
    "AA": 71.40817211494156,
    "OOD": 42.638359938416656,
    "NMI": 86.8982428203833,
    "H-score": 53.447535237057956,
    "H3-score": 61.3166138278874,
    "Recall-all": [
        96.33699633699634,
        79.60526315789474,
        36.81318681318682,
        79.58715596330275,
        80.95238095238095,
        97.09677419354838,
        97.74436090225564,
        98.27586206896551,
        100.0,
        34.756097560975604,
        98.68995633187772,
        94.00749063670412,
        99.3485342019544,
        92.22222222222223,
        78.46715328467153,
        72.01834862385321,
        90.0,
        98.73417721518987,
        73.7864077669903,
        99.39393939393939,
        99.20318725099602,
        16.897506925207757,
        85.28735632183908,
        96.57701711491443,
        34.9705304518664,
        11.067193675889328,
        78.38709677419354,
        50.542299349240785,
        29.718004338394792,
        85.80121703853956,
        98.20143884892086,
        45.16129032258064,
        13.725490196078432,
        8.816120906801007,
        58.203125,
        38.35341365461847,
        34.70319634703196,
        62.5615763546798,
        91.38888888888889,
        51.00401606425703,
        76.90763052208835,
        90.23508137432188,
        69.77611940298507,
        86.04651162790698,
        47.737556561085974,
        70.74235807860262,
        97.03872437357631,
        85.02879078694818,
        9.523809523809524,
        86.26126126126125,
        54.78260869565217,
        76.24309392265194,
        84.2911877394636,
        51.21951219512195,
        94.70588235294117,
        83.53293413173652,
        62.35294117647059,
        82.44047619047619,
        68.89400921658986,
        88.40579710144928,
        98.9795918367347,
        35.6234096692112,
        85.75063613231552,
        77.14884696016772,
        85.27827648114902,
        98.01324503311258,
        93.31210191082803,
        74.72527472527473,
        52.67857142857143,
        67.27272727272727,
        67.45182012847965,
        73.05389221556887,
        94.28571428571428,
        75.30266343825666,
        66.3716814159292,
        9.25925925925926,
        83.33333333333334,
        33.2,
        81.77966101694916,
        24.93150684931507,
        68.80952380952381,
        91.51193633952255,
        85.25252525252526,
        61.07954545454546,
        97.39478957915831,
        85.43689320388349,
        98.4126984126984,
        60.07751937984496,
        54.54545454545454,
        47.59206798866856,
        80.0,
        74.6788990825688,
        93.08641975308643,
        92.97052154195012,
        83.33333333333334,
        62.908011869436194,
        85.18518518518519,
        61.712846347607055,
        99.81412639405205,
        91.81494661921708,
        96.76616915422885,
        57.32217573221757,
        7.664233576642336,
        96.17486338797814,
        78.60262008733623,
        49.392712550607285,
        43.368421052631575,
        92.96375266524521,
        0.6185567010309279,
        3.5830618892508146,
        80.29850746268656,
        54.7486033519553,
        0.0,
        88.94472361809045,
        76.68711656441718,
        93.646408839779,
        64.86486486486487,
        88.04347826086956,
        91.5625,
        92.5207756232687,
        84.88372093023256,
        51.00401606425703,
        78.29457364341084,
        33.0749354005168,
        76.56903765690377,
        92.4812030075188,
        98.9247311827957,
        45.08771929824562,
        91.78082191780823,
        93.44660194174757,
        13.881748071979436,
        98.89807162534436,
        89.58742632612967,
        84.04669260700389,
        97.71689497716895,
        88.49104859335038,
        47.45762711864407,
        31.301939058171747,
        95.07829977628636,
        77.17391304347827,
        88.18897637795276,
        98.0276134122288,
        98.2174688057041,
        86.11111111111111,
        66.66666666666666,
        85.0,
        61.75298804780876,
        95.88377723970945,
        28.01724137931034,
        97.23320158102767,
        42.638359938416656
    ],
    "Closed Set Accuracy": {
        "OA": 74.08420308459378,
        "AA": 74.62326871757841,