{
    "OA": 51.13565913317928,
    "AA": 50.90368372577139,
    "OOD": null,
    "NMI": null,
    "H-score": null,
    "H3-score": null,
    "Recall-all": [
        86.36363636363636,
        65.80086580086581,
        65.95744680851064,
        60.0,
        50.0,
        81.81818181818183,
        96.1038961038961,
        93.54838709677419,
        88.88888888888889,
        6.321839080459771,
        97.22222222222221,
        86.89655172413792,
        65.359477124183,
        94.36619718309859,
        74.35897435897436,
        65.71428571428571,
        84.84848484848484,
        76.69172932330827,
        69.17293233082707,
        91.07142857142857,
        93.75,
        45.20547945205479,
        9.090909090909092,
        66.12903225806451,
        8.358208955223882,
        2.2900763358778624,
        93.0,
        24.137931034482758,
        61.05263157894737,
        97.5,
        76.08695652173914,
        41.58878504672897,
        65.6441717791411,
        26.190476190476193,
        49.43820224719101,
        12.745098039215685,
        22.89156626506024,
        40.20618556701031,
        67.11111111111111,
        33.80952380952381,
        94.17989417989418,
        65.10416666666666,
        74.35897435897436,
        75.2,
        46.62576687116564,
        30.08849557522124,
        76.97841726618705,
        52.903225806451616,
        0.9237875288683602,
        82.75862068965517,
        64.28571428571429,
        13.043478260869565,
        72.91666666666666,
        17.073170731707318,
        95.6043956043956,
        80.26315789473685,
        14.583333333333334,
        15.517241379310345,
        77.35849056603774,
        44.61538461538462,
        44.44444444444444,
        10.891089108910892,
        65.21739130434783,
        33.33333333333333,
        15.384615384615385,
        47.05882352941176,
        38.63636363636363,
        37.5,
        20.8955223880597,
        17.391304347826086,
        66.66666666666666,
        17.02127659574468,
        60.0,
        46.666666666666664,
        24.285714285714285,
        73.91304347826086,
        87.5,
        21.052631578947366,
        21.73913043478261,
        1.694915254237288,
        52.38095238095239,
        27.27272727272727,
        84.90566037735849,
        0.0,
        94.64285714285714,
        85.9504132231405,
        78.50467289719626,
        11.07011070110701,
        0.0,
        0.0,
        23.91304347826087,
        47.004608294930875,
        86.4406779661017,
        56.81818181818182,
        39.8406374501992,
        22.058823529411764,
        11.11111111111111,
        66.0,
        81.20805369127517,
        51.5625,
        71.31782945736434,
        66.90647482014388,
        3.7383177570093453,
        86.02150537634408,
        32.0,
        0.0,
        62.86549707602339,
        46.666666666666664,
        0.0,
        0.0,
        76.19047619047619,
        11.224489795918368,
        0.0,
        71.42857142857143,
        30.952380952380953,
        39.30131004366812,
        61.77606177606177,
        89.8989898989899,
        1.5625,
        80.72289156626506,
        16.315789473684212,
        25.53191489361702,
        60.63829787234043,
        68.15642458100558,
        13.821138211382115,
        62.676056338028175,
        42.391304347826086,
        7.462686567164178,
        15.517241379310345,
        77.6923076923077,
        6.451612903225806,
        26.91511387163561,
        85.5,
        33.33333333333333,
        84.92063492063492,
        92.1259842519685,
        48.97959183673469,
        71.6867469879518,
        90.32258064516128,
        49.056603773584904,
        96.15384615384616,
        93.42105263157895,
        86.86131386861314,
        57.534246575342465,
        50.0,
        79.03225806451613,
        26.76056338028169,
        57.74647887323944,
        0.0,
        72.88135593220339
    ],
    "Closed Set Accuracy": {
        "OA": 60.66617821112551,
        "AA": 61.25485528051456,