{
    "OA": 65.03978297189552,
    "AA": 59.367317331046976,
    "OOD": 69.30980567344204,
    "NMI": 73.94893940253215,
    "H-score": 63.915470862212,
    "H3-score": 66.9444798980741,
    "Recall-all": [
        93.77289377289377,
        69.07894736842105,
        43.956043956043956,
        57.3394495412844,
        90.47619047619048,
        97.09677419354838,
        91.72932330827066,
        40.08620689655172,
        94.5945945945946,
        15.24390243902439,
        76.85589519650655,
        28.83895131086142,
        97.71986970684038,
        88.88888888888889,
        32.481751824817515,
        75.22935779816514,
        63.33333333333333,
        36.708860759493675,
        10.032362459546926,
        98.7878787878788,
        77.68924302788844,
        51.8005540166205,
        82.5287356321839,
        94.86552567237165,
        56.385068762278976,
        0.592885375494071,
        84.51612903225806,
        18.655097613882862,
        1.0845986984815619,
        88.64097363083164,
        9.712230215827338,
        49.283154121863795,
        38.72549019607843,
        3.5264483627204033,
        44.921875,
        34.13654618473896,
        10.045662100456621,
        29.55665024630542,
        76.38888888888889,
        71.8875502008032,
        80.72289156626506,
        88.06509945750453,
        66.4179104477612,
        80.97251585623678,
        12.669683257918551,
        24.45414847161572,
        92.02733485193622,
        87.5239923224568,
        0.0,
        90.09009009009009,
        67.6086956521739,
        62.98342541436463,
        92.72030651340997,
        88.6178861788618,
        66.17647058823529,
        77.84431137724552,
        83.52941176470588,
        60.416666666666664,
        47.69585253456221,
        50.24154589371981,
        77.9591836734694,
        75.31806615776081,
        85.49618320610686,
        80.50314465408806,
        88.68940754039497,
        78.80794701986756,
        49.044585987261144,
        67.58241758241759,
        32.589285714285715,
        20.727272727272727,
        84.58244111349036,
        47.90419161676647,
        78.21428571428571,
        8.716707021791766,
        84.070796460177,
        14.351851851851851,
        63.2183908045977,
        32.800000000000004,
        73.51694915254238,
        0.547945205479452,
        32.61904761904762,
        84.61538461538461,
        33.33333333333333,
        23.579545454545457,
        89.57915831663327,
        76.69902912621359,
        99.09297052154194,
        58.91472868217055,
        62.5974025974026,
        68.55524079320114,
        75.44303797468355,
        87.1559633027523,
        95.80246913580247,
        85.71428571428571,
        82.93650793650794,
        64.68842729970326,
        90.74074074074075,
        40.55415617128463,
        96.46840148698885,
        80.42704626334519,
        90.29850746268657,
        67.36401673640168,
        6.204379562043796,
        94.35336976320583,
        42.13973799126637,
        19.838056680161944,
        63.1578947368421,
        17.48400852878465,
        8.041237113402062,
        0.0,
        54.328358208955216,
        39.85102420856611,
        0.6960556844547563,
        30.402010050251256,
        68.9161554192229,
        93.0939226519337,
        53.153153153153156,
        73.36956521739131,
        7.187499999999999,
        25.20775623268698,
        84.30232558139535,
        61.044176706827315,
        45.348837209302324,
        43.15245478036176,
        57.32217573221757,
        89.47368421052632,
        91.39784946236558,
        32.631578947368425,
        73.15068493150685,
        91.50485436893204,
        46.7866323907455,
        98.62258953168043,
        73.47740667976424,
        87.93774319066148,
        96.11872146118722,
        87.21227621483376,
        0.423728813559322,
        13.29639889196676,
        35.123042505592835,
        25.0,
        51.181102362204726,
        96.05522682445759,
        95.36541889483065,
        19.675925925925927,
        53.1328320802005,
        73.46153846153847,
        40.23904382470119,
        88.61985472154964,
        74.78448275862068,
        92.09486166007905,
        69.30980567344204
    ],
    "Closed Set Accuracy": {
        "OA": 69.86474670238694,
        "AA": 69.76758091419009,