{
    "OA": 74.58493574711565,
    "AA": 57.059315241127514,
    "OOD": 87.20131721617605,
    "NMI": 61.213914141364924,
    "H-score": 68.83383355492889,
    "H3-score": 66.0927980087442,
    "Recall-all": [
        84.0909090909091,
        74.89177489177489,
        87.94326241134752,
        91.25,
        87.01923076923077,
        79.22077922077922,
        97.40259740259741,
        37.096774193548384,
        94.44444444444444,
        9.195402298850574,
        86.80555555555556,
        79.3103448275862,
        85.62091503267973,
        91.54929577464789,
        69.23076923076923,
        61.42857142857143,
        60.60606060606061,
        72.18045112781954,
        45.11278195488722,
        95.53571428571429,
        91.96428571428571,
        47.26027397260274,
        20.0,
        77.41935483870968,
        8.358208955223882,
        1.5267175572519083,
        91.0,
        17.24137931034483,
        54.21052631578947,
        97.5,
        72.82608695652173,
        57.009345794392516,
        65.6441717791411,
        52.38095238095239,
        32.58426966292135,
        19.607843137254903,
        9.63855421686747,
        31.958762886597935,
        82.22222222222221,
        39.523809523809526,
        94.70899470899471,
        66.14583333333334,
        69.23076923076923,
        73.6,
        73.00613496932516,
        31.858407079646017,
        91.36690647482014,
        88.38709677419355,
        1.6166281755196306,
        81.60919540229885,
        92.85714285714286,
        36.95652173913043,
        89.58333333333334,
        56.09756097560976,
        95.6043956043956,
        85.52631578947368,
        22.916666666666664,
        37.93103448275862,
        84.90566037735849,
        47.69230769230769,
        45.55555555555556,
        61.386138613861384,
        65.21739130434783,
        41.02564102564102,
        45.05494505494506,
        58.82352941176471,
        86.36363636363636,
        50.0,
        19.402985074626866,
        21.73913043478261,
        62.5,
        29.078014184397162,
        85.0,
        23.333333333333332,
        47.14285714285714,
        69.56521739130434,
        100.0,
        0.0,
        30.434782608695656,
        0.0,
        16.666666666666664,
        36.36363636363637,
        89.62264150943396,
        0.5025125628140703,
        99.10714285714286,
        89.25619834710744,
        81.30841121495327,
        2.5830258302583027,
        70.0,
        28.57142857142857,
        54.347826086956516,
        44.70046082949309,
        88.13559322033898,
        55.68181818181818,
        43.02788844621514,
        29.411764705882355,
        11.11111111111111,
        40.0,
        84.56375838926175,
        60.416666666666664,
        86.04651162790698,
        87.05035971223022,
        15.887850467289718,
        97.84946236559139,
        64.8,
        9.090909090909092,
        81.57894736842105,
        52.0,
        0.641025641025641,
        2.380952380952381,
        78.0952380952381,
        35.714285714285715,
        0.0,
        59.183673469387756,
        46.42857142857143,
        52.838427947598255,
        71.81467181467181,
        94.94949494949495,
        0.0,
        84.33734939759037,
        18.947368421052634,
        1.276595744680851,
        90.42553191489363,
        75.97765363128491,
        78.04878048780488,
        80.28169014084507,
        58.69565217391305,
        2.9850746268656714,
        46.55172413793103,
        86.15384615384616,
        12.096774193548388,
        54.865424430641816,
        90.0,
        28.333333333333332,
        89.68253968253968,
        90.5511811023622,
        59.183673469387756,
        31.92771084337349,
        87.09677419354838,
        33.9622641509434,
        87.6923076923077,
        97.36842105263158,
        90.51094890510949,
        26.71232876712329,
        50.0,
        69.35483870967742,
        25.352112676056336,
        88.73239436619718,
        18.75,
        88.13559322033898,
        87.20131721617605
    ],
    "Closed Set Accuracy": {
        "OA": 72.20875838358789,
        "AA": 72.59165054262247,