{
    "OA": 74.57790075977864,
    "AA": 58.771620087491506,
    "OOD": 85.94835548773142,
    "NMI": 61.213914141364924,
    "H-score": 69.67980054125401,
    "H3-score": 66.61043878087949,
    "Recall-all": [
        84.0909090909091,
        77.92207792207793,
        90.78014184397163,
        91.25,
        89.42307692307693,
        80.51948051948052,
        97.40259740259741,
        37.096774193548384,
        92.06349206349206,
        9.195402298850574,
        86.80555555555556,
        80.6896551724138,
        84.31372549019608,
        92.25352112676056,
        71.7948717948718,
        61.42857142857143,
        63.63636363636363,
        72.18045112781954,
        59.3984962406015,
        95.53571428571429,
        92.85714285714286,
        46.57534246575342,
        29.09090909090909,
        85.48387096774194,
        10.149253731343283,
        3.0534351145038165,
        94.0,
        18.39080459770115,
        62.63157894736842,
        98.33333333333333,
        71.73913043478261,
        64.48598130841121,
        64.41717791411043,
        50.0,
        31.46067415730337,
        13.725490196078432,
        9.63855421686747,
        34.02061855670103,
        80.44444444444444,
        40.476190476190474,
        94.17989417989418,
        66.66666666666666,
        79.48717948717949,
        75.2,
        74.23312883435584,
        29.20353982300885,
        93.5251798561151,
        88.38709677419355,
        1.8475750577367205,
        85.0574712643678,
        95.23809523809523,
        28.26086956521739,
        93.75,
        51.21951219512195,
        96.7032967032967,
        85.52631578947368,
        25.0,
        51.724137931034484,
        86.79245283018868,
        49.23076923076923,
        47.77777777777778,
        72.27722772277228,
        69.56521739130434,
        43.58974358974359,
        53.84615384615385,
        52.94117647058824,
        84.0909090909091,
        50.0,
        22.388059701492537,
        21.73913043478261,
        70.83333333333334,
        26.24113475177305,
        85.0,
        23.333333333333332,
        51.42857142857142,
        82.6086956521739,
        100.0,
        0.0,
        30.434782608695656,
        0.0,
        21.428571428571427,
        54.54545454545454,
        88.67924528301887,
        0.5025125628140703,
        98.21428571428571,
        89.25619834710744,
        83.17757009345794,
        5.535055350553505,
        67.5,
        53.57142857142857,
        50.0,
        53.45622119815668,
        91.52542372881356,
        55.68181818181818,
        44.6215139442231,
        43.38235294117647,
        22.22222222222222,
        39.0,
        86.57718120805369,
        59.895833333333336,
        89.14728682170544,
        86.33093525179856,
        4.672897196261682,
        97.84946236559139,
        67.2,
        9.090909090909092,
        87.13450292397661,
        59.333333333333336,
        0.9615384615384616,
        0.0,
        77.14285714285715,
        29.591836734693878,
        0.0,
        58.16326530612245,
        51.19047619047619,
        52.40174672489083,
        75.67567567567568,
        95.95959595959596,
        0.0,
        81.92771084337349,
        18.421052631578945,
        9.787234042553191,
        88.29787234042553,
        76.53631284916202,
        77.23577235772358,
        80.98591549295774,
        59.78260869565217,
        7.462686567164178,
        46.55172413793103,
        90.0,
        10.483870967741936,
        54.865424430641816,
        86.5,
        31.666666666666664,
        89.68253968253968,
        96.06299212598425,
        63.26530612244898,
        56.024096385542165,
        87.09677419354838,
        26.41509433962264,
        90.0,
        97.36842105263158,
        90.51094890510949,
        23.28767123287671,
        53.75,
        67.74193548387096,
        25.352112676056336,
        85.91549295774648,
        18.75,
        88.13559322033898,
        85.94835548773142
    ],
    "Closed Set Accuracy": {
        "OA": 72.4172913261568,
        "AA": 73.18072531752196,