{
    "OA": 57.62401202540852,
    "AA": 74.83907731637075,
    "OOD": 38.88258650028361,
    "NMI": 86.8982428203833,
    "H-score": 51.23195215377834,
    "H3-score": 59.35359613125068,
    "Recall-all": [
        96.7032967032967,
        90.13157894736842,
        47.25274725274725,
        83.94495412844036,
        90.47619047619048,
        95.16129032258065,
        97.74436090225564,
        98.27586206896551,
        100.0,
        31.70731707317073,
        98.90829694323145,
        91.01123595505618,
        99.3485342019544,
        92.77777777777779,
        79.56204379562044,
        78.44036697247707,
        91.66666666666666,
        98.73417721518987,
        75.40453074433657,
        99.39393939393939,
        100.0,
        34.34903047091413,
        88.50574712643679,
        97.31051344743277,
        42.63261296660118,
        22.727272727272727,
        81.93548387096774,
        54.4468546637744,
        29.718004338394792,
        91.48073022312373,
        98.20143884892086,
        57.34767025089605,
        16.666666666666664,
        10.831234256926953,
        60.9375,
        40.36144578313253,
        36.3013698630137,
        57.635467980295566,
        92.77777777777779,
        53.81526104417671,
        77.30923694779116,
        91.86256781193491,
        74.25373134328358,
        89.85200845665962,
        47.737556561085974,
        75.9825327510917,
        98.40546697038725,
        91.17082533589252,
        4.761904761904762,
        92.56756756756756,
        57.608695652173914,
        83.60957642725599,
        88.50574712643679,
        58.536585365853654,
        95.58823529411765,
        85.62874251497006,
        67.05882352941175,
        75.29761904761905,
        79.95391705069125,
        89.3719806763285,
        99.59183673469387,
        43.765903307888046,
        87.27735368956743,
        85.1153039832285,
        88.8689407540395,
        99.33774834437085,
        96.81528662420382,
        79.3956043956044,
        66.51785714285714,
        79.27272727272727,
        73.44753747323341,
        71.8562874251497,
        95.0,
        73.36561743341404,
        63.716814159292035,
        21.52777777777778,
        85.0574712643678,
        46.0,
        85.38135593220339,
        35.342465753424655,
        73.57142857142858,
        93.10344827586206,
        87.47474747474747,
        66.47727272727273,
        97.99599198396794,
        89.32038834951457,
        99.31972789115646,
        62.01550387596899,
        62.077922077922075,
        59.490084985835686,
        86.32911392405063,
        83.6697247706422,
        95.06172839506173,
        93.87755102040816,
        83.33333333333334,
        70.91988130563797,
        93.82716049382715,
        70.27707808564232,
        99.81412639405205,
        90.74733096085409,
        98.75621890547264,
        59.83263598326359,
        6.204379562043796,
        96.72131147540983,
        82.53275109170306,
        56.2753036437247,
        48.0,
        94.66950959488273,
        2.268041237113402,
        2.6058631921824107,
        80.59701492537313,
        68.52886405959032,
        0.6960556844547563,
        91.20603015075378,
        89.77505112474438,
        94.1988950276243,
        81.98198198198197,
        89.94565217391305,
        91.5625,
        92.797783933518,
        91.27906976744185,
        68.27309236947792,
        81.0077519379845,
        46.51162790697674,
        76.56903765690377,
        93.796992481203,
        99.2831541218638,
        50.877192982456144,
        93.69863013698631,
        95.14563106796116,
        9.511568123393316,
        99.17355371900827,
        91.15913555992141,
        85.60311284046692,
        98.85844748858447,
        88.7468030690537,
        69.0677966101695,
        37.67313019390582,
        94.85458612975391,
        73.91304347826086,
        89.76377952755905,
        98.81656804733728,
        98.0392156862745,
        89.81481481481481,
        70.92731829573935,
        87.6923076923077,
        62.94820717131474,
        96.61016949152543,
        30.17241379310345,
        97.82608695652173,
        38.88258650028361
    ],
    "Closed Set Accuracy": {
        "OA": 77.86459786794664,
        "AA": 78.13278239560725,