{
    "OA": 75.30524172040926,
    "AA": 69.1698546506253,
    "OOD": 82.54801069605381,
    "NMI": 85.66138305673925,
    "H-score": 75.21577203778259,
    "H3-score": 78.40396371379026,
    "Recall-all": [
        99.63369963369964,
        71.05263157894737,
        70.05494505494505,
        87.8440366972477,
        95.23809523809523,
        96.45161290322581,
        98.87218045112782,
        65.08620689655173,
        100.0,
        3.048780487804878,
        92.79475982532752,
        65.91760299625467,
        97.71986970684038,
        93.88888888888889,
        84.30656934306569,
        67.88990825688074,
        71.66666666666667,
        94.9367088607595,
        34.627831715210355,
        98.7878787878788,
        100.0,
        3.6011080332409975,
        80.45977011494253,
        96.82151589242054,
        38.89980353634578,
        2.5691699604743086,
        90.96774193548387,
        41.431670281995665,
        16.919739696312362,
        87.62677484787018,
        89.568345323741,
        38.88888888888889,
        46.07843137254902,
        8.816120906801007,
        55.2734375,
        28.313253012048197,
        30.36529680365297,
        56.65024630541872,
        94.16666666666667,
        72.48995983935743,
        82.93172690763052,
        86.07594936708861,
        76.49253731343283,
        78.43551797040169,
        66.289592760181,
        60.26200873362445,
        97.72209567198178,
        94.6257197696737,
        4.761904761904762,
        96.3963963963964,
        49.34782608695652,
        77.71639042357275,
        89.65517241379311,
        93.4959349593496,
        94.41176470588235,
        76.34730538922156,
        68.23529411764706,
        86.90476190476191,
        57.83410138248848,
        83.09178743961353,
        94.89795918367348,
        45.5470737913486,
        87.78625954198473,
        78.61635220125787,
        77.37881508078995,
        98.01324503311258,
        96.4968152866242,
        72.52747252747253,
        42.410714285714285,
        48.0,
        89.29336188436831,
        58.68263473053892,
        95.71428571428572,
        45.76271186440678,
        74.33628318584071,
        15.74074074074074,
        89.65517241379311,
        6.4,
        88.77118644067797,
        0.547945205479452,
        50.23809523809524,
        94.42970822281167,
        83.83838383838383,
        51.42045454545454,
        97.79559118236473,
        88.3495145631068,
        100.0,
        32.945736434108525,
        64.15584415584415,
        83.56940509915015,
        77.21518987341773,
        82.20183486238533,
        97.03703703703704,
        97.05215419501134,
        84.92063492063492,
        64.68842729970326,
        97.53086419753086,
        49.37027707808564,
        98.88475836431226,
        91.10320284697508,
        98.2587064676617,
        79.9163179916318,
        24.45255474452555,
        96.90346083788707,
        73.7991266375546,
        51.417004048582996,
        46.31578947368421,
        75.90618336886993,
        1.0309278350515463,
        1.9543973941368076,
        79.70149253731343,
        52.886405959031656,
        0.23201856148491878,
        70.85427135678391,
        30.470347648261757,
        96.68508287292818,
        65.46546546546547,
        92.66304347826086,
        9.6875,
        86.42659279778393,
        92.44186046511628,
        41.365461847389554,
        86.82170542635659,
        46.51162790697674,
        65.69037656903765,
        92.85714285714286,
        98.9247311827957,
        25.438596491228072,
        93.42465753424658,
        96.11650485436894,
        16.966580976863753,
        99.17355371900827,
        86.2475442043222,
        82.87937743190662,
        92.92237442922374,
        89.00255754475704,
        34.74576271186441,
        16.897506925207757,
        93.0648769574944,
        18.206521739130434,
        62.72965879265092,
        98.61932938856016,
        98.0392156862745,
        14.120370370370368,
        64.16040100250626,
        86.53846153846155,
        75.2988047808765,
        91.0411622276029,
        84.91379310344827,
        97.82608695652173,
        82.54801069605381
    ],
    "Closed Set Accuracy": {
        "OA": 78.73900020464735,
        "AA": 79.18607846513133,