{
    "OA": 70.07316386830503,
    "AA": 56.238990819738234,
    "OOD": 80.42247299305248,
    "NMI": 67.70637294345866,
    "H-score": 66.07870713813793,
    "H3-score": 66.61384642963614,
    "Recall-all": [
        88.63636363636364,
        65.36796536796537,
        87.2340425531915,
        67.5,
        67.3076923076923,
        83.11688311688312,
        97.40259740259741,
        91.93548387096774,
        90.47619047619048,
        7.471264367816093,
        96.52777777777779,
        83.44827586206897,
        85.62091503267973,
        92.25352112676056,
        79.48717948717949,
        70.0,
        90.9090909090909,
        77.44360902255639,
        58.64661654135338,
        93.75,
        93.75,
        58.21917808219178,
        21.818181818181817,
        69.35483870967742,
        4.477611940298507,
        2.2900763358778624,
        94.0,
        27.586206896551722,
        61.578947368421055,
        95.83333333333334,
        72.28260869565217,
        57.476635514018696,
        62.57668711656442,
        57.14285714285714,
        44.9438202247191,
        32.35294117647059,
        24.096385542168676,
        35.051546391752574,
        64.88888888888889,
        34.285714285714285,
        94.17989417989418,
        72.39583333333334,
        78.2051282051282,
        72.0,
        46.62576687116564,
        40.707964601769916,
        87.05035971223022,
        80.0,
        0.6928406466512702,
        85.63218390804597,
        64.28571428571429,
        8.695652173913043,
        77.08333333333334,
        39.02439024390244,
        96.7032967032967,
        85.52631578947368,
        16.666666666666664,
        3.4482758620689653,
        73.58490566037736,
        50.76923076923077,
        56.666666666666664,
        26.732673267326735,
        69.56521739130434,
        41.02564102564102,
        21.978021978021978,
        64.70588235294117,
        77.27272727272727,
        50.0,
        29.850746268656714,
        21.73913043478261,
        70.83333333333334,
        43.97163120567376,
        70.0,
        36.666666666666664,
        22.857142857142858,
        82.6086956521739,
        100.0,
        31.57894736842105,
        21.73913043478261,
        5.084745762711865,
        54.761904761904766,
        45.45454545454545,
        86.79245283018868,
        0.0,
        96.42857142857143,
        87.60330578512396,
        79.43925233644859,
        2.5830258302583027,
        25.0,
        14.285714285714285,
        17.391304347826086,
        39.63133640552996,
        71.1864406779661,
        52.27272727272727,
        40.23904382470119,
        34.55882352941176,
        22.22222222222222,
        72.0,
        83.89261744966443,
        59.895833333333336,
        73.64341085271317,
        70.50359712230215,
        0.0,
        91.93548387096774,
        45.6,
        3.0303030303030303,
        82.45614035087719,
        52.0,
        0.0,
        0.0,
        80.0,
        19.387755102040817,
        0.5050505050505051,
        71.42857142857143,
        47.61904761904761,
        51.52838427947598,
        67.95366795366795,
        92.92929292929293,
        1.5625,
        79.51807228915662,
        22.105263157894736,
        34.8936170212766,
        58.51063829787234,
        67.59776536312849,
        82.11382113821138,
        62.676056338028175,
        43.47826086956522,
        13.432835820895523,
        22.413793103448278,
        80.76923076923077,
        14.516129032258066,
        25.465838509316768,
        87.5,
        35.0,
        88.09523809523809,
        89.76377952755905,
        73.46938775510205,
        71.08433734939759,
        90.32258064516128,
        45.28301886792453,
        97.6923076923077,
        94.73684210526315,
        88.32116788321169,
        61.64383561643836,
        68.75,
        59.67741935483871,
        32.3943661971831,
        88.73239436619718,
        0.0,
        87.28813559322035,
        80.42247299305248
    ],
    "Closed Set Accuracy": {
        "OA": 69.53728230851604,
        "AA": 70.89118378329405,