{
    "OA": 67.94478242265261,
    "AA": 67.84807728070712,
    "OOD": null,
    "NMI": null,
    "H-score": null,
    "H3-score": null,
    "Recall-all": [
        95.97069597069597,
        78.28947368421053,
        36.81318681318682,
        75.22935779816514,
        80.95238095238095,
        93.87096774193549,
        96.61654135338345,
        99.13793103448276,
        100.0,
        25.0,
        97.37991266375546,
        92.13483146067416,
        94.46254071661238,
        91.11111111111111,
        74.45255474452554,
        67.88990825688074,
        90.0,
        98.73417721518987,
        75.40453074433657,
        99.39393939393939,
        99.60159362549801,
        16.343490304709142,
        69.6551724137931,
        95.84352078239608,
        40.078585461689585,
        6.324110671936759,
        78.06451612903226,
        50.108459869848154,
        28.199566160520607,
        85.39553752535497,
        98.56115107913669,
        36.73835125448029,
        14.215686274509803,
        9.06801007556675,
        57.8125,
        30.32128514056225,
        34.24657534246575,
        56.896551724137936,
        91.38888888888889,
        48.795180722891565,
        75.90361445783132,
        86.79927667269439,
        61.940298507462686,
        85.83509513742071,
        45.92760180995475,
        61.135371179039296,
        93.16628701594533,
        77.73512476007679,
        4.761904761904762,
        85.13513513513513,
        57.391304347826086,
        76.97974217311234,
        80.45977011494253,
        11.38211382113821,
        93.52941176470588,
        83.23353293413174,
        51.76470588235295,
        75.89285714285714,
        61.29032258064516,
        88.40579710144928,
        97.14285714285714,
        28.75318066157761,
        84.98727735368958,
        77.77777777777779,
        83.84201077199282,
        93.37748344370861,
        36.94267515923567,
        66.75824175824175,
        46.42857142857143,
        67.27272727272727,
        67.6659528907923,
        43.712574850299404,
        91.78571428571428,
        73.60774818401937,
        61.06194690265486,
        6.481481481481481,
        81.60919540229885,
        35.199999999999996,
        82.41525423728814,
        13.972602739726028,
        57.14285714285714,
        89.12466843501326,
        83.63636363636363,
        51.70454545454546,
        96.79358717434869,
        84.46601941747572,
        98.4126984126984,
        63.17829457364341,
        53.76623376623376,
        44.47592067988669,
        69.36708860759494,
        77.79816513761469,
        89.62962962962962,
        92.06349206349206,
        80.95238095238095,
        58.45697329376854,
        89.50617283950618,
        59.949622166246854,
        99.62825278810409,
        88.96797153024912,
        96.26865671641791,
        56.06694560669456,
        8.02919708029197,
        95.26411657559198,
        74.89082969432314,
        48.178137651821864,
        39.1578947368421,
        92.75053304904051,
        0.8247422680412372,
        1.9543973941368076,
        77.91044776119404,
        55.679702048417134,
        0.0,
        89.44723618090453,
        58.691206543967276,
        80.11049723756905,
        60.36036036036037,
        87.22826086956522,
        91.25,
        83.10249307479224,
        86.62790697674419,
        26.506024096385545,
        74.4186046511628,
        30.23255813953488,
        16.317991631799163,
        92.29323308270678,
        98.56630824372759,
        40.17543859649123,
        89.58904109589041,
        92.96116504854369,
        11.568123393316196,
        98.34710743801654,
        89.3909626719057,
        80.54474708171206,
        96.57534246575342,
        82.86445012787725,
        38.13559322033898,
        33.51800554016621,
        95.07829977628636,
        74.18478260869566,
        86.61417322834646,
        97.83037475345168,
        97.14795008912655,
        86.11111111111111,
        59.3984962406015,
        85.38461538461539,
        65.33864541832669,
        92.97820823244552,
        26.50862068965517,
        95.8498023715415
    ],
    "Closed Set Accuracy": {
        "OA": 70.815426689736,
        "AA": 70.95962316247585,