{
    "OA": 51.18074733697796,
    "AA": 51.3164559055592,
    "OOD": null,
    "NMI": null,
    "H-score": null,
    "H3-score": null,
    "Recall-all": [
        88.63636363636364,
        64.5021645021645,
        65.24822695035462,
        60.0,
        55.28846153846154,
        83.11688311688312,
        96.1038961038961,
        96.7741935483871,
        88.88888888888889,
        9.195402298850574,
        96.52777777777779,
        85.51724137931035,
        61.43790849673203,
        93.66197183098592,
        76.92307692307693,
        70.0,
        84.84848484848484,
        75.93984962406014,
        63.1578947368421,
        91.07142857142857,
        92.85714285714286,
        45.20547945205479,
        10.909090909090908,
        59.67741935483871,
        5.970149253731343,
        1.5267175572519083,
        93.0,
        25.287356321839084,
        64.73684210526316,
        97.5,
        77.17391304347827,
        45.794392523364486,
        63.190184049079754,
        35.714285714285715,
        53.93258426966292,
        15.686274509803921,
        20.481927710843372,
        40.20618556701031,
        67.55555555555556,
        30.0,
        94.17989417989418,
        66.66666666666666,
        64.1025641025641,
        73.6,
        42.331288343558285,
        29.20353982300885,
        77.6978417266187,
        49.67741935483871,
        0.9237875288683602,
        78.16091954022988,
        61.904761904761905,
        10.869565217391305,
        72.91666666666666,
        17.073170731707318,
        96.7032967032967,
        81.57894736842105,
        14.583333333333334,
        10.344827586206897,
        81.13207547169812,
        47.69230769230769,
        48.888888888888886,
        10.891089108910892,
        65.21739130434783,
        35.8974358974359,
        18.681318681318682,
        52.94117647058824,
        38.63636363636363,
        43.75,
        22.388059701492537,
        21.73913043478261,
        66.66666666666666,
        21.27659574468085,
        60.0,
        46.666666666666664,
        27.142857142857142,
        69.56521739130434,
        87.5,
        26.31578947368421,
        21.73913043478261,
        1.694915254237288,
        54.761904761904766,
        45.45454545454545,
        87.73584905660378,
        0.0,
        94.64285714285714,
        86.77685950413223,
        76.63551401869158,
        9.59409594095941,
        0.0,
        0.0,
        21.73913043478261,
        40.55299539170507,
        89.83050847457628,
        57.95454545454546,
        38.645418326693225,
        24.264705882352942,
        22.22222222222222,
        63.0,
        81.20805369127517,
        53.125,
        72.86821705426357,
        66.90647482014388,
        4.672897196261682,
        89.24731182795699,
        31.2,
        3.0303030303030303,
        69.00584795321637,
        42.0,
        0.0,
        0.0,
        76.19047619047619,
        7.142857142857142,
        0.0,
        67.3469387755102,
        32.142857142857146,
        38.427947598253276,
        60.61776061776062,
        89.8989898989899,
        0.0,
        79.51807228915662,
        15.789473684210526,
        30.638297872340424,
        60.63829787234043,
        67.0391061452514,
        17.073170731707318,
        59.859154929577464,
        42.391304347826086,
        5.970149253731343,
        18.96551724137931,
        76.92307692307693,
        4.838709677419355,
        29.39958592132505,
        88.0,
        33.33333333333333,
        87.3015873015873,
        90.5511811023622,
        36.734693877551024,
        72.28915662650603,
        90.32258064516128,
        49.056603773584904,
        96.92307692307692,
        93.42105263157895,
        86.86131386861314,
        58.21917808219178,
        50.0,
        77.41935483870968,
        30.985915492957744,
        64.7887323943662,
        0.0,
        71.1864406779661
    ],
    "Closed Set Accuracy": {
        "OA": 61.08888012173816,
        "AA": 61.51019450755329,