{
    "OA": 70.8749604658518,
    "AA": 70.68456156939399,
    "OOD": null,
    "NMI": null,
    "H-score": null,
    "H3-score": null,
    "UCR": 73.9967628509237,
    "Recall-all": [
        96.7032967032967,
        92.76315789473685,
        43.40659340659341,
        65.13761467889908,
        90.47619047619048,
        92.58064516129032,
        96.99248120300751,
        98.27586206896551,
        100.0,
        29.268292682926827,
        97.37991266375546,
        91.01123595505618,
        96.41693811074919,
        92.77777777777779,
        79.56204379562044,
        75.22935779816514,
        91.66666666666666,
        98.73417721518987,
        69.25566343042071,
        99.39393939393939,
        99.60159362549801,
        32.96398891966759,
        74.48275862068967,
        96.82151589242054,
        43.02554027504912,
        18.972332015810274,
        77.41935483870968,
        52.49457700650759,
        27.765726681127983,
        89.8580121703854,
        98.56115107913669,
        46.415770609319,
        16.176470588235293,
        10.075566750629724,
        59.5703125,
        32.730923694779115,
        35.38812785388128,
        55.41871921182266,
        92.77777777777779,
        52.81124497991968,
        76.30522088353415,
        88.60759493670885,
        70.33582089552239,
        88.79492600422833,
        47.05882352941176,
        68.12227074235808,
        96.12756264236903,
        77.54318618042227,
        4.761904761904762,
        90.76576576576578,
        59.78260869565217,
        81.39963167587477,
        85.82375478927203,
        13.008130081300814,
        95.29411764705881,
        82.63473053892216,
        54.11764705882353,
        68.75,
        72.58064516129032,
        89.3719806763285,
        97.95918367346938,
        32.31552162849873,
        84.47837150127226,
        84.0670859538784,
        86.71454219030521,
        96.02649006622516,
        34.71337579617834,
        70.6043956043956,
        57.14285714285714,
        76.72727272727272,
        78.37259100642399,
        37.12574850299401,
        91.78571428571428,
        68.52300242130751,
        60.17699115044248,
        20.833333333333336,
        85.0574712643678,
        46.400000000000006,
        84.95762711864407,
        29.041095890410958,
        69.28571428571428,
        90.71618037135278,
        87.87878787878788,
        62.5,
        97.99599198396794,
        86.40776699029125,
        99.31972789115646,
        53.875968992248055,
        60.51948051948052,
        49.858356940509914,
        67.84810126582278,
        77.06422018348624,
        91.60493827160494,
        93.65079365079364,
        81.34920634920636,
        61.72106824925816,
        91.35802469135803,
        69.0176322418136,
        99.81412639405205,
        88.61209964412812,
        98.50746268656717,
        58.15899581589959,
        4.014598540145985,
        95.26411657559198,
        77.9475982532751,
        52.63157894736842,
        45.473684210526315,
        94.02985074626866,
        2.0618556701030926,
        5.211726384364821,
        78.80597014925374,
        64.61824953445065,
        0.23201856148491878,
        90.95477386934674,
        81.39059304703477,
        83.70165745856355,
        72.97297297297297,
        88.31521739130434,
        89.375,
        84.21052631578947,
        91.86046511627907,
        38.152610441767074,
        76.35658914728683,
        40.82687338501292,
        25.94142259414226,
        93.42105263157895,
        98.9247311827957,
        48.59649122807018,
        92.32876712328768,
        94.90291262135922,
        5.3984575835475574,
        98.89807162534436,
        90.17681728880157,
        79.37743190661479,
        98.17351598173516,
        85.93350383631714,
        59.7457627118644,
        34.62603878116344,
        95.74944071588367,
        57.88043478260869,
        88.18897637795276,
        98.42209072978304,
        96.96969696969697,
        88.19444444444444,
        61.40350877192983,
        85.38461538461539,
        61.75298804780876,
        95.88377723970945,
        29.52586206896552,
        96.83794466403161
    ],
    "Closed Set Accuracy": {
        "OA": 73.9967628509237,
        "AA": 73.88234852907478,