{
    "OA": 51.141295158654124,
    "AA": 51.060653239820105,
    "OOD": null,
    "NMI": null,
    "H-score": null,
    "H3-score": null,
    "Recall-all": [
        86.36363636363636,
        69.6969696969697,
        58.156028368794324,
        53.75,
        52.88461538461539,
        81.81818181818183,
        96.1038961038961,
        93.54838709677419,
        88.09523809523809,
        8.045977011494253,
        96.52777777777779,
        86.20689655172413,
        69.93464052287581,
        94.36619718309859,
        66.66666666666666,
        65.0,
        84.84848484848484,
        78.19548872180451,
        68.42105263157895,
        92.85714285714286,
        93.75,
        47.26027397260274,
        7.2727272727272725,
        62.903225806451616,
        8.059701492537313,
        1.5267175572519083,
        93.0,
        20.689655172413794,
        66.3157894736842,
        97.5,
        75.54347826086956,
        45.794392523364486,
        62.57668711656442,
        38.095238095238095,
        48.31460674157304,
        15.686274509803921,
        21.686746987951807,
        36.08247422680412,
        66.22222222222223,
        31.428571428571427,
        93.65079365079364,
        66.66666666666666,
        70.08547008547008,
        73.6,
        44.171779141104295,
        29.20353982300885,
        78.41726618705036,
        53.5483870967742,
        1.3856812933025404,
        80.45977011494253,
        64.28571428571429,
        13.043478260869565,
        70.83333333333334,
        19.51219512195122,
        95.6043956043956,
        81.57894736842105,
        14.583333333333334,
        17.24137931034483,
        83.01886792452831,
        44.61538461538462,
        50.0,
        12.871287128712872,
        69.56521739130434,
        38.46153846153847,
        21.978021978021978,
        52.94117647058824,
        40.909090909090914,
        43.75,
        19.402985074626866,
        21.73913043478261,
        70.83333333333334,
        20.56737588652482,
        55.00000000000001,
        36.666666666666664,
        25.71428571428571,
        69.56521739130434,
        87.5,
        26.31578947368421,
        21.73913043478261,
        1.694915254237288,
        54.761904761904766,
        36.36363636363637,
        84.90566037735849,
        0.0,
        94.64285714285714,
        85.9504132231405,
        78.50467289719626,
        15.498154981549817,
        0.0,
        0.0,
        19.565217391304348,
        46.08294930875576,
        88.13559322033898,
        54.54545454545454,
        39.8406374501992,
        24.264705882352942,
        22.22222222222222,
        67.0,
        80.53691275167785,
        50.520833333333336,
        73.64341085271317,
        67.62589928057554,
        2.803738317757009,
        86.02150537634408,
        33.6,
        3.0303030303030303,
        62.86549707602339,
        44.666666666666664,
        0.0,
        0.0,
        76.19047619047619,
        10.204081632653061,
        0.0,
        67.3469387755102,
        33.33333333333333,
        39.30131004366812,
        57.91505791505791,
        91.91919191919192,
        1.5625,
        80.72289156626506,
        15.789473684210526,
        20.0,
        53.191489361702125,
        67.0391061452514,
        14.634146341463413,
        59.859154929577464,
        41.30434782608695,
        5.970149253731343,
        15.517241379310345,
        78.46153846153847,
        4.838709677419355,
        29.606625258799173,
        89.0,
        32.5,
        87.3015873015873,
        88.9763779527559,
        44.89795918367347,
        71.6867469879518,
        90.32258064516128,
        47.16981132075472,
        96.15384615384616,
        93.42105263157895,
        87.59124087591242,
        58.21917808219178,
        48.75,
        66.12903225806451,
        28.169014084507044,
        64.7887323943662,
        0.0,
        67.79661016949152
    ],
    "Closed Set Accuracy": {
        "OA": 60.976159612241446,
        "AA": 61.303452461871345,