{
    "OA": 67.10369723897176,
    "AA": 59.50214017251177,
    "OOD": 72.46998581462132,
    "NMI": 74.03585466887408,
    "H-score": 65.2962719695388,
    "H3-score": 67.97218459631405,
    "Recall-all": [
        75.26881720430107,
        59.72222222222222,
        25.862068965517242,
        15.686274509803921,
        29.545454545454547,
        44.230769230769226,
        48.78048780487805,
        27.61904761904762,
        36.655948553054664,
        15.932203389830507,
        70.31802120141343,
        15.032679738562091,
        68.64864864864865,
        66.4,
        12.592592592592592,
        84.22818791946308,
        32.142857142857146,
        19.148936170212767,
        5.555555555555555,
        52.604166666666664,
        26.76056338028169,
        63.33333333333333,
        75.64469914040114,
        77.73584905660378,
        35.521235521235525,
        46.875,
        71.68949771689498,
        63.63636363636363,
        30.17241379310345,
        77.94117647058823,
        25.24271844660194,
        82.58064516129032,
        32.53012048192771,
        77.77777777777779,
        77.19298245614034,
        54.54545454545454,
        82.14285714285714,
        73.7265415549598,
        41.62436548223351,
        52.38095238095239,
        86.50306748466258,
        40.63926940639269,
        64.74164133738601,
        62.857142857142854,
        51.724137931034484,
        59.523809523809526,
        90.0,
        82.05128205128204,
        0.0,
        90.0,
        88.23529411764706,
        32.71028037383177,
        50.0,
        6.666666666666667,
        85.14851485148515,
        61.46788990825688,
        52.0,
        54.966887417218544,
        43.888888888888886,
        78.37837837837837,
        54.13533834586466,
        51.61290322580645,
        87.56756756756758,
        87.89808917197452,
        91.25,
        57.692307692307686,
        87.27272727272727,
        40.21739130434783,
        44.44444444444444,
        87.17948717948718,
        84.84848484848484,
        18.627450980392158,
        75.80645161290323,
        46.15384615384615,
        47.93814432989691,
        66.66666666666666,
        87.03703703703704,
        63.63636363636363,
        56.75675675675676,
        88.88888888888889,
        66.66666666666666,
        99.08256880733946,
        99.06542056074767,
        75.0,
        64.28571428571429,
        47.27272727272727,
        83.00653594771242,
        12.396694214876034,
        54.54545454545454,
        71.62162162162163,
        68.23529411764706,
        72.76341948310139,
        95.71428571428572,
        76.24521072796935,
        75.6198347107438,
        93.16770186335404,
        94.89795918367348,
        35.714285714285715,
        59.859154929577464,
        92.4914675767918,
        78.03030303030303,
        53.84615384615385,
        10.16949152542373,
        98.98648648648648,
        27.586206896551722,
        72.72727272727273,
        69.15422885572139,
        10.344827586206897,
        92.85714285714286,
        27.27272727272727,
        87.08333333333333,
        47.05882352941176,
        10.256410256410255,
        75.0,
        80.0,
        85.29411764705883,
        88.80597014925374,
        98.7012987012987,
        3.0821917808219177,
        59.72222222222222,
        100.0,
        40.707964601769916,
        53.25443786982249,
        47.45762711864407,
        39.6551724137931,
        99.13793103448276,
        72.03389830508475,
        66.8918918918919,
        60.8,
        98.63013698630137,
        5.47945205479452,
        47.40406320541761,
        66.05504587155964,
        21.83406113537118,
        81.69014084507043,
        83.0,
        48.38709677419355,
        24.293785310734464,
        89.1025641025641,
        31.636363636363633,
        19.841269841269842,
        93.0635838150289,
        79.88826815642457,
        44.44444444444444,
        68.75,
        40.64516129032258,
        47.69230769230769,
        98.62637362637363,
        65.71428571428571,
        80.4416403785489,
        72.46998581462132
    ],
    "Closed Set Accuracy": {
        "OA": 69.87867800864593,
        "AA": 69.0610437298282,