{
    "OA": 74.77957039677328,
    "AA": 58.19064230916542,
    "OOD": 88.29765872856512,
    "NMI": 61.213914141364924,
    "H-score": 70.00375125521761,
    "H3-score": 66.80745980945859,
    "Recall-all": [
        59.09090909090909,
        52.81385281385281,
        19.148936170212767,
        50.0,
        52.88461538461539,
        29.87012987012987,
        75.32467532467533,
        61.29032258064516,
        77.77777777777779,
        6.321839080459771,
        72.91666666666666,
        45.51724137931035,
        66.66666666666666,
        81.69014084507043,
        20.51282051282051,
        50.71428571428571,
        87.87878787878788,
        25.563909774436087,
        40.6015037593985,
        77.67857142857143,
        71.42857142857143,
        47.26027397260274,
        9.090909090909092,
        54.83870967741935,
        11.940298507462686,
        61.832061068702295,
        96.0,
        49.42528735632184,
        36.84210526315789,
        97.91666666666666,
        59.2391304347826,
        78.03738317757009,
        63.190184049079754,
        35.714285714285715,
        22.47191011235955,
        50.98039215686274,
        32.53012048192771,
        49.48453608247423,
        55.111111111111114,
        35.23809523809524,
        93.65079365079364,
        60.9375,
        69.23076923076923,
        60.8,
        59.50920245398773,
        48.67256637168141,
        92.08633093525181,
        83.87096774193549,
        0.9237875288683602,
        87.93103448275862,
        97.61904761904762,
        6.521739130434782,
        95.83333333333334,
        68.29268292682927,
        96.7032967032967,
        78.94736842105263,
        27.083333333333332,
        70.6896551724138,
        77.35849056603774,
        63.07692307692307,
        50.0,
        68.31683168316832,
        65.21739130434783,
        43.58974358974359,
        45.05494505494506,
        5.88235294117647,
        93.18181818181817,
        37.5,
        49.25373134328358,
        26.08695652173913,
        62.5,
        33.33333333333333,
        85.0,
        63.33333333333333,
        51.42857142857142,
        86.95652173913044,
        87.5,
        26.31578947368421,
        30.434782608695656,
        20.33898305084746,
        69.04761904761905,
        63.63636363636363,
        95.28301886792453,
        5.025125628140704,
        77.67857142857143,
        85.12396694214877,
        52.336448598130836,
        2.952029520295203,
        77.5,
        67.85714285714286,
        63.04347826086957,
        52.995391705069125,
        88.13559322033898,
        65.9090909090909,
        41.43426294820717,
        88.97058823529412,
        33.33333333333333,
        66.0,
        72.48322147651007,
        88.54166666666666,
        63.565891472868216,
        85.61151079136691,
        39.25233644859813,
        98.9247311827957,
        58.4,
        15.151515151515152,
        84.21052631578947,
        43.333333333333336,
        22.435897435897438,
        64.28571428571429,
        82.38095238095238,
        45.91836734693878,
        27.77777777777778,
        73.46938775510205,
        53.57142857142857,
        55.021834061135365,
        74.9034749034749,
        93.93939393939394,
        23.4375,
        83.13253012048193,
        26.31578947368421,
        20.851063829787233,
        94.68085106382979,
        70.94972067039106,
        81.30081300813008,
        87.32394366197182,
        33.69565217391305,
        44.776119402985074,
        18.96551724137931,
        91.53846153846153,
        16.129032258064516,
        26.501035196687372,
        82.0,
        15.0,
        95.23809523809523,
        74.01574803149606,
        65.3061224489796,
        15.66265060240964,
        87.09677419354838,
        50.943396226415096,
        66.15384615384615,
        93.42105263157895,
        86.13138686131386,
        58.21917808219178,
        77.5,
        40.32258064516129,
        52.112676056338024,
        94.36619718309859,
        62.5,
        79.66101694915254,
        88.29765872856512
    ],
    "Closed Set Accuracy": {
        "OA": 75.47201713351744,
        "AA": 76.95883952423715,