{
    "OA": 48.975038348905315,
    "AA": 48.50458659350199,
    "OOD": null,
    "NMI": null,
    "H-score": null,
    "H3-score": null,
    "UCR": 68.89787570306326,
    "Recall-all": [
        65.59139784946237,
        51.388888888888886,
        12.068965517241379,
        33.33333333333333,
        60.22727272727273,
        17.78846153846154,
        49.390243902439025,
        18.095238095238095,
        42.12218649517685,
        5.084745762711865,
        47.349823321554766,
        15.686274509803921,
        74.5945945945946,
        56.8,
        15.555555555555555,
        43.288590604026844,
        21.428571428571427,
        29.78723404255319,
        4.861111111111112,
        53.645833333333336,
        37.558685446009385,
        46.666666666666664,
        12.607449856733524,
        68.30188679245282,
        5.7915057915057915,
        3.125,
        86.3013698630137,
        54.54545454545454,
        1.7241379310344827,
        53.67647058823529,
        20.388349514563107,
        48.38709677419355,
        38.55421686746988,
        55.55555555555556,
        77.19298245614034,
        43.18181818181818,
        75.0,
        68.90080428954424,
        38.578680203045685,
        30.476190476190478,
        89.57055214723927,
        29.22374429223744,
        17.02127659574468,
        64.28571428571429,
        25.862068965517242,
        14.285714285714285,
        72.5,
        42.30769230769231,
        2.1739130434782608,
        90.0,
        94.11764705882352,
        29.906542056074763,
        62.5,
        66.66666666666666,
        79.20792079207921,
        69.72477064220183,
        80.0,
        70.19867549668875,
        28.333333333333332,
        64.86486486486487,
        43.609022556390975,
        35.483870967741936,
        82.70270270270271,
        77.70700636942675,
        72.91666666666666,
        65.38461538461539,
        57.27272727272727,
        5.434782608695652,
        13.88888888888889,
        51.28205128205128,
        71.71717171717171,
        16.176470588235293,
        41.935483870967744,
        43.40659340659341,
        40.72164948453608,
        51.93798449612403,
        77.77777777777779,
        54.54545454545454,
        45.94594594594595,
        0.0,
        38.88888888888889,
        91.74311926605505,
        89.7196261682243,
        58.333333333333336,
        71.42857142857143,
        50.90909090909091,
        79.73856209150327,
        4.40771349862259,
        45.45454545454545,
        52.702702702702695,
        70.58823529411765,
        22.86282306163022,
        80.71428571428572,
        88.50574712643679,
        66.94214876033058,
        91.92546583850931,
        84.6938775510204,
        42.857142857142854,
        64.08450704225352,
        87.03071672354949,
        66.66666666666666,
        47.69230769230769,
        8.47457627118644,
        96.28378378378379,
        9.852216748768473,
        45.45454545454545,
        66.66666666666666,
        6.896551724137931,
        14.285714285714285,
        18.181818181818183,
        75.41666666666667,
        38.23529411764706,
        5.128205128205128,
        80.0,
        50.0,
        85.71428571428571,
        37.3134328358209,
        94.8051948051948,
        3.0821917808219177,
        83.33333333333334,
        57.14285714285714,
        11.209439528023598,
        71.59763313609467,
        23.728813559322035,
        17.24137931034483,
        97.41379310344827,
        51.69491525423729,
        21.62162162162162,
        48.8,
        91.78082191780823,
        16.43835616438356,
        42.43792325056434,
        64.6788990825688,
        13.537117903930133,
        69.71830985915493,
        82.0,
        38.70967741935484,
        4.519774011299435,
        66.02564102564102,
        5.454545454545454,
        7.142857142857142,
        84.97109826589595,
        76.53631284916202,
        16.666666666666664,
        55.35714285714286,
        51.61290322580645,
        25.384615384615383,
        91.20879120879121,
        54.285714285714285,
        72.55520504731862
    ],
    "Closed Set Accuracy": {
        "OA": 68.89787570306326,
        "AA": 66.52520501498223,