{
    "OA": 47.04132385069493,
    "AA": 46.431153534185036,
    "OOD": null,
    "NMI": null,
    "H-score": null,
    "H3-score": null,
    "Recall-all": [
        65.59139784946237,
        45.13888888888889,
        12.068965517241379,
        25.49019607843137,
        56.81818181818182,
        18.75,
        43.90243902439025,
        17.142857142857142,
        34.08360128617363,
        4.406779661016949,
        50.17667844522968,
        16.33986928104575,
        73.51351351351352,
        47.599999999999994,
        13.333333333333334,
        46.644295302013425,
        28.57142857142857,
        25.53191489361702,
        5.208333333333334,
        61.979166666666664,
        38.028169014084504,
        40.0,
        10.888252148997136,
        63.77358490566037,
        3.861003861003861,
        0.0,
        84.47488584474885,
        54.54545454545454,
        1.7241379310344827,
        41.17647058823529,
        20.388349514563107,
        43.225806451612904,
        30.120481927710845,
        66.66666666666666,
        72.80701754385966,
        34.090909090909086,
        71.42857142857143,
        69.97319034852548,
        37.56345177664975,
        30.476190476190478,
        89.57055214723927,
        24.200913242009133,
        17.933130699088146,
        61.42857142857143,
        25.862068965517242,
        19.047619047619047,
        70.0,
        33.33333333333333,
        2.1739130434782608,
        88.88888888888889,
        92.94117647058823,
        17.75700934579439,
        62.5,
        60.0,
        78.21782178217822,
        62.38532110091744,
        82.0,
        60.9271523178808,
        30.555555555555557,
        70.27027027027027,
        38.34586466165413,
        12.903225806451612,
        82.70270270270271,
        73.88535031847134,
        75.41666666666667,
        57.692307692307686,
        51.81818181818182,
        6.521739130434782,
        8.333333333333332,
        48.717948717948715,
        70.70707070707071,
        13.23529411764706,
        38.70967741935484,
        37.91208791208791,
        39.69072164948454,
        44.18604651162791,
        75.92592592592592,
        36.36363636363637,
        45.94594594594595,
        0.0,
        22.22222222222222,
        89.90825688073394,
        91.58878504672897,
        58.333333333333336,
        66.66666666666666,
        56.36363636363636,
        74.50980392156863,
        4.40771349862259,
        45.45454545454545,
        54.054054054054056,
        64.70588235294117,
        13.320079522862823,
        78.92857142857143,
        86.97318007662835,
        70.66115702479338,
        90.06211180124224,
        88.77551020408163,
        35.714285714285715,
        61.267605633802816,
        82.5938566552901,
        65.15151515151516,
        51.53846153846153,
        8.47457627118644,
        96.62162162162163,
        11.330049261083744,
        63.63636363636363,
        60.19900497512438,
        5.172413793103448,
        21.428571428571427,
        18.181818181818183,
        70.41666666666667,
        32.35294117647059,
        5.128205128205128,
        80.0,
        40.0,
        85.29411764705883,
        30.597014925373134,
        94.8051948051948,
        2.73972602739726,
        74.30555555555556,
        57.14285714285714,
        10.029498525073747,
        68.63905325443787,
        16.94915254237288,
        17.24137931034483,
        93.96551724137932,
        46.61016949152542,
        37.83783783783784,
        47.199999999999996,
        91.78082191780823,
        16.43835616438356,
        41.98645598194131,
        56.88073394495413,
        10.480349344978166,
        59.859154929577464,
        78.0,
        35.483870967741936,
        2.2598870056497176,
        67.3076923076923,
        6.545454545454546,
        6.349206349206349,
        83.8150289017341,
        75.41899441340783,
        11.11111111111111,
        62.5,
        49.67741935483871,
        30.76923076923077,
        91.48351648351648,
        51.42857142857142,
        69.08517350157729
    ],
    "Closed Set Accuracy": {
        "OA": 68.27034816157672,
        "AA": 66.81468285137294,