{
    "OA": 76.82527171658509,
    "AA": 62.47275799832648,
    "OOD": 86.37959893662412,
    "NMI": 64.06274698093681,
    "H-score": 72.3984221021715,
    "H3-score": 69.39017494015633,
    "Recall-all": [
        77.27272727272727,
        61.471861471861466,
        19.858156028368796,
        52.5,
        66.34615384615384,
        31.16883116883117,
        87.01298701298701,
        58.06451612903226,
        84.92063492063492,
        6.321839080459771,
        72.91666666666666,
        52.41379310344828,
        72.54901960784314,
        83.80281690140845,
        20.51282051282051,
        72.85714285714285,
        84.84848484848484,
        30.82706766917293,
        45.86466165413533,
        81.25,
        67.85714285714286,
        56.16438356164384,
        27.27272727272727,
        58.06451612903226,
        26.56716417910448,
        72.51908396946564,
        96.0,
        59.77011494252874,
        37.368421052631575,
        98.33333333333333,
        59.78260869565217,
        78.03738317757009,
        68.09815950920245,
        42.857142857142854,
        35.95505617977528,
        53.92156862745098,
        40.963855421686745,
        62.88659793814433,
        58.22222222222222,
        36.666666666666664,
        93.65079365079364,
        52.604166666666664,
        75.64102564102564,
        65.60000000000001,
        63.80368098159509,
        49.557522123893804,
        91.36690647482014,
        86.45161290322581,
        1.1547344110854503,
        88.50574712643679,
        100.0,
        15.217391304347828,
        95.83333333333334,
        68.29268292682927,
        96.7032967032967,
        81.57894736842105,
        29.166666666666668,
        74.13793103448276,
        83.01886792452831,
        70.76923076923077,
        56.666666666666664,
        60.396039603960396,
        65.21739130434783,
        46.15384615384615,
        61.53846153846154,
        23.52941176470588,
        95.45454545454545,
        37.5,
        56.71641791044776,
        26.08695652173913,
        58.333333333333336,
        38.297872340425535,
        85.0,
        73.33333333333333,
        72.85714285714285,
        91.30434782608695,
        75.0,
        52.63157894736842,
        26.08695652173913,
        22.033898305084744,
        64.28571428571429,
        63.63636363636363,
        96.22641509433963,
        5.527638190954774,
        86.60714285714286,
        87.60330578512396,
        54.20560747663551,
        2.952029520295203,
        85.0,
        64.28571428571429,
        65.21739130434783,
        55.76036866359447,
        93.22033898305084,
        61.36363636363637,
        59.76095617529881,
        88.23529411764706,
        33.33333333333333,
        69.0,
        73.8255033557047,
        88.02083333333334,
        64.34108527131784,
        85.61151079136691,
        47.66355140186916,
        98.9247311827957,
        78.4,
        18.181818181818183,
        85.67251461988305,
        50.66666666666667,
        35.8974358974359,
        64.28571428571429,
        85.71428571428571,
        46.93877551020408,
        24.747474747474747,
        77.55102040816327,
        66.66666666666666,
        59.388646288209614,
        79.92277992277992,
        93.93939393939394,
        35.9375,
        86.74698795180723,
        30.0,
        46.38297872340426,
        94.68085106382979,
        78.77094972067039,
        82.11382113821138,
        88.73239436619718,
        36.95652173913043,
        56.71641791044776,
        24.137931034482758,
        91.53846153846153,
        17.741935483870968,
        32.50517598343685,
        87.5,
        15.833333333333332,
        94.44444444444444,
        87.4015748031496,
        75.51020408163265,
        18.072289156626507,
        87.09677419354838,
        50.943396226415096,
        79.23076923076923,
        94.73684210526315,
        89.05109489051095,
        63.6986301369863,
        77.5,
        43.54838709677419,
        53.52112676056338,
        92.95774647887323,
        75.0,
        88.13559322033898,
        86.37959893662412
    ],
    "Closed Set Accuracy": {
        "OA": 77.9011441131714,
        "AA": 79.2438331111276,