{
    "OA": 64.99920660107902,
    "AA": 39.452416488756754,
    "OOD": 82.27519634640002,
    "NMI": 56.56453386976283,
    "H-score": 53.0695647398403,
    "H3-score": 54.1869497848118,
    "Recall-all": [
        74.19354838709677,
        64.58333333333334,
        5.172413793103448,
        7.8431372549019605,
        44.034090909090914,
        36.29807692307692,
        15.853658536585366,
        5.714285714285714,
        21.864951768488748,
        6.101694915254238,
        8.8339222614841,
        9.803921568627452,
        62.16216216216216,
        37.2,
        8.88888888888889,
        61.07382550335571,
        27.380952380952383,
        6.382978723404255,
        2.430555555555556,
        45.83333333333333,
        11.737089201877934,
        16.666666666666664,
        42.693409742120345,
        44.905660377358494,
        21.235521235521233,
        9.375,
        52.054794520547944,
        9.090909090909092,
        0.0,
        55.14705882352941,
        1.9417475728155338,
        55.483870967741936,
        33.734939759036145,
        11.11111111111111,
        33.33333333333333,
        31.818181818181817,
        32.142857142857146,
        36.193029490616624,
        26.39593908629442,
        19.047619047619047,
        71.77914110429448,
        19.17808219178082,
        43.76899696048632,
        21.428571428571427,
        5.172413793103448,
        14.285714285714285,
        60.0,
        52.56410256410257,
        0.0,
        65.18518518518519,
        71.76470588235294,
        6.5420560747663545,
        50.0,
        50.0,
        56.43564356435643,
        42.201834862385326,
        60.0,
        37.74834437086093,
        23.88888888888889,
        59.45945945945946,
        49.24812030075188,
        54.83870967741935,
        45.40540540540541,
        75.15923566878982,
        86.66666666666667,
        53.84615384615385,
        50.90909090909091,
        44.565217391304344,
        11.11111111111111,
        43.58974358974359,
        55.55555555555556,
        13.725490196078432,
        25.806451612903224,
        26.923076923076923,
        57.21649484536082,
        32.55813953488372,
        55.55555555555556,
        72.72727272727273,
        32.432432432432435,
        0.0,
        0.0,
        76.14678899082568,
        38.31775700934579,
        58.333333333333336,
        39.285714285714285,
        52.72727272727272,
        77.77777777777779,
        10.743801652892563,
        45.45454545454545,
        63.51351351351351,
        52.94117647058824,
        67.19681908548708,
        60.0,
        62.06896551724138,
        70.24793388429752,
        79.5031055900621,
        76.53061224489795,
        35.714285714285715,
        38.028169014084504,
        70.98976109215018,
        49.24242424242424,
        36.15384615384615,
        3.389830508474576,
        67.56756756756756,
        31.527093596059114,
        54.54545454545454,
        60.19900497512438,
        5.172413793103448,
        35.714285714285715,
        0.0,
        57.49999999999999,
        23.52941176470588,
        0.0,
        55.00000000000001,
        50.0,
        78.57142857142857,
        38.059701492537314,
        85.71428571428571,
        3.4246575342465753,
        21.52777777777778,
        71.42857142857143,
        38.93805309734513,
        45.562130177514796,
        32.20338983050847,
        25.862068965517242,
        83.62068965517241,
        43.22033898305085,
        73.64864864864865,
        38.4,
        76.71232876712328,
        20.54794520547945,
        36.794582392776526,
        37.61467889908257,
        17.03056768558952,
        45.07042253521127,
        64.0,
        3.225806451612903,
        3.954802259887006,
        32.69230769230769,
        13.454545454545455,
        9.523809523809524,
        56.06936416184971,
        62.01117318435754,
        38.88888888888889,
        50.0,
        34.193548387096776,
        14.615384615384617,
        74.72527472527473,
        31.428571428571427,
        72.2397476340694,
        82.27519634640002
    ],
    "Closed Set Accuracy": {
        "OA": 58.327522893134386,
        "AA": 54.12728601615078,