{
    "OA": 61.732013882375014,
    "AA": 28.08373402362084,
    "OOD": 84.69940966226255,
    "NMI": 46.77678518601788,
    "H-score": 41.75386002418248,
    "H3-score": 43.30531346420404,
    "Recall-all": [
        31.818181818181817,
        38.961038961038966,
        0.7092198581560284,
        6.25,
        33.17307692307692,
        20.77922077922078,
        7.792207792207792,
        9.67741935483871,
        25.396825396825395,
        4.597701149425287,
        25.0,
        2.0689655172413794,
        17.647058823529413,
        23.239436619718308,
        2.564102564102564,
        32.857142857142854,
        57.57575757575758,
        3.007518796992481,
        12.781954887218044,
        25.0,
        19.642857142857142,
        21.91780821917808,
        1.8181818181818181,
        33.87096774193548,
        9.55223880597015,
        23.66412213740458,
        71.0,
        12.643678160919542,
        14.736842105263156,
        88.75,
        6.521739130434782,
        63.55140186915887,
        38.65030674846626,
        4.761904761904762,
        6.741573033707865,
        53.92156862745098,
        6.024096385542169,
        18.556701030927837,
        39.55555555555556,
        27.61904761904762,
        89.94708994708994,
        5.729166666666666,
        64.1025641025641,
        3.2,
        17.177914110429448,
        23.893805309734514,
        33.81294964028777,
        34.193548387096776,
        0.6928406466512702,
        65.51724137931035,
        9.523809523809524,
        0.0,
        56.25,
        39.02439024390244,
        52.74725274725275,
        26.31578947368421,
        10.416666666666668,
        8.620689655172415,
        9.433962264150944,
        35.38461538461539,
        13.333333333333334,
        57.42574257425742,
        0.0,
        30.76923076923077,
        27.472527472527474,
        0.0,
        50.0,
        0.0,
        16.417910447761194,
        21.73913043478261,
        45.83333333333333,
        17.02127659574468,
        40.0,
        33.33333333333333,
        40.0,
        56.52173913043478,
        37.5,
        15.789473684210526,
        4.3478260869565215,
        1.694915254237288,
        9.523809523809524,
        36.36363636363637,
        41.509433962264154,
        6.030150753768844,
        41.07142857142857,
        61.98347107438017,
        20.5607476635514,
        2.5830258302583027,
        2.5,
        35.714285714285715,
        15.217391304347828,
        36.86635944700461,
        32.20338983050847,
        18.181818181818183,
        29.880478087649404,
        73.52941176470588,
        11.11111111111111,
        5.0,
        40.939597315436245,
        47.91666666666667,
        27.131782945736433,
        23.741007194244602,
        5.607476635514018,
        75.80645161290323,
        15.2,
        6.0606060606060606,
        71.6374269005848,
        28.000000000000004,
        28.525641025641026,
        7.142857142857142,
        72.85714285714285,
        9.183673469387756,
        14.14141414141414,
        44.89795918367347,
        0.0,
        36.24454148471616,
        36.293436293436294,
        62.62626262626263,
        1.5625,
        16.867469879518072,
        15.789473684210526,
        9.787234042553191,
        59.57446808510638,
        44.6927374301676,
        65.85365853658537,
        26.76056338028169,
        0.0,
        16.417910447761194,
        0.0,
        54.61538461538461,
        16.93548387096774,
        7.039337474120083,
        13.5,
        3.3333333333333335,
        59.523809523809526,
        38.582677165354326,
        8.16326530612245,
        15.66265060240964,
        64.51612903225806,
        24.528301886792452,
        56.92307692307692,
        34.21052631578947,
        51.09489051094891,
        32.87671232876712,
        65.0,
        4.838709677419355,
        23.943661971830984,
        80.28169014084507,
        37.5,
        32.20338983050847,
        84.69940966226255
    ],
    "Closed Set Accuracy": {
        "OA": 47.49478667643578,
        "AA": 46.057406994762545,