{
    "OA": 65.93171824442048,
    "AA": 31.462955060945845,
    "OOD": 85.08976336604418,
    "NMI": 48.35101934513405,
    "H-score": 45.55664711248331,
    "H3-score": 46.45293361305671,
    "Recall-all": [
        34.090909090909086,
        41.99134199134199,
        0.0,
        7.5,
        38.46153846153847,
        27.27272727272727,
        12.987012987012985,
        8.064516129032258,
        25.396825396825395,
        4.597701149425287,
        26.38888888888889,
        6.896551724137931,
        18.30065359477124,
        28.87323943661972,
        2.564102564102564,
        52.142857142857146,
        51.515151515151516,
        6.015037593984962,
        13.533834586466165,
        33.92857142857143,
        24.107142857142858,
        26.027397260273972,
        5.454545454545454,
        32.25806451612903,
        11.641791044776118,
        33.587786259541986,
        72.0,
        13.793103448275861,
        16.842105263157894,
        94.58333333333333,
        8.695652173913043,
        67.7570093457944,
        41.717791411042946,
        4.761904761904762,
        7.865168539325842,
        53.92156862745098,
        6.024096385542169,
        20.618556701030926,
        41.77777777777778,
        32.38095238095238,
        91.005291005291,
        8.333333333333332,
        73.50427350427351,
        6.4,
        17.177914110429448,
        21.238938053097346,
        35.97122302158273,
        32.903225806451616,
        1.3856812933025404,
        67.24137931034483,
        19.047619047619047,
        0.0,
        70.83333333333334,
        41.46341463414634,
        65.93406593406593,
        35.526315789473685,
        12.5,
        15.517241379310345,
        13.20754716981132,
        33.84615384615385,
        12.222222222222221,
        60.396039603960396,
        0.0,
        46.15384615384615,
        46.15384615384615,
        0.0,
        59.09090909090909,
        0.0,
        19.402985074626866,
        17.391304347826086,
        54.166666666666664,
        21.27659574468085,
        35.0,
        36.666666666666664,
        48.57142857142857,
        65.21739130434783,
        37.5,
        42.10526315789473,
        4.3478260869565215,
        1.694915254237288,
        11.904761904761903,
        36.36363636363637,
        46.22641509433962,
        4.522613065326634,
        46.42857142857143,
        63.63636363636363,
        18.69158878504673,
        4.797047970479705,
        2.5,
        35.714285714285715,
        19.565217391304348,
        41.474654377880185,
        32.20338983050847,
        15.909090909090908,
        37.45019920318725,
        69.11764705882352,
        22.22222222222222,
        8.0,
        37.58389261744966,
        49.47916666666667,
        24.031007751937985,
        30.215827338129497,
        12.149532710280374,
        77.95698924731182,
        28.799999999999997,
        6.0606060606060606,
        74.26900584795322,
        26.666666666666668,
        48.07692307692308,
        9.523809523809524,
        73.80952380952381,
        10.204081632653061,
        17.67676767676768,
        61.224489795918366,
        0.0,
        42.35807860262008,
        40.92664092664093,
        62.62626262626263,
        9.375,
        18.072289156626507,
        18.421052631578945,
        14.468085106382977,
        65.95744680851064,
        56.424581005586596,
        65.85365853658537,
        23.239436619718308,
        1.0869565217391304,
        16.417910447761194,
        1.7241379310344827,
        56.15384615384615,
        17.741935483870968,
        8.902691511387163,
        17.0,
        3.3333333333333335,
        66.66666666666666,
        49.60629921259843,
        10.204081632653061,
        23.49397590361446,
        70.96774193548387,
        22.641509433962266,
        59.23076923076923,
        50.0,
        51.82481751824818,
        38.35616438356164,
        63.74999999999999,
        4.838709677419355,
        22.535211267605636,
        83.09859154929578,
        37.5,
        39.83050847457627,
        85.08976336604418
    ],
    "Closed Set Accuracy": {
        "OA": 51.69362565518796,
        "AA": 50.27466886071012,