{
    "OA": 67.83142429075444,
    "AA": 57.80224575003368,
    "OOD": 78.45890583320751,
    "NMI": 76.15041915935838,
    "H-score": 66.47294606969668,
    "H3-score": 69.41475718385026,
    "Recall-all": [
        74.19354838709677,
        43.75,
        25.862068965517242,
        15.686274509803921,
        39.77272727272727,
        45.43269230769231,
        50.609756097560975,
        29.523809523809526,
        44.05144694533762,
        19.322033898305087,
        72.79151943462897,
        14.37908496732026,
        68.10810810810811,
        62.0,
        13.333333333333334,
        80.53691275167785,
        44.047619047619044,
        35.1063829787234,
        3.8194444444444446,
        59.375,
        34.27230046948357,
        63.33333333333333,
        35.24355300859599,
        77.73584905660378,
        27.413127413127413,
        40.625,
        70.77625570776256,
        54.54545454545454,
        10.344827586206897,
        77.94117647058823,
        25.24271844660194,
        76.77419354838709,
        36.144578313253014,
        77.77777777777779,
        72.80701754385966,
        50.0,
        82.14285714285714,
        67.5603217158177,
        42.13197969543147,
        46.666666666666664,
        85.88957055214725,
        44.74885844748858,
        55.92705167173252,
        70.0,
        43.103448275862064,
        61.904761904761905,
        85.0,
        82.05128205128204,
        0.0,
        90.74074074074075,
        89.41176470588236,
        27.102803738317753,
        62.5,
        10.0,
        86.13861386138613,
        67.88990825688074,
        56.00000000000001,
        35.099337748344375,
        38.333333333333336,
        81.08108108108108,
        47.744360902255636,
        54.83870967741935,
        86.48648648648648,
        91.71974522292994,
        92.91666666666667,
        84.61538461538461,
        90.9090909090909,
        25.0,
        52.77777777777778,
        89.74358974358975,
        86.86868686868688,
        21.07843137254902,
        75.80645161290323,
        47.8021978021978,
        41.75257731958763,
        52.71317829457365,
        87.03703703703704,
        72.72727272727273,
        51.35135135135135,
        88.88888888888889,
        61.111111111111114,
        100.0,
        100.0,
        66.66666666666666,
        65.47619047619048,
        52.72727272727272,
        85.62091503267973,
        11.019283746556475,
        36.36363636363637,
        68.91891891891892,
        58.82352941176471,
        70.37773359840955,
        94.28571428571428,
        76.24521072796935,
        72.72727272727273,
        92.54658385093167,
        96.93877551020408,
        42.857142857142854,
        63.38028169014085,
        95.56313993174061,
        75.75757575757575,
        51.53846153846153,
        8.47457627118644,
        97.97297297297297,
        27.586206896551722,
        72.72727272727273,
        64.17910447761194,
        10.344827586206897,
        64.28571428571429,
        18.181818181818183,
        85.41666666666666,
        29.411764705882355,
        5.128205128205128,
        75.0,
        60.0,
        83.61344537815127,
        82.83582089552239,
        98.05194805194806,
        2.73972602739726,
        61.111111111111114,
        100.0,
        44.83775811209439,
        39.64497041420118,
        42.3728813559322,
        41.37931034482759,
        100.0,
        74.57627118644068,
        65.54054054054053,
        63.2,
        98.63013698630137,
        5.47945205479452,
        48.306997742663654,
        67.88990825688074,
        16.593886462882097,
        80.28169014084507,
        79.0,
        41.935483870967744,
        10.16949152542373,
        87.82051282051282,
        21.09090909090909,
        16.666666666666664,
        89.59537572254335,
        78.77094972067039,
        44.44444444444444,
        65.17857142857143,
        44.516129032258064,
        50.0,
        98.07692307692307,
        45.714285714285715,
        75.0788643533123,
        78.45890583320751
    ],
    "Closed Set Accuracy": {
        "OA": 71.1011946265049,
        "AA": 70.17379640308215,