{
    "OA": 70.02860894850389,
    "AA": 52.438832450062215,
    "OOD": 83.91630858198465,
    "NMI": 67.70637294345866,
    "H-score": 64.38461721151359,
    "H3-score": 65.45641533575063,
    "Recall-all": [
        81.81818181818183,
        34.1991341991342,
        15.602836879432624,
        1.25,
        25.0,
        42.857142857142854,
        77.92207792207793,
        90.32258064516128,
        47.61904761904761,
        3.4482758620689653,
        88.19444444444444,
        24.82758620689655,
        63.39869281045751,
        64.7887323943662,
        7.6923076923076925,
        70.71428571428572,
        75.75757575757575,
        30.82706766917293,
        36.84210526315789,
        49.107142857142854,
        41.964285714285715,
        53.42465753424658,
        21.818181818181817,
        49.193548387096776,
        11.940298507462686,
        76.33587786259542,
        90.0,
        36.7816091954023,
        34.73684210526316,
        95.41666666666667,
        56.52173913043478,
        81.30841121495327,
        55.828220858895705,
        21.428571428571427,
        17.97752808988764,
        65.68627450980392,
        38.55421686746988,
        51.546391752577314,
        53.333333333333336,
        36.19047619047619,
        94.70899470899471,
        41.14583333333333,
        77.35042735042735,
        52.800000000000004,
        39.263803680981596,
        45.13274336283185,
        79.13669064748201,
        65.16129032258064,
        0.9237875288683602,
        89.08045977011494,
        88.09523809523809,
        2.1739130434782608,
        79.16666666666666,
        53.65853658536586,
        96.7032967032967,
        61.8421052631579,
        20.833333333333336,
        37.93103448275862,
        45.28301886792453,
        64.61538461538461,
        45.55555555555556,
        82.17821782178217,
        60.86956521739131,
        38.46153846153847,
        47.25274725274725,
        23.52941176470588,
        90.9090909090909,
        18.75,
        61.19402985074627,
        21.73913043478261,
        66.66666666666666,
        40.42553191489361,
        75.0,
        56.666666666666664,
        40.0,
        82.6086956521739,
        100.0,
        31.57894736842105,
        13.043478260869565,
        8.47457627118644,
        59.523809523809526,
        63.63636363636363,
        96.22641509433963,
        5.527638190954774,
        75.89285714285714,
        78.51239669421489,
        59.813084112149525,
        4.428044280442804,
        31.25,
        85.71428571428571,
        13.043478260869565,
        42.3963133640553,
        54.23728813559322,
        44.31818181818182,
        31.47410358565737,
        86.76470588235294,
        33.33333333333333,
        61.0,
        63.08724832214765,
        59.375,
        49.6124031007752,
        65.46762589928058,
        18.69158878504673,
        98.38709677419355,
        40.8,
        18.181818181818183,
        75.14619883040936,
        28.666666666666668,
        30.76923076923077,
        52.38095238095239,
        89.04761904761904,
        40.816326530612244,
        38.38383838383838,
        72.44897959183673,
        46.42857142857143,
        46.288209606986904,
        63.7065637065637,
        97.97979797979798,
        39.0625,
        73.49397590361446,
        24.210526315789473,
        37.4468085106383,
        69.14893617021278,
        65.36312849162012,
        81.30081300813008,
        80.28169014084507,
        23.91304347826087,
        38.80597014925373,
        12.068965517241379,
        87.6923076923077,
        10.483870967741936,
        10.559006211180124,
        78.5,
        17.5,
        86.5079365079365,
        64.56692913385827,
        71.42857142857143,
        17.46987951807229,
        90.32258064516128,
        47.16981132075472,
        76.92307692307693,
        77.63157894736842,
        78.83211678832117,
        67.8082191780822,
        85.0,
        29.03225806451613,
        46.478873239436616,
        95.77464788732394,
        6.25,
        58.47457627118644,
        83.91630858198465
    ],
    "Closed Set Accuracy": {
        "OA": 69.89235191343064,
        "AA": 72.0938467478711,