{
    "OA": 49.78974928594097,
    "AA": 47.10750210224279,
    "OOD": null,
    "NMI": null,
    "H-score": null,
    "H3-score": null,
    "Recall-all": [
        66.66666666666666,
        47.91666666666667,
        13.793103448275861,
        25.49019607843137,
        57.67045454545454,
        18.75,
        44.51219512195122,
        18.095238095238095,
        34.40514469453376,
        4.406779661016949,
        50.17667844522968,
        16.33986928104575,
        73.51351351351352,
        47.599999999999994,
        13.333333333333334,
        47.31543624161073,
        28.57142857142857,
        24.46808510638298,
        5.555555555555555,
        61.979166666666664,
        38.028169014084504,
        40.0,
        11.174785100286533,
        64.52830188679245,
        3.861003861003861,
        0.0,
        84.47488584474885,
        54.54545454545454,
        1.7241379310344827,
        41.17647058823529,
        20.388349514563107,
        44.516129032258064,
        28.915662650602407,
        66.66666666666666,
        73.68421052631578,
        34.090909090909086,
        71.42857142857143,
        70.24128686327077,
        37.56345177664975,
        30.476190476190478,
        89.57055214723927,
        25.11415525114155,
        19.148936170212767,
        61.42857142857143,
        25.862068965517242,
        19.047619047619047,
        70.0,
        33.33333333333333,
        2.1739130434782608,
        89.25925925925927,
        92.94117647058823,
        18.69158878504673,
        62.5,
        60.0,
        78.21782178217822,
        62.38532110091744,
        82.0,
        61.58940397350994,
        31.11111111111111,
        70.27027027027027,
        40.225563909774436,
        12.903225806451612,
        81.62162162162161,
        73.88535031847134,
        75.0,
        57.692307692307686,
        53.63636363636364,
        6.521739130434782,
        8.333333333333332,
        48.717948717948715,
        71.71717171717171,
        13.23529411764706,
        38.70967741935484,
        37.91208791208791,
        41.23711340206185,
        44.18604651162791,
        75.92592592592592,
        36.36363636363637,
        45.94594594594595,
        0.0,
        27.77777777777778,
        89.90825688073394,
        91.58878504672897,
        58.333333333333336,
        66.66666666666666,
        56.36363636363636,
        75.16339869281046,
        4.683195592286501,
        45.45454545454545,
        54.054054054054056,
        65.88235294117646,
        14.115308151093439,
        79.64285714285714,
        86.97318007662835,
        70.24793388429752,
        90.06211180124224,
        88.77551020408163,
        35.714285714285715,
        61.267605633802816,
        82.5938566552901,
        65.15151515151516,
        51.53846153846153,
        6.779661016949152,
        95.6081081081081,
        11.822660098522167,
        63.63636363636363,
        60.69651741293532,
        6.896551724137931,
        21.428571428571427,
        18.181818181818183,
        70.41666666666667,
        32.35294117647059,
        5.128205128205128,
        80.0,
        40.0,
        85.29411764705883,
        30.970149253731343,
        94.8051948051948,
        2.73972602739726,
        74.30555555555556,
        57.14285714285714,
        10.32448377581121,
        68.63905325443787,
        16.94915254237288,
        17.24137931034483,
        93.96551724137932,
        45.76271186440678,
        37.83783783783784,
        47.199999999999996,
        91.78082191780823,
        16.43835616438356,
        43.340857787810386,
        57.3394495412844,
        10.480349344978166,
        60.56338028169014,
        79.0,
        35.483870967741936,
        2.2598870056497176,
        67.3076923076923,
        6.545454545454546,
        6.349206349206349,
        83.8150289017341,
        75.41899441340783,
        11.11111111111111,
        63.39285714285714,
        49.67741935483871,
        31.538461538461537,
        92.03296703296702,
        54.285714285714285,
        68.76971608832808,
        77.45098039215686,
        52.20588235294118,
        88.65248226950354,
        67.12328767123287,
        27.526132404181187,
        5.376344086021505,
        41.474654377880185,
        66.84210526315789,
        51.35135135135135,
        81.5068493150685,
        68.18181818181817,
        40.54054054054054,
        5.617977528089887,
        9.523809523809524,
        47.766323024054984,
        40.131578947368425,
        54.20560747663551,
        32.57142857142858,
        8.870967741935484,
        23.511904761904763,
        72.22222222222221,
        84.15492957746478,
        46.715328467153284,
        0.0,
        75.2840909090909,
        29.1970802919708,
        72.72727272727273,
        56.896551724137936,
        44.285714285714285,
        34.12162162162162,
        2.7777777777777777,
        23.076923076923077,
        78.70370370370371,
        86.95652173913044,
        61.76470588235294,
        14.285714285714285,
        69.53405017921148,
        27.111111111111114,
        64.44444444444444,
        74.32432432432432,
        21.076233183856502,
        26.797385620915033,
        11.683848797250858,
        5.714285714285714,
        26.81992337164751,
        68.75,
        64.84641638225256,
        39.004149377593365,
        7.865168539325842,
        6.422018348623854,
        7.6923076923076925,
        86.02620087336244,
        80.24316109422493,
        14.285714285714285,
        91.32947976878613,
        66.13545816733067,
        72.80701754385966,
        55.365853658536594,
        99.45652173913044,
        32.83018867924528,
        75.64102564102564,
        76.92307692307693,
        86.75213675213675,
        82.6086956521739,
        47.368421052631575,
        87.45980707395499,
        59.01639344262295,
        2.380952380952381,
        92.85714285714286,
        74.12935323383084,
        24.242424242424242,
        12.790697674418606,
        85.02202643171806,
        52.63157894736842,
        93.56223175965665,
        57.95454545454546,
        43.34975369458128,
        71.66666666666667,
        6.730769230769231,
        11.29032258064516,
        78.8135593220339,
        38.333333333333336,
        52.5,
        87.14285714285714,
        38.23529411764706,
        86.63101604278076,
        86.20689655172413,
        37.77777777777778,
        36.3265306122449,
        55.172413793103445,
        2.5,
        39.473684210526315,
        86.27450980392157,
        67.85714285714286,
        12.919896640826872,
        36.53846153846153,
        73.20574162679426,
        79.55555555555556,
        28.08988764044944,
        29.523809523809526,
        65.58704453441295,
        25.581395348837212,
        43.18181818181818,
        71.42857142857143,
        8.88888888888889,
        83.62989323843416,
        30.08849557522124,
        55.85106382978723,
        79.82832618025752,
        88.46153846153845,
        44.14414414414414,
        15.584415584415584,
        21.53846153846154,
        59.61538461538461,
        81.53846153846153,
        15.32258064516129,
        9.090909090909092,
        45.28301886792453,
        62.78026905829597,
        35.25423728813559,
        20.27027027027027,
        39.247311827956985,
        73.25581395348837,
        84.50704225352112,
        20.0,
        39.130434782608695,
        59.55882352941176,
        56.00000000000001,
        86.36363636363636,
        8.571428571428571,
        14.935064935064934,
        76.92307692307693,
        8.333333333333332,
        4.166666666666666,
        36.0,
        0.0,
        63.63636363636363,
        55.55555555555556,
        34.54545454545455,
        22.22222222222222,
        87.73946360153256,
        12.37785016286645,
        52.38095238095239,
        52.85714285714286,
        53.535353535353536,
        3.2520325203252036,
        77.11864406779661,
