{
    "OA": 74.80067535878435,
    "AA": 58.460430937368166,
    "OOD": 88.26151560178306,
    "NMI": 61.213914141364924,
    "H-score": 70.19002224326208,
    "H3-score": 66.92044487082048,
    "Recall-all": [
        68.18181818181817,
        58.44155844155844,
        19.148936170212767,
        55.00000000000001,
        59.13461538461539,
        32.467532467532465,
        80.51948051948052,
        46.774193548387096,
        75.39682539682539,
        7.471264367816093,
        72.22222222222221,
        49.6551724137931,
        68.62745098039215,
        80.98591549295774,
        17.94871794871795,
        58.57142857142858,
        81.81818181818183,
        24.81203007518797,
        47.368421052631575,
        77.67857142857143,
        66.96428571428571,
        47.94520547945205,
        10.909090909090908,
        56.451612903225815,
        12.238805970149254,
        58.01526717557252,
        95.0,
        51.724137931034484,
        30.526315789473685,
        98.33333333333333,
        61.41304347826087,
        73.36448598130842,
        62.57668711656442,
        38.095238095238095,
        21.34831460674157,
        49.01960784313725,
        32.53012048192771,
        58.76288659793815,
        55.55555555555556,
        33.80952380952381,
        93.65079365079364,
        60.416666666666664,
        65.8119658119658,
        57.599999999999994,
        57.668711656441715,
        46.902654867256636,
        91.36690647482014,
        84.51612903225806,
        0.9237875288683602,
        86.7816091954023,
        97.61904761904762,
        6.521739130434782,
        93.75,
        70.73170731707317,
        96.7032967032967,
        80.26315789473685,
        29.166666666666668,
        68.96551724137932,
        79.24528301886792,
        66.15384615384615,
        50.0,
        72.27722772277228,
        65.21739130434783,
        43.58974358974359,
        52.74725274725275,
        11.76470588235294,
        95.45454545454545,
        37.5,
        50.74626865671642,
        30.434782608695656,
        58.333333333333336,
        41.843971631205676,
        85.0,
        60.0,
        51.42857142857142,
        91.30434782608695,
        75.0,
        31.57894736842105,
        21.73913043478261,
        20.33898305084746,
        69.04761904761905,
        63.63636363636363,
        95.28301886792453,
        5.025125628140704,
        83.03571428571429,
        84.29752066115702,
        45.794392523364486,
        2.952029520295203,
        81.25,
        64.28571428571429,
        67.3913043478261,
        44.70046082949309,
        86.4406779661017,
        62.5,
        41.03585657370518,
        87.5,
        44.44444444444444,
        67.0,
        72.48322147651007,
        88.54166666666666,
        63.565891472868216,
        86.33093525179856,
        35.51401869158878,
        98.9247311827957,
        64.8,
        15.151515151515152,
        83.04093567251462,
        45.33333333333333,
        21.153846153846153,
        64.28571428571429,
        83.80952380952381,
        44.89795918367347,
        25.252525252525253,
        74.48979591836735,
        57.14285714285714,
        56.76855895196506,
        69.88416988416989,
        93.93939393939394,
        23.4375,
        85.54216867469879,
        26.31578947368421,
        19.148936170212767,
        94.68085106382979,
        73.74301675977654,
        78.04878048780488,
        89.43661971830986,
        32.608695652173914,
        50.74626865671642,
        15.517241379310345,
        91.53846153846153,
        14.516129032258066,
        27.95031055900621,
        81.0,
        11.666666666666666,
        91.26984126984127,
        77.16535433070865,
        69.38775510204081,
        16.867469879518072,
        87.09677419354838,
        50.943396226415096,
        66.92307692307692,
        93.42105263157895,
        83.94160583941606,
        58.9041095890411,
        71.25,
        41.935483870967744,
        52.112676056338024,
        91.54929577464789,
        68.75,
        83.05084745762711,
        88.26151560178306
    ],
    "Closed Set Accuracy": {
        "OA": 75.38747675139493,
        "AA": 76.98406949614765,