{
    "OA": 69.57836975893443,
    "AA": 52.391369164215604,
    "OOD": 83.2978595237139,
    "NMI": 67.70637294345866,
    "H-score": 64.16875788380118,
    "H3-score": 65.30752378304364,
    "Recall-all": [
        84.0909090909091,
        33.76623376623377,
        13.47517730496454,
        2.5,
        24.519230769230766,
        48.05194805194805,
        75.32467532467533,
        87.09677419354838,
        50.79365079365079,
        4.597701149425287,
        86.11111111111111,
        22.758620689655174,
        69.28104575163398,
        71.83098591549296,
        5.128205128205128,
        72.14285714285714,
        63.63636363636363,
        51.8796992481203,
        33.08270676691729,
        47.32142857142857,
        41.07142857142857,
        54.109589041095894,
        20.0,
        41.12903225806452,
        9.253731343283581,
        76.33587786259542,
        88.0,
        39.08045977011494,
        30.526315789473685,
        95.0,
        55.434782608695656,
        78.50467289719626,
        52.14723926380368,
        21.428571428571427,
        16.853932584269664,
        66.66666666666666,
        42.168674698795186,
        53.608247422680414,
        54.666666666666664,
        35.23809523809524,
        94.17989417989418,
        43.75,
        71.7948717948718,
        62.4,
        38.036809815950924,
        44.24778761061947,
        78.41726618705036,
        60.0,
        0.4618937644341801,
        88.50574712643679,
        88.09523809523809,
        4.3478260869565215,
        91.66666666666666,
        46.34146341463415,
        96.7032967032967,
        60.526315789473685,
        20.833333333333336,
        32.758620689655174,
        39.62264150943396,
        60.0,
        53.333333333333336,
        80.19801980198021,
        56.52173913043478,
        33.33333333333333,
        38.46153846153847,
        23.52941176470588,
        90.9090909090909,
        37.5,
        52.23880597014925,
        21.73913043478261,
        70.83333333333334,
        38.297872340425535,
        75.0,
        43.333333333333336,
        40.0,
        73.91304347826086,
        100.0,
        36.84210526315789,
        8.695652173913043,
        8.47457627118644,
        64.28571428571429,
        63.63636363636363,
        96.22641509433963,
        3.015075376884422,
        68.75,
        82.64462809917356,
        59.813084112149525,
        5.535055350553505,
        18.75,
        85.71428571428571,
        10.869565217391305,
        36.405529953917046,
        64.40677966101694,
        47.72727272727273,
        37.84860557768924,
        89.70588235294117,
        33.33333333333333,
        56.99999999999999,
        66.44295302013423,
        57.291666666666664,
        54.263565891472865,
        66.18705035971223,
        15.887850467289718,
        97.31182795698925,
        40.8,
        18.181818181818183,
        74.85380116959064,
        33.33333333333333,
        27.24358974358974,
        52.38095238095239,
        89.04761904761904,
        53.06122448979592,
        33.33333333333333,
        75.51020408163265,
        48.80952380952381,
        43.66812227074236,
        71.42857142857143,
        97.97979797979798,
        32.8125,
        73.49397590361446,
        23.157894736842106,
        27.23404255319149,
        67.02127659574468,
        68.15642458100558,
        81.30081300813008,
        79.5774647887324,
        28.26086956521739,
        35.82089552238806,
        12.068965517241379,
        86.92307692307692,
        12.903225806451612,
        8.695652173913043,
        68.0,
        22.5,
        86.5079365079365,
        66.14173228346458,
        71.42857142857143,
        35.54216867469879,
        90.32258064516128,
        47.16981132075472,
        73.84615384615385,
        80.26315789473685,
        75.18248175182481,
        62.328767123287676,
        82.5,
        29.03225806451613,
        49.29577464788733,
        95.77464788732394,
        18.75,
        68.64406779661016,
        83.2978595237139
    ],
    "Closed Set Accuracy": {
        "OA": 69.66127486896241,
        "AA": 71.88833104584069,