{
    "OA": 77.07832075002075,
    "AA": 61.570890291618376,
    "OOD": 87.30512980406314,
    "NMI": 64.06274698093681,
    "H-score": 72.09521984865614,
    "H3-score": 69.20421690132939,
    "Recall-all": [
        70.45454545454545,
        58.87445887445888,
        21.98581560283688,
        50.0,
        65.86538461538461,
        35.064935064935064,
        87.01298701298701,
        48.38709677419355,
        79.36507936507937,
        9.770114942528735,
        71.52777777777779,
        48.96551724137931,
        66.01307189542483,
        83.09859154929578,
        23.076923076923077,
        72.85714285714285,
        87.87878787878788,
        25.563909774436087,
        49.62406015037594,
        82.14285714285714,
        68.75,
        54.109589041095894,
        27.27272727272727,
        56.451612903225815,
        28.65671641791045,
        69.46564885496184,
        98.0,
        57.47126436781609,
        34.21052631578947,
        97.91666666666666,
        59.2391304347826,
        78.03738317757009,
        61.34969325153374,
        40.476190476190474,
        28.08988764044944,
        50.98039215686274,
        38.55421686746988,
        57.73195876288659,
        57.333333333333336,
        37.61904761904762,
        93.65079365079364,
        60.416666666666664,
        74.78632478632478,
        64.8,
        62.57668711656442,
        46.902654867256636,
        92.80575539568345,
        84.51612903225806,
        0.9237875288683602,
        87.93103448275862,
        100.0,
        8.695652173913043,
        95.83333333333334,
        68.29268292682927,
        96.7032967032967,
        81.57894736842105,
        27.083333333333332,
        72.41379310344827,
        81.13207547169812,
        70.76923076923077,
        51.11111111111111,
        65.34653465346535,
        65.21739130434783,
        51.28205128205128,
        59.34065934065934,
        5.88235294117647,
        93.18181818181817,
        43.75,
        50.74626865671642,
        26.08695652173913,
        58.333333333333336,
        41.843971631205676,
        85.0,
        70.0,
        70.0,
        95.65217391304348,
        75.0,
        57.89473684210527,
        26.08695652173913,
        20.33898305084746,
        66.66666666666666,
        63.63636363636363,
        96.22641509433963,
        6.030150753768844,
        83.92857142857143,
        87.60330578512396,
        50.467289719626166,
        2.952029520295203,
        85.0,
        64.28571428571429,
        65.21739130434783,
        57.6036866359447,
        93.22033898305084,
        60.22727272727273,
        51.79282868525896,
        87.5,
        33.33333333333333,
        64.0,
        73.15436241610739,
        88.54166666666666,
        65.11627906976744,
        88.48920863309353,
        50.467289719626166,
        98.9247311827957,
        80.0,
        18.181818181818183,
        86.54970760233918,
        46.0,
        34.61538461538461,
        69.04761904761905,
        84.76190476190476,
        48.97959183673469,
        27.27272727272727,
        73.46938775510205,
        61.904761904761905,
        58.515283842794766,
        79.15057915057915,
        93.93939393939394,
        37.5,
        84.33734939759037,
        30.0,
        25.106382978723403,
        93.61702127659575,
        77.09497206703911,
        81.30081300813008,
        90.14084507042254,
        34.78260869565217,
        58.2089552238806,
        22.413793103448278,
        90.76923076923077,
        20.967741935483872,
        32.71221532091098,
        87.0,
        15.0,
        96.03174603174604,
        85.03937007874016,
        75.51020408163265,
        29.518072289156628,
        87.09677419354838,
        47.16981132075472,
        74.61538461538461,
        96.05263157894737,
        85.40145985401459,
        62.328767123287676,
        77.5,
        41.935483870967744,
        53.52112676056338,
        92.95774647887323,
        68.75,
        85.59322033898306,
        87.30512980406314
    ],
    "Closed Set Accuracy": {
        "OA": 77.19664092881699,
        "AA": 78.8168156231191,