{
    "OA": 61.781258793734175,
    "AA": 28.196510871585062,
    "OOD": 84.85602987831814,
    "NMI": 46.77678518601788,
    "H-score": 41.90058677207326,
    "H3-score": 43.410413136214565,
    "Recall-all": [
        36.36363636363637,
        38.095238095238095,
        0.0,
        6.25,
        31.25,
        23.376623376623375,
        7.792207792207792,
        9.67741935483871,
        15.873015873015872,
        4.022988505747127,
        25.0,
        6.896551724137931,
        17.647058823529413,
        26.76056338028169,
        0.0,
        26.42857142857143,
        57.57575757575758,
        6.015037593984962,
        11.278195488721805,
        34.82142857142857,
        16.071428571428573,
        20.54794520547945,
        3.6363636363636362,
        28.225806451612907,
        7.462686567164178,
        22.900763358778626,
        71.0,
        11.494252873563218,
        14.736842105263156,
        90.0,
        6.521739130434782,
        66.82242990654206,
        34.355828220858896,
        4.761904761904762,
        8.98876404494382,
        55.88235294117647,
        6.024096385542169,
        19.587628865979383,
        39.111111111111114,
        25.238095238095237,
        89.94708994708994,
        5.729166666666666,
        65.38461538461539,
        4.0,
        15.950920245398773,
        20.353982300884958,
        25.899280575539567,
        28.387096774193548,
        0.6928406466512702,
        64.36781609195403,
        19.047619047619047,
        0.0,
        56.25,
        36.58536585365854,
        58.24175824175825,
        27.631578947368425,
        10.416666666666668,
        8.620689655172415,
        7.547169811320755,
        35.38461538461539,
        15.555555555555555,
        53.46534653465347,
        0.0,
        30.76923076923077,
        46.15384615384615,
        0.0,
        50.0,
        0.0,
        19.402985074626866,
        13.043478260869565,
        50.0,
        26.95035460992908,
        40.0,
        36.666666666666664,
        35.714285714285715,
        65.21739130434783,
        37.5,
        26.31578947368421,
        4.3478260869565215,
        3.389830508474576,
        14.285714285714285,
        36.36363636363637,
        46.22641509433962,
        6.030150753768844,
        40.17857142857143,
        61.15702479338842,
        15.887850467289718,
        3.3210332103321036,
        2.5,
        32.142857142857146,
        13.043478260869565,
        27.64976958525346,
        23.728813559322035,
        15.909090909090908,
        22.31075697211155,
        72.79411764705883,
        11.11111111111111,
        12.0,
        36.241610738255034,
        47.91666666666667,
        24.031007751937985,
        20.14388489208633,
        5.607476635514018,
        79.03225806451613,
        20.0,
        6.0606060606060606,
        70.17543859649122,
        20.666666666666668,
        31.08974358974359,
        9.523809523809524,
        70.47619047619048,
        8.16326530612245,
        14.646464646464647,
        48.97959183673469,
        3.571428571428571,
        41.92139737991266,
        36.293436293436294,
        61.61616161616161,
        3.125,
        15.66265060240964,
        13.684210526315791,
        14.893617021276595,
        60.63829787234043,
        49.72067039106145,
        65.04065040650406,
        21.830985915492956,
        0.0,
        14.925373134328357,
        0.0,
        56.92307692307692,
        16.129032258064516,
        8.074534161490684,
        17.0,
        5.0,
        59.523809523809526,
        34.645669291338585,
        8.16326530612245,
        19.879518072289155,
        67.74193548387096,
        24.528301886792452,
        53.07692307692308,
        36.84210526315789,
        54.01459854014598,
        36.3013698630137,
        61.25000000000001,
        6.451612903225806,
        14.084507042253522,
        80.28169014084507,
        37.5,
        29.66101694915254,
        84.85602987831814
    ],
    "Closed Set Accuracy": {
        "OA": 47.528602829284786,
        "AA": 45.93216505831757,