{
    "OA": 70.09877816566168,
    "AA": 60.015916808473094,
    "OOD": 77.19267896066152,
    "NMI": 74.03585466887408,
    "H-score": 67.45610118925444,
    "H3-score": 69.51680024212716,
    "Recall-all": [
        79.56989247311827,
        60.416666666666664,
        25.862068965517242,
        15.686274509803921,
        39.77272727272727,
        39.42307692307692,
        48.170731707317074,
        29.523809523809526,
        41.80064308681672,
        12.203389830508476,
        73.14487632508833,
        18.954248366013072,
        70.8108108108108,
        68.8,
        14.814814814814813,
        84.8993288590604,
        41.66666666666667,
        24.46808510638298,
        3.8194444444444446,
        64.0625,
        31.92488262910798,
        63.33333333333333,
        75.64469914040114,
        80.75471698113208,
        35.521235521235525,
        37.5,
        73.97260273972603,
        54.54545454545454,
        17.24137931034483,
        80.88235294117648,
        26.21359223300971,
        80.64516129032258,
        39.75903614457831,
        77.77777777777779,
        78.94736842105263,
        47.72727272727273,
        82.14285714285714,
        68.36461126005362,
        44.67005076142132,
        49.523809523809526,
        85.2760736196319,
        42.922374429223744,
        62.31003039513677,
        65.71428571428571,
        34.48275862068966,
        61.904761904761905,
        85.0,
        82.05128205128204,
        0.0,
        90.0,
        90.58823529411765,
        24.299065420560748,
        62.5,
        10.0,
        87.62376237623762,
        67.88990825688074,
        57.99999999999999,
        37.086092715231786,
        43.888888888888886,
        78.37837837837837,
        57.14285714285714,
        51.61290322580645,
        87.56756756756758,
        89.80891719745223,
        92.08333333333333,
        84.61538461538461,
        91.81818181818183,
        35.869565217391305,
        50.0,
        89.74358974358975,
        86.86868686868688,
        24.509803921568626,
        80.64516129032258,
        45.604395604395606,
        51.03092783505154,
        63.565891472868216,
        85.18518518518519,
        63.63636363636363,
        45.94594594594595,
        88.88888888888889,
        61.111111111111114,
        100.0,
        100.0,
        83.33333333333334,
        70.23809523809523,
        50.90909090909091,
        87.58169934640523,
        13.774104683195592,
        45.45454545454545,
        75.67567567567568,
        65.88235294117646,
        73.558648111332,
        97.5,
        77.39463601532567,
        75.6198347107438,
        94.40993788819875,
        98.9795918367347,
        50.0,
        63.38028169014085,
        95.56313993174061,
        78.78787878787878,
        52.307692307692314,
        13.559322033898304,
        98.3108108108108,
        30.049261083743843,
        72.72727272727273,
        67.66169154228857,
        10.344827586206897,
        78.57142857142857,
        27.27272727272727,
        87.91666666666667,
        38.23529411764706,
        5.128205128205128,
        75.0,
        60.0,
        85.29411764705883,
        88.43283582089553,
        98.7012987012987,
        2.73972602739726,
        60.416666666666664,
        100.0,
        43.067846607669615,
        47.337278106508876,
        57.6271186440678,
        43.103448275862064,
        99.13793103448276,
        75.42372881355932,
        71.62162162162163,
        63.2,
        98.63013698630137,
        8.21917808219178,
        49.43566591422122,
        65.59633027522935,
        20.96069868995633,
        85.2112676056338,
        82.0,
        58.06451612903226,
        15.254237288135593,
        89.74358974358975,
        28.000000000000004,
        18.253968253968253,
        90.17341040462428,
        79.3296089385475,
        44.44444444444444,
        67.85714285714286,
        45.16129032258064,
        56.15384615384615,
        97.8021978021978,
        51.42857142857142,
        80.12618296529969,
        77.19267896066152
    ],
    "Closed Set Accuracy": {
        "OA": 72.78389810812067,
        "AA": 71.79299330492796,