{
    "OA": 72.15214344400948,
    "AA": 52.50499541909789,
    "OOD": 92.91358397503649,
    "NMI": 70.71491972096287,
    "H-score": 66.87414319938915,
    "H3-score": 68.10856395180433,
    "Recall-all": [
        77.41935483870968,
        44.44444444444444,
        13.793103448275861,
        27.450980392156865,
        59.375,
        27.163461538461537,
        46.34146341463415,
        18.095238095238095,
        45.01607717041801,
        5.762711864406779,
        53.35689045936396,
        16.99346405228758,
        84.86486486486487,
        56.39999999999999,
        14.814814814814813,
        48.65771812080537,
        29.761904761904763,
        28.723404255319153,
        9.722222222222223,
        71.35416666666666,
        40.375586854460096,
        40.0,
        15.759312320916905,
        71.69811320754717,
        8.880308880308881,
        3.125,
        88.58447488584474,
        54.54545454545454,
        1.7241379310344827,
        69.85294117647058,
        19.41747572815534,
        66.45161290322581,
        38.55421686746988,
        66.66666666666666,
        74.56140350877193,
        45.45454545454545,
        75.0,
        74.53083109919572,
        38.578680203045685,
        37.142857142857146,
        91.41104294478528,
        35.61643835616438,
        30.091185410334347,
        64.28571428571429,
        32.758620689655174,
        33.33333333333333,
        85.0,
        61.53846153846154,
        2.1739130434782608,
        91.11111111111111,
        95.29411764705881,
        30.8411214953271,
        62.5,
        70.0,
        79.70297029702971,
        69.72477064220183,
        84.0,
        66.22516556291392,
        30.555555555555557,
        78.37837837837837,
        54.88721804511278,
        45.16129032258064,
        87.02702702702703,
        81.52866242038218,
        75.83333333333333,
        57.692307692307686,
        82.72727272727273,
        20.652173913043477,
        5.555555555555555,
        64.1025641025641,
        70.70707070707071,
        17.647058823529413,
        54.83870967741935,
        43.40659340659341,
        45.876288659793815,
        48.837209302325576,
        83.33333333333334,
        63.63636363636363,
        64.86486486486487,
        0.0,
        27.77777777777778,
        93.57798165137615,
        91.58878504672897,
        75.0,
        63.095238095238095,
        58.18181818181818,
        78.43137254901961,
        6.6115702479338845,
        45.45454545454545,
        60.810810810810814,
        67.05882352941175,
        42.54473161033797,
        85.0,
        87.73946360153256,
        71.900826446281,
        86.33540372670807,
        95.91836734693877,
        50.0,
        60.56338028169014,
        87.37201365187714,
        68.93939393939394,
        50.76923076923077,
        8.47457627118644,
        96.95945945945947,
        33.497536945812804,
        63.63636363636363,
        66.66666666666666,
        8.620689655172415,
        21.428571428571427,
        18.181818181818183,
        74.16666666666667,
        38.23529411764706,
        7.6923076923076925,
        80.0,
        50.0,
        85.71428571428571,
        42.53731343283582,
        96.75324675324676,
        2.73972602739726,
        79.86111111111111,
        57.14285714285714,
        19.174041297935105,
        73.96449704142012,
        38.983050847457626,
        29.310344827586203,
        96.55172413793103,
        51.69491525423729,
        64.1891891891892,
        52.0,
        93.15068493150685,
        16.43835616438356,
        45.82392776523702,
        61.46788990825688,
        15.283842794759824,
        71.12676056338029,
        87.0,
        32.25806451612903,
        1.694915254237288,
        70.51282051282051,
        8.363636363636363,
        8.73015873015873,
        86.70520231213872,
        77.09497206703911,
        11.11111111111111,
        71.42857142857143,
        47.74193548387097,
        29.230769230769234,
        90.10989010989012,
        45.714285714285715,
        78.23343848580441,
        92.91358397503649
    ],
    "Closed Set Accuracy": {
        "OA": 75.40556872588667,
        "AA": 73.64664373667783,