{
    "OA": 52.015233259282766,
    "AA": 49.51794059128389,
    "OOD": null,
    "NMI": null,
    "H-score": null,
    "H3-score": null,
    "UCR": 69.52753094255792,
    "Recall-all": [
        69.89247311827957,
        65.97222222222221,
        15.517241379310345,
        37.254901960784316,
        63.63636363636363,
        21.394230769230766,
        52.4390243902439,
        16.19047619047619,
        41.157556270096464,
        4.745762711864407,
        49.11660777385159,
        15.686274509803921,
        75.67567567567568,
        55.60000000000001,
        14.074074074074074,
        51.34228187919463,
        23.809523809523807,
        32.97872340425532,
        3.4722222222222223,
        60.416666666666664,
        39.906103286384976,
        40.0,
        14.040114613180515,
        70.94339622641509,
        6.177606177606178,
        6.25,
        85.84474885844749,
        54.54545454545454,
        0.8620689655172413,
        62.5,
        24.271844660194176,
        50.32258064516129,
        36.144578313253014,
        77.77777777777779,
        77.19298245614034,
        43.18181818181818,
        71.42857142857143,
        69.16890080428955,
        39.08629441624365,
        35.23809523809524,
        90.1840490797546,
        24.65753424657534,
        26.13981762917933,
        64.28571428571429,
        27.586206896551722,
        23.809523809523807,
        72.5,
        44.871794871794876,
        2.1739130434782608,
        89.25925925925927,
        95.29411764705881,
        31.775700934579437,
        62.5,
        70.0,
        79.70297029702971,
        68.80733944954129,
        82.0,
        71.52317880794702,
        30.555555555555557,
        78.37837837837837,
        49.62406015037594,
        29.03225806451613,
        82.16216216216216,
        77.70700636942675,
        77.91666666666667,
        57.692307692307686,
        66.36363636363637,
        15.217391304347828,
        11.11111111111111,
        51.28205128205128,
        75.75757575757575,
        16.666666666666664,
        40.32258064516129,
        41.208791208791204,
        40.72164948453608,
        55.03875968992248,
        70.37037037037037,
        54.54545454545454,
        45.94594594594595,
        0.0,
        22.22222222222222,
        91.74311926605505,
        92.5233644859813,
        58.333333333333336,
        71.42857142857143,
        58.18181818181818,
        81.69934640522875,
        4.132231404958678,
        36.36363636363637,
        51.35135135135135,
        68.23529411764706,
        18.687872763419485,
        79.28571428571428,
        88.50574712643679,
        70.66115702479338,
        90.06211180124224,
        89.79591836734694,
        35.714285714285715,
        61.97183098591549,
        84.64163822525597,
        68.18181818181817,
        48.46153846153846,
        6.779661016949152,
        96.28378378378379,
        10.344827586206897,
        63.63636363636363,
        59.70149253731343,
        8.620689655172415,
        28.57142857142857,
        9.090909090909092,
        70.0,
        38.23529411764706,
        0.0,
        80.0,
        50.0,
        85.71428571428571,
        29.850746268656714,
        94.15584415584416,
        2.73972602739726,
        76.38888888888889,
        71.42857142857143,
        9.43952802359882,
        66.27218934911244,
        25.423728813559322,
        17.24137931034483,
        96.55172413793103,
        50.0,
        36.486486486486484,
        48.0,
        93.15068493150685,
        16.43835616438356,
        40.85778781038375,
        55.04587155963303,
        12.663755458515283,
        66.90140845070422,
        81.0,
        41.935483870967744,
        4.519774011299435,
        69.87179487179486,
        7.2727272727272725,
        7.142857142857142,
        83.8150289017341,
        77.6536312849162,
        16.666666666666664,
        59.82142857142857,
        51.61290322580645,
        25.384615384615383,
        93.4065934065934,
        48.57142857142857,
        78.23343848580441,
        82.35294117647058,
        52.20588235294118,
        88.65248226950354,
        71.23287671232876,
        25.435540069686414,
        6.451612903225806,
        50.69124423963134,
        67.89473684210526,
        51.35135135135135,
        80.13698630136986,
        68.18181818181817,
        39.768339768339764,
        5.617977528089887,
        9.523809523809524,
        39.86254295532646,
        47.368421052631575,
        57.943925233644855,
        34.57142857142857,
        8.064516129032258,
        24.702380952380953,
        72.22222222222221,
        88.38028169014085,
        52.55474452554745,
        0.0,
        78.4090909090909,
        47.44525547445255,
        76.13636363636364,
        59.195402298850574,
        41.42857142857143,
        31.41891891891892,
        2.7777777777777777,
        23.076923076923077,
        81.48148148148148,
        86.95652173913044,
        60.78431372549019,
        28.57142857142857,
        62.72401433691756,
        31.555555555555554,
        66.66666666666666,
        81.08108108108108,
        26.905829596412556,
        28.431372549019606,
        12.714776632302405,
        5.714285714285714,
        38.31417624521073,
        68.18181818181817,
        67.57679180887372,
        34.439834024896264,
        7.584269662921349,
        11.009174311926607,
        7.6923076923076925,
        86.8995633187773,
        82.06686930091185,
        0.0,
        92.48554913294798,
        66.93227091633466,
        69.2982456140351,
        59.756097560975604,
        98.36956521739131,
        35.471698113207545,
        74.35897435897436,
        76.92307692307693,
        93.16239316239316,
        78.26086956521739,
        47.368421052631575,
        89.71061093247589,
        60.65573770491803,
        2.380952380952381,
        94.15584415584416,
        76.11940298507463,
        37.37373737373738,
        17.05426356589147,
        89.42731277533039,
        53.68421052631579,
        93.56223175965665,
        63.63636363636363,
        41.87192118226601,
        75.0,
        8.653846153846153,
        14.516129032258066,
        81.35593220338984,
        40.0,
        57.49999999999999,
        87.14285714285714,
        47.05882352941176,
        91.97860962566845,
        86.20689655172413,
        44.44444444444444,
        44.48979591836735,
        53.44827586206896,
        2.5,
        44.73684210526316,
        86.27450980392157,
        67.85714285714286,
        22.22222222222222,
        34.61538461538461,
        73.68421052631578,
        79.11111111111111,
        37.07865168539326,
        26.666666666666668,
        64.37246963562752,
        48.837209302325576,
        47.72727272727273,
        75.82417582417582,
        8.88888888888889,
        79.7153024911032,
        23.008849557522122,
        57.97872340425532,
        86.69527896995707,
        82.41758241758241,
        44.14414414414414,
        16.883116883116884,
        23.076923076923077,
        63.46153846153846,
        81.53846153846153,
        18.548387096774192,
        9.090909090909092,
        50.943396226415096,
        68.16143497757847,
        34.91525423728813,
        20.27027027027027,
        39.247311827956985,
        81.86046511627907,
        84.50704225352112,
        15.0,
        37.68115942028986,
        60.29411764705882,
        60.0,
        90.9090909090909,
        8.571428571428571,
        15.259740259740258,
        80.63660477453581,
        16.666666666666664,
        6.25,
        36.0,
        0.0,
        62.62626262626263,
        55.55555555555556,
        36.36363636363637,
        22.22222222222222,
        89.272030651341,
        16.286644951140065,
        54.761904761904766,
        55.714285714285715,
        54.54545454545454,
        8.536585365853659,
        77.96610169491525,
        1.3157894736842104,
        15.492957746478872,
