{
    "OA": 51.87440495080927,
    "AA": 49.38015935630571,
    "OOD": null,
    "NMI": null,
    "H-score": null,
    "H3-score": null,
    "UCR": 69.74373214852427,
    "Recall-all": [
        74.19354838709677,
        47.91666666666667,
        10.344827586206897,
        37.254901960784316,
        61.93181818181818,
        26.923076923076923,
        50.0,
        19.047619047619047,
        39.87138263665595,
        4.067796610169491,
        55.47703180212014,
        17.647058823529413,
        76.75675675675676,
        49.2,
        14.814814814814813,
        50.671140939597315,
        32.142857142857146,
        20.212765957446805,
        5.902777777777778,
        54.6875,
        41.31455399061033,
        53.333333333333336,
        13.18051575931232,
        70.18867924528301,
        5.405405405405405,
        0.0,
        86.7579908675799,
        54.54545454545454,
        0.8620689655172413,
        70.58823529411765,
        19.41747572815534,
        47.74193548387097,
        33.734939759036145,
        66.66666666666666,
        76.31578947368422,
        34.090909090909086,
        75.0,
        68.36461126005362,
        37.055837563451774,
        29.523809523809526,
        91.41104294478528,
        24.65753424657534,
        25.227963525835868,
        61.42857142857143,
        27.586206896551722,
        9.523809523809524,
        77.5,
        47.43589743589743,
        2.1739130434782608,
        86.66666666666667,
        96.47058823529412,
        23.364485981308412,
        62.5,
        70.0,
        80.6930693069307,
        66.97247706422019,
        80.0,
        60.264900662251655,
        32.77777777777778,
        72.97297297297297,
        44.73684210526316,
        29.03225806451613,
        80.0,
        78.98089171974523,
        73.33333333333333,
        53.84615384615385,
        55.45454545454545,
        13.043478260869565,
        5.555555555555555,
        56.41025641025641,
        69.6969696969697,
        15.196078431372548,
        48.38709677419355,
        47.8021978021978,
        43.81443298969072,
        65.89147286821705,
        81.48148148148148,
        54.54545454545454,
        51.35135135135135,
        0.0,
        27.77777777777778,
        87.1559633027523,
        92.5233644859813,
        58.333333333333336,
        72.61904761904762,
        52.72727272727272,
        72.54901960784314,
        5.785123966942149,
        45.45454545454545,
        55.4054054054054,
        64.70588235294117,
        14.910536779324055,
        83.57142857142857,
        86.20689655172413,
        71.07438016528926,
        90.06211180124224,
        88.77551020408163,
        35.714285714285715,
        63.38028169014085,
        84.98293515358361,
        65.15151515151516,
        53.07692307692308,
        8.47457627118644,
        93.58108108108108,
        8.866995073891626,
        54.54545454545454,
        65.17412935323384,
        8.620689655172415,
        28.57142857142857,
        9.090909090909092,
        70.83333333333334,
        38.23529411764706,
        5.128205128205128,
        80.0,
        50.0,
        83.61344537815127,
        35.07462686567165,
        94.15584415584416,
        3.0821917808219177,
        79.86111111111111,
        57.14285714285714,
        14.15929203539823,
        71.00591715976331,
        18.64406779661017,
        17.24137931034483,
        96.55172413793103,
        52.54237288135594,
        37.83783783783784,
        48.8,
        90.41095890410958,
        21.91780821917808,
        46.27539503386004,
        63.76146788990825,
        11.353711790393014,
        62.676056338028175,
        79.0,
        35.483870967741936,
        1.694915254237288,
        73.71794871794873,
        7.636363636363637,
        9.523809523809524,
        86.70520231213872,
        76.53631284916202,
        16.666666666666664,
        58.92857142857143,
        46.45161290322581,
        30.76923076923077,
        93.4065934065934,
        54.285714285714285,
        76.34069400630915,
        79.41176470588235,
        51.470588235294116,
        88.65248226950354,
        68.4931506849315,
        26.132404181184672,
        6.451612903225806,
        52.53456221198156,
        66.84210526315789,
        59.45945945945946,
        84.24657534246576,
        63.63636363636363,
        40.54054054054054,
        6.741573033707865,
        9.523809523809524,
        52.57731958762887,
        42.10526315789473,
        58.87850467289719,
        36.857142857142854,
        12.096774193548388,
        23.809523809523807,
        77.77777777777779,
        87.67605633802818,
        52.55474452554745,
        0.0,
        77.55681818181817,
        37.22627737226277,
        73.86363636363636,
        61.49425287356321,
        48.57142857142857,
        33.44594594594595,
        2.7777777777777777,
        23.076923076923077,
        79.62962962962963,
        88.40579710144928,
        62.745098039215684,
        57.14285714285714,
        66.30824372759857,
        30.666666666666664,
        68.88888888888889,
        70.27027027027027,
        34.08071748878923,
        27.124183006535947,
        14.432989690721648,
        5.714285714285714,
        34.099616858237546,
        73.29545454545455,
        67.74744027303754,
        42.738589211618255,
        7.584269662921349,
        7.951070336391437,
        7.6923076923076925,
        87.33624454148472,
        82.97872340425532,
        0.0,
        91.61849710982659,
        66.13545816733067,
        70.17543859649122,
        57.073170731707314,
        98.91304347826086,
        32.45283018867924,
        74.35897435897436,
        79.12087912087912,
        90.5982905982906,
        78.26086956521739,
        47.368421052631575,
        89.06752411575563,
        73.77049180327869,
        1.5873015873015872,
        92.85714285714286,
        81.59203980099502,
        31.313131313131315,
        18.992248062015506,
        89.86784140969164,
        53.68421052631579,
        93.13304721030042,
        52.27272727272727,
        44.827586206896555,
        76.66666666666667,
        8.89423076923077,
        14.516129032258066,
        83.05084745762711,
        36.666666666666664,
        55.00000000000001,
        87.14285714285714,
        38.23529411764706,
        91.44385026737967,
        86.7816091954023,
        42.22222222222222,
        37.95918367346939,
        58.620689655172406,
        2.5,
        43.42105263157895,
        85.62091503267973,
        68.45238095238095,
        22.48062015503876,
        38.46153846153847,
        71.77033492822966,
        84.0,
        32.58426966292135,
        31.428571428571427,
        61.943319838056674,
        48.837209302325576,
        47.72727272727273,
        76.92307692307693,
        8.88888888888889,
        81.13879003558719,
        24.778761061946902,
        60.1063829787234,
        79.39914163090128,
        87.91208791208791,
        43.24324324324324,
        23.376623376623375,
        16.923076923076923,
        62.5,
        86.15384615384616,
        14.516129032258066,
        9.090909090909092,
        52.83018867924528,
        68.16143497757847,
        32.20338983050847,
        22.972972972972975,
        39.247311827956985,
        73.25581395348837,
        85.2112676056338,
        15.0,
        49.275362318840585,
        61.029411764705884,
        56.00000000000001,
        90.9090909090909,
        8.571428571428571,
        15.259740259740258,
        80.63660477453581,
        16.666666666666664,
        4.166666666666666,
        48.0,
        0.0,
        61.61616161616161,
        55.55555555555556,
        38.18181818181819,
        22.22222222222222,
        89.272030651341,
        17.263843648208468,
        47.61904761904761,
        55.00000000000001,
        55.55555555555556,
        6.910569105691057,
        78.38983050847457,
        1.3157894736842104,
