{
    "OA": 49.509598847208665,
    "AA": 48.88928699948364,
    "OOD": null,
    "NMI": null,
    "H-score": null,
    "H3-score": null,
    "UCR": 68.9629526332915,
    "Recall-all": [
        73.11827956989248,
        44.44444444444444,
        8.620689655172415,
        37.254901960784316,
        62.5,
        26.682692307692307,
        50.0,
        19.047619047619047,
        39.87138263665595,
        4.067796610169491,
        55.12367491166078,
        17.647058823529413,
        76.75675675675676,
        49.2,
        14.814814814814813,
        51.006711409395976,
        30.952380952380953,
        20.212765957446805,
        5.208333333333334,
        53.645833333333336,
        41.31455399061033,
        53.333333333333336,
        13.18051575931232,
        70.56603773584905,
        5.019305019305019,
        0.0,
        86.7579908675799,
        54.54545454545454,
        0.8620689655172413,
        69.85294117647058,
        19.41747572815534,
        45.806451612903224,
        33.734939759036145,
        66.66666666666666,
        75.43859649122807,
        34.090909090909086,
        75.0,
        68.63270777479893,
        37.055837563451774,
        27.61904761904762,
        91.41104294478528,
        24.65753424657534,
        25.227963525835868,
        62.857142857142854,
        27.586206896551722,
        9.523809523809524,
        75.0,
        47.43589743589743,
        2.1739130434782608,
        86.66666666666667,
        96.47058823529412,
        22.429906542056074,
        62.5,
        70.0,
        81.68316831683168,
        67.88990825688074,
        80.0,
        60.264900662251655,
        32.22222222222222,
        72.97297297297297,
        44.3609022556391,
        29.03225806451613,
        80.0,
        78.98089171974523,
        72.91666666666666,
        53.84615384615385,
        55.45454545454545,
        13.043478260869565,
        5.555555555555555,
        58.97435897435898,
        69.6969696969697,
        14.705882352941178,
        46.774193548387096,
        48.9010989010989,
        43.81443298969072,
        65.11627906976744,
        79.62962962962963,
        54.54545454545454,
        51.35135135135135,
        0.0,
        27.77777777777778,
        87.1559633027523,
        91.58878504672897,
        58.333333333333336,
        72.61904761904762,
        54.54545454545454,
        73.20261437908496,
        5.785123966942149,
        45.45454545454545,
        55.4054054054054,
        64.70588235294117,
        14.115308151093439,
        83.57142857142857,
        86.59003831417624,
        71.07438016528926,
        89.44099378881988,
        87.75510204081633,
        35.714285714285715,
        63.38028169014085,
        85.32423208191126,
        65.9090909090909,
        52.307692307692314,
        8.47457627118644,
        93.58108108108108,
        9.35960591133005,
        54.54545454545454,
        65.67164179104478,
        8.620689655172415,
        28.57142857142857,
        9.090909090909092,
        71.25,
        38.23529411764706,
        5.128205128205128,
        80.0,
        50.0,
        83.61344537815127,
        35.82089552238806,
        94.15584415584416,
        3.0821917808219177,
        80.55555555555556,
        57.14285714285714,
        13.274336283185843,
        71.00591715976331,
        18.64406779661017,
        17.24137931034483,
        96.55172413793103,
        52.54237288135594,
        37.83783783783784,
        48.8,
        91.78082191780823,
        20.54794520547945,
        46.04966139954853,
        62.84403669724771,
        12.22707423580786,
        62.676056338028175,
        80.0,
        35.483870967741936,
        1.694915254237288,
        73.71794871794873,
        7.636363636363637,
        9.523809523809524,
        86.70520231213872,
        76.53631284916202,
        16.666666666666664,
        58.92857142857143,
        46.45161290322581,
        30.0,
        93.68131868131869,
        54.285714285714285,
        76.65615141955836
    ],
    "Closed Set Accuracy": {
        "OA": 68.9629526332915,
        "AA": 66.78435643523257,