{
    "OA": 62.507933989209775,
    "AA": 60.43371468901964,
    "OOD": null,
    "NMI": null,
    "H-score": null,
    "H3-score": null,
    "UCR": 66.85972707077119,
    "Recall-all": [
        84.94623655913979,
        93.75,
        67.24137931034483,
        29.411764705882355,
        59.09090909090909,
        67.0673076923077,
        54.87804878048781,
        35.23809523809524,
        67.84565916398714,
        28.474576271186443,
        82.68551236749117,
        41.17647058823529,
        58.91891891891892,
        75.2,
        28.14814814814815,
        79.19463087248322,
        42.857142857142854,
        85.1063829787234,
        23.958333333333336,
        78.64583333333334,
        61.97183098591549,
        63.33333333333333,
        38.96848137535817,
        79.24528301886792,
        48.64864864864865,
        46.875,
        71.23287671232876,
        90.9090909090909,
        67.24137931034483,
        81.61764705882352,
        44.66019417475729,
        66.45161290322581,
        48.19277108433735,
        77.77777777777779,
        72.80701754385966,
        25.0,
        82.14285714285714,
        39.14209115281501,
        49.746192893401016,
        62.857142857142854,
        79.75460122699386,
        52.51141552511416,
        62.61398176291794,
        81.42857142857143,
        50.0,
        45.23809523809524,
        87.5,
        50.0,
        4.3478260869565215,
        89.62962962962962,
        83.52941176470588,
        47.66355140186916,
        62.5,
        6.666666666666667,
        86.63366336633663,
        88.07339449541286,
        64.0,
        28.47682119205298,
        51.11111111111111,
        89.1891891891892,
        56.766917293233085,
        19.35483870967742,
        83.24324324324324,
        77.70700636942675,
        67.5,
        65.38461538461539,
        61.81818181818181,
        18.478260869565215,
        52.77777777777778,
        97.43589743589743,
        76.76767676767676,
        17.647058823529413,
        80.64516129032258,
        22.52747252747253,
        60.824742268041234,
        31.007751937984494,
        83.33333333333334,
        27.27272727272727,
        59.45945945945946,
        88.88888888888889,
        72.22222222222221,
        96.3302752293578,
        98.13084112149532,
        0.0,
        85.71428571428571,
        50.90909090909091,
        91.50326797385621,
        45.45454545454545,
        9.090909090909092,
        28.37837837837838,
        35.294117647058826,
        83.69781312127238,
        78.21428571428571,
        86.97318007662835,
        76.44628099173553,
        56.52173913043478,
        95.91836734693877,
        50.0,
        80.28169014084507,
        87.37201365187714,
        94.6969696969697,
        53.07692307692308,
        3.389830508474576,
        97.2972972972973,
        17.24137931034483,
        27.27272727272727,
        70.64676616915423,
        32.758620689655174,
        35.714285714285715,
        0.0,
        85.41666666666666,
        23.52941176470588,
        12.82051282051282,
        80.0,
        70.0,
        80.67226890756302,
        83.5820895522388,
        100.0,
        2.73972602739726,
        75.69444444444444,
        100.0,
        33.03834808259587,
        30.76923076923077,
        18.64406779661017,
        37.93103448275862,
        99.13793103448276,
        87.28813559322035,
        50.0,
        56.8,
        98.63013698630137,
        5.47945205479452,
        72.00902934537245,
        65.13761467889908,
        37.99126637554585,
        92.95774647887323,
        84.0,
        32.25806451612903,
        5.649717514124294,
        80.12820512820514,
        10.181818181818182,
        34.92063492063492,
        94.21965317919076,
        84.35754189944134,
        50.0,
        58.03571428571429,
        45.16129032258064,
        83.84615384615385,
        92.3076923076923,
        0.0,
        88.64353312302839,
        81.37254901960785,
        61.76470588235294,
        95.74468085106383,
        68.4931506849315,
        54.00696864111498,
        30.107526881720432,
        76.95852534562212,
        31.05263157894737,
        54.054054054054056,
        88.35616438356165,
        71.21212121212122,
        45.173745173745175,
        14.606741573033707,
        19.047619047619047,
        84.87972508591065,
        45.39473684210527,
        62.616822429906534,
        62.0,
        6.451612903225806,
        40.773809523809526,
        72.22222222222221,
        75.0,
        2.18978102189781,
        0.5698005698005698,
        84.375,
        75.91240875912408,
        94.31818181818183,
        73.5632183908046,
        71.42857142857143,
        38.513513513513516,
        2.7777777777777777,
        30.76923076923077,
        87.03703703703704,
        60.86956521739131,
        63.725490196078425,
        71.42857142857143,
        73.11827956989248,
        43.55555555555555,
        66.66666666666666,
        83.78378378378379,
        65.02242152466367,
        50.326797385620914,
        11.683848797250858,
        20.0,
        24.521072796934863,
        94.31818181818183,
        0.0,
        56.43153526970954,
        8.98876404494382,
        46.48318042813456,
        7.6923076923076925,
        86.46288209606988,
        93.61702127659575,
        28.57142857142857,
        87.28323699421965,
        64.5418326693227,
        66.66666666666666,
        40.0,
        98.36956521739131,
        20.754716981132077,
        82.05128205128204,
        93.4065934065934,
        97.86324786324786,
        17.391304347826086,
        40.35087719298245,
        92.92604501607717,
        73.77049180327869,
        1.5873015873015872,
        93.5064935064935,
        93.03482587064677,
        91.91919191919192,
        4.651162790697675,
        90.7488986784141,
        11.578947368421053,
        92.7038626609442,
        86.36363636363636,
        76.35467980295566,
        53.333333333333336,
        56.00961538461539,
        45.16129032258064,
        85.59322033898306,
        3.3333333333333335,
        67.5,
        87.14285714285714,
        44.11764705882353,
        86.63101604278076,
        95.40229885057471,
        42.22222222222222,
        19.591836734693878,
        22.413793103448278,
        40.0,
        48.68421052631579,
        93.4640522875817,
        72.61904761904762,
        45.21963824289406,
        59.61538461538461,
        72.24880382775119,
        84.44444444444444,
        69.66292134831461,
        67.61904761904762,
        78.13765182186235,
        81.3953488372093,
        77.27272727272727,
        87.91208791208791,
        68.88888888888889,
        98.22064056939502,
        52.21238938053098,
        92.02127659574468,
        94.4206008583691,
        91.75824175824175,
        54.95495495495496,
        55.84415584415584,
        81.53846153846153,
        62.5,
        93.07692307692308,
        87.09677419354838,
        45.45454545454545,
        35.84905660377358,
        78.47533632286996,
        73.89830508474576,
        70.27027027027027,
        75.80645161290323,
        82.32558139534883,
        93.66197183098592,
        25.0,
        82.6086956521739,
        79.41176470588235,
        77.33333333333333,
        81.81818181818183,
        10.0,
        13.96103896103896,
        85.14588859416446,
        66.66666666666666,
        29.166666666666668,
        72.0,
        80.0,
        63.63636363636363,
        22.22222222222222,
        43.63636363636363,
        66.66666666666666,
        94.25287356321839,
        26.384364820846905,
        71.42857142857143,
        62.142857142857146,
        53.535353535353536,
        21.138211382113823,
        84.32203389830508,
        10.526315789473683,
        61.97183098591549,
        26.699029126213592,
        40.0,
        15.714285714285714,
        80.66914498141264,
        75.52083333333334,
        88.67924528301887,
