{
    "OA": 70.08602774153013,
    "AA": 54.24032232525919,
    "OOD": 83.35598168000402,
    "NMI": 70.71491972096287,
    "H-score": 65.57453631955126,
    "H3-score": 67.20426653268107,
    "Recall-all": [
        89.24731182795699,
        88.19444444444444,
        41.37931034482759,
        54.90196078431373,
        63.35227272727273,
        68.75,
        60.97560975609756,
        24.761904761904763,
        53.69774919614147,
        17.966101694915253,
        70.31802120141343,
        34.64052287581699,
        77.29729729729729,
        74.4,
        28.14814814814815,
        72.81879194630872,
        45.23809523809524,
        75.53191489361703,
        18.055555555555554,
        83.33333333333334,
        61.97183098591549,
        73.33333333333333,
        46.13180515759313,
        81.50943396226415,
        40.54054054054054,
        15.625,
        88.12785388127854,
        63.63636363636363,
        62.06896551724138,
        82.35294117647058,
        37.86407766990291,
        64.51612903225806,
        57.831325301204814,
        77.77777777777779,
        66.66666666666666,
        25.0,
        75.0,
        53.61930294906166,
        56.34517766497462,
        66.66666666666666,
        88.34355828220859,
        36.07305936073059,
        55.319148936170215,
        70.0,
        56.896551724137936,
        52.38095238095239,
        77.5,
        56.41025641025641,
        28.26086956521739,
        85.92592592592592,
        44.70588235294118,
        40.18691588785047,
        50.0,
        46.666666666666664,
        69.80198019801979,
        86.23853211009175,
        88.0,
        21.192052980132452,
        41.11111111111111,
        83.78378378378379,
        62.78195488721805,
        12.903225806451612,
        62.16216216216216,
        35.03184713375796,
        58.75,
        30.76923076923077,
        77.27272727272727,
        5.434782608695652,
        8.333333333333332,
        43.58974358974359,
        83.83838383838383,
        7.8431372549019605,
        72.58064516129032,
        26.373626373626376,
        78.35051546391753,
        5.426356589147287,
        77.77777777777779,
        9.090909090909092,
        62.16216216216216,
        0.0,
        27.77777777777778,
        78.89908256880734,
        87.85046728971963,
        16.666666666666664,
        83.33333333333334,
        70.9090909090909,
        89.54248366013073,
        32.231404958677686,
        45.45454545454545,
        45.94594594594595,
        47.05882352941176,
        83.89662027833002,
        90.0,
        90.03831417624522,
        82.23140495867769,
        26.08695652173913,
        64.28571428571429,
        42.857142857142854,
        76.76056338028168,
        70.64846416382252,
        90.15151515151516,
        55.38461538461539,
        3.389830508474576,
        97.2972972972973,
        14.285714285714285,
        36.36363636363637,
        73.6318407960199,
        31.03448275862069,
        14.285714285714285,
        9.090909090909092,
        65.83333333333333,
        23.52941176470588,
        0.0,
        80.0,
        80.0,
        87.81512605042016,
        73.50746268656717,
        94.8051948051948,
        3.4246575342465753,
        69.44444444444444,
        100.0,
        13.864306784660767,
        55.02958579881657,
        35.59322033898305,
        27.586206896551722,
        99.13793103448276,
        79.66101694915254,
        24.324324324324326,
        60.0,
        94.52054794520548,
        12.32876712328767,
        72.91196388261851,
        48.62385321100918,
        28.82096069868996,
        81.69014084507043,
        91.0,
        22.58064516129032,
        0.5649717514124294,
        34.61538461538461,
        5.090909090909091,
        31.746031746031743,
        93.64161849710982,
        78.2122905027933,
        22.22222222222222,
        41.07142857142857,
        34.193548387096776,
        55.38461538461539,
        81.04395604395604,
        17.142857142857142,
        69.71608832807571,
        83.35598168000402
    ],
    "Closed Set Accuracy": {
        "OA": 68.67940315158276,
        "AA": 65.67230415540989,