{
    "OA": 59.50293557600762,
    "AA": 35.04504712208995,
    "OOD": 73.68093277514444,
    "NMI": 56.56453386976283,
    "H-score": 47.260764799900564,
    "H3-score": 50.003658429812916,
    "Recall-all": [
        75.26881720430107,
        84.02777777777779,
        27.586206896551722,
        35.294117647058826,
        43.465909090909086,
        79.08653846153845,
        31.097560975609756,
        8.571428571428571,
        31.832797427652732,
        25.08474576271186,
        40.63604240282685,
        13.071895424836603,
        25.945945945945947,
        50.8,
        0.0,
        61.40939597315436,
        39.285714285714285,
        56.38297872340425,
        1.0416666666666665,
        60.9375,
        29.107981220657276,
        53.333333333333336,
        63.03724928366762,
        53.58490566037736,
        55.21235521235521,
        3.125,
        53.42465753424658,
        9.090909090909092,
        27.586206896551722,
        75.0,
        1.9417475728155338,
        54.83870967741935,
        34.93975903614458,
        44.44444444444444,
        24.561403508771928,
        18.181818181818183,
        3.571428571428571,
        11.796246648793565,
        36.04060913705584,
        33.33333333333333,
        63.80368098159509,
        21.91780821917808,
        54.1033434650456,
        20.0,
        15.517241379310345,
        4.761904761904762,
        37.5,
        57.692307692307686,
        17.391304347826086,
        57.407407407407405,
        20.0,
        18.69158878504673,
        50.0,
        43.333333333333336,
        27.22772277227723,
        57.798165137614674,
        64.0,
        13.245033112582782,
        23.88888888888889,
        56.75675675675676,
        31.954887218045116,
        32.25806451612903,
        3.2432432432432434,
        65.60509554140127,
        60.0,
        3.8461538461538463,
        45.45454545454545,
        18.478260869565215,
        2.7777777777777777,
        10.256410256410255,
        57.57575757575758,
        5.88235294117647,
        29.03225806451613,
        0.5494505494505495,
        82.4742268041237,
        3.10077519379845,
        20.37037037037037,
        54.54545454545454,
        24.324324324324326,
        0.0,
        0.0,
        30.275229357798167,
        34.57943925233645,
        25.0,
        63.095238095238095,
        56.36363636363636,
        92.81045751633987,
        50.964187327823694,
        18.181818181818183,
        20.27027027027027,
        7.0588235294117645,
        76.54075546719682,
        50.0,
        42.911877394636015,
        71.07438016528926,
        29.19254658385093,
        60.204081632653065,
        21.428571428571427,
        54.22535211267606,
        45.051194539249146,
        65.9090909090909,
        38.46153846153847,
        3.389830508474576,
        78.71621621621621,
        3.4482758620689653,
        18.181818181818183,
        69.65174129353234,
        17.24137931034483,
        21.428571428571427,
        0.0,
        44.583333333333336,
        2.941176470588235,
        0.0,
        35.0,
        10.0,
        71.84873949579831,
        45.52238805970149,
        82.46753246753246,
        1.36986301369863,
        24.305555555555554,
        71.42857142857143,
        20.943952802359885,
        21.301775147928996,
        18.64406779661017,
        25.862068965517242,
        67.24137931034483,
        36.440677966101696,
        28.37837837837838,
        23.200000000000003,
        83.56164383561644,
        2.73972602739726,
        52.370203160270876,
        28.899082568807337,
        20.52401746724891,
        35.91549295774648,
        78.0,
        0.0,
        0.0,
        11.538461538461538,
        0.7272727272727273,
        23.809523809523807,
        70.52023121387283,
        60.893854748603346,
        16.666666666666664,
        33.92857142857143,
        6.451612903225806,
        28.46153846153846,
        68.68131868131869,
        2.857142857142857,
        40.694006309148264,
        73.68093277514444
    ],
    "Closed Set Accuracy": {
        "OA": 52.45665411611584,
        "AA": 47.52838985337619,