{
    "OA": 70.15369001014933,
    "AA": 55.426914171128786,
    "OOD": 81.46861945744628,
    "NMI": 70.71491972096287,
    "H-score": 65.84719263428475,
    "H3-score": 67.39492178339412,
    "Recall-all": [
        91.39784946236558,
        86.11111111111111,
        41.37931034482759,
        54.90196078431373,
        69.31818181818183,
        68.26923076923077,
        62.80487804878049,
        29.523809523809526,
        65.59485530546624,
        23.389830508474578,
        72.08480565371025,
        35.947712418300654,
        81.08108108108108,
        75.6,
        24.444444444444443,
        74.49664429530202,
        45.23809523809524,
        78.72340425531915,
        17.708333333333336,
        82.29166666666666,
        63.84976525821596,
        70.0,
        51.28939828080229,
        88.30188679245283,
        41.6988416988417,
        18.75,
        88.58447488584474,
        63.63636363636363,
        62.06896551724138,
        82.35294117647058,
        38.83495145631068,
        66.45161290322581,
        57.831325301204814,
        77.77777777777779,
        69.2982456140351,
        27.27272727272727,
        75.0,
        52.27882037533512,
        49.746192893401016,
        65.71428571428571,
        89.57055214723927,
        44.29223744292237,
        57.446808510638306,
        74.28571428571429,
        55.172413793103445,
        50.0,
        85.0,
        60.256410256410255,
        32.608695652173914,
        88.88888888888889,
        48.23529411764706,
        43.925233644859816,
        37.5,
        46.666666666666664,
        74.25742574257426,
        87.1559633027523,
        86.0,
        19.867549668874172,
        43.333333333333336,
        81.08108108108108,
        62.03007518796993,
        12.903225806451612,
        53.51351351351351,
        35.6687898089172,
        57.91666666666667,
        19.230769230769234,
        85.45454545454545,
        4.3478260869565215,
        11.11111111111111,
        33.33333333333333,
        81.81818181818183,
        8.333333333333332,
        74.19354838709677,
        30.76923076923077,
        75.25773195876289,
        3.10077519379845,
        75.92592592592592,
        0.0,
        70.27027027027027,
        11.11111111111111,
        27.77777777777778,
        73.39449541284404,
        90.65420560747664,
        8.333333333333332,
        86.90476190476191,
        72.72727272727273,
        90.19607843137256,
        39.66942148760331,
        54.54545454545454,
        52.702702702702695,
        49.411764705882355,
        85.48707753479125,
        91.07142857142857,
        90.80459770114942,
        83.05785123966942,
        31.67701863354037,
        59.183673469387756,
        50.0,
        78.16901408450704,
        72.35494880546075,
        91.66666666666666,
        54.61538461538461,
        3.389830508474576,
        98.64864864864865,
        13.30049261083744,
        36.36363636363637,
        75.12437810945273,
        34.48275862068966,
        21.428571428571427,
        9.090909090909092,
        68.33333333333333,
        35.294117647058826,
        2.564102564102564,
        80.0,
        80.0,
        87.39495798319328,
        77.98507462686567,
        96.1038961038961,
        3.4246575342465753,
        72.22222222222221,
        100.0,
        19.174041297935105,
        59.76331360946746,
        38.983050847457626,
        22.413793103448278,
        99.13793103448276,
        81.35593220338984,
        32.432432432432435,
        56.00000000000001,
        94.52054794520548,
        12.32876712328767,
        74.2663656884876,
        51.37614678899083,
        30.567685589519648,
        83.80281690140845,
        91.0,
        19.35483870967742,
        1.1299435028248588,
        41.66666666666667,
        4.363636363636364,
        30.952380952380953,
        95.37572254335261,
        82.12290502793296,
        16.666666666666664,
        41.964285714285715,
        37.41935483870968,
        56.15384615384615,
        86.53846153846155,
        14.285714285714285,
        80.4416403785489,
        81.46861945744628
    ],
    "Closed Set Accuracy": {
        "OA": 71.20345837400642,
        "AA": 67.65950999460627,