{
    "OA": 72.4155030149159,
    "AA": 57.02029617394447,
    "OOD": 81.26146074801923,
    "NMI": 68.53397081229535,
    "H-score": 66.90387539612242,
    "H3-score": 67.43990501727114,
    "Recall-all": [
        91.39784946236558,
        93.05555555555556,
        46.55172413793103,
        58.82352941176471,
        66.47727272727273,
        68.75,
        63.41463414634146,
        27.61904761904762,
        51.446945337620576,
        18.305084745762713,
        74.91166077738515,
        35.947712418300654,
        81.62162162162161,
        78.8,
        24.444444444444443,
        65.1006711409396,
        48.80952380952381,
        76.59574468085107,
        13.194444444444445,
        85.41666666666666,
        61.97183098591549,
        73.33333333333333,
        60.17191977077364,
        83.01886792452831,
        49.034749034749034,
        12.5,
        89.95433789954338,
        63.63636363636363,
        62.06896551724138,
        80.88235294117648,
        44.66019417475729,
        61.29032258064516,
        59.036144578313255,
        66.66666666666666,
        70.17543859649122,
        25.0,
        82.14285714285714,
        59.51742627345844,
        57.868020304568525,
        61.904761904761905,
        88.95705521472392,
        46.57534246575342,
        56.838905775075986,
        68.57142857142857,
        60.3448275862069,
        57.14285714285714,
        77.5,
        61.53846153846154,
        32.608695652173914,
        87.4074074074074,
        61.1764705882353,
        37.38317757009346,
        37.5,
        40.0,
        69.3069306930693,
        87.1559633027523,
        88.0,
        18.543046357615893,
        41.66666666666667,
        86.48648648648648,
        66.16541353383458,
        22.58064516129032,
        63.78378378378379,
        41.40127388535032,
        45.83333333333333,
        30.76923076923077,
        81.81818181818183,
        8.695652173913043,
        22.22222222222222,
        46.15384615384615,
        83.83838383838383,
        17.15686274509804,
        72.58064516129032,
        31.318681318681318,
        77.83505154639175,
        4.651162790697675,
        83.33333333333334,
        54.54545454545454,
        70.27027027027027,
        22.22222222222222,
        33.33333333333333,
        81.65137614678899,
        94.39252336448598,
        58.333333333333336,
        83.33333333333334,
        76.36363636363637,
        92.81045751633987,
        73.82920110192838,
        54.54545454545454,
        52.702702702702695,
        48.23529411764706,
        85.2882703777336,
        90.35714285714286,
        89.272030651341,
        86.77685950413223,
        43.47826086956522,
        62.244897959183675,
        50.0,
        76.05633802816901,
        74.40273037542661,
        91.66666666666666,
        54.61538461538461,
        3.389830508474576,
        97.2972972972973,
        26.60098522167488,
        36.36363636363637,
        77.61194029850746,
        32.758620689655174,
        21.428571428571427,
        9.090909090909092,
        68.75,
        17.647058823529413,
        0.0,
        75.0,
        80.0,
        88.65546218487394,
        79.47761194029852,
        94.15584415584416,
        3.4246575342465753,
        70.83333333333334,
        100.0,
        12.684365781710916,
        57.98816568047337,
        45.76271186440678,
        29.310344827586203,
        98.27586206896551,
        77.96610169491525,
        14.18918918918919,
        60.8,
        94.52054794520548,
        12.32876712328767,
        74.2663656884876,
        48.1651376146789,
        27.947598253275107,
        83.80281690140845,
        91.0,
        25.806451612903224,
        0.5649717514124294,
        36.53846153846153,
        4.0,
        46.82539682539682,
        95.37572254335261,
        80.44692737430168,
        16.666666666666664,
        56.25,
        35.483870967741936,
        46.15384615384615,
        84.34065934065934,
        11.428571428571429,
        76.34069400630915,
        81.26146074801923
    ],
    "Closed Set Accuracy": {
        "OA": 69.53469994886812,
        "AA": 67.18257395010548,