{
    "OA": 62.9290523216383,
    "AA": 59.81871705070532,
    "OOD": 65.38157992703447,
    "NMI": 73.94893940253215,
    "H-score": 62.45583248805914,
    "H3-score": 65.86961259146466,
    "Recall-all": [
        91.57509157509158,
        92.10526315789474,
        41.75824175824176,
        76.37614678899082,
        80.95238095238095,
        96.45161290322581,
        89.47368421052632,
        66.8103448275862,
        97.2972972972973,
        25.0,
        89.30131004366812,
        31.086142322097377,
        85.99348534201955,
        86.66666666666667,
        12.773722627737227,
        90.36697247706422,
        98.33333333333333,
        81.0126582278481,
        25.88996763754045,
        99.39393939393939,
        69.7211155378486,
        90.85872576177285,
        88.27586206896552,
        88.26405867970661,
        67.38703339882122,
        55.73122529644269,
        82.58064516129032,
        50.108459869848154,
        56.399132321041215,
        90.87221095334685,
        86.33093525179856,
        56.09318996415771,
        86.27450980392157,
        5.541561712846348,
        6.4453125,
        61.044176706827315,
        11.87214611872146,
        32.51231527093596,
        78.88888888888889,
        88.35341365461848,
        79.51807228915662,
        66.00361663652802,
        74.06716417910447,
        3.5940803382663846,
        47.05882352941176,
        62.44541484716157,
        94.07744874715262,
        91.93857965451056,
        33.33333333333333,
        91.8918918918919,
        38.26086956521739,
        33.88581952117864,
        85.0574712643678,
        95.1219512195122,
        76.17647058823529,
        81.1377245508982,
        85.88235294117646,
        65.47619047619048,
        20.276497695852534,
        54.106280193236714,
        69.79591836734694,
        71.2468193384224,
        1.2722646310432568,
        49.266247379454924,
        89.22800718132855,
        0.6622516556291391,
        80.89171974522293,
        57.417582417582416,
        49.55357142857143,
        41.090909090909086,
        87.36616702355461,
        27.54491017964072,
        56.42857142857143,
        10.895883777239709,
        86.28318584070797,
        1.3888888888888888,
        8.620689655172415,
        83.2,
        81.14406779661016,
        64.10958904109589,
        23.333333333333332,
        61.53846153846154,
        56.56565656565656,
        11.931818181818182,
        91.38276553106212,
        78.64077669902912,
        98.63945578231292,
        35.27131782945737,
        21.038961038961038,
        60.90651558073654,
        30.886075949367086,
        91.37614678899084,
        88.14814814814815,
        31.065759637188208,
        77.77777777777779,
        68.84272997032642,
        58.0246913580247,
        45.08816120906801,
        96.28252788104089,
        54.804270462633454,
        72.88557213930348,
        38.07531380753138,
        18.97810218978102,
        93.98907103825137,
        24.67248908296943,
        17.813765182186234,
        64.42105263157895,
        79.1044776119403,
        29.896907216494846,
        39.73941368078176,
        48.656716417910445,
        34.07821229050279,
        21.57772621809745,
        74.37185929648241,
        52.14723926380368,
        87.01657458563537,
        66.36636636636636,
        67.66304347826086,
        32.8125,
        75.90027700831024,
        95.34883720930233,
        44.57831325301205,
        45.348837209302324,
        43.669250645994836,
        67.78242677824268,
        72.93233082706767,
        34.76702508960574,
        61.05263157894737,
        30.684931506849317,
        92.71844660194175,
        13.624678663239074,
        98.34710743801654,
        62.67190569744597,
        60.70038910505836,
        96.11872146118722,
        87.97953964194375,
        5.508474576271186,
        0.554016620498615,
        46.085011185682326,
        31.25,
        82.93963254593176,
        95.06903353057199,
        88.94830659536542,
        50.0,
        52.63157894736842,
        21.153846153846153,
        22.709163346613543,
        88.61985472154964,
        54.310344827586206,
        88.53754940711462,
        65.38157992703447
    ],
    "Closed Set Accuracy": {
        "OA": 71.33076593923833,
        "AA": 71.46618206515842,