{
    "OA": 75.5379915628182,
    "AA": 74.87584932830048,
    "OOD": 76.48893930799773,
    "NMI": 85.66138305673925,
    "H-score": 75.66780648157932,
    "H3-score": 78.7307936492069,
    "Recall-all": [
        99.26739926739927,
        92.10526315789474,
        41.48351648351649,
        93.80733944954129,
        95.23809523809523,
        46.774193548387096,
        96.99248120300751,
        96.12068965517241,
        100.0,
        39.63414634146341,
        91.48471615720524,
        74.53183520599251,
        95.11400651465797,
        94.44444444444444,
        75.18248175182481,
        92.20183486238533,
        98.33333333333333,
        97.46835443037975,
        63.10679611650486,
        96.96969696969697,
        100.0,
        95.01385041551247,
        72.183908045977,
        95.35452322738386,
        68.762278978389,
        91.30434782608695,
        94.83870967741936,
        65.50976138828634,
        62.25596529284165,
        93.71196754563894,
        97.48201438848922,
        57.52688172043011,
        90.19607843137256,
        9.319899244332493,
        37.5,
        65.26104417670683,
        45.20547945205479,
        58.128078817733986,
        93.61111111111111,
        91.76706827309236,
        83.53413654618474,
        87.52260397830018,
        80.97014925373134,
        79.06976744186046,
        81.67420814479638,
        75.54585152838428,
        97.9498861047836,
        91.74664107485604,
        52.38095238095239,
        97.97297297297297,
        55.00000000000001,
        29.2817679558011,
        91.95402298850574,
        95.9349593495935,
        93.82352941176471,
        89.82035928143712,
        89.41176470588236,
        80.95238095238095,
        42.3963133640553,
        91.30434782608695,
        96.93877551020408,
        33.078880407124686,
        59.03307888040712,
        59.74842767295597,
        68.9407540394973,
        1.9867549668874174,
        96.17834394904459,
        60.43956043956044,
        87.94642857142857,
        86.18181818181819,
        90.79229122055675,
        38.92215568862276,
        93.21428571428572,
        71.1864406779661,
        86.28318584070797,
        3.2407407407407405,
        77.58620689655173,
        18.4,
        88.77118644067797,
        86.3013698630137,
        50.95238095238095,
        70.82228116710876,
        82.42424242424242,
        17.897727272727273,
        97.99599198396794,
        90.29126213592234,
        100.0,
        45.73643410852713,
        66.49350649350649,
        89.23512747875354,
        58.22784810126582,
        73.39449541284404,
        97.77777777777777,
        95.91836734693877,
        83.73015873015873,
        82.19584569732937,
        24.074074074074073,
        68.26196473551637,
        99.25650557620817,
        87.54448398576513,
        94.27860696517413,
        79.07949790794979,
        17.51824817518248,
        98.1785063752277,
        57.20524017467249,
        40.89068825910931,
        59.78947368421053,
        95.73560767590618,
        22.68041237113402,
        66.44951140065146,
        77.61194029850746,
        66.10800744878958,
        29.23433874709977,
        95.97989949748744,
        82.82208588957054,
        94.47513812154696,
        72.67267267267268,
        95.65217391304348,
        82.8125,
        97.50692520775624,
        97.67441860465115,
        39.75903614457831,
        84.88372093023256,
        53.746770025839794,
        67.36401673640168,
        96.80451127819549,
        98.56630824372759,
        53.68421052631579,
        88.4931506849315,
        89.32038834951457,
        29.30591259640103,
        99.72451790633609,
        86.64047151277013,
        70.8171206225681,
        97.48858447488584,
        89.51406649616368,
        50.847457627118644,
        6.9252077562326875,
        88.14317673378076,
        36.684782608695656,
        87.13910761154857,
        99.21104536489152,
        95.54367201426025,
        87.03703703703704,
        64.91228070175438,
        63.84615384615384,
        84.4621513944223,
        90.07263922518159,
        68.96551724137932,
        94.66403162055336,
        76.48893930799773
    ],
    "Closed Set Accuracy": {
        "OA": 84.07843575003255,
        "AA": 84.36061827651329,