{
    "OA": 76.35187666451624,
    "AA": 77.5299864276184,
    "OOD": 75.71290298563027,
    "NMI": 82.79849433955954,
    "H-score": 76.6160854008247,
    "H3-score": 78.57303766248393,
    "Recall-all": [
        99.26739926739927,
        90.78947368421053,
        44.230769230769226,
        94.03669724770643,
        95.23809523809523,
        83.22580645161291,
        98.49624060150376,
        96.55172413793103,
        100.0,
        28.65853658536585,
        94.54148471615721,
        79.40074906367042,
        95.11400651465797,
        97.77777777777777,
        77.00729927007299,
        95.41284403669725,
        96.66666666666667,
        98.73417721518987,
        65.0485436893204,
        97.57575757575758,
        100.0,
        96.1218836565097,
        84.82758620689656,
        95.84352078239608,
        64.44007858546169,
        91.30434782608695,
        94.83870967741936,
        68.76355748373102,
        60.30368763557483,
        93.10344827586206,
        97.12230215827337,
        56.81003584229391,
        91.17647058823529,
        9.82367758186398,
        32.8125,
        63.25301204819277,
        50.68493150684932,
        56.896551724137936,
        93.33333333333333,
        94.57831325301204,
        84.13654618473896,
        84.99095840867993,
        81.71641791044776,
        75.05285412262155,
        82.80542986425338,
        72.48908296943232,
        97.03872437357631,
        88.8675623800384,
        57.14285714285714,
        97.07207207207207,
        73.47826086956522,
        31.30755064456722,
        91.95402298850574,
        95.9349593495935,
        95.29411764705881,
        87.12574850299401,
        85.88235294117646,
        75.0,
        49.30875576036866,
        89.85507246376811,
        95.91836734693877,
        62.849872773536894,
        62.59541984732825,
        63.312368972746334,
        78.45601436265709,
        2.6490066225165565,
        97.13375796178345,
        62.362637362637365,
        87.05357142857143,
        89.81818181818181,
        89.72162740899357,
        47.30538922155689,
        95.0,
        72.15496368038741,
        89.82300884955751,
        3.009259259259259,
        78.16091954022988,
        78.4,
        89.61864406779661,
        90.41095890410958,
        58.0952380952381,
        72.94429708222812,
        95.15151515151516,
        41.47727272727273,
        97.59519038076152,
        89.32038834951457,
        100.0,
        70.54263565891473,
        72.46753246753246,
        89.51841359773371,
        63.29113924050633,
        80.0,
        97.77777777777777,
        96.14512471655328,
        86.90476190476191,
        83.67952522255193,
        35.18518518518518,
        68.01007556675063,
        99.44237918215613,
        90.74733096085409,
        95.77114427860697,
        79.9163179916318,
        29.927007299270077,
        98.54280510018215,
        69.21397379912663,
        57.08502024291497,
        64.42105263157895,
        95.73560767590618,
        21.649484536082475,
        67.10097719869707,
        81.49253731343283,
        47.486033519553075,
        38.05104408352668,
        95.22613065326632,
        87.93456032719837,
        94.1988950276243,
        78.07807807807808,
        95.65217391304348,
        88.125,
        95.29085872576178,
        98.83720930232558,
        36.54618473895582,
        84.10852713178295,
        57.88113695090439,
        79.49790794979079,
        96.42857142857143,
        98.2078853046595,
        52.28070175438596,
        89.04109589041096,
        95.87378640776699,
        26.221079691516707,
        99.44903581267218,
        87.42632612966601,
        75.4863813229572,
        97.48858447488584,
        89.25831202046037,
        53.38983050847458,
        6.64819944598338,
        89.70917225950782,
        42.391304347826086,
        93.96325459317585,
        99.21104536489152,
        96.96969696969697,
        90.97222222222221,
        67.16791979949875,
        63.84615384615384,
        81.27490039840637,
        88.61985472154964,
        70.47413793103449,
        97.4308300395257,
        75.71290298563027
    ],
    "Closed Set Accuracy": {
        "OA": 85.59096574947442,
        "AA": 85.93715912968123,