{
    "OA": 72.11202792764202,
    "AA": 58.40489295259553,
    "OOD": 79.3481645503927,
    "NMI": 68.53397081229535,
    "H-score": 67.19124049573315,
    "H3-score": 67.63427857334247,
    "Recall-all": [
        87.09677419354838,
        93.75,
        48.275862068965516,
        56.86274509803921,
        71.02272727272727,
        69.95192307692307,
        64.63414634146342,
        29.523809523809526,
        63.665594855305464,
        16.94915254237288,
        78.09187279151944,
        35.947712418300654,
        79.45945945945945,
        76.4,
        23.703703703703706,
        71.81208053691275,
        47.61904761904761,
        77.6595744680851,
        17.36111111111111,
        86.97916666666666,
        62.441314553990615,
        70.0,
        63.323782234957015,
        90.9433962264151,
        49.80694980694981,
        31.25,
        90.8675799086758,
        63.63636363636363,
        59.48275862068966,
        85.29411764705883,
        45.63106796116505,
        65.80645161290323,
        60.24096385542169,
        77.77777777777779,
        70.17543859649122,
        25.0,
        75.0,
        58.71313672922251,
        50.76142131979695,
        61.904761904761905,
        91.41104294478528,
        49.77168949771689,
        62.00607902735562,
        74.28571428571429,
        56.896551724137936,
        52.38095238095239,
        85.0,
        64.1025641025641,
        39.130434782608695,
        89.62962962962962,
        75.29411764705883,
        42.99065420560748,
        50.0,
        53.333333333333336,
        75.24752475247524,
        88.07339449541286,
        88.0,
        25.82781456953642,
        48.888888888888886,
        86.48648648648648,
        66.9172932330827,
        25.806451612903224,
        61.62162162162163,
        42.038216560509554,
        54.58333333333333,
        7.6923076923076925,
        76.36363636363637,
        10.869565217391305,
        22.22222222222222,
        35.8974358974359,
        84.84848484848484,
        14.705882352941178,
        79.03225806451613,
        31.868131868131865,
        78.8659793814433,
        7.751937984496124,
        83.33333333333334,
        54.54545454545454,
        64.86486486486487,
        22.22222222222222,
        33.33333333333333,
        84.40366972477065,
        96.26168224299066,
        33.33333333333333,
        84.52380952380952,
        72.72727272727273,
        93.4640522875817,
        75.20661157024794,
        54.54545454545454,
        62.16216216216216,
        48.23529411764706,
        88.07157057654076,
        89.28571428571429,
        91.18773946360153,
        86.36363636363636,
        53.41614906832298,
        54.08163265306123,
        50.0,
        76.05633802816901,
        74.74402730375427,
        90.9090909090909,
        55.38461538461539,
        3.389830508474576,
        99.32432432432432,
        27.093596059113302,
        45.45454545454545,
        76.11940298507463,
        32.758620689655174,
        21.428571428571427,
        9.090909090909092,
        70.0,
        20.588235294117645,
        0.0,
        75.0,
        90.0,
        86.5546218487395,
        82.46268656716418,
        98.05194805194806,
        3.4246575342465753,
        70.13888888888889,
        100.0,
        17.699115044247787,
        59.171597633136095,
        47.45762711864407,
        29.310344827586203,
        98.27586206896551,
        82.20338983050848,
        18.91891891891892,
        60.8,
        93.15068493150685,
        13.698630136986301,
        74.94356659142211,
        53.21100917431193,
        28.82096069868996,
        83.09859154929578,
        93.0,
        22.58064516129032,
        1.1299435028248588,
        40.38461538461539,
        4.363636363636364,
        47.61904761904761,
        95.37572254335261,
        84.35754189944134,
        22.22222222222222,
        57.14285714285714,
        34.193548387096776,
        55.38461538461539,
        89.28571428571429,
        14.285714285714285,
        79.49526813880126,
        79.3481645503927
    ],
    "Closed Set Accuracy": {
        "OA": 73.04885418119277,
        "AA": 69.90777245142164,