{
    "OA": 66.78201335789102,
    "AA": 67.21894618011993,
    "OOD": null,
    "NMI": null,
    "H-score": null,
    "H3-score": null,
    "UCR": 79.22085170508456,
    "Recall-all": [
        98.16849816849816,
        89.47368421052632,
        35.43956043956044,
        91.74311926605505,
        95.23809523809523,
        74.51612903225806,
        96.61654135338345,
        94.82758620689656,
        97.2972972972973,
        29.878048780487802,
        93.44978165938865,
        72.28464419475655,
        78.17589576547232,
        93.88888888888889,
        62.77372262773723,
        93.11926605504587,
        98.33333333333333,
        98.73417721518987,
        55.016181229773466,
        87.87878787878788,
        99.20318725099602,
        88.64265927977839,
        31.95402298850575,
        90.95354523227384,
        64.83300589390963,
        84.38735177865613,
        95.16129032258065,
        61.60520607375272,
        57.26681127982647,
        84.98985801217039,
        96.40287769784173,
        38.35125448028674,
        85.7843137254902,
        9.571788413098236,
        33.203125,
        53.01204819277109,
        43.37899543378995,
        51.970443349753694,
        93.05555555555556,
        90.56224899598394,
        83.53413654618474,
        76.31103074141049,
        76.67910447761194,
        76.95560253699789,
        55.65610859728507,
        67.24890829694323,
        90.66059225512528,
        47.79270633397313,
        28.57142857142857,
        96.62162162162163,
        50.65217391304348,
        19.152854511970535,
        81.60919540229885,
        93.4959349593496,
        95.58823529411765,
        60.17964071856288,
        78.82352941176471,
        75.59523809523809,
        41.935483870967744,
        87.92270531400966,
        78.57142857142857,
        6.106870229007633,
        52.926208651399484,
        44.0251572327044,
        62.11849192100538,
        1.3245033112582782,
        53.18471337579618,
        14.560439560439562,
        72.76785714285714,
        84.36363636363636,
        86.0813704496788,
        29.94011976047904,
        82.85714285714286,
        51.57384987893463,
        76.54867256637168,
        1.6203703703703702,
        61.49425287356321,
        14.399999999999999,
        87.92372881355932,
        77.8082191780822,
        53.095238095238095,
        51.724137931034484,
        84.84848484848484,
        7.386363636363637,
        96.9939879759519,
        88.3495145631068,
        99.31972789115646,
        29.069767441860467,
        74.28571428571429,
        69.40509915014165,
        36.45569620253165,
        68.62385321100918,
        89.87654320987654,
        94.5578231292517,
        82.93650793650794,
        78.04154302670622,
        6.172839506172839,
        32.241813602015114,
        99.25650557620817,
        78.29181494661923,
        93.78109452736318,
        76.98744769874477,
        17.51824817518248,
        94.53551912568307,
        43.66812227074236,
        33.603238866396765,
        59.78947368421053,
        93.81663113006397,
        20.618556701030926,
        65.47231270358306,
        78.50746268656717,
        54.7486033519553,
        24.129930394431554,
        94.22110552763819,
        51.738241308793455,
        88.12154696132598,
        64.26426426426426,
        94.83695652173914,
        84.0625,
        88.36565096952909,
        97.09302325581395,
        26.506024096385545,
        80.62015503875969,
        3.10077519379845,
        25.94142259414226,
        94.92481203007519,
        96.415770609319,
        34.73684210526316,
        83.28767123287672,
        86.6504854368932,
        22.10796915167095,
        99.44903581267218,
        80.74656188605108,
        66.9260700389105,
        96.80365296803653,
        78.00511508951406,
        43.64406779661017,
        5.263157894736842,
        89.48545861297539,
        38.58695652173913,
        93.1758530183727,
        98.61932938856016,
        95.54367201426025,
        58.10185185185185,
        45.86466165413533,
        66.15384615384615,
        79.2828685258964,
        84.01937046004842,
        59.05172413793104,
        92.68774703557312
    ],
    "Closed Set Accuracy": {
        "OA": 79.22085170508456,
        "AA": 79.53421021046569,