{
    "OA": 48.785833622814415,
    "AA": 76.51837408891156,
    "OOD": 26.73218673218673,
    "NMI": 85.26732804912132,
    "H-score": 39.666099504519536,
    "H3-score": 48.27301866026029,
    "Recall-all": [
        95.97069597069597,
        77.63157894736842,
        43.13186813186813,
        73.62385321100918,
        95.23809523809523,
        69.03225806451613,
        95.48872180451127,
        98.27586206896551,
        100.0,
        35.97560975609756,
        97.81659388646288,
        84.6441947565543,
        95.43973941368078,
        92.22222222222223,
        78.1021897810219,
        89.90825688073394,
        93.33333333333333,
        100.0,
        74.4336569579288,
        99.39393939393939,
        98.80478087649402,
        96.95290858725761,
        83.44827586206897,
        92.90953545232273,
        62.47544204322201,
        91.10671936758892,
        62.25806451612903,
        64.8590021691974,
        69.41431670281996,
        90.06085192697769,
        98.92086330935251,
        60.39426523297491,
        88.72549019607843,
        10.579345088161208,
        48.6328125,
        52.610441767068274,
        48.401826484018265,
        59.60591133004927,
        93.88888888888889,
        94.37751004016064,
        73.69477911646585,
        84.08679927667269,
        79.66417910447761,
        82.8752642706131,
        85.29411764705883,
        83.4061135371179,
        98.40546697038725,
        88.8675623800384,
        76.19047619047619,
        73.87387387387388,
        86.08695652173914,
        34.25414364640884,
        91.57088122605363,
        86.1788617886179,
        94.11764705882352,
        87.42514970059881,
        72.94117647058823,
        76.19047619047619,
        64.74654377880185,
        94.68599033816425,
        97.14285714285714,
        74.04580152671755,
        76.33587786259542,
        42.34800838574424,
        60.14362657091562,
        5.298013245033113,
        98.40764331210191,
        66.20879120879121,
        88.39285714285714,
        85.45454545454545,
        64.88222698072805,
        64.67065868263472,
        93.21428571428572,
        65.13317191283294,
        76.54867256637168,
        1.3888888888888888,
        73.5632183908046,
        74.0,
        84.11016949152543,
        81.36986301369863,
        71.9047619047619,
        81.16710875331566,
        90.5050505050505,
        42.61363636363637,
        97.59519038076152,
        85.43689320388349,
        99.31972789115646,
        80.23255813953489,
        14.805194805194805,
        88.10198300283287,
        75.69620253164557,
        60.550458715596335,
        96.79012345679013,
        91.83673469387756,
        86.90476190476191,
        81.60237388724035,
        59.25925925925925,
        77.58186397984886,
        99.62825278810409,
        86.47686832740213,
        98.75621890547264,
        60.66945606694561,
        18.97810218978102,
        97.632058287796,
        64.62882096069869,
        46.15384615384615,
        69.05263157894737,
        95.94882729211088,
        31.752577319587626,
        78.17589576547232,
        84.4776119402985,
        73.55679702048417,
        26.91415313225058,
        95.7286432160804,
        95.91002044989774,
        95.85635359116023,
        73.57357357357357,
        92.66304347826086,
        95.3125,
        95.29085872576178,
        100.0,
        27.710843373493976,
        75.5813953488372,
        70.02583979328165,
        78.66108786610879,
        95.67669172932331,
        97.84946236559139,
        62.28070175438597,
        84.65753424657534,
        95.87378640776699,
        20.308483290488432,
        99.17355371900827,
        89.78388998035363,
        81.32295719844358,
        97.94520547945206,
        87.46803069053708,
        72.88135593220339,
        28.80886426592798,
        92.17002237136465,
        74.45652173913044,
        91.60104986876641,
        98.0276134122288,
        96.79144385026738,
        93.28703703703704,
        70.17543859649122,
        73.46153846153847,
        53.78486055776892,
        88.37772397094432,
        28.01724137931034,
        97.03557312252964,
        26.73218673218673
    ],
    "Closed Set Accuracy": {
        "OA": 77.95761939312757,
        "AA": 78.6125907584571,