{
    "OA": 61.97183098591549,
    "AA": 59.05991200009978,
    "OOD": null,
    "NMI": null,
    "H-score": null,
    "H3-score": null,
    "UCR": 67.14079858690094,
    "Recall-all": [
        84.94623655913979,
        95.83333333333334,
        63.793103448275865,
        33.33333333333333,
        56.53409090909091,
        68.50961538461539,
        53.65853658536586,
        35.23809523809524,
        68.16720257234726,
        26.440677966101696,
        82.68551236749117,
        40.52287581699346,
        57.83783783783784,
        74.4,
        30.37037037037037,
        80.20134228187919,
        42.857142857142854,
        85.1063829787234,
        20.833333333333336,
        77.60416666666666,
        64.31924882629107,
        63.33333333333333,
        35.53008595988539,
        77.73584905660378,
        40.92664092664093,
        46.875,
        71.23287671232876,
        90.9090909090909,
        63.793103448275865,
        82.35294117647058,
        48.54368932038835,
        67.74193548387096,
        48.19277108433735,
        66.66666666666666,
        72.80701754385966,
        31.818181818181817,
        82.14285714285714,
        38.8739946380697,
        51.26903553299492,
        62.857142857142854,
        80.3680981595092,
        48.858447488584474,
        66.26139817629179,
        84.28571428571429,
        53.44827586206896,
        45.23809523809524,
        90.0,
        55.12820512820513,
        4.3478260869565215,
        89.62962962962962,
        83.52941176470588,
        42.99065420560748,
        62.5,
        6.666666666666667,
        86.13861386138613,
        88.07339449541286,
        52.0,
        25.82781456953642,
        51.11111111111111,
        89.1891891891892,
        57.5187969924812,
        32.25806451612903,
        83.78378378378379,
        81.52866242038218,
        59.583333333333336,
        69.23076923076923,
        59.09090909090909,
        16.304347826086957,
        52.77777777777778,
        97.43589743589743,
        73.73737373737373,
        16.666666666666664,
        80.64516129032258,
        25.82417582417583,
        63.91752577319587,
        26.356589147286826,
        79.62962962962963,
        18.181818181818183,
        56.75675675675676,
        88.88888888888889,
        77.77777777777779,
        97.24770642201835,
        98.13084112149532,
        0.0,
        89.28571428571429,
        50.90909090909091,
        91.50326797385621,
        50.964187327823694,
        27.27272727272727,
        28.37837837837838,
        35.294117647058826,
        84.69184890656064,
        71.07142857142857,
        86.97318007662835,
        75.20661157024794,
        53.41614906832298,
        94.89795918367348,
        50.0,
        81.69014084507043,
        89.07849829351537,
        95.45454545454545,
        53.84615384615385,
        3.389830508474576,
        95.94594594594594,
        17.24137931034483,
        18.181818181818183,
        70.1492537313433,
        32.758620689655174,
        42.857142857142854,
        0.0,
        86.66666666666667,
        26.47058823529412,
        23.076923076923077,
        80.0,
        70.0,
        79.83193277310924,
        82.46268656716418,
        99.35064935064936,
        2.73972602739726,
        70.83333333333334,
        100.0,
        32.743362831858406,
        28.994082840236686,
        13.559322033898304,
        39.6551724137931,
        99.13793103448276,
        87.28813559322035,
        49.32432432432432,
        56.8,
        98.63013698630137,
        6.8493150684931505,
        70.42889390519187,
        66.97247706422019,
        38.427947598253276,
        90.14084507042254,
        85.0,
        35.483870967741936,
        7.344632768361582,
        78.2051282051282,
        12.727272727272727,
        34.92063492063492,
        94.79768786127167,
        84.35754189944134,
        55.55555555555556,
        58.03571428571429,
        49.03225806451613,
        83.84615384615385,
        92.3076923076923,
        2.857142857142857,
        88.01261829652996
    ],
    "Closed Set Accuracy": {
        "OA": 67.14079858690094,
        "AA": 63.429461145097946,