{
    "OA": 77.28366381813656,
    "AA": 64.3450573741734,
    "OOD": 84.99130263546556,
    "NMI": 64.06274698093681,
    "H-score": 73.15123596712085,
    "H3-score": 69.84946457710318,
    "Recall-all": [
        95.45454545454545,
        80.51948051948052,
        85.1063829787234,
        83.75,
        88.9423076923077,
        31.16883116883117,
        96.1038961038961,
        59.67741935483871,
        95.23809523809523,
        18.96551724137931,
        81.94444444444444,
        75.17241379310344,
        81.69934640522875,
        85.2112676056338,
        23.076923076923077,
        82.85714285714286,
        87.87878787878788,
        64.66165413533834,
        54.13533834586466,
        83.03571428571429,
        86.60714285714286,
        73.97260273972603,
        69.0909090909091,
        87.90322580645162,
        59.1044776119403,
        80.1526717557252,
        92.0,
        25.287356321839084,
        41.578947368421055,
        94.16666666666667,
        62.5,
        78.97196261682244,
        72.39263803680981,
        64.28571428571429,
        29.213483146067414,
        34.31372549019608,
        7.228915662650602,
        25.773195876288657,
        48.0,
        46.19047619047619,
        93.12169312169311,
        77.60416666666666,
        70.08547008547008,
        72.8,
        61.34969325153374,
        36.283185840707965,
        95.68345323741008,
        89.6774193548387,
        5.542725173210162,
        82.75862068965517,
        95.23809523809523,
        50.0,
        91.66666666666666,
        70.73170731707317,
        95.6043956043956,
        67.10526315789474,
        10.416666666666668,
        58.620689655172406,
        81.13207547169812,
        46.15384615384615,
        61.111111111111114,
        92.07920792079209,
        60.86956521739131,
        48.717948717948715,
        60.43956043956044,
        58.82352941176471,
        93.18181818181817,
        37.5,
        58.2089552238806,
        26.08695652173913,
        58.333333333333336,
        28.368794326241137,
        80.0,
        63.33333333333333,
        37.142857142857146,
        91.30434782608695,
        75.0,
        52.63157894736842,
        13.043478260869565,
        13.559322033898304,
        64.28571428571429,
        63.63636363636363,
        96.22641509433963,
        5.025125628140704,
        90.17857142857143,
        84.29752066115702,
        82.2429906542056,
        15.498154981549817,
        87.5,
        67.85714285714286,
        34.78260869565217,
        74.19354838709677,
        93.22033898305084,
        71.5909090909091,
        52.191235059760956,
        85.29411764705883,
        55.55555555555556,
        70.0,
        75.83892617449665,
        84.89583333333334,
        72.09302325581395,
        88.48920863309353,
        70.09345794392523,
        97.31182795698925,
        79.2,
        21.21212121212121,
        86.8421052631579,
        41.333333333333336,
        19.55128205128205,
        61.904761904761905,
        73.80952380952381,
        44.89795918367347,
        20.2020202020202,
        66.3265306122449,
        70.23809523809523,
        46.288209606986904,
        88.41698841698842,
        94.94949494949495,
        28.125,
        83.13253012048193,
        35.26315789473684,
        72.76595744680851,
        86.17021276595744,
        77.09497206703911,
        69.91869918699187,
        85.2112676056338,
        44.565217391304344,
        67.16417910447761,
        12.068965517241379,
        90.0,
        11.29032258064516,
        48.24016563146998,
        97.0,
        13.333333333333334,
        78.57142857142857,
        96.8503937007874,
        65.3061224489796,
        62.65060240963856,
        83.87096774193549,
        30.18867924528302,
        88.46153846153845,
        93.42105263157895,
        84.67153284671532,
        60.273972602739725,
        52.5,
        29.03225806451613,
        42.25352112676056,
        91.54929577464789,
        75.0,
        83.05084745762711,
        84.99130263546556
    ],
    "Closed Set Accuracy": {
        "OA": 82.6974017922561,
        "AA": 83.73406156959483,