{
    "OA": 76.54514439860361,
    "AA": 58.124843159201866,
    "OOD": 86.63806525274192,
    "NMI": 68.53397081229535,
    "H-score": 69.43656985663515,
    "H3-score": 69.13441691390607,
    "Recall-all": [
        94.6236559139785,
        56.25,
        36.206896551724135,
        60.78431372549019,
        71.02272727272727,
        47.11538461538461,
        60.97560975609756,
        13.333333333333334,
        73.63344051446946,
        12.88135593220339,
        68.19787985865725,
        20.26143790849673,
        84.32432432432432,
        69.6,
        13.333333333333334,
        81.87919463087249,
        73.80952380952381,
        52.12765957446809,
        20.833333333333336,
        74.47916666666666,
        58.68544600938967,
        53.333333333333336,
        81.9484240687679,
        82.26415094339623,
        32.432432432432435,
        40.625,
        87.21461187214612,
        36.36363636363637,
        13.793103448275861,
        69.11764705882352,
        19.41747572815534,
        70.3225806451613,
        56.62650602409639,
        77.77777777777779,
        80.7017543859649,
        15.909090909090908,
        60.71428571428571,
        56.30026809651475,
        32.48730964467005,
        53.333333333333336,
        87.11656441717791,
        48.401826484018265,
        53.49544072948328,
        75.71428571428571,
        22.413793103448278,
        28.57142857142857,
        80.0,
        64.1025641025641,
        6.521739130434782,
        87.03703703703704,
        87.05882352941177,
        64.48598130841121,
        12.5,
        70.0,
        78.71287128712872,
        66.05504587155964,
        52.0,
        66.22516556291392,
        52.77777777777778,
        59.45945945945946,
        78.19548872180451,
        61.29032258064516,
        84.86486486486487,
        81.52866242038218,
        89.16666666666667,
        84.61538461538461,
        90.0,
        38.04347826086957,
        5.555555555555555,
        71.7948717948718,
        86.86868686868688,
        11.27450980392157,
        58.06451612903226,
        60.43956043956044,
        50.0,
        79.84496124031007,
        83.33333333333334,
        18.181818181818183,
        64.86486486486487,
        0.0,
        11.11111111111111,
        94.4954128440367,
        95.32710280373831,
        83.33333333333334,
        70.23809523809523,
        63.63636363636363,
        92.81045751633987,
        29.201101928374655,
        54.54545454545454,
        66.21621621621621,
        44.70588235294118,
        87.07753479125249,
        96.07142857142857,
        90.42145593869732,
        66.94214876033058,
        94.40993788819875,
        96.93877551020408,
        21.428571428571427,
        64.08450704225352,
        88.39590443686008,
        84.0909090909091,
        50.76923076923077,
        5.084745762711865,
        95.27027027027027,
        54.187192118226605,
        45.45454545454545,
        66.16915422885572,
        1.7241379310344827,
        21.428571428571427,
        18.181818181818183,
        70.0,
        29.411764705882355,
        7.6923076923076925,
        65.0,
        70.0,
        77.73109243697479,
        83.95522388059702,
        93.5064935064935,
        4.4520547945205475,
        89.58333333333334,
        57.14285714285714,
        45.42772861356932,
        56.213017751479285,
        37.28813559322034,
        22.413793103448278,
        93.96551724137932,
        64.40677966101694,
        72.97297297297297,
        48.8,
        91.78082191780823,
        24.65753424657534,
        63.20541760722348,
        83.94495412844036,
        16.593886462882097,
        67.6056338028169,
        95.0,
        41.935483870967744,
        15.254237288135593,
        83.33333333333334,
        20.363636363636363,
        43.65079365079365,
        89.01734104046243,
        76.53631284916202,
        0.0,
        55.35714285714286,
        41.29032258064516,
        59.23076923076923,
        92.03296703296702,
        74.28571428571429,
        85.8044164037855,
        86.63806525274192
    ],
    "Closed Set Accuracy": {
        "OA": 83.4518663133919,
        "AA": 81.3790369780436,