{
    "OA": 63.19795901435328,
    "AA": 0.6622516556291391,
    "OOD": 100.0,
    "NMI": 64.06274698093681,
    "H-score": 0.0,
    "H3-score": 0.002999923173910688,
    "UCR": 67.6733245282784,
    "Recall-all": [
        0.0,
        0.0,
        0.0,
        0.0,
        0.0,
        0.0,
        0.0,
        0.0,
        0.0,
        0.0,
        0.0,
        0.0,
        0.0,
        0.0,
        0.0,
        0.0,
        0.0,
        0.0,
        0.0,
        0.0,
        0.0,
        0.0,
        0.0,
        0.0,
        0.0,
        0.0,
        0.0,
        0.0,
        0.0,
        0.0,
        0.0,
        0.0,
        0.0,
        0.0,
        0.0,
        0.0,
        0.0,
        0.0,
        0.0,
        0.0,
        0.0,
        0.0,
        0.0,
        0.0,
        0.0,
        0.0,
        0.0,
        0.0,
        0.0,
        0.0,
        0.0,
        0.0,
        0.0,
        0.0,
        0.0,
        0.0,
        0.0,
        0.0,
        0.0,
        0.0,
        0.0,
        0.0,
        0.0,
        0.0,
        0.0,
        0.0,
        0.0,
        0.0,
        0.0,
        0.0,
        0.0,
        0.0,
        0.0,
        0.0,
        0.0,
        0.0,
        0.0,
        0.0,
        0.0,
        0.0,
        0.0,
        0.0,
        0.0,
        0.0,
        0.0,
        0.0,
        0.0,
        0.0,
        0.0,
        0.0,
        0.0,
        0.0,
        0.0,
        0.0,
        0.0,
        0.0,
        0.0,
        0.0,
        0.0,
        0.0,
        0.0,
        0.0,
        0.0,
        0.0,
        0.0,
        0.0,
        0.0,
        0.0,
        0.0,
        0.0,
        0.0,
        0.0,
        0.0,
        0.0,
        0.0,
        0.0,
        0.0,
        0.0,
        0.0,
        0.0,
        0.0,
        0.0,
        0.0,
        0.0,
        0.0,
        0.0,
        0.0,
        0.0,
        0.0,
        0.0,
        0.0,
        0.0,
        0.0,
        0.0,
        0.0,
        0.0,
        0.0,
        0.0,
        0.0,
        0.0,
        0.0,
        0.0,
        0.0,
        0.0,
        0.0,
        0.0,
        0.0,
        0.0,
        0.0,
        0.0,
        100.0
    ],
    "Closed Set Accuracy": {
        "OA": 82.83830242912697,
        "AA": 84.39318174527635,
        "Recall-all": [
            100.0,
            93.5064935064935,
            84.39716312056737,
            92.5,
            94.23076923076923,
            59.74025974025974,
            100.0,
            93.54838709677419,
            100.0,
            44.827586206896555,
            94.44444444444444,
            88.96551724137932,
            96.07843137254902,
            93.66197183098592,
            79.48717948717949,
            95.71428571428572,
            96.96969696969697,
            81.203007518797,
            87.96992481203007,
            99.10714285714286,
            94.64285714285714,
            97.26027397260275,
            96.36363636363636,
            97.58064516129032,
            76.71641791044776,
            94.65648854961832,
            99.0,
            70.11494252873564,
            86.31578947368422,
            99.16666666666667,
            84.23913043478261,
            93.92523364485982,
            77.30061349693251,
            73.80952380952381,
            46.06741573033708,
            71.56862745098039,
            46.98795180722892,
            72.16494845360825,
            83.11111111111111,
            80.0,
            95.23809523809523,
            87.5,
            94.44444444444444,
            89.60000000000001,
            87.73006134969326,
            66.3716814159292,
            99.28057553956835,
            96.12903225806451,
            30.94688221709007,
            94.82758620689656,
            100.0,
            78.26086956521739,
            97.91666666666666,
            82.92682926829268,
            96.7032967032967,
            92.10526315789474,
            52.083333333333336,
            93.10344827586206,
            92.45283018867924,
            81.53846153846153,
            85.55555555555556,
            100.0,
            78.26086956521739,
            74.35897435897436,
            93.4065934065934,
            94.11764705882352,
            100.0,
            87.5,
            91.04477611940298,
            69.56521739130434,
            87.5,
            67.37588652482269,
            90.0,
            76.66666666666667,
            81.42857142857143,
            95.65217391304348,
            100.0,
            78.94736842105263,
            60.86956521739131,
            38.983050847457626,
            88.09523809523809,
            90.9090909090909,
            100.0,
            42.211055276381906,
            99.10714285714286,
            95.86776859504133,
            93.45794392523365,
            25.461254612546124,
            96.25,
            89.28571428571429,
            78.26086956521739,
            96.7741935483871,
            100.0,
            86.36363636363636,
            82.86852589641434,
            96.32352941176471,
            88.88888888888889,
            90.0,
            91.94630872483222,
            93.75,
            86.04651162790698,
            94.96402877697841,
            76.63551401869158,
            99.46236559139786,
            92.80000000000001,
            51.515151515151516,
            95.02923976608187,
            81.33333333333333,
            73.3974358974359,
            76.19047619047619,
            89.04761904761904,
            75.51020408163265,
            33.33333333333333,
            90.81632653061224,
            92.85714285714286,
            62.44541484716157,
            96.13899613899613,
            97.97979797979798,
            87.5,
            95.18072289156626,
            69.47368421052632,
            95.74468085106383,
            98.93617021276596,
            89.94413407821229,
            88.6178861788618,
            97.1830985915493,
            78.26086956521739,
            94.02985074626866,
            60.3448275862069,
            96.15384615384616,
            29.838709677419356,
            60.86956521739131,
            98.5,
            45.0,
            97.61904761904762,
            100.0,
            83.6734693877551,
            89.7590361445783,
            87.09677419354838,
            88.67924528301887,
            99.23076923076923,
            98.68421052631578,
            93.43065693430657,
            95.2054794520548,
            80.0,
            40.32258064516129,
            63.38028169014085,
            98.59154929577466,
            93.75,
            94.91525423728814
        ]
    },
    "OSR Accuracy": {
        "TNR": 24.339492599035083,
        "AUROC": 82.38007260027283,
        "DTACC": 75.72292884790029,
        "AUIN": 76.9901702682511,
        "AUOUT": 85.56613038531735,
        "OSCR": 67.6733245282784,
        "AUPR": 85.58044465396394
    }
}