{
    "OA": 68.211237219773,
    "AA": 28.294435273532898,
    "OOD": 98.94381751736879,
    "NMI": 61.213914141364924,
    "H-score": 43.43291257635024,
    "H3-score": 48.09067223167897,
    "Recall-all": [
        52.27272727272727,
        0.4329004329004329,
        75.177304964539,
        58.75,
        0.0,
        0.0,
        74.02597402597402,
        40.32258064516129,
        30.158730158730158,
        0.0,
        75.69444444444444,
        34.48275862068966,
        60.78431372549019,
        10.56338028169014,
        5.128205128205128,
        41.42857142857143,
        75.75757575757575,
        27.819548872180448,
        19.548872180451127,
        31.25,
        46.42857142857143,
        15.068493150684931,
        0.0,
        29.838709677419356,
        5.074626865671641,
        12.213740458015266,
        20.0,
        11.494252873563218,
        15.789473684210526,
        20.0,
        47.82608695652174,
        0.0,
        14.723926380368098,
        19.047619047619047,
        10.112359550561797,
        0.0,
        3.614457831325301,
        9.278350515463918,
        34.22222222222222,
        19.047619047619047,
        39.682539682539684,
        46.875,
        2.564102564102564,
        64.8,
        23.31288343558282,
        12.389380530973451,
        66.90647482014388,
        49.03225806451613,
        0.23094688221709006,
        6.896551724137931,
        30.952380952380953,
        6.521739130434782,
        85.41666666666666,
        39.02439024390244,
        87.91208791208791,
        0.0,
        0.0,
        31.03448275862069,
        64.15094339622641,
        33.84615384615385,
        24.444444444444443,
        0.0,
        43.47826086956522,
        0.0,
        0.0,
        58.82352941176471,
        47.72727272727273,
        0.0,
        0.0,
        17.391304347826086,
        8.333333333333332,
        0.7092198581560284,
        40.0,
        16.666666666666664,
        0.0,
        21.73913043478261,
        12.5,
        0.0,
        8.695652173913043,
        1.694915254237288,
        16.666666666666664,
        0.0,
        84.90566037735849,
        0.5025125628140703,
        50.89285714285714,
        66.11570247933885,
        57.943925233644855,
        1.8450184501845017,
        61.25000000000001,
        60.71428571428571,
        10.869565217391305,
        0.0,
        50.847457627118644,
        36.36363636363637,
        13.545816733067728,
        16.911764705882355,
        11.11111111111111,
        14.000000000000002,
        38.92617449664429,
        27.604166666666668,
        41.08527131782946,
        74.10071942446042,
        14.953271028037381,
        23.655913978494624,
        39.2,
        9.090909090909092,
        1.1695906432748537,
        22.0,
        0.0,
        50.0,
        55.23809523809524,
        31.63265306122449,
        0.0,
        55.10204081632652,
        52.38095238095239,
        26.637554585152838,
        11.196911196911197,
        61.61616161616161,
        4.6875,
        77.10843373493977,
        19.473684210526315,
        0.0,
        20.212765957446805,
        27.37430167597765,
        26.82926829268293,
        21.830985915492956,
        15.217391304347828,
        2.9850746268656714,
        3.4482758620689653,
        63.84615384615384,
        0.8064516129032258,
        12.008281573498964,
        70.5,
        1.6666666666666667,
        7.142857142857142,
        62.99212598425197,
        16.3265306122449,
        0.6024096385542169,
        83.87096774193549,
        3.7735849056603774,
        56.92307692307692,
        77.63157894736842,
        67.15328467153284,
        20.54794520547945,
        13.750000000000002,
        24.193548387096776,
        25.352112676056336,
        12.676056338028168,
        43.75,
        57.6271186440678,
        98.94381751736879
    ],
    "Closed Set Accuracy": {
        "OA": 81.46874823874204,
        "AA": 83.0030497686296,
        "Recall-all": [
            100.0,
            93.5064935064935,
            84.39716312056737,
            93.75,
            93.75,
            62.33766233766234,
            98.7012987012987,
            91.93548387096774,
            100.0,
            43.67816091954023,
            94.44444444444444,
            91.0344827586207,
            95.42483660130719,
            93.66197183098592,
            76.92307692307693,
            88.57142857142857,
            96.96969696969697,
            79.69924812030075,
            86.46616541353383,
            99.10714285714286,
            94.64285714285714,
            91.78082191780823,
            96.36363636363636,
            97.58064516129032,
            73.73134328358208,
            96.18320610687023,
            98.0,
            70.11494252873564,
            86.8421052631579,
            98.33333333333333,
            83.69565217391305,
            94.39252336448598,
            75.4601226993865,
            73.80952380952381,
            44.9438202247191,
            71.56862745098039,
            48.19277108433735,
            73.19587628865979,
            82.22222222222221,
            75.23809523809524,
            96.29629629629629,
            86.97916666666666,
            94.44444444444444,
            88.8,
            87.11656441717791,
            69.02654867256636,
            99.28057553956835,
            95.48387096774194,
            25.86605080831409,
            93.67816091954023,
            97.61904761904762,
            78.26086956521739,
            97.91666666666666,
            82.92682926829268,
            97.8021978021978,
            92.10526315789474,
            39.58333333333333,
            93.10344827586206,
            92.45283018867924,
            80.0,
            84.44444444444444,
            100.0,
            78.26086956521739,
            71.7948717948718,
            91.20879120879121,
            88.23529411764706,
            100.0,
            81.25,
            91.04477611940298,
            60.86956521739131,
            83.33333333333334,
            66.66666666666666,
            90.0,
            80.0,
            85.71428571428571,
            95.65217391304348,
            100.0,
            42.10526315789473,
            60.86956521739131,
            33.89830508474576,
            88.09523809523809,
            90.9090909090909,
            99.05660377358491,
            38.69346733668342,
            100.0,
            94.21487603305785,
            94.39252336448598,
            23.985239852398525,
            96.25,
            89.28571428571429,
            73.91304347826086,
            96.7741935483871,
            96.61016949152543,
            87.5,
            78.88446215139442,
            96.32352941176471,
            100.0,
            90.0,
            93.28859060402685,
            94.27083333333334,
            86.82170542635659,
            92.08633093525181,
            66.35514018691589,
            99.46236559139786,
            91.2,
            54.54545454545454,
            95.02923976608187,
            75.33333333333333,
            70.51282051282051,
            76.19047619047619,
            90.47619047619048,
            73.46938775510205,
            30.303030303030305,
            87.75510204081633,
            89.28571428571429,
            63.31877729257642,
            96.13899613899613,
            98.98989898989899,
            75.0,
            95.18072289156626,
            64.21052631578948,
            94.04255319148936,
            98.93617021276596,
            87.70949720670392,
            86.1788617886179,
            97.88732394366197,
            73.91304347826086,
            88.05970149253731,
            55.172413793103445,
            96.15384615384616,
            25.0,
            54.037267080745345,
            98.5,
            42.5,
            98.4126984126984,
            99.21259842519686,
            81.63265306122449,
            89.7590361445783,
