{
    "OA": 71.15412498187618,
    "AA": 46.2764750248049,
    "OOD": 97.01545120539534,
    "NMI": 70.71491972096287,
    "H-score": 62.35146828268403,
    "H3-score": 64.9118648420505,
    "Recall-all": [
        87.09677419354838,
        12.5,
        37.93103448275862,
        52.94117647058824,
        47.44318181818182,
        18.269230769230766,
        54.87804878048781,
        11.428571428571429,
        65.27331189710611,
        0.3389830508474576,
        63.25088339222616,
        15.686274509803921,
        83.78378378378379,
        60.4,
        10.37037037037037,
        66.44295302013423,
        51.19047619047619,
        31.914893617021278,
        5.902777777777778,
        51.041666666666664,
        52.58215962441315,
        23.333333333333332,
        30.945558739255013,
        64.90566037735849,
        6.177606177606178,
        9.375,
        83.10502283105022,
        27.27272727272727,
        9.482758620689655,
        44.11764705882353,
        15.53398058252427,
        16.129032258064516,
        54.21686746987952,
        77.77777777777779,
        80.7017543859649,
        2.272727272727273,
        57.14285714285714,
        47.98927613941019,
        31.979695431472084,
        40.95238095238095,
        79.75460122699386,
        34.70319634703196,
        17.62917933130699,
        77.14285714285715,
        18.96551724137931,
        23.809523809523807,
        82.5,
        55.12820512820513,
        2.1739130434782608,
        75.18518518518519,
        82.35294117647058,
        59.813084112149525,
        12.5,
        80.0,
        73.26732673267327,
        33.02752293577982,
        42.0,
        56.95364238410596,
        39.44444444444444,
        48.64864864864865,
        63.1578947368421,
        6.451612903225806,
        83.78378378378379,
        61.78343949044586,
        24.166666666666668,
        80.76923076923077,
        82.72727272727273,
        2.1739130434782608,
        0.0,
        71.7948717948718,
        71.71717171717171,
        2.450980392156863,
        45.16129032258064,
        45.604395604395606,
        20.103092783505154,
        66.66666666666666,
        77.77777777777779,
        0.0,
        62.16216216216216,
        0.0,
        5.555555555555555,
        92.66055045871559,
        93.45794392523365,
        66.66666666666666,
        65.47619047619048,
        56.36363636363636,
        83.66013071895425,
        12.947658402203857,
        45.45454545454545,
        58.108108108108105,
        32.94117647058823,
        15.904572564612327,
        89.28571428571429,
        86.97318007662835,
        50.0,
        82.6086956521739,
        92.85714285714286,
        14.285714285714285,
        59.154929577464785,
        70.64846416382252,
        79.54545454545455,
        50.0,
        5.084745762711865,
        91.55405405405406,
        35.467980295566505,
        45.45454545454545,
        43.28358208955223,
        3.4482758620689653,
        0.0,
        18.181818181818183,
        59.583333333333336,
        20.588235294117645,
        7.6923076923076925,
        70.0,
        70.0,
        71.84873949579831,
        41.04477611940299,
        92.20779220779221,
        2.3972602739726026,
        86.80555555555556,
        28.57142857142857,
        2.359882005899705,
        40.828402366863905,
        25.423728813559322,
        22.413793103448278,
        90.51724137931035,
        58.47457627118644,
        43.91891891891892,
        42.4,
        90.41095890410958,
        4.10958904109589,
        44.01805869074492,
        74.77064220183486,
        5.676855895196507,
        49.29577464788733,
        91.0,
        35.483870967741936,
        2.2598870056497176,
        80.12820512820514,
        3.272727272727273,
        25.396825396825395,
        87.28323699421965,
        68.71508379888269,
        0.0,
        45.535714285714285,
        40.0,
        33.84615384615385,
        77.74725274725274,
        62.857142857142854,
        77.28706624605678,
        97.01545120539534
    ],
    "Closed Set Accuracy": {
        "OA": 82.27118486496538,
        "AA": 80.84516004458472,