{
    "OA": 82.80141843971631,
    "AA": 90.08489181063955,
    "OOD": 75.46468401486989,
    "NMI": 96.28403890971923,
    "H-score": 82.73099121371546,
    "H3-score": 86.80523551558646,
    "Recall-all": [
        89.65517241379311,
        100.0,
        100.0,
        100.0,
        100.0,
        70.0,
        55.81395348837209,
        100.0,
        100.0,
        100.0,
        75.46468401486989
    ],
    "Closed Set Accuracy": {
        "OA": 94.23728813559322,
        "AA": 95.64341085271317,
        "Recall-all": [
            100.0,
            100.0,
            100.0,
            100.0,
            100.0,
            86.66666666666667,
            69.76744186046511,
            100.0,
            100.0,
            100.0
        ]
    },
    "OSR Accuracy": {
        "TNR": 54.646840148698885,
        "AUROC": 91.10200995526432,
        "DTACC": 84.04700396950413,
        "AUIN": 91.89527452564903,
        "AUOUT": 89.63789154723878,
        "OSCR": 85.36828177178502,
        "AUPR": 89.85196884765728
    }
}