{
    "OA": 85.7429718875502,
    "AA": 85.3949446899499,
    "OOD": null,
    "NMI": null,
    "H-score": null,
    "H3-score": null,
    "Recall-all": [
        100.0,
        100.0,
        100.0,
        100.0,
        80.0,
        70.83333333333334,
        77.27272727272727,
        100.0,
        87.5,
        100.0,
        100.0,
        33.33333333333333,
        0.0,
        84.61538461538461,
        100.0,
        93.33333333333333,
        93.33333333333333,
        87.5,
        80.64516129032258,
        100.0,
        100.0,
        100.0,
        100.0,
        94.44444444444444,
        20.0,
        85.71428571428571,
        100.0,
        65.38461538461539,
        100.0,
        100.0,
        93.33333333333333
    ],
    "Closed Set Accuracy": {
        "OA": 91.76706827309236,
        "AA": 91.53439259318552,
        "Recall-all": [
            100.0,
            100.0,
            100.0,
            100.0,
            80.0,
            87.5,
            100.0,
            100.0,
            100.0,
            100.0,
            100.0,
            100.0,
            0.0,
            100.0,
            100.0,
            100.0,
            93.33333333333333,
            100.0,
            90.32258064516128,
            100.0,
            100.0,
            100.0,
            100.0,
            100.0,
            20.0,
            100.0,
            100.0,
            73.07692307692307,
            100.0,
            100.0,
            93.33333333333333
        ]
    },
    "OSR Accuracy": null
}