{
    "OA": 88.65248226950354,
    "AA": 88.61013524193261,
    "OOD": 90.70631970260223,
    "NMI": 96.3557371233247,
    "H-score": 89.5380760007074,
    "H3-score": 91.70219472782864,
    "Recall-all": [
        100.0,
        100.0,
        100.0,
        100.0,
        88.88888888888889,
        40.0,
        65.11627906976744,
        100.0,
        100.0,
        90.0,
        90.70631970260223
    ],
    "Closed Set Accuracy": {
        "OA": 97.6271186440678,
        "AA": 98.17054263565892,
        "Recall-all": [
            100.0,
            100.0,
            100.0,
            100.0,
            100.0,
            100.0,
            88.37209302325581,
            100.0,
            100.0,
            93.33333333333333
        ]
    },
    "OSR Accuracy": {
        "TNR": 40.89219330855018,
        "AUROC": 93.16867242139753,
        "DTACC": 89.85823199546343,
        "AUIN": 95.30761479059913,
        "AUOUT": 87.55390158169422,
        "OSCR": 90.76932770461843,
        "AUPR": 87.81518336774478
    }
}