{
    "OA": 82.16560509554141,
    "AA": 85.74513529948312,
    "OOD": null,
    "NMI": null,
    "H-score": null,
    "H3-score": null,
    "Recall-all": [
        91.66666666666666,
        100.0,
        100.0,
        84.61538461538461,
        80.0,
        45.83333333333333,
        72.72727272727273,
        100.0,
        100.0,
        82.6086956521739
    ],
    "Closed Set Accuracy": {
        "OA": 95.54140127388536,
        "AA": 96.50000000000001,
        "Recall-all": [
            100.0,
            100.0,
            100.0,
            100.0,
            90.0,
            75.0,
            100.0,
            100.0,
            100.0,
            100.0
        ]
    },
    "OSR Accuracy": null
}