{
    "OA": 91.16465863453816,
    "AA": 92.94588109837375,
    "OOD": 91.49560117302052,
    "NMI": 90.60205858321484,
    "H-score": 92.28586136556306,
    "H3-score": 91.71901196973839,
    "Recall-all": [
        100.0,
        100.0,
        100.0,
        100.0,
        90.0,
        50.0,
        90.9090909090909,
        100.0,
        100.0,
        100.0,
        91.49560117302052
    ],
    "Closed Set Accuracy": {
        "OA": 94.26751592356688,
        "AA": 96.25,
        "Recall-all": [
            100.0,
            100.0,
            100.0,
            100.0,
            100.0,
            62.5,
            100.0,
            100.0,
            100.0,
            100.0
        ]
    },
    "OSR Accuracy": {
        "TNR": 37.24340175953079,
        "AUROC": 94.14050096195156,
        "DTACC": 91.18833703793638,
        "AUIN": 93.16213259215394,
        "AUOUT": 95.32873308814793,
        "OSCR": 88.37906494573832,
        "AUPR": 95.49507156945351
    }
}