{
    "OA": 91.26506024096386,
    "AA": 89.67603476892016,
    "OOD": 96.57142857142857,
    "NMI": 91.81140996566323,
    "H-score": 92.62344057455918,
    "H3-score": 92.35250433147992,
    "Recall-all": [
        100.0,
        100.0,
        100.0,
        100.0,
        80.0,
        45.83333333333333,
        72.72727272727273,
        100.0,
        100.0,
        91.30434782608695,
        96.57142857142857
    ],
    "Closed Set Accuracy": {
        "OA": 94.90445859872611,
        "AA": 96.08333333333334,
        "Recall-all": [
            100.0,
            100.0,
            100.0,
            100.0,
            90.0,
            70.83333333333334,
            100.0,
            100.0,
            100.0,
            100.0
        ]
    },
    "OSR Accuracy": {
        "TNR": 26.857142857142858,
        "AUROC": 93.50682438580529,
        "DTACC": 91.94904458598727,
        "AUIN": 95.21465296390662,
        "AUOUT": 89.36843475110263,
        "OSCR": 88.37124658780718,
        "AUPR": 89.73832065057475
    }
}