{
    "OA": 90.84132055378062,
    "AA": 85.35526183335982,
    "OOD": 94.2442173211404,
    "NMI": 77.7295566516552,
    "H-score": 89.08730390989925,
    "H3-score": 84.95102928778255,
    "Recall-all": [
        94.56521739130434,
        92.6829268292683,
        96.80851063829788,
        96.96969696969697,
        92.0,
        91.0,
        18.181818181818183,
        95.0,
        77.6595744680851,
        89.79591836734694,
        94.2442173211404
    ],
    "Closed Set Accuracy": {
        "OA": 89.35281837160751,
        "AA": 89.61340672465454,
        "Recall-all": [
            98.91304347826086,
            97.5609756097561,
            97.87234042553192,
            98.98989898989899,
            93.0,
            96.0,
            28.28282828282828,
            97.0,
            93.61702127659575,
            94.89795918367348
        ]
    },
    "OSR Accuracy": {
        "TNR": 73.31898870360409,
        "AUROC": 95.37576603579494,
        "DTACC": 92.16035289585956,
        "AUIN": 94.19945366974588,
        "AUOUT": 95.94799970480025,
        "OSCR": 84.7716519870045,
        "AUPR": 95.97873051378063
    }
}