{
    "OA": 68.15761448349308,
    "AA": 66.8786099598915,
    "OOD": null,
    "NMI": null,
    "H-score": null,
    "H3-score": null,
    "Recall-all": [
        88.04347826086956,
        89.02439024390245,
        96.80851063829788,
        96.96969696969697,
        91.0,
        90.0,
        17.17171717171717,
        94.0,
        47.87234042553192,
        88.77551020408163,
        100.0,
        76.82926829268293,
        0.0,
        79.12087912087912,
        51.546391752577314,
        40.20618556701031,
        69.1358024691358,
        27.55102040816326,
        96.0,
        4.166666666666666,
        76.84210526315789,
        72.04301075268818,
        95.0,
        27.55102040816326,
        85.55555555555556,
        77.33333333333333,
        46.0,
        81.81818181818183,
        76.76767676767676,
        57.291666666666664,
        32.8125
    ],
    "Closed Set Accuracy": {
        "OA": 77.52928647497338,
        "AA": 76.87337746877886,
        "Recall-all": [
            95.65217391304348,
            97.5609756097561,
            96.80851063829788,
            97.97979797979798,
            92.0,
            96.0,
            25.252525252525253,
            96.0,
            86.17021276595744,
            90.81632653061224,
            100.0,
            91.46341463414635,
            30.555555555555557,
            89.01098901098901,
            67.0103092783505,
            46.391752577319586,
            71.60493827160494,
            58.16326530612245,
            100.0,
            6.25,
            89.47368421052632,
            75.26881720430107,
            99.0,
            40.816326530612244,
            95.55555555555556,
            85.33333333333334,
            49.0,
            88.88888888888889,
            81.81818181818183,
            79.16666666666666,
            64.0625
        ]
    },
    "OSR Accuracy": null
}