{
    "OA": 90.28978139298424,
    "AA": 92.48824087325322,
    "OOD": 87.61149653121902,
    "NMI": 72.22529371941468,
    "H-score": 90.21353029808989,
    "H3-score": 83.29948578179662,
    "Recall-all": [
        86.95652173913044,
        85.36585365853658,
        96.80851063829788,
        98.98989898989899,
        90.0,
        98.0,
        92.92929292929293,
        91.0,
        97.87234042553192,
        91.83673469387756,
        87.61149653121902
    ],
    "Closed Set Accuracy": {
        "OA": 96.5553235908142,
        "AA": 96.54659172623761,
        "Recall-all": [
            97.82608695652173,
            93.90243902439023,
            97.87234042553192,
            100.0,
            91.0,
            99.0,
            96.96969696969697,
            92.0,
            98.93617021276596,
            97.95918367346938
        ]
    },
    "OSR Accuracy": {
        "TNR": 84.8364717542121,
        "AUROC": 96.52708090649705,
        "DTACC": 91.84505421974671,
        "AUIN": 96.58694166400579,
        "AUOUT": 95.57926013596894,
        "OSCR": 93.21347951939875,
        "AUPR": 95.6436162124693
    }
}