{
    "OA": 81.62839248434238,
    "AA": 81.82132469269202,
    "OOD": null,
    "NMI": null,
    "H-score": null,
    "H3-score": null,
    "Recall-all": [
        91.30434782608695,
        92.6829268292683,
        96.80851063829788,
        96.96969696969697,
        90.0,
        89.0,
        16.161616161616163,
        98.0,
        58.51063829787234,
        88.77551020408163
    ],
    "Closed Set Accuracy": {
        "OA": 87.16075156576201,
        "AA": 87.45371894090755,
        "Recall-all": [
            95.65217391304348,
            98.78048780487805,
            96.80851063829788,
            96.96969696969697,
            91.0,
            96.0,
            21.21212121212121,
            99.0,
            88.29787234042553,
            90.81632653061224
        ]
    },
    "OSR Accuracy": null
}