{
    "OA": 88.61209964412812,
    "AA": 85.72486923730945,
    "OOD": 92.17046580773042,
    "NMI": 77.94704911099205,
    "H-score": 88.48308286801114,
    "H3-score": 84.66954858917572,
    "Recall-all": [
        93.47826086956522,
        93.90243902439023,
        97.87234042553192,
        96.96969696969697,
        91.0,
        88.0,
        25.252525252525253,
        99.0,
        75.53191489361703,
        89.79591836734694,
        92.17046580773042
    ],
    "Closed Set Accuracy": {
        "OA": 92.17118997912317,
        "AA": 92.35953852549017,
        "Recall-all": [
            98.91304347826086,
            98.78048780487805,
            97.87234042553192,
            96.96969696969697,
            92.0,
            94.0,
            60.60606060606061,
            99.0,
            93.61702127659575,
            91.83673469387756
        ]
    },
    "OSR Accuracy": {
        "TNR": 50.24777006937562,
        "AUROC": 93.46238757239126,
        "DTACC": 89.24429611575157,
        "AUIN": 95.03750848908479,
        "AUOUT": 90.62253848381067,
        "OSCR": 85.68913184264396,
        "AUPR": 90.68594170833919
    }
}