{
    "OA": 91.16465863453816,
    "AA": 98.82697947214076,
    "OOD": 87.09677419354838,
    "NMI": 93.90711687156438,
    "H-score": 93.10295065664303,
    "H3-score": 93.37080821955608,
    "Recall-all": [
        100.0,
        100.0,
        100.0,
        100.0,
        100.0,
        100.0,
        100.0,
        100.0,
        100.0,
        100.0,
        87.09677419354838
    ],
    "Closed Set Accuracy": {
        "OA": 100.0,
        "AA": 100.0,
        "Recall-all": [
            100.0,
            100.0,
            100.0,
            100.0,
            100.0,
            100.0,
            100.0,
            100.0,
            100.0,
            100.0
        ]
    },
    "OSR Accuracy": {
        "TNR": 100.0,
        "AUROC": 99.9570390571007,
        "DTACC": 99.36305732484077,
        "AUIN": 99.59659770486293,
        "AUOUT": 99.8331805411197,
        "OSCR": 99.95423725647676,
        "AUPR": 99.97983834120404
    }
}