{
    "OA": 68.26411075612353,
    "AA": 66.59396457782061,
    "OOD": null,
    "NMI": null,
    "H-score": null,
    "H3-score": null,
    "Recall-all": [
        28.26086956521739,
        82.92682926829268,
        96.80851063829788,
        98.98989898989899,
        90.0,
        97.0,
        70.70707070707071,
        90.0,
        93.61702127659575,
        89.79591836734694,
        100.0,
        82.92682926829268,
        0.0,
        87.91208791208791,
        40.20618556701031,
        25.773195876288657,
        29.629629629629626,
        19.387755102040817,
        99.0,
        60.416666666666664,
        93.6842105263158,
        69.89247311827957,
        95.0,
        36.734693877551024,
        88.88888888888889,
        73.33333333333333,
        48.0,
        71.71717171717171,
        28.28282828282828,
        55.208333333333336,
        20.3125
    ],
    "Closed Set Accuracy": {
        "OA": 79.55271565495208,
        "AA": 77.95206510185052,
        "Recall-all": [
            82.6086956521739,
            95.1219512195122,
            98.93617021276596,
            98.98989898989899,
            90.0,
            99.0,
            92.92929292929293,
            93.0,
            98.93617021276596,
            93.87755102040816,
            100.0,
            92.6829268292683,
            5.555555555555555,
            92.3076923076923,
            63.91752577319587,
            48.45360824742268,
            58.0246913580247,
            37.755102040816325,
            99.0,
            73.95833333333334,
            96.84210526315789,
            74.19354838709677,
            96.0,
            47.95918367346938,
            95.55555555555556,
            85.33333333333334,
            59.0,
            90.9090909090909,
            35.35353535353536,
            78.125,
            42.1875
        ]
    },
    "OSR Accuracy": null
}