{
    "OA": 87.14859437751004,
    "AA": 98.29378832311384,
    "OOD": 81.23167155425219,
    "NMI": 90.60205858321484,
    "H-score": 89.64351831003651,
    "H3-score": 89.96210951323447,
    "Recall-all": [
        100.0,
        100.0,
        100.0,
        100.0,
        100.0,
        100.0,
        100.0,
        100.0,
        100.0,
        100.0,
        81.23167155425219
    ],
    "Closed Set Accuracy": {
        "OA": 100.0,
        "AA": 100.0,
        "Recall-all": [
            100.0,
            100.0,
            100.0,
            100.0,
            100.0,
            100.0,
            100.0,
            100.0,
            100.0,
            100.0
        ]
    },
    "OSR Accuracy": {
        "TNR": 99.41348973607037,
        "AUROC": 99.86364570297177,
        "DTACC": 98.21525300259634,
        "AUIN": 99.39782279603959,
        "AUOUT": 99.79082532017584,
        "OSCR": 99.8561742346414,
        "AUPR": 99.93754433696282
    }
}