{
    "OA": 90.76305220883533,
    "AA": 98.77366035723807,
    "OOD": 86.51026392961877,
    "NMI": 93.90711687156438,
    "H-score": 92.7667982157517,
    "H3-score": 93.14515266660291,
    "Recall-all": [
        100.0,
        100.0,
        100.0,
        100.0,
        100.0,
        100.0,
        100.0,
        100.0,
        100.0,
        100.0,
        86.51026392961877
    ],
    "Closed Set Accuracy": {
        "OA": 100.0,
        "AA": 100.0,
        "Recall-all": [
            100.0,
            100.0,
            100.0,
            100.0,
            100.0,
            100.0,
            100.0,
            100.0,
            100.0,
            100.0
        ]
    },
    "OSR Accuracy": {
        "TNR": 100.0,
        "AUROC": 99.96264265834843,
        "DTACC": 99.36305732484077,
        "AUIN": 99.60556420255156,
        "AUOUT": 99.83595522799253,
        "OSCR": 99.9598408577245,
        "AUPR": 99.98260865971136
    }
}