{
    "OA": 87.95119471276055,
    "AA": 85.39005799014828,
    "OOD": 91.0802775024777,
    "NMI": 77.94704911099205,
    "H-score": 87.83879353188966,
    "H3-score": 84.27522246022001,
    "Recall-all": [
        91.30434782608695,
        91.46341463414635,
        96.80851063829788,
        96.96969696969697,
        91.0,
        89.0,
        27.27272727272727,
        98.0,
        76.59574468085107,
        89.79591836734694,
        91.0802775024777
    ],
    "Closed Set Accuracy": {
        "OA": 92.58872651356994,
        "AA": 92.7265397921949,
        "Recall-all": [
            98.91304347826086,
            97.5609756097561,
            97.87234042553192,
            98.98989898989899,
            92.0,
            94.0,
            64.64646464646465,
            100.0,
            90.42553191489363,
            92.85714285714286
        ]
    },
    "OSR Accuracy": {
        "TNR": 57.48265609514371,
        "AUROC": 93.90744261976242,
        "DTACC": 88.99181893232307,
        "AUIN": 95.2891479150324,
        "AUOUT": 90.99040041016788,
        "OSCR": 86.54913709805916,
        "AUPR": 91.05632293877277
    }
}