{
    "OA": 88.56126080325369,
    "AA": 92.23606492506593,
    "OOD": 84.24182358771061,
    "NMI": 72.22529371941468,
    "H-score": 88.42005702429766,
    "H3-score": 82.27226880614069,
    "Recall-all": [
        86.95652173913044,
        89.02439024390245,
        96.80851063829788,
        100.0,
        90.0,
        99.0,
        81.81818181818183,
        93.0,
        96.80851063829788,
        96.93877551020408,
        84.24182358771061
    ],
    "Closed Set Accuracy": {
        "OA": 97.07724425887265,
        "AA": 97.09002516967686,
        "Recall-all": [
            98.91304347826086,
            95.1219512195122,
            98.93617021276596,
            100.0,
            91.0,
            99.0,
            94.94949494949495,
            94.0,
            100.0,
            98.9795918367347
        ]
    },
    "OSR Accuracy": {
        "TNR": 79.78196233894946,
        "AUROC": 96.33393405074578,
        "DTACC": 90.78538456604545,
        "AUIN": 96.35162311123096,
        "AUOUT": 95.59215697788129,
        "OSCR": 93.46207721322308,
        "AUPR": 95.66953560478176
    }
}