{
    "OA": 88.30706659888155,
    "AA": 91.55033444596991,
    "OOD": 84.4400396432111,
    "NMI": 72.22529371941468,
    "H-score": 88.1771053488434,
    "H3-score": 82.13189921585624,
    "Recall-all": [
        80.43478260869566,
        87.8048780487805,
        96.80851063829788,
        100.0,
        90.0,
        99.0,
        81.81818181818183,
        93.0,
        96.80851063829788,
        96.93877551020408,
        84.4400396432111
    ],
    "Closed Set Accuracy": {
        "OA": 97.07724425887265,
        "AA": 97.09002516967686,
        "Recall-all": [
            98.91304347826086,
            95.1219512195122,
            98.93617021276596,
            100.0,
            91.0,
            99.0,
            94.94949494949495,
            94.0,
            100.0,
            98.9795918367347
        ]
    },
    "OSR Accuracy": {
        "TNR": 79.58374628344896,
        "AUROC": 96.11585500847278,
        "DTACC": 90.12535406808452,
        "AUIN": 96.18319346588004,
        "AUOUT": 95.38911903043132,
        "OSCR": 93.24591205248768,
        "AUPR": 95.45841201615968
    }
}