{
    "OA": 88.05287239450941,
    "AA": 91.57217287623138,
    "OOD": 83.84539147670962,
    "NMI": 72.22529371941468,
    "H-score": 87.88961442987319,
    "H3-score": 81.96541736061455,
    "Recall-all": [
        84.78260869565217,
        85.36585365853658,
        96.80851063829788,
        100.0,
        90.0,
        99.0,
        80.8080808080808,
        94.0,
        95.74468085106383,
        96.93877551020408,
        83.84539147670962
    ],
    "Closed Set Accuracy": {
        "OA": 97.07724425887265,
        "AA": 97.06807395016467,
        "Recall-all": [
            98.91304347826086,
            93.90243902439023,
            98.93617021276596,
            100.0,
            91.0,
            99.0,
            94.94949494949495,
            95.0,
            100.0,
            98.9795918367347
        ]
    },
    "OSR Accuracy": {
        "TNR": 78.1962338949455,
        "AUROC": 95.97008965241841,
        "DTACC": 90.10895675869162,
        "AUIN": 96.02286562718014,
        "AUOUT": 95.1425532706715,
        "OSCR": 93.10956092453925,
        "AUPR": 95.21307336253227
    }
}