{
    "OA": 74.88173011939627,
    "AA": 94.25082512860168,
    "OOD": 68.17370612730518,
    "NMI": 90.76659772279503,
    "H-score": 79.72449596301675,
    "H3-score": 83.09544171950358,
    "Recall-all": [
        100.0,
        98.98989898989899,
        96.7741935483871,
        100.0,
        100.0,
        87.09677419354838,
        97.87234042553192,
        100.0,
        97.53086419753086,
        96.42857142857143,
        90.9090909090909,
        87.6923076923077,
        95.83333333333334,
        92.04545454545455,
        98.66666666666667,
        68.17370612730518
    ],
    "Closed Set Accuracy": {
        "OA": 98.14298978644382,
        "AA": 98.33253973572741,
        "Recall-all": [
            100.0,
            100.0,
            100.0,
            100.0,
            100.0,
            95.16129032258065,
            97.87234042553192,
            100.0,
            98.76543209876543,
            98.21428571428571,
            92.92929292929293,
            100.0,
            100.0,
            92.04545454545455,
            100.0
        ]
    },
    "OSR Accuracy": {
        "TNR": 75.2528256989887,
        "AUROC": 94.95500257672596,
        "DTACC": 88.06089358536089,
        "AUIN": 88.03130484590662,
        "AUOUT": 98.17033116442433,
        "OSCR": 93.10786567000176,
        "AUPR": 98.18556500283685
    }
}