{
    "OA": 87.3506386485373,
    "AA": 87.6156681662932,
    "OOD": 87.17339667458432,
    "NMI": 69.55331038381244,
    "H-score": 87.4081382815298,
    "H3-score": 80.51956346200353,
    "Recall-all": [
        97.2972972972973,
        92.6829268292683,
        92.5925925925926,
        75.0,
        93.33333333333333,
        88.88888888888889,
        85.0,
        96.96969696969697,
        100.0,
        97.36842105263158,
        75.36231884057972,
        92.0,
        68.18181818181817,
        75.0,
        85.0,
        87.17339667458432
    ],
    "Closed Set Accuracy": {
        "OA": 97.84656796769852,
        "AA": 97.76349842868792,
        "Recall-all": [
            100.0,
            97.5609756097561,
            100.0,
            95.0,
            100.0,
            95.95959595959596,
            97.5,
            96.96969696969697,
            100.0,
            98.68421052631578,
            98.55072463768117,
            96.0,
            97.72727272727273,
            92.5,
            100.0
        ]
    },
    "OSR Accuracy": {
        "TNR": 79.27553444180523,
        "AUROC": 94.8115107591679,
        "DTACC": 88.41870921954073,
        "AUIN": 90.03868215964889,
        "AUOUT": 97.40816084252938,
        "OSCR": 92.70179633827111,
        "AUPR": 97.4390267231395
    }
}