{
    "OA": 72.73406374501991,
    "AA": 94.78169555562225,
    "OOD": 67.90600832837596,
    "NMI": 90.76659772279503,
    "H-score": 80.04471944516467,
    "H3-score": 83.32706727461967,
    "Recall-all": [
        100.0,
        98.98989898989899,
        96.7741935483871,
        100.0,
        100.0,
        87.09677419354838,
        97.87234042553192,
        100.0,
        97.53086419753086,
        96.42857142857143,
        67.90600832837596
    ],
    "Closed Set Accuracy": {
        "OA": 99.08256880733946,
        "AA": 99.00133485611636,
        "Recall-all": [
            100.0,
            100.0,
            100.0,
            100.0,
            100.0,
            95.16129032258065,
            97.87234042553192,
            100.0,
            98.76543209876543,
            98.21428571428571
        ]
    },
    "OSR Accuracy": {
        "TNR": 80.69601427721594,
        "AUROC": 96.3719353013624,
        "DTACC": 90.33913845515721,
        "AUIN": 88.04543311505935,
        "AUOUT": 99.18628197742399,
        "OSCR": 95.45223008730639,
        "AUPR": 99.20130934121558
    }
}