{
    "OA": 88.22996831145315,
    "AA": 91.24974283777185,
    "OOD": 87.11401425178147,
    "NMI": 69.55331038381244,
    "H-score": 89.33028283970413,
    "H3-score": 81.5977883016747,
    "Recall-all": [
        97.2972972972973,
        92.6829268292683,
        92.5925925925926,
        72.5,
        93.33333333333333,
        88.88888888888889,
        85.0,
        96.96969696969697,
        100.0,
        97.36842105263158,
        87.11401425178147
    ],
    "Closed Set Accuracy": {
        "OA": 98.09523809523809,
        "AA": 98.16744790653648,
        "Recall-all": [
            100.0,
            97.5609756097561,
            100.0,
            95.0,
            100.0,
            95.95959595959596,
            97.5,
            96.96969696969697,
            100.0,
            98.68421052631578
        ]
    },
    "OSR Accuracy": {
        "TNR": 83.90736342042754,
        "AUROC": 96.3372921615202,
        "DTACC": 90.23990498812351,
        "AUIN": 91.4349350719939,
        "AUOUT": 98.63740060037213,
        "OSCR": 94.44203144440776,
        "AUPR": 98.66770285083626
    }
}