{
    "OA": 83.13253012048193,
    "AA": 72.2967934568725,
    "OOD": 99.42857142857143,
    "NMI": 83.03679339157549,
    "H-score": 81.87052879211704,
    "H3-score": 82.25697346504677,
    "Recall-all": [
        100.0,
        52.38095238095239,
        100.0,
        100.0,
        30.0,
        4.166666666666666,
        63.63636363636363,
        50.0,
        100.0,
        95.65217391304348,
        99.42857142857143
    ],
    "Closed Set Accuracy": {
        "OA": 96.17834394904459,
        "AA": 96.33333333333333,
        "Recall-all": [
            100.0,
            100.0,
            100.0,
            100.0,
            80.0,
            83.33333333333334,
            100.0,
            100.0,
            100.0,
            100.0
        ]
    },
    "OSR Accuracy": {
        "TNR": 90.28571428571428,
        "AUROC": 98.07825295723386,
        "DTACC": 93.06824385805278,
        "AUIN": 97.64348257339634,
        "AUOUT": 98.04622893810644,
        "OSCR": 94.21838034576881,
        "AUPR": 98.33669283761533
    }
}