{
    "OA": 86.83274021352312,
    "AA": 78.67048148915518,
    "OOD": 96.92765113974232,
    "NMI": 72.22529371941468,
    "H-score": 85.72522441655882,
    "H3-score": 80.6987017639076,
    "Recall-all": [
        94.56521739130434,
        89.02439024390245,
        97.87234042553192,
        98.98989898989899,
        43.0,
        26.0,
        85.85858585858585,
        55.00000000000001,
        89.36170212765957,
        88.77551020408163,
        96.92765113974232
    ],
    "Closed Set Accuracy": {
        "OA": 97.18162839248434,
        "AA": 97.24872566391745,
        "Recall-all": [
            98.91304347826086,
            98.78048780487805,
            98.93617021276596,
            100.0,
            90.0,
            99.0,
            95.95959595959596,
            96.0,
            100.0,
            94.89795918367348
        ]
    },
    "OSR Accuracy": {
        "TNR": 88.30525272547077,
        "AUROC": 97.1072456451436,
        "DTACC": 92.31742087393003,
        "AUIN": 97.02657535186947,
        "AUOUT": 96.83153778275542,
        "OSCR": 94.31251306094805,
        "AUPR": 96.88664719529957
    }
}