{
    "OA": 49.044585987261144,
    "AA": 52.894518524953305,
    "OOD": null,
    "NMI": null,
    "H-score": null,
    "H3-score": null,
    "Recall-all": [
        91.66666666666666,
        14.285714285714285,
        100.0,
        92.3076923076923,
        10.0,
        0.0,
        59.09090909090909,
        8.333333333333332,
        75.0,
        78.26086956521739
    ],
    "Closed Set Accuracy": {
        "OA": 95.54140127388536,
        "AA": 95.91666666666667,
        "Recall-all": [
            100.0,
            100.0,
            100.0,
            100.0,
            80.0,
            79.16666666666666,
            100.0,
            100.0,
            100.0,
            100.0
        ]
    },
    "OSR Accuracy": null
}