{
    "OA": 55.200567980120695,
    "AA": 54.96435596985593,
    "OOD": null,
    "NMI": null,
    "H-score": null,
    "H3-score": null,
    "Recall-all": [
        93.47826086956522,
        75.60975609756098,
        94.68085106382979,
        95.95959595959596,
        36.0,
        10.0,
        72.72727272727273,
        33.0,
        69.14893617021278,
        78.57142857142857,
        100.0,
        87.8048780487805,
        11.11111111111111,
        91.20879120879121,
        53.608247422680414,
        2.0618556701030926,
        69.1358024691358,
        23.46938775510204,
        28.999999999999996,
        58.333333333333336,
        52.63157894736842,
        0.0,
        88.0,
        2.0408163265306123,
        74.44444444444444,
        68.0,
        47.0,
        50.505050505050505,
        69.6969696969697,
        44.79166666666667,
        21.875
    ],
    "Closed Set Accuracy": {
        "OA": 85.80049698260561,
        "AA": 85.5853960863141,
        "Recall-all": [
            97.82608695652173,
            98.78048780487805,
            97.87234042553192,
            100.0,
            90.0,
            99.0,
            95.95959595959596,
            94.0,
            97.87234042553192,
            94.89795918367348,
            100.0,
            93.90243902439023,
            66.66666666666666,
            95.6043956043956,
            88.65979381443299,
            71.1340206185567,
            92.5925925925926,
            76.53061224489795,
            78.0,
            62.5,
            97.89473684210527,
            73.11827956989248,
            97.0,
            20.408163265306122,
            92.22222222222223,
            81.33333333333333,
            56.00000000000001,
            88.88888888888889,
            89.8989898989899,
            89.58333333333334,
            75.0
        ]
    },
    "OSR Accuracy": null
}