{
    "OA": 0.0,
    "AA": 0.0,
    "OOD": null,
    "NMI": null,
    "H-score": null,
    "H3-score": null,
    "Recall-all": [
        0.0,
        0.0,
        0.0,
        0.0,
        0.0,
        0.0,
        0.0,
        0.0,
        0.0,
        0.0
    ],
    "Closed Set Accuracy": {
        "OA": 97.6271186440678,
        "AA": 97.86821705426357,
        "Recall-all": [
            100.0,
            100.0,
            100.0,
            100.0,
            100.0,
            90.0,
            95.34883720930233,
            100.0,
            100.0,
            93.33333333333333
        ]
    },
    "OSR Accuracy": null
}