{
    "OA": 47.07872231320199,
    "AA": 46.31156632026362,
    "OOD": null,
    "NMI": null,
    "H-score": null,
    "H3-score": null,
    "UCR": 82.38962499793227,
    "Recall-all": [
        94.87179487179486,
        11.842105263157894,
        61.53846153846154,
        61.46788990825688,
        57.14285714285714,
        72.90322580645162,
        95.48872180451127,
        44.827586206896555,
        78.37837837837837,
        0.0,
        54.14847161572053,
        58.42696629213483,
        85.01628664495115,
        80.55555555555556,
        35.4014598540146,
        27.06422018348624,
        91.66666666666666,
        73.41772151898735,
        0.3236245954692557,
        68.48484848484848,
        97.21115537848605,
        16.897506925207757,
        1.6091954022988506,
        69.43765281173594,
        9.430255402750491,
        0.0,
        73.87096774193549,
        27.765726681127983,
        0.0,
        22.10953346855984,
        54.31654676258992,
        13.082437275985665,
        55.88235294117647,
        6.297229219143577,
        34.1796875,
        0.2008032128514056,
        14.840182648401825,
        24.137931034482758,
        65.27777777777779,
        62.85140562248996,
        70.88353413654619,
        62.0253164556962,
        11.380597014925373,
        49.89429175475687,
        7.239819004524888,
        1.7467248908296942,
        86.78815489749431,
        52.783109404990405,
        0.0,
        54.054054054054056,
        21.086956521739133,
        62.61510128913444,
        67.04980842911877,
        60.97560975609756,
        72.94117647058823,
        38.32335329341318,
        24.705882352941178,
        39.88095238095239,
        26.497695852534562,
        59.42028985507246,
        24.897959183673468,
        4.071246819338422,
        71.7557251908397,
        46.9601677148847,
        15.080789946140035,
        94.70198675496688,
        60.509554140127385,
        1.6483516483516485,
        0.0,
        41.81818181818181,
        57.38758029978587,
        5.9880239520958085,
        86.78571428571429,
        50.12106537530266,
        16.8141592920354,
        18.98148148148148,
        74.13793103448276,
        15.2,
        73.30508474576271,
        0.547945205479452,
        0.4761904761904762,
        53.05039787798409,
        56.36363636363636,
        30.39772727272727,
        93.18637274549098,
        74.75728155339806,
        98.63945578231292,
        21.705426356589147,
        47.27272727272727,
        80.73654390934844,
        30.126582278481013,
        11.376146788990827,
        86.17283950617283,
        80.49886621315193,
        59.92063492063492,
        44.80712166172107,
        85.18518518518519,
        53.14861460957179,
        89.21933085501858,
        51.60142348754449,
        94.02985074626866,
        49.7907949790795,
        1.094890510948905,
        83.97085610200364,
        19.432314410480352,
        30.76923076923077,
        12.842105263157894,
        0.0,
        0.2061855670103093,
        0.6514657980456027,
        44.17910447761194,
        17.50465549348231,
        0.0,
        28.894472361809044,
        4.08997955010225,
        79.8342541436464,
        15.615615615615615,
        65.76086956521739,
        2.1875,
        20.221606648199447,
        80.81395348837209,
        0.0,
        52.71317829457365,
        9.30232558139535,
        12.552301255230125,
        81.203007518797,
        91.39784946236558,
        4.035087719298246,
        75.06849315068493,
        75.97087378640776,
        4.627249357326478,
        97.52066115702479,
        40.66797642436149,
        15.17509727626459,
        36.757990867579906,
        81.07416879795396,
        21.1864406779661,
        0.0,
        71.14093959731544,
        0.0,
        3.674540682414698,
        93.29388560157791,
        91.62210338680927,
        1.8518518518518516,
        14.285714285714285,
        77.6923076923077,
        59.76095617529881,
        42.857142857142854,
        42.025862068965516,
        64.62450592885376,
        91.01123595505618,
        93.16888045540796,
        81.86528497409327,
        46.74329501915709,
        58.753709198813056,
        65.64625850340136,
        72.80701754385966,
        38.05031446540881,
        66.99266503667481,
        88.49765258215963,
        75.83892617449665,
        84.9002849002849,
        22.636103151862464,
        1.4814814814814816,
        72.1311475409836,
        9.615384615384617,
        87.40458015267176,
        21.47887323943662,
        7.9470198675496695,
        42.69662921348314,
        26.585365853658537,
        61.923847695390776,
        83.63171355498721,
        0.0,
        75.90027700831024,
        62.17948717948718,
        78.36644591611478,
        56.085918854415276,
        48.674698795180724,
        32.38636363636363,
        0.0,
        23.70689655172414,
        81.79347826086956,
        58.01282051282052,
        59.68992248062015,
        9.322033898305085,
        56.646216768916155,
        50.505050505050505,
        91.02564102564102,
        24.074074074074073,
        2.722323049001815,
        35.869565217391305,
        20.422535211267608,
        0.6578947368421052,
        34.4559585492228,
        65.69343065693431,
        85.77680525164114,
        77.93814432989691,
        22.400000000000002,
        2.18978102189781,
        1.9169329073482428,
        78.76984126984127,
        46.28297362110312,
        25.294117647058822,
        67.11281070745699,
        22.48062015503876,
        34.49197860962567,
        27.43362831858407,
        67.81326781326781,
        78.77697841726618,
        54.18994413407822,
        52.77777777777778,
        73.38262476894639,
        87.1313672922252,
        34.36426116838488,
        46.864686468646866,
        44.09282700421941,
        0.0,
        81.9672131147541,
        6.030150753768844,
        48.26789838337183,
        2.877697841726619,
        66.75,
        54.72527472527473,
        58.06451612903226,
        92.84009546539379,
        98.41772151898735,
        79.76653696498055,
        6.077348066298343,
        2.736842105263158,
        81.09339407744875,
        12.18961625282167,
        31.529411764705884,
        68.6046511627907,
        11.052631578947368,
        51.975051975051976,
        93.22033898305084,
        47.292418772563174,
        1.1494252873563218,
        25.97402597402597,
        0.0,
        65.36458333333334,
        96.23430962343096,
        82.64462809917356,
        7.28476821192053,
        90.990990990991,
        95.57522123893806,
        36.3013698630137,
        84.5771144278607,
        4.878048780487805,
        87.31117824773413,
        70.41800643086816,
        61.92893401015228,
        89.06752411575563,
        58.4192439862543,
        95.09345794392523,
        6.989247311827956,
        98.4375,
        69.24460431654677,
        16.097560975609756,
        64.19354838709678,
        16.025641025641026,
        83.75,
        64.43298969072166,
        50.678733031674206,
        56.56565656565656,
        60.42402826855123,
        65.73426573426573,
        87.6923076923077,
        89.11174785100286,
        49.1701244813278,
        93.47826086956522,
        48.10126582278481,
        86.74033149171271,
        0.2717391304347826,
        74.13394919168591,
        83.855421686747,
        67.85714285714286,
        74.80916030534351,
        1.6129032258064515,
        4.25531914893617,
        67.62886597938144,
        1.2195121951219512,
        16.666666666666664,
        79.62264150943396,
        0.0,
        88.82175226586104,
        4.861111111111112,
        82.6086956521739,
        0.0,
        57.961783439490446,
        9.375,
        80.4093567251462,
        83.451536643026,
        33.5548172757475,
        8.035714285714286,
        81.14035087719299,
        0.0,
        65.72164948453609,
