{
    "OA": 73.5179626676672,
    "AA": 42.14834402078152,
    "OOD": 96.78326171639694,
    "NMI": 61.213914141364924,
    "H-score": 58.3683345223347,
    "H3-score": 59.288401619519135,
    "UCR": 63.8043525494031,
    "Recall-all": [
        77.27272727272727,
        25.97402597402597,
        90.78014184397163,
        67.5,
        35.57692307692308,
        49.35064935064935,
        97.40259740259741,
        33.87096774193548,
        73.80952380952381,
        1.7241379310344827,
        76.38888888888889,
        71.72413793103448,
        52.94117647058824,
        84.50704225352112,
        35.8974358974359,
        35.0,
        87.87878787878788,
        75.93984962406014,
        3.7593984962406015,
        83.92857142857143,
        88.39285714285714,
        22.602739726027394,
        0.0,
        54.03225806451613,
        16.716417910447763,
        0.7633587786259541,
        87.0,
        10.344827586206897,
        4.736842105263158,
        77.08333333333334,
        58.69565217391305,
        38.31775700934579,
        73.61963190184049,
        23.809523809523807,
        20.224719101123593,
        2.941176470588235,
        3.614457831325301,
        4.123711340206185,
        48.0,
        21.904761904761905,
        90.47619047619048,
        58.333333333333336,
        30.76923076923077,
        62.4,
        36.809815950920246,
        9.734513274336283,
        76.2589928057554,
        80.64516129032258,
        0.0,
        63.2183908045977,
        61.904761904761905,
        30.434782608695656,
        87.5,
        24.390243902439025,
        80.21978021978022,
        72.36842105263158,
        8.333333333333332,
        17.24137931034483,
        75.47169811320755,
        38.46153846153847,
        14.444444444444443,
        26.732673267326735,
        65.21739130434783,
        28.205128205128204,
        24.175824175824175,
        47.05882352941176,
        47.72727272727273,
        6.25,
        0.0,
        17.391304347826086,
        45.83333333333333,
        2.8368794326241136,
        75.0,
        26.666666666666668,
        15.714285714285714,
        73.91304347826086,
        75.0,
        15.789473684210526,
        21.73913043478261,
        0.0,
        0.0,
        27.27272727272727,
        79.24528301886792,
        0.5025125628140703,
        89.28571428571429,
        78.51239669421489,
        72.89719626168224,
        8.118081180811808,
        41.25,
        39.285714285714285,
        10.869565217391305,
        22.58064516129032,
        79.66101694915254,
        40.909090909090914,
        10.756972111553784,
        34.55882352941176,
        11.11111111111111,
        31.0,
        67.11409395973155,
        45.83333333333333,
        73.64341085271317,
        70.50359712230215,
        0.0,
        88.70967741935483,
        14.399999999999999,
        9.090909090909092,
        66.37426900584795,
        1.3333333333333335,
        0.0,
        2.380952380952381,
        59.523809523809526,
        1.0204081632653061,
        0.0,
        30.612244897959183,
        33.33333333333333,
        40.174672489082965,
        42.084942084942085,
        75.75757575757575,
        0.0,
        61.44578313253012,
        17.36842105263158,
        0.0,
        79.7872340425532,
        65.36312849162012,
        47.96747967479675,
        71.12676056338029,
        38.04347826086957,
        1.4925373134328357,
        10.344827586206897,
        76.92307692307693,
        6.451612903225806,
        37.267080745341616,
        56.99999999999999,
        6.666666666666667,
        62.698412698412696,
        86.61417322834646,
        53.06122448979592,
        0.6024096385542169,
        83.87096774193549,
        0.0,
        73.84615384615385,
        96.05263157894737,
        87.59124087591242,
        4.794520547945205,
        21.25,
        59.67741935483871,
        23.943661971830984,
        83.09859154929578,
        31.25,
        69.49152542372882,
        96.78326171639694
    ],
    "Closed Set Accuracy": {
        "OA": 76.35687313306656,
        "AA": 77.52095410306855,