{
    "OA": 28.82827030378177,
    "AA": 29.49999711976547,
    "OOD": null,
    "NMI": null,
    "H-score": null,
    "H3-score": null,
    "UCR": 70.67575945443274,
    "Recall-all": [
        61.36363636363637,
        11.255411255411255,
        84.39716312056737,
        37.5,
        16.826923076923077,
        36.36363636363637,
        92.20779220779221,
        12.903225806451612,
        57.936507936507944,
        0.0,
        65.27777777777779,
        50.3448275862069,
        35.947712418300654,
        78.16901408450704,
        20.51282051282051,
        22.142857142857142,
        87.87878787878788,
        67.66917293233082,
        0.0,
        71.42857142857143,
        84.82142857142857,
        5.47945205479452,
        0.0,
        47.58064516129033,
        11.343283582089553,
        0.0,
        74.0,
        2.2988505747126435,
        1.0526315789473684,
        52.916666666666664,
        51.08695652173913,
        14.485981308411214,
        63.80368098159509,
        11.904761904761903,
        10.112359550561797,
        0.0,
        0.0,
        0.0,
        38.22222222222222,
        15.714285714285714,
        87.3015873015873,
        38.54166666666667,
        11.965811965811966,
        54.400000000000006,
        19.631901840490798,
        2.6548672566371683,
        45.32374100719424,
        50.967741935483865,
        0.0,
        31.60919540229885,
        26.190476190476193,
        19.565217391304348,
        72.91666666666666,
        9.75609756097561,
        59.34065934065934,
        55.26315789473685,
        6.25,
        5.172413793103448,
        60.37735849056604,
        33.84615384615385,
        12.222222222222221,
        8.91089108910891,
        56.52173913043478,
        17.94871794871795,
        7.6923076923076925,
        11.76470588235294,
        13.636363636363635,
        0.0,
        0.0,
        13.043478260869565,
        37.5,
        0.7092198581560284,
        55.00000000000001,
        6.666666666666667,
        1.4285714285714286,
        56.52173913043478,
        62.5,
        5.263157894736842,
        17.391304347826086,
        0.0,
        0.0,
        18.181818181818183,
        63.20754716981132,
        0.0,
        83.03571428571429,
        74.3801652892562,
        63.55140186915887,
        2.952029520295203,
        11.25,
        32.142857142857146,
        6.521739130434782,
        13.82488479262673,
        71.1864406779661,
        23.863636363636363,
        4.382470119521913,
        2.941176470588235,
        0.0,
        16.0,
        46.308724832214764,
        28.125,
        68.21705426356588,
        61.15107913669065,
        0.0,
        69.35483870967742,
        5.6000000000000005,
        3.0303030303030303,
        49.707602339181285,
        0.0,
        0.0,
        0.0,
        48.095238095238095,
        0.0,
        0.0,
        14.285714285714285,
        17.857142857142858,
        31.877729257641924,
        17.374517374517374,
        63.63636363636363,
        0.0,
        39.75903614457831,
        13.157894736842104,
        0.0,
        57.446808510638306,
        46.927374301675975,
        6.504065040650407,
        47.183098591549296,
        26.08695652173913,
        0.0,
        0.0,
        51.53846153846153,
        1.6129032258064515,
        29.606625258799173,
        21.5,
        0.0,
        22.22222222222222,
        77.16535433070865,
        30.612244897959183,
        0.6024096385542169,
        80.64516129032258,
        0.0,
        46.92307692307692,
        82.89473684210526,
        78.83211678832117,
        0.0,
        10.0,
        50.0,
        28.169014084507044,
        53.52112676056338,
        6.25,
        33.05084745762712
    ],
    "Closed Set Accuracy": {
        "OA": 70.67575945443274,
        "AA": 71.42844882275912,
        "Recall-all": [
            88.63636363636364,
            93.07359307359307,
            95.74468085106383,
            90.0,
            78.36538461538461,
            79.22077922077922,
            97.40259740259741,
            56.451612903225815,
            97.61904761904762,
            11.494252873563218,
            88.88888888888889,
            91.0344827586207,
            88.88888888888889,
            93.66197183098592,
            84.61538461538461,
            81.42857142857143,
            96.96969696969697,
            90.22556390977444,
            62.40601503759399,
            94.64285714285714,
            94.64285714285714,
            69.17808219178082,
            25.454545454545453,
            62.903225806451616,
            51.04477611940299,
            60.30534351145038,
            97.0,
            49.42528735632184,
            65.26315789473685,
            98.75,
            83.15217391304348,
            76.63551401869158,
            82.20858895705521,
            69.04761904761905,
            47.19101123595505,
            53.92156862745098,
            18.072289156626507,
            52.57731958762887,
            83.55555555555556,
            60.0,
            95.76719576719577,
            84.375,
            84.61538461538461,
            80.80000000000001,
            78.52760736196319,
            39.823008849557525,
            96.40287769784173,
            80.64516129032258,
            13.163972286374134,
            90.80459770114942,
            97.61904761904762,
            69.56521739130434,
            95.83333333333334,
            70.73170731707317,
            96.7032967032967,
            93.42105263157895,
            35.41666666666667,
            79.3103448275862,
            90.56603773584906,
            72.3076923076923,
            55.55555555555556,
            99.00990099009901,
            73.91304347826086,
            61.53846153846154,
            79.12087912087912,
            82.35294117647058,
            47.72727272727273,
            68.75,
            80.59701492537313,
            43.47826086956522,
            79.16666666666666,
            45.39007092198582,
            80.0,
            43.333333333333336,
            68.57142857142857,
            95.65217391304348,
            100.0,
            36.84210526315789,
            52.17391304347826,
            10.16949152542373,
            78.57142857142857,
            72.72727272727273,
            95.28301886792453,
            2.0100502512562812,
            99.10714285714286,
            95.86776859504133,
            87.85046728971963,
            26.199261992619927,
            91.25,
            60.71428571428571,
            63.04347826086957,
            91.70506912442397,
            88.13559322033898,
            73.86363636363636,
            64.9402390438247,
            84.55882352941177,
            55.55555555555556,
            65.0,
            89.26174496644296,
            80.20833333333334,
            93.02325581395348,
            89.92805755395683,
            16.822429906542055,
            99.46236559139786,
            84.8,
            18.181818181818183,
            87.71929824561403,
            68.66666666666667,
            6.41025641025641,
            30.952380952380953,
            82.38095238095238,
            61.224489795918366,
            11.11111111111111,
            70.40816326530613,
            82.14285714285714,
            59.388646288209614,
            90.34749034749035,
            97.97979797979798,
            17.1875,
            90.36144578313254,
            56.315789473684205,
            55.74468085106383,
            95.74468085106383,
            84.35754189944134,
            73.98373983739837,
            91.54929577464789,
            70.65217391304348,
            37.3134328358209,
            58.620689655172406,
            93.07692307692308,
            25.0,
            60.86956521739131,
            84.5,
            52.5,
            92.06349206349206,
            96.8503937007874,
            63.26530612244898,
            77.71084337349397,
