{
    "OA": 73.02526305581148,
    "AA": 54.68776978345875,
    "OOD": 94.43116441131188,
    "NMI": 85.66138305673925,
    "H-score": 69.04988654841033,
    "H3-score": 73.82315339518173,
    "Recall-all": [
        98.53479853479854,
        21.710526315789476,
        72.8021978021978,
        84.40366972477065,
        76.19047619047619,
        88.38709677419355,
        96.99248120300751,
        68.10344827586206,
        94.5945945945946,
        1.2195121951219512,
        72.92576419213974,
        68.16479400749064,
        91.20521172638436,
        88.33333333333333,
        55.47445255474452,
        49.08256880733945,
        90.0,
        87.34177215189874,
        7.119741100323624,
        85.45454545454545,
        99.20318725099602,
        24.37673130193906,
        41.839080459770116,
        87.53056234718827,
        24.361493123772103,
        0.1976284584980237,
        82.9032258064516,
        36.659436008676785,
        0.6507592190889371,
        40.36511156186612,
        60.431654676258994,
        28.49462365591398,
        56.86274509803921,
        7.052896725440807,
        38.671875,
        1.2048192771084338,
        20.776255707762555,
        35.960591133004925,
        78.61111111111111,
        71.08433734939759,
        76.10441767068274,
        73.77938517179024,
        37.3134328358209,
        63.8477801268499,
        21.49321266968326,
        6.550218340611353,
        93.39407744874715,
        79.84644913627639,
        0.0,
        74.09909909909909,
        35.869565217391305,
        73.11233885819522,
        80.84291187739464,
        73.17073170731707,
        83.52941176470588,
        64.07185628742515,
        41.17647058823529,
        64.28571428571429,
        36.86635944700461,
        68.59903381642512,
        50.40816326530613,
        15.012722646310433,
        79.13486005089058,
        60.79664570230609,
        41.651705565529625,
        96.68874172185431,
        84.07643312101911,
        11.813186813186812,
        1.3392857142857142,
        49.09090909090909,
        65.0963597430407,
        14.97005988023952,
        90.71428571428571,
        58.595641646489106,
        43.80530973451327,
        25.23148148148148,
        77.01149425287356,
        23.200000000000003,
        85.38135593220339,
        0.821917808219178,
        8.333333333333332,
        76.92307692307693,
        70.1010101010101,
        38.92045454545455,
        95.99198396793587,
        76.69902912621359,
        99.31972789115646,
        33.72093023255814,
        53.246753246753244,
        90.08498583569406,
        49.62025316455696,
        28.807339449541285,
        93.82716049382715,
        90.702947845805,
        68.65079365079364,
        56.37982195845698,
        92.5925925925926,
        60.45340050377834,
        94.6096654275093,
        64.41281138790036,
        95.52238805970148,
        56.903765690376574,
        1.824817518248175,
        91.80327868852459,
        41.26637554585153,
        37.24696356275304,
        33.26315789473684,
        0.21321961620469082,
        0.4123711340206186,
        1.3029315960912053,
        59.1044776119403,
        33.5195530726257,
        0.46403712296983757,
        42.211055276381906,
        12.269938650306749,
        87.01657458563537,
        30.630630630630627,
        78.26086956521739,
        12.5,
        38.78116343490305,
        90.11627906976744,
        0.0,
        68.6046511627907,
        31.782945736434108,
        45.18828451882845,
        86.2781954887218,
        97.1326164874552,
        9.649122807017543,
        82.1917808219178,
        88.83495145631069,
        5.912596401028278,
        98.07162534435263,
        64.04715127701375,
        55.6420233463035,
        65.06849315068493,
        85.42199488491049,
        47.45762711864407,
        3.0470914127423825,
        83.66890380313198,
        0.0,
        14.960629921259844,
        97.0414201183432,
        95.72192513368985,
        4.398148148148148,
        36.340852130325814,
        81.92307692307692,
        71.71314741035857,
        60.048426150121074,
        54.956896551724135,
        82.21343873517787,
        94.43116441131188
    ],
    "Closed Set Accuracy": {
        "OA": 84.41517367118752,
        "AA": 84.67874882794415,