{
    "OA": 29.698000497801374,
    "AA": 30.05113309192578,
    "OOD": null,
    "NMI": null,
    "H-score": null,
    "H3-score": null,
    "UCR": 70.04065377914213,
    "Recall-all": [
        61.36363636363637,
        16.450216450216452,
        82.26950354609929,
        52.5,
        9.615384615384617,
        36.36363636363637,
        93.5064935064935,
        16.129032258064516,
        47.61904761904761,
        0.0,
        63.888888888888886,
        45.51724137931035,
        38.56209150326798,
        67.6056338028169,
        20.51282051282051,
        17.142857142857142,
        87.87878787878788,
        58.64661654135338,
        0.0,
        73.21428571428571,
        84.82142857142857,
        10.95890410958904,
        0.0,
        46.774193548387096,
        10.44776119402985,
        0.0,
        77.0,
        2.2988505747126435,
        1.0526315789473684,
        61.66666666666667,
        47.82608695652174,
        18.69158878504673,
        68.09815950920245,
        11.904761904761903,
        14.606741573033707,
        0.0,
        0.0,
        0.0,
        39.111111111111114,
        17.142857142857142,
        87.3015873015873,
        35.41666666666667,
        9.82905982905983,
        54.400000000000006,
        21.472392638036812,
        3.5398230088495577,
        54.67625899280576,
        43.87096774193549,
        0.0,
        30.45977011494253,
        35.714285714285715,
        19.565217391304348,
        75.0,
        12.195121951219512,
        67.03296703296702,
        57.89473684210527,
        6.25,
        8.620689655172415,
        62.264150943396224,
        35.38461538461539,
        11.11111111111111,
        8.91089108910891,
        56.52173913043478,
        17.94871794871795,
        5.4945054945054945,
        11.76470588235294,
        15.909090909090908,
        0.0,
        0.0,
        13.043478260869565,
        37.5,
        0.0,
        60.0,
        10.0,
        0.0,
        60.86956521739131,
        62.5,
        10.526315789473683,
        17.391304347826086,
        0.0,
        0.0,
        18.181818181818183,
        66.0377358490566,
        0.0,
        82.14285714285714,
        74.3801652892562,
        63.55140186915887,
        2.5830258302583027,
        7.5,
        28.57142857142857,
        4.3478260869565215,
        11.981566820276496,
        71.1864406779661,
        25.0,
        5.9760956175298805,
        2.941176470588235,
        0.0,
        18.0,
        51.67785234899329,
        31.770833333333332,
        67.44186046511628,
        61.15107913669065,
        0.0,
        61.82795698924731,
        4.0,
        3.0303030303030303,
        41.228070175438596,
        0.6666666666666667,
        0.0,
        0.0,
        49.047619047619044,
        0.0,
        0.0,
        16.3265306122449,
        17.857142857142858,
        30.567685589519648,
        18.91891891891892,
        66.66666666666666,
        0.0,
        42.168674698795186,
        13.157894736842104,
        0.0,
        53.191489361702125,
        39.66480446927375,
        17.073170731707318,
        48.59154929577465,
        27.173913043478258,
        1.4925373134328357,
        0.0,
        47.69230769230769,
        4.032258064516129,
        29.39958592132505,
        28.499999999999996,
        0.0,
        11.11111111111111,
        77.16535433070865,
        24.489795918367346,
        0.0,
        77.41935483870968,
        0.0,
        50.0,
        84.21052631578947,
        81.75182481751825,
        0.0,
        10.0,
        51.61290322580645,
        23.943661971830984,
        52.112676056338024,
        6.25,
        35.59322033898305,
        75.0,
        6.0606060606060606,
        83.69565217391305,
        14.000000000000002,
        7.339449541284404,
        7.462686567164178,
        67.71653543307087,
        12.727272727272727,
        27.692307692307693,
        85.88235294117646,
        64.21052631578948,
        22.727272727272727,
        15.263157894736842,
        0.0,
        19.642857142857142,
        3.8461538461538463,
        30.59360730593607,
        17.110266159695815,
        3.1578947368421053,
        22.968197879858657,
        24.390243902439025,
        39.325842696629216,
        3.225806451612903,
        0.0,
        80.8695652173913,
        23.376623376623375,
        67.22689075630252,
        29.72972972972973,
        16.19047619047619,
        42.96296296296296,
        0.0,
        10.526315789473683,
        88.63636363636364,
        63.52201257861635,
        77.57009345794393,
        2.5423728813559325,
        42.241379310344826,
        6.481481481481481,
        84.84848484848484,
        52.73972602739726,
        4.444444444444445,
        48.86363636363637,
        14.0625,
        0.8403361344537815,
        0.8547008547008548,
        64.77272727272727,
        0.0,
        26.582278481012654,
        20.0,
        0.0,
        1.25,
        86.53846153846155,
        43.63636363636363,
        4.807692307692308,
        74.28571428571429,
        19.230769230769234,
        9.090909090909092,
        36.283185840707965,
        77.77777777777779,
        23.157894736842106,
        23.456790123456788,
        53.70370370370371,
        25.268817204301076,
        32.30769230769231,
        49.45054945054945,
        34.645669291338585,
        56.36363636363636,
        0.0,
        69.17808219178082,
        12.048192771084338,
        50.38167938931297,
        0.0,
        61.146496815286625,
        0.0,
        89.01098901098901,
        81.42857142857143,
        57.89473684210527,
        63.41463414634146,
        1.5384615384615385,
        0.0,
        25.925925925925924,
        8.823529411764707,
        45.614035087719294,
        23.076923076923077,
        1.2738853503184715,
        73.01587301587301,
        61.41078838174274,
        37.391304347826086,
        0.0,
        6.25,
        3.076923076923077,
        40.625,
        94.53125,
        47.05882352941176,
        0.0,
        69.04761904761905,
        36.26373626373626,
        3.5856573705179287,
        43.333333333333336,
        2.7027027027027026,
        73.0232558139535,
        43.0327868852459,
        37.086092715231786,
        48.742138364779876,
        11.553784860557768,
        50.847457627118644,
        3.591160220994475,
        59.01162790697675,
        25.31645569620253,
        2.6726057906458798,
        9.668508287292818,
        6.413301662707839,
        11.180124223602485,
        26.551724137931032,
        23.774509803921568,
        36.30769230769231,
        3.40632603406326,
        11.842105263157894,
        60.93189964157706,
        47.07692307692308,
        19.852941176470587,
        45.17133956386293,
        25.15090543259557,
        75.47892720306514,
        0.0,
        39.75535168195719,
        27.77777777777778,
        25.0,
        25.5863539445629,
        0.0,
        4.57516339869281,
        47.77777777777778,
        0.546448087431694,
        2.8169014084507045,
        38.41463414634146,
        0.0,
        78.2051282051282,
        4.3478260869565215,
        8.0,
        0.0,
        57.66423357664233,
        4.972375690607735,
        27.906976744186046,
        29.577464788732392,
        18.055555555555554,
        0.5617977528089888,
        68.09815950920245,
        0.0,
        7.575757575757576,
        15.708812260536398,
        16.3265306122449,
        0.0,
        40.45454545454545,
        37.857142857142854,
        59.09090909090909,
        38.372093023255815,
        77.30496453900709,
        33.047210300429185,
        81.77083333333334,
        63.44086021505376,
        41.41414141414141,
        64.77272727272727,
        47.540983606557376,
        0.0,
        20.51282051282051,
        66.66666666666666,
        0.0,
        6.481481481481481,
        36.2962962962963,
        62.637362637362635,
        17.857142857142858,
