{
    "OA": 29.631626980834646,
    "AA": 29.841557884665846,
    "OOD": null,
    "NMI": null,
    "H-score": null,
    "H3-score": null,
    "UCR": 70.0365054343317,
    "Recall-all": [
        61.36363636363637,
        11.255411255411255,
        84.39716312056737,
        37.5,
        17.307692307692307,
        35.064935064935064,
        92.20779220779221,
        12.903225806451612,
        57.936507936507944,
        0.0,
        65.27777777777779,
        50.3448275862069,
        35.947712418300654,
        78.16901408450704,
        20.51282051282051,
        22.142857142857142,
        87.87878787878788,
        67.66917293233082,
        0.0,
        71.42857142857143,
        84.82142857142857,
        5.47945205479452,
        0.0,
        47.58064516129033,
        11.343283582089553,
        0.0,
        74.0,
        2.2988505747126435,
        1.0526315789473684,
        52.5,
        51.08695652173913,
        14.485981308411214,
        63.80368098159509,
        11.904761904761903,
        10.112359550561797,
        0.0,
        0.0,
        0.0,
        38.22222222222222,
        15.714285714285714,
        87.83068783068782,
        38.54166666666667,
        11.965811965811966,
        54.400000000000006,
        19.631901840490798,
        2.6548672566371683,
        45.32374100719424,
        50.967741935483865,
        0.0,
        31.60919540229885,
        26.190476190476193,
        19.565217391304348,
        72.91666666666666,
        9.75609756097561,
        59.34065934065934,
        55.26315789473685,
        6.25,
        5.172413793103448,
        60.37735849056604,
        33.84615384615385,
        12.222222222222221,
        8.91089108910891,
        56.52173913043478,
        17.94871794871795,
        7.6923076923076925,
        11.76470588235294,
        13.636363636363635,
        0.0,
        0.0,
        13.043478260869565,
        37.5,
        0.7092198581560284,
        55.00000000000001,
        6.666666666666667,
        1.4285714285714286,
        56.52173913043478,
        62.5,
        5.263157894736842,
        17.391304347826086,
        0.0,
        0.0,
        18.181818181818183,
        63.20754716981132,
        0.0,
        83.03571428571429,
        74.3801652892562,
        63.55140186915887,
        2.952029520295203,
        11.25,
        32.142857142857146,
        6.521739130434782,
        13.82488479262673,
        71.1864406779661,
        23.863636363636363,
        4.382470119521913,
        2.941176470588235,
        0.0,
        16.0,
        46.308724832214764,
        28.125,
        68.21705426356588,
        61.15107913669065,
        0.0,
        69.35483870967742,
        5.6000000000000005,
        3.0303030303030303,
        49.707602339181285,
        0.0,
        0.0,
        0.0,
        48.095238095238095,
        0.0,
        0.0,
        14.285714285714285,
        17.857142857142858,
        31.877729257641924,
        17.374517374517374,
        63.63636363636363,
        0.0,
        39.75903614457831,
        13.157894736842104,
        0.0,
        57.446808510638306,
        46.927374301675975,
        6.504065040650407,
        47.183098591549296,
        26.08695652173913,
        0.0,
        0.0,
        51.53846153846153,
        1.6129032258064515,
        29.606625258799173,
        21.5,
        0.0,
        22.22222222222222,
        77.16535433070865,
        30.612244897959183,
        0.6024096385542169,
        80.64516129032258,
        0.0,
        46.92307692307692,
        82.89473684210526,
        78.83211678832117,
        0.0,
        10.0,
        50.0,
        28.169014084507044,
        53.52112676056338,
        6.25,
        33.05084745762712,
        75.0,
        6.0606060606060606,
        85.86956521739131,
        11.0,
        10.091743119266056,
        5.970149253731343,
        66.14173228346458,
        10.909090909090908,
        26.153846153846157,
        84.70588235294117,
        68.42105263157895,
        20.454545454545457,
        8.947368421052632,
        0.0,
        22.61904761904762,
        3.8461538461538463,
        35.61643835616438,
        13.688212927756654,
        3.1578947368421053,
        19.081272084805654,
        21.951219512195124,
        37.82771535580524,
        4.838709677419355,
        0.0,
        75.21739130434783,
        29.87012987012987,
        62.18487394957983,
        29.72972972972973,
        11.428571428571429,
        48.148148148148145,
        0.0,
        10.526315789473683,
        88.63636363636364,
        62.264150943396224,
        83.17757009345794,
        2.5423728813559325,
        51.724137931034484,
        4.62962962962963,
        80.8080808080808,
        40.41095890410959,
        5.185185185185185,
        56.81818181818182,
        14.0625,
        0.0,
        0.8547008547008548,
        65.3409090909091,
        0.0,
        29.11392405063291,
        31.428571428571427,
        0.0,
        0.0,
        87.5,
        33.63636363636363,
        1.9230769230769231,
        74.28571428571429,
        26.923076923076923,
        9.090909090909092,
        36.283185840707965,
        81.48148148148148,
        21.052631578947366,
        20.98765432098765,
        52.46913580246913,
        23.655913978494624,
        33.84615384615385,
        48.35164835164835,
        26.77165354330709,
        58.18181818181818,
        0.0,
        71.91780821917808,
        15.66265060240964,
        48.854961832061065,
        0.0,
        55.4140127388535,
        0.0,
        93.4065934065934,
        82.85714285714286,
        49.122807017543856,
        67.07317073170732,
        3.076923076923077,
        0.0,
        19.753086419753085,
        8.823529411764707,
        47.368421052631575,
        23.076923076923077,
        2.547770700636943,
        69.84126984126983,
        59.33609958506224,
        35.65217391304348,
        0.0,
        3.125,
        3.076923076923077,
        37.5,
        95.3125,
        47.05882352941176,
        0.0,
        66.66666666666666,
        36.26373626373626,
        4.382470119521913,
        43.333333333333336,
        2.7027027027027026,
        72.55813953488372,
        40.98360655737705,
        37.086092715231786,
        50.943396226415096,
        10.756972111553784,
        50.847457627118644,
        4.696132596685083,
        58.43023255813954,
        29.430379746835445,
        2.2271714922048997,
        9.668508287292818,
        5.225653206650831,
        10.559006211180124,
        27.586206896551722,
        19.362745098039216,
        36.0,
        3.64963503649635,
        10.197368421052632,
        61.29032258064516,
        43.07692307692308,
        16.911764705882355,
        46.41744548286604,
        25.15090543259557,
        76.24521072796935,
        0.0,
        44.03669724770643,
        30.666666666666664,
        23.92857142857143,
        26.01279317697228,
        0.0,
        3.594771241830065,
        49.629629629629626,
        0.546448087431694,
        2.112676056338028,
        35.97560975609756,
        0.0,
        78.2051282051282,
        4.3478260869565215,
        5.333333333333334,
        0.0,
        58.3941605839416,
        5.524861878453039,
        23.25581395348837,
        30.985915492957744,
        18.51851851851852,
        0.5617977528089888,
        66.87116564417178,
        0.0,
        7.575757575757576,
        21.455938697318008,
        14.965986394557824,
        0.0,
        44.54545454545455,
        42.857142857142854,
        60.79545454545454,
        29.069767441860467,
        74.46808510638297,
        33.90557939914164,
        82.29166666666666,
        63.44086021505376,
        36.36363636363637,
        69.31818181818183,
        50.81967213114754,
        0.0,
        11.538461538461538,
        60.97560975609756,
        0.0,
        6.481481481481481,
        37.03703703703704,
        62.637362637362635,
