{
    "OA": 78.1154069526259,
    "AA": 48.61015914973025,
    "OOD": 95.6545997571302,
    "NMI": 64.06274698093681,
    "H-score": 64.18502075273305,
    "H3-score": 64.14557993779185,
    "UCR": 67.51703973752204,
    "Recall-all": [
        77.27272727272727,
        54.112554112554115,
        92.19858156028369,
        73.75,
        55.769230769230774,
        59.74025974025974,
        98.7012987012987,
        41.935483870967744,
        82.53968253968253,
        4.022988505747127,
        79.16666666666666,
        79.3103448275862,
        64.05228758169935,
        86.61971830985915,
        43.58974358974359,
        43.57142857142857,
        90.9090909090909,
        76.69172932330827,
        18.796992481203006,
        88.39285714285714,
        89.28571428571429,
        50.0,
        0.0,
        56.451612903225815,
        34.32835820895522,
        0.7633587786259541,
        91.0,
        12.643678160919542,
        15.263157894736842,
        85.83333333333333,
        61.41304347826087,
        49.06542056074766,
        75.4601226993865,
        28.57142857142857,
        26.96629213483146,
        7.8431372549019605,
        3.614457831325301,
        11.34020618556701,
        59.111111111111114,
        31.428571428571427,
        92.5925925925926,
        68.75,
        46.15384615384615,
        67.2,
        42.331288343558285,
        14.15929203539823,
        84.89208633093526,
        83.22580645161291,
        0.23094688221709006,
        70.6896551724138,
        80.95238095238095,
        34.78260869565217,
        87.5,
        34.146341463414636,
        84.61538461538461,
        75.0,
        8.333333333333332,
        20.689655172413794,
        81.13207547169812,
        41.53846153846154,
        20.0,
        47.524752475247524,
        65.21739130434783,
        41.02564102564102,
        38.46153846153847,
        47.05882352941176,
        63.63636363636363,
        12.5,
        1.4925373134328357,
        21.73913043478261,
        54.166666666666664,
        7.092198581560284,
        80.0,
        33.33333333333333,
        24.285714285714285,
        86.95652173913044,
        87.5,
        36.84210526315789,
        21.73913043478261,
        0.0,
        14.285714285714285,
        36.36363636363637,
        84.90566037735849,
        0.5025125628140703,
        93.75,
        80.99173553719008,
        75.70093457943925,
        16.236162361623617,
        51.24999999999999,
        42.857142857142854,
        19.565217391304348,
        37.327188940092164,
        86.4406779661017,
        52.27272727272727,
        19.12350597609562,
        49.26470588235294,
        11.11111111111111,
        46.0,
        71.14093959731544,
        53.125,
        75.96899224806202,
        85.61151079136691,
        1.8691588785046727,
        91.39784946236558,
        21.6,
        9.090909090909092,
        80.99415204678363,
        4.666666666666667,
        0.9615384615384616,
        2.380952380952381,
        63.8095238095238,
        3.061224489795918,
        0.0,
        37.755102040816325,
        38.095238095238095,
        43.66812227074236,
        62.54826254826254,
        83.83838383838383,
        0.0,
        72.28915662650603,
        21.052631578947366,
        0.851063829787234,
        81.91489361702128,
        71.50837988826815,
        56.91056910569105,
        78.87323943661971,
        40.21739130434783,
        2.9850746268656714,
        22.413793103448278,
        82.3076923076923,
        12.903225806451612,
        42.028985507246375,
        63.5,
        12.5,
        73.01587301587301,
        92.91338582677166,
        53.06122448979592,
        15.060240963855422,
        83.87096774193549,
        3.7735849056603774,
        83.84615384615385,
        96.05263157894737,
        88.32116788321169,
        5.47945205479452,
        30.0,
        59.67741935483871,
        29.577464788732392,
        87.32394366197182,
        37.5,
        82.20338983050848,
        95.6545997571302
    ],
    "Closed Set Accuracy": {
        "OA": 79.6990362396438,
        "AA": 80.02099275419515,