{
    "OA": 32.031497937162804,
    "AA": 29.777655695138904,
    "OOD": null,
    "NMI": null,
    "H-score": null,
    "H3-score": null,
    "UCR": 72.54839733417963,
    "Recall-all": [
        60.215053763440864,
        13.88888888888889,
        12.068965517241379,
        11.76470588235294,
        37.215909090909086,
        5.528846153846153,
        28.65853658536585,
        4.761904761904762,
        13.826366559485532,
        0.0,
        26.148409893992934,
        9.803921568627452,
        35.67567567567568,
        30.4,
        7.4074074074074066,
        22.483221476510067,
        19.047619047619047,
        8.51063829787234,
        0.6944444444444444,
        23.4375,
        23.004694835680752,
        3.3333333333333335,
        4.011461318051576,
        45.660377358490564,
        3.861003861003861,
        0.0,
        71.23287671232876,
        9.090909090909092,
        0.0,
        14.705882352941178,
        5.825242718446602,
        15.483870967741936,
        34.93975903614458,
        33.33333333333333,
        58.77192982456141,
        15.909090909090908,
        25.0,
        34.048257372654156,
        22.33502538071066,
        13.333333333333334,
        74.23312883435584,
        10.95890410958904,
        9.118541033434651,
        40.0,
        5.172413793103448,
        9.523809523809524,
        45.0,
        12.82051282051282,
        0.0,
        67.77777777777779,
        63.52941176470588,
        23.364485981308412,
        37.5,
        46.666666666666664,
        58.91089108910891,
        19.26605504587156,
        42.0,
        25.165562913907287,
        20.0,
        43.24324324324324,
        19.172932330827066,
        0.0,
        64.32432432432432,
        36.30573248407643,
        45.0,
        46.15384615384615,
        40.0,
        1.0869565217391304,
        0.0,
        23.076923076923077,
        52.52525252525253,
        3.9215686274509802,
        29.03225806451613,
        22.52747252747253,
        11.855670103092782,
        45.73643410852713,
        51.85185185185185,
        0.0,
        35.13513513513514,
        0.0,
        0.0,
        81.65137614678899,
        82.2429906542056,
        50.0,
        40.476190476190474,
        36.36363636363637,
        63.39869281045751,
        0.5509641873278237,
        36.36363636363637,
        40.54054054054054,
        17.647058823529413,
        12.72365805168986,
        60.0,
        59.00383141762452,
        30.991735537190085,
        52.79503105590062,
        64.28571428571429,
        21.428571428571427,
        39.436619718309856,
        63.13993174061433,
        59.09090909090909,
        33.84615384615385,
        3.389830508474576,
        59.45945945945946,
        4.926108374384237,
        27.27272727272727,
        33.83084577114428,
        5.172413793103448,
        0.0,
        9.090909090909092,
        50.83333333333333,
        11.76470588235294,
        0.0,
        70.0,
        20.0,
        64.70588235294117,
        17.16417910447761,
        79.87012987012987,
        2.054794520547945,
        52.77777777777778,
        42.857142857142854,
        2.0648967551622417,
        40.23668639053255,
        11.864406779661017,
        12.068965517241379,
        68.10344827586206,
        36.440677966101696,
        13.513513513513514,
        24.8,
        54.794520547945204,
        2.73972602739726,
        30.9255079006772,
        37.15596330275229,
        2.6200873362445414,
        28.169014084507044,
        45.0,
        12.903225806451612,
        0.5649717514124294,
        45.51282051282051,
        0.36363636363636365,
        2.380952380952381,
        63.58381502890174,
        53.63128491620112,
        5.555555555555555,
        25.892857142857146,
        34.193548387096776,
        16.923076923076923,
        61.53846153846154,
        31.428571428571427,
        39.43217665615142,
        46.07843137254902,
        45.588235294117645,
        73.04964539007092,
        52.054794520547944,
        10.452961672473867,
        4.301075268817205,
        19.81566820276498,
        15.263157894736842,
        35.13513513513514,
        61.64383561643836,
        42.42424242424242,
        32.432432432432435,
        4.49438202247191,
        4.761904761904762,
        24.054982817869416,
        3.289473684210526,
        33.64485981308411,
        11.714285714285715,
        1.6129032258064515,
        9.523809523809524,
        16.666666666666664,
        64.7887323943662,
        22.62773722627737,
        0.0,
        57.67045454545454,
        15.328467153284672,
        52.27272727272727,
        37.93103448275862,
        20.0,
        10.135135135135135,
        1.3888888888888888,
        12.82051282051282,
        54.629629629629626,
        78.26086956521739,
        24.509803921568626,
        0.0,
        24.731182795698924,
        9.333333333333334,
        46.666666666666664,
        52.702702702702695,
        12.10762331838565,
        13.725490196078432,
        7.216494845360824,
        5.714285714285714,
        29.88505747126437,
        38.63636363636363,
        48.80546075085324,
        23.651452282157674,
        5.8988764044943816,
        4.587155963302752,
        0.0,
        66.8122270742358,
        51.671732522796354,
        0.0,
        58.092485549132945,
        37.05179282868526,
        52.63157894736842,
        25.853658536585368,
        89.13043478260869,
        14.716981132075471,
        53.84615384615385,
        46.15384615384615,
        67.94871794871796,
        69.56521739130434,
        14.035087719298245,
        66.88102893890675,
        54.09836065573771,
        1.5873015873015872,
        71.75324675324676,
        45.27363184079602,
        12.121212121212121,
        3.10077519379845,
        70.04405286343612,
        15.789473684210526,
        76.82403433476395,
        43.18181818181818,
        30.049261083743843,
        31.666666666666664,
        3.125,
        4.838709677419355,
        53.38983050847458,
        13.333333333333334,
        42.5,
        68.57142857142857,
        11.76470588235294,
        56.68449197860963,
        71.83908045977012,
        20.0,
        7.755102040816326,
        34.48275862068966,
        2.5,
        23.684210526315788,
        69.28104575163398,
        64.28571428571429,
        6.976744186046512,
        25.0,
        43.0622009569378,
        51.11111111111111,
        32.58426966292135,
        2.857142857142857,
        47.77327935222672,
        44.18604651162791,
        29.545454545454547,
        45.05494505494506,
        4.444444444444445,
        59.07473309608541,
        0.0,
        49.46808510638298,
        63.0901287553648,
        15.934065934065933,
        20.72072072072072,
        5.194805194805195,
        9.230769230769232,
        42.30769230769231,
        58.46153846153847,
        2.4193548387096775,
        9.090909090909092,
        30.18867924528302,
        34.52914798206278,
        15.932203389830507,
        5.405405405405405,
        13.978494623655912,
        43.48837209302325,
        57.04225352112676,
        5.0,
        26.08695652173913,
        37.5,
        25.333333333333336,
        68.18181818181817,
        2.857142857142857,
        2.922077922077922,
        57.294429708222815,
        0.0,
        2.083333333333333,
        28.000000000000004,
        0.0,
        46.96969696969697,
        11.11111111111111,
        21.818181818181817,
        0.0,
        72.41379310344827,
        2.9315960912052117,
        40.476190476190474,
        46.42857142857143,
        23.232323232323232,
        0.40650406504065045,
        53.813559322033896,
        1.3157894736842104,
        12.676056338028168,
        7.281553398058252,
        0.0,
        1.4285714285714286,
        47.58364312267658,
        45.3125,
        67.9245283018868,
        32.35294117647059,
        83.33333333333334,
        5.154639175257731,
