{
    "OA": 75.61686766105998,
    "AA": 46.23419242437299,
    "OOD": 95.94159775801819,
    "NMI": 68.53397081229535,
    "H-score": 62.09561500171954,
    "H3-score": 64.10438007594578,
    "UCR": 68.81775197825156,
    "Recall-all": [
        81.72043010752688,
        21.52777777777778,
        12.068965517241379,
        25.49019607843137,
        56.25,
        17.067307692307693,
        45.73170731707317,
        7.6190476190476195,
        39.549839228295816,
        1.3559322033898304,
        46.28975265017668,
        14.37908496732026,
        67.02702702702703,
        50.8,
        11.11111111111111,
        46.308724832214764,
        32.142857142857146,
        12.76595744680851,
        1.7361111111111112,
        57.291666666666664,
        34.27230046948357,
        26.666666666666668,
        38.108882521489974,
        70.56603773584905,
        8.108108108108109,
        3.125,
        84.93150684931507,
        36.36363636363637,
        0.8620689655172413,
        47.794117647058826,
        9.70873786407767,
        49.03225806451613,
        53.01204819277109,
        66.66666666666666,
        76.31578947368422,
        43.18181818181818,
        57.14285714285714,
        57.37265415549599,
        31.472081218274113,
        28.57142857142857,
        85.88957055214725,
        25.570776255707763,
        29.78723404255319,
        61.42857142857143,
        12.068965517241379,
        16.666666666666664,
        65.0,
        46.15384615384615,
        0.0,
        84.81481481481481,
        90.58823529411765,
        46.728971962616825,
        37.5,
        70.0,
        73.26732673267327,
        44.03669724770643,
        56.00000000000001,
        50.331125827814574,
        39.44444444444444,
        64.86486486486487,
        45.86466165413533,
        12.903225806451612,
        77.83783783783784,
        57.961783439490446,
        84.58333333333333,
        61.53846153846154,
        75.45454545454545,
        4.3478260869565215,
        2.7777777777777777,
        56.41025641025641,
        77.77777777777779,
        10.294117647058822,
        45.16129032258064,
        50.54945054945055,
        37.11340206185567,
        70.54263565891473,
        64.81481481481481,
        9.090909090909092,
        45.94594594594595,
        0.0,
        11.11111111111111,
        94.4954128440367,
        92.5233644859813,
        91.66666666666666,
        59.523809523809526,
        49.09090909090909,
        75.81699346405229,
        8.264462809917356,
        45.45454545454545,
        62.16216216216216,
        47.05882352941176,
        65.60636182902584,
        84.64285714285714,
        83.14176245210729,
        59.917355371900825,
        86.33540372670807,
        88.77551020408163,
        21.428571428571427,
        54.929577464788736,
        86.00682593856655,
        66.66666666666666,
        47.69230769230769,
        6.779661016949152,
        89.86486486486487,
        26.108374384236456,
        54.54545454545454,
        59.20398009950249,
        5.172413793103448,
        21.428571428571427,
        18.181818181818183,
        62.916666666666664,
        20.588235294117645,
        2.564102564102564,
        75.0,
        50.0,
        76.89075630252101,
        43.28358208955223,
        93.5064935064935,
        2.3972602739726026,
        70.13888888888889,
        57.14285714285714,
        26.548672566371685,
        62.721893491124256,
        42.3728813559322,
        20.689655172413794,
        93.10344827586206,
        42.3728813559322,
        41.21621621621622,
        39.2,
        86.3013698630137,
        10.95890410958904,
        41.534988713318285,
        61.92660550458715,
        5.240174672489083,
        64.7887323943662,
        74.0,
        35.483870967741936,
        2.2598870056497176,
        64.74358974358975,
        2.181818181818182,
        3.968253968253968,
        82.65895953757226,
        67.59776536312849,
        11.11111111111111,
        59.82142857142857,
        38.70967741935484,
        27.692307692307693,
        84.89010989010988,
        42.857142857142854,
        67.82334384858044,
        95.94159775801819
    ],
    "Closed Set Accuracy": {
        "OA": 79.34272300469483,
        "AA": 77.56962469733314,