{
    "OA": 69.02518002996472,
    "AA": 40.776218760989764,
    "OOD": 97.37782475212643,
    "NMI": 70.71491972096287,
    "H-score": 57.10582420539442,
    "H3-score": 61.02173275166145,
    "UCR": 67.00556274799682,
    "Recall-all": [
        70.96774193548387,
        20.13888888888889,
        15.517241379310345,
        17.647058823529413,
        50.28409090909091,
        13.461538461538462,
        38.41463414634146,
        5.714285714285714,
        34.726688102893895,
        0.6779661016949152,
        40.282685512367486,
        14.37908496732026,
        60.0,
        45.2,
        8.88888888888889,
        40.26845637583892,
        29.761904761904763,
        11.702127659574469,
        1.0416666666666665,
        44.79166666666667,
        28.638497652582164,
        20.0,
        19.484240687679083,
        59.62264150943396,
        7.335907335907336,
        0.0,
        83.56164383561644,
        18.181818181818183,
        0.0,
        36.76470588235294,
        9.70873786407767,
        50.32258064516129,
        54.21686746987952,
        55.55555555555556,
        73.68421052631578,
        27.27272727272727,
        53.57142857142857,
        47.45308310991957,
        26.903553299492383,
        22.857142857142858,
        83.43558282208589,
        20.54794520547945,
        24.620060790273556,
        52.85714285714286,
        8.620689655172415,
        16.666666666666664,
        65.0,
        43.58974358974359,
        0.0,
        82.5925925925926,
        90.58823529411765,
        34.57943925233645,
        37.5,
        50.0,
        69.80198019801979,
        37.61467889908257,
        50.0,
        42.384105960264904,
        30.555555555555557,
        56.75675675675676,
        37.59398496240601,
        9.67741935483871,
        72.97297297297297,
        54.14012738853503,
        75.0,
        57.692307692307686,
        72.72727272727273,
        1.0869565217391304,
        2.7777777777777777,
        41.02564102564102,
        70.70707070707071,
        7.352941176470589,
        40.32258064516129,
        38.46153846153847,
        28.350515463917525,
        62.01550387596899,
        64.81481481481481,
        0.0,
        43.24324324324324,
        0.0,
        5.555555555555555,
        90.82568807339449,
        85.98130841121495,
        75.0,
        54.761904761904766,
        43.63636363636363,
        71.24183006535948,
        5.234159779614325,
        36.36363636363637,
        59.45945945945946,
        40.0,
        60.63618290258449,
        73.21428571428571,
        78.544061302682,
        52.066115702479344,
        75.15527950310559,
        85.71428571428571,
        21.428571428571427,
        50.0,
        80.54607508532423,
        60.60606060606061,
        43.84615384615385,
        5.084745762711865,
        84.45945945945947,
        18.226600985221676,
        36.36363636363637,
        47.76119402985074,
        5.172413793103448,
        7.142857142857142,
        9.090909090909092,
        62.5,
        14.705882352941178,
        0.0,
        75.0,
        40.0,
        74.78991596638656,
        30.597014925373134,
        92.85714285714286,
        2.054794520547945,
        65.27777777777779,
        57.14285714285714,
        20.943952802359885,
        49.70414201183432,
        33.89830508474576,
        20.689655172413794,
        91.37931034482759,
        40.67796610169492,
        29.054054054054053,
        37.6,
        82.1917808219178,
        5.47945205479452,
        38.1489841986456,
        57.3394495412844,
        4.366812227074235,
        58.45070422535211,
        62.0,
        16.129032258064516,
        1.1299435028248588,
        55.12820512820513,
        1.090909090909091,
        3.968253968253968,
        78.61271676300578,
        60.893854748603346,
        11.11111111111111,
        48.214285714285715,
        40.0,
        24.615384615384617,
        79.94505494505495,
        37.142857142857146,
        55.20504731861199,
        97.37782475212643
    ],
    "Closed Set Accuracy": {
        "OA": 77.87849207455957,
        "AA": 76.16921264260776,