{
    "OA": 44.85683987274655,
    "AA": 46.01512427080733,
    "OOD": null,
    "NMI": null,
    "H-score": null,
    "H3-score": null,
    "UCR": 84.10448177708322,
    "Recall-all": [
        95.6043956043956,
        30.263157894736842,
        32.417582417582416,
        83.4862385321101,
        61.904761904761905,
        32.25806451612903,
        92.4812030075188,
        74.56896551724138,
        91.8918918918919,
        0.0,
        69.65065502183407,
        59.55056179775281,
        46.25407166123778,
        80.55555555555556,
        17.88321167883212,
        61.00917431192661,
        95.0,
        83.54430379746836,
        13.915857605177994,
        47.27272727272727,
        94.02390438247012,
        77.5623268698061,
        7.35632183908046,
        59.41320293398533,
        33.988212180746565,
        58.498023715415016,
        79.6774193548387,
        44.251626898047725,
        21.69197396963124,
        55.57809330628803,
        89.568345323741,
        25.268817204301076,
        81.37254901960785,
        8.060453400503778,
        24.8046875,
        9.63855421686747,
        13.926940639269406,
        21.67487684729064,
        69.16666666666667,
        83.13253012048193,
        69.87951807228916,
        56.05786618444847,
        43.09701492537313,
        45.87737843551797,
        40.723981900452486,
        48.90829694323144,
        82.23234624145786,
        53.74280230326296,
        9.523809523809524,
        59.909909909909906,
        12.82608695652174,
        19.521178637200737,
        56.32183908045977,
        87.8048780487805,
        69.41176470588235,
        42.51497005988024,
        28.235294117647058,
        42.26190476190476,
        16.129032258064516,
        66.66666666666666,
        35.30612244897959,
        1.2722646310432568,
        3.0534351145038165,
        7.127882599580712,
        1.9748653500897666,
        22.516556291390728,
        54.45859872611465,
        1.3736263736263736,
        25.892857142857146,
        62.909090909090914,
        64.66809421841542,
        2.3952095808383236,
        78.92857142857143,
        55.690072639225185,
        33.6283185840708,
        18.055555555555554,
        23.563218390804597,
        22.8,
        67.58474576271186,
        62.73972602739726,
        6.190476190476191,
        12.20159151193634,
        63.030303030303024,
        0.2840909090909091,
        90.38076152304609,
        76.69902912621359,
        97.05215419501134,
        3.488372093023256,
        49.87012987012987,
        73.93767705382436,
        11.89873417721519,
        14.495412844036698,
        77.77777777777779,
        68.70748299319727,
        50.0,
        45.6973293768546,
        5.555555555555555,
        44.08060453400503,
        84.75836431226766,
        39.50177935943061,
        83.5820895522388,
        52.30125523012552,
        17.51824817518248,
        79.78142076502732,
        28.16593886462882,
        15.789473684210526,
        21.052631578947366,
        40.085287846481876,
        0.6185567010309279,
        68.40390879478826,
        46.865671641791046,
        17.690875232774676,
        3.248259860788863,
        69.59798994974874,
        37.01431492842536,
        68.78453038674033,
        25.225225225225223,
        64.13043478260869,
        56.875,
        74.51523545706371,
        90.69767441860465,
        0.0,
        55.42635658914728,
        14.21188630490956,
        39.74895397489539,
        68.23308270676691,
        82.79569892473118,
        14.912280701754385,
        52.054794520547944,
        68.93203883495146,
        14.138817480719796,
        96.41873278236915,
        53.24165029469549,
        11.284046692607005,
        49.77168949771689,
        60.86956521739131,
        41.94915254237288,
        1.10803324099723,
        61.07382550335571,
        5.978260869565218,
        60.629921259842526,
        92.50493096646942,
        68.98395721925134,
        17.59259259259259,
        24.31077694235589,
        61.53846153846154,
        77.68924302788844,
        46.00484261501211,
        10.129310344827585,
        47.43083003952569
    ],
    "Closed Set Accuracy": {
        "OA": 84.10448177708322,
        "AA": 84.31104082381695,