{
    "OA": 30.82354807997461,
    "AA": 28.288809647436285,
    "OOD": null,
    "NMI": null,
    "H-score": null,
    "H3-score": null,
    "UCR": 71.56458267216756,
    "Recall-all": [
        77.41935483870968,
        27.083333333333332,
        31.03448275862069,
        21.568627450980394,
        31.25,
        35.09615384615385,
        37.19512195121951,
        4.761904761904762,
        31.189710610932476,
        0.3389830508474576,
        47.349823321554766,
        10.457516339869281,
        2.1621621621621623,
        43.2,
        3.7037037037037033,
        48.322147651006716,
        36.904761904761905,
        26.595744680851062,
        0.0,
        45.3125,
        37.08920187793427,
        36.666666666666664,
        15.759312320916905,
        33.20754716981132,
        13.8996138996139,
        0.0,
        72.6027397260274,
        36.36363636363637,
        7.758620689655173,
        25.735294117647058,
        9.70873786407767,
        23.225806451612904,
        54.21686746987952,
        66.66666666666666,
        42.10526315789473,
        0.0,
        10.714285714285714,
        7.506702412868632,
        20.304568527918782,
        32.38095238095238,
        63.190184049079754,
        13.24200913242009,
        20.060790273556233,
        44.285714285714285,
        8.620689655172415,
        7.142857142857142,
        32.5,
        8.974358974358974,
        6.521739130434782,
        51.11111111111111,
        15.294117647058824,
        14.018691588785046,
        25.0,
        16.666666666666664,
        31.683168316831683,
        38.53211009174312,
        26.0,
        3.3112582781456954,
        21.666666666666668,
        29.72972972972973,
        9.022556390977442,
        0.0,
        11.891891891891893,
        11.464968152866243,
        6.666666666666667,
        11.538461538461538,
        36.36363636363637,
        0.0,
        0.0,
        2.564102564102564,
        47.474747474747474,
        0.0,
        32.25806451612903,
        6.593406593406594,
        31.958762886597935,
        26.356589147286826,
        29.629629629629626,
        0.0,
        35.13513513513514,
        0.0,
        0.0,
        44.95412844036697,
        79.43925233644859,
        0.0,
        53.57142857142857,
        34.54545454545455,
        83.66013071895425,
        2.7548209366391188,
        36.36363636363637,
        33.78378378378378,
        1.1764705882352942,
        42.94234592445328,
        51.78571428571429,
        49.042145593869726,
        12.396694214876034,
        10.559006211180124,
        17.346938775510203,
        0.0,
        48.59154929577465,
        23.549488054607508,
        69.6969696969697,
        40.0,
        3.389830508474576,
        60.810810810810814,
        3.4482758620689653,
        27.27272727272727,
        37.3134328358209,
        3.4482758620689653,
        0.0,
        9.090909090909092,
        34.583333333333336,
        0.0,
        0.0,
        65.0,
        0.0,
        57.98319327731093,
        14.55223880597015,
        66.23376623376623,
        1.0273972602739725,
        49.30555555555556,
        57.14285714285714,
        0.5899705014749262,
        12.42603550295858,
        8.47457627118644,
        8.620689655172415,
        57.758620689655174,
        36.440677966101696,
        1.3513513513513513,
        13.600000000000001,
        57.534246575342465,
        2.73972602739726,
        48.081264108352144,
        22.477064220183486,
        5.240174672489083,
        27.464788732394368,
        50.0,
        6.451612903225806,
        0.0,
        14.743589743589745,
        0.0,
        10.317460317460316,
        73.98843930635837,
        45.2513966480447,
        0.0,
        5.357142857142857,
        24.516129032258064,
        21.53846153846154,
        57.692307692307686,
        0.0,
        14.511041009463725,
        45.09803921568628,
        40.44117647058824,
        55.319148936170215,
        19.17808219178082,
        8.362369337979095,
        9.67741935483871,
        27.188940092165897,
        2.631578947368421,
        27.027027027027028,
        51.369863013698634,
        43.93939393939394,
        31.66023166023166,
        6.741573033707865,
        4.761904761904762,
        22.68041237113402,
        5.263157894736842,
        5.607476635514018,
        9.142857142857142,
        2.4193548387096775,
        13.690476190476192,
        16.666666666666664,
        59.154929577464785,
        0.7299270072992701,
        0.0,
        61.93181818181818,
        42.33576642335766,
        60.22727272727273,
        27.011494252873565,
        21.428571428571427,
        15.878378378378377,
        0.0,
        2.564102564102564,
        53.70370370370371,
        40.57971014492754,
        29.411764705882355,
        0.0,
        21.14695340501792,
        9.777777777777779,
        44.44444444444444,
        37.83783783783784,
        21.973094170403588,
        16.013071895424837,
        6.529209621993128,
        5.714285714285714,
        0.7662835249042145,
        53.97727272727273,
        0.0,
        19.91701244813278,
        5.337078651685393,
        18.04281345565749,
        0.0,
        57.64192139737992,
        50.15197568389058,
        14.285714285714285,
        54.04624277456648,
        5.577689243027888,
        23.684210526315788,
        8.536585365853659,
        81.52173913043478,
        2.2641509433962264,
        26.923076923076923,
        26.373626373626376,
        47.008547008547005,
        39.130434782608695,
        19.298245614035086,
        58.520900321543415,
        57.377049180327866,
        0.0,
        60.3896103896104,
        44.776119402985074,
        28.28282828282828,
        0.0,
        67.40088105726872,
        0.0,
        66.52360515021459,
        62.5,
        26.60098522167488,
        45.0,
        10.817307692307693,
        0.0,
        45.76271186440678,
        8.333333333333332,
        30.0,
        52.85714285714286,
        8.823529411764707,
        22.994652406417114,
        79.88505747126436,
        20.0,
        3.6734693877551026,
        15.517241379310345,
        2.5,
        9.210526315789473,
        80.3921568627451,
        61.904761904761905,
        14.987080103359174,
        9.615384615384617,
        44.49760765550239,
        52.888888888888886,
        26.96629213483146,
        2.857142857142857,
        61.53846153846154,
        72.09302325581395,
        31.818181818181817,
        70.32967032967034,
        11.11111111111111,
        88.25622775800713,
        21.238938053097346,
        71.27659574468085,
        71.67381974248927,
        8.791208791208792,
        24.324324324324326,
        2.5974025974025974,
        36.92307692307693,
        51.92307692307693,
        50.0,
        19.35483870967742,
        9.090909090909092,
        16.9811320754717,
        60.98654708520179,
        43.050847457627114,
        16.216216216216218,
        53.2258064516129,
        80.0,
        65.49295774647888,
        5.0,
        42.028985507246375,
        42.64705882352941,
        24.0,
        77.27272727272727,
        0.0,
        0.974025974025974,
        63.395225464190986,
        0.0,
        8.333333333333332,
        40.0,
        20.0,
        46.96969696969697,
        11.11111111111111,
        16.363636363636363,
        0.0,
        72.79693486590038,
        4.234527687296417,
        35.714285714285715,
        32.142857142857146,
        15.151515151515152,
        10.16260162601626,
        50.847457627118644,
        0.0,
        8.450704225352112,
        8.737864077669903,
        40.0,
        0.0,
        50.18587360594795,
        23.958333333333336,
        71.69811320754717,
        26.47058823529412,
        83.33333333333334,
        12.371134020618557,
        76.36363636363637,
        76.85185185185185,
        93.07692307692308,
        82.37288135593221,
        30.555555555555557,
