{
    "OA": 80.93229450978447,
    "AA": 65.88175417270239,
    "OOD": 93.6222172585809,
    "NMI": 82.79849433955954,
    "H-score": 77.21165444601866,
    "H3-score": 78.98959577728516,
    "UCR": 80.14981496514879,
    "Recall-all": [
        98.53479853479854,
        78.94736842105263,
        55.494505494505496,
        91.74311926605505,
        80.95238095238095,
        63.54838709677419,
        96.61654135338345,
        88.79310344827587,
        94.5945945945946,
        6.707317073170732,
        82.75109170305677,
        74.15730337078652,
        88.27361563517914,
        91.66666666666666,
        63.138686131386855,
        84.40366972477065,
        98.33333333333333,
        94.9367088607595,
        36.56957928802589,
        70.9090909090909,
        99.20318725099602,
        93.90581717451524,
        66.4367816091954,
        88.26405867970661,
        60.314341846758346,
        84.98023715415019,
        90.0,
        56.83297180043384,
        35.791757049891544,
        78.29614604462475,
        95.32374100719424,
        43.36917562724014,
        89.2156862745098,
        8.060453400503778,
        34.5703125,
        32.53012048192771,
        21.91780821917808,
        35.960591133004925,
        86.11111111111111,
        91.56626506024097,
        77.71084337349397,
        71.24773960216999,
        64.36567164179104,
        60.25369978858352,
        69.90950226244344,
        68.5589519650655,
        93.84965831435079,
        79.65451055662189,
        38.095238095238095,
        86.71171171171171,
        42.82608695652174,
        39.963167587476974,
        75.09578544061303,
        94.3089430894309,
        80.29411764705883,
        75.44910179640718,
        48.23529411764706,
        58.63095238095239,
        30.184331797235025,
        80.67632850241546,
        65.3061224489796,
        21.119592875318066,
        26.463104325699742,
        48.84696016771489,
        27.648114901256733,
        29.13907284768212,
        92.35668789808918,
        25.82417582417583,
        59.375,
        88.0,
        83.5117773019272,
        12.574850299401197,
        90.0,
        75.06053268765133,
        70.35398230088495,
        17.59259259259259,
        58.04597701149425,
        60.4,
        83.05084745762711,
        84.10958904109589,
        40.23809523809524,
        42.97082228116711,
        84.24242424242424,
        17.897727272727273,
        95.99198396793587,
        79.6116504854369,
        99.77324263038548,
        43.02325581395349,
        71.68831168831169,
        88.95184135977338,
        39.49367088607595,
        56.69724770642202,
        94.07407407407408,
        90.02267573696146,
        68.65079365079364,
        69.13946587537092,
        20.98765432098765,
        55.91939546599496,
        96.09665427509294,
        80.78291814946618,
        93.03482587064677,
        68.20083682008368,
        27.37226277372263,
        94.71766848816029,
        50.87336244541485,
        42.10526315789473,
        45.89473684210526,
        74.84008528784648,
        4.536082474226804,
        69.38110749185668,
        63.28358208955224,
        41.340782122905026,
        12.064965197215777,
        88.94472361809045,
        65.84867075664621,
        88.39779005524862,
        63.66366366366366,
        86.41304347826086,
        83.125,
        90.02770083102493,
        95.34883720930233,
        7.630522088353414,
        68.9922480620155,
        49.6124031007752,
        66.94560669456067,
        90.78947368421053,
        94.98207885304659,
        44.73684210526316,
        73.42465753424658,
        88.3495145631068,
        28.277634961439592,
        98.62258953168043,
        81.33595284872298,
        45.13618677042802,
        81.7351598173516,
        84.39897698209718,
        56.779661016949156,
        3.8781163434903045,
        78.74720357941834,
        17.119565217391305,
        77.69028871391076,
        97.43589743589743,
        88.23529411764706,
        63.657407407407405,
        48.370927318295735,
        71.15384615384616,
        83.66533864541833,
        72.39709443099274,
        31.25,
        84.98023715415019,
        93.6222172585809
    ],
    "Closed Set Accuracy": {
        "OA": 88.75183717512233,
        "AA": 89.04788909776144,