{
    "OA": 67.28894345345562,
    "AA": 53.92320463427118,
    "OOD": 99.37145020825446,
    "NMI": 79.20274461798877,
    "H-score": 63.212838685394736,
    "H3-score": 67.77513025482024,
    "Recall-all": [
        42.567196928140426,
        51.07913669064749,
        71.42857142857143,
        1.5767714642822803,
        71.58388403325517,
        39.855421686746986,
        99.37145020825446
    ],
    "Closed Set Accuracy": {
        "OA": 93.77113672441162,
        "AA": 96.28924583468486,
        "Recall-all": [
            99.69829950630829,
            98.18705035971223,
            97.16417910447761,
            85.22257475242765,
            99.68023875506289,
            97.78313253012048
        ]
    },
    "OSR Accuracy": {
        "TNR": 45.48277167739493,
        "AUROC": 91.16973826701992,
        "DTACC": 85.1784863415558,
        "AUIN": 93.09444417466692,
        "AUOUT": 86.85322058410829,
        "OSCR": 86.18583967223252,
        "AUPR": 86.85697418722765
    }
}