{
    "OA": 43.949029067076,
    "AA": 35.45767705217588,
    "OOD": 99.61044343141317,
    "NMI": 84.91713401937025,
    "H-score": 39.66822633671417,
    "H3-score": 48.23764032589166,
    "Recall-all": [
        13.21996708721887,
        4.316546762589928,
        59.296375266524514,
        0.03845784059225075,
        42.613515241952676,
        29.10843373493976,
        99.61044343141317
    ],
    "Closed Set Accuracy": {
        "OA": 91.3727655462765,
        "AA": 94.5385183382549,
        "Recall-all": [
            99.56116291826659,
            94.82014388489208,
            96.48187633262259,
            80.38650129795212,
            99.40311234278406,
            96.57831325301206
        ]
    },
    "OSR Accuracy": {
        "TNR": 37.289680895151264,
        "AUROC": 88.1598281240378,
        "DTACC": 81.55905474627751,
        "AUIN": 94.87804652664191,
        "AUOUT": 70.99731905297733,
        "OSCR": 81.66398751648849,
        "AUPR": 71.00517051207163
    }
}