{
    "OA": 67.28894345345562,
    "AA": 53.92320463427118,
    "OOD": 99.37145020825446,
    "NMI": 79.20274461798877,
    "H-score": 63.212838685394736,
    "H3-score": 67.77513025482024,
    "Recall-all": [
        42.567196928140426,
        51.07913669064749,
        71.42857142857143,
        1.5767714642822803,
        71.58388403325517,
        39.855421686746986,
        99.37145020825446
    ],
    "Closed Set Accuracy": {
        "OA": 93.77458761819312,
        "AA": 96.29084824470952,
        "Recall-all": [
            99.69829950630829,
            98.18705035971223,
            97.16417910447761,
            85.23218921257572,
            99.68023875506289,
            97.78313253012048
        ]
    },
    "OSR Accuracy": {
        "TNR": 45.505490344566454,
        "AUROC": 91.17023741182287,
        "DTACC": 85.18004401307299,
        "AUIN": 93.09461046188736,
        "AUOUT": 86.8551143314558,
        "OSCR": 86.18960978348848,
        "AUPR": 86.85886476243692
    }
}