{
    "OA": 47.87470300150318,
    "AA": 0.6652756357918291,
    "OOD": 100.0,
    "NMI": 85.66138305673925,
    "H-score": 0.006088033852268713,
    "H3-score": 0.012131356763142047,
    "Recall-all": [
        0.0,
        0.0,
        0.0,
        0.0,
        0.0,
        0.0,
        0.0,
        0.0,
        0.0,
        0.0,
        0.0,
        0.0,
        0.0,
        0.0,
        0.0,
        0.0,
        0.0,
        0.0,
        0.0,
        0.0,
        0.0,
        0.0,
        0.0,
        0.0,
        0.0,
        0.0,
        0.0,
        0.0,
        0.0,
        0.0,
        0.0,
        0.0,
        0.0,
        0.0,
        0.0,
        0.0,
        0.45662100456621,
        0.0,
        0.0,
        0.0,
        0.0,
        0.0,
        0.0,
        0.0,
        0.0,
        0.0,
        0.0,
        0.0,
        0.0,
        0.0,
        0.0,
        0.0,
        0.0,
        0.0,
        0.0,
        0.0,
        0.0,
        0.0,
        0.0,
        0.0,
        0.0,
        0.0,
        0.0,
        0.0,
        0.0,
        0.0,
        0.0,
        0.0,
        0.0,
        0.0,
        0.0,
        0.0,
        0.0,
        0.0,
        0.0,
        0.0,
        0.0,
        0.0,
        0.0,
        0.0,
        0.0,
        0.0,
        0.0,
        0.0,
        0.0,
        0.0,
        0.0,
        0.0,
        0.0,
        0.0,
        0.0,
        0.0,
        0.0,
        0.0,
        0.0,
        0.0,
        0.0,
        0.0,
        0.0,
        0.0,
        0.0,
        0.0,
        0.0,
        0.0,
        0.0,
        0.0,
        0.0,
        0.0,
        0.0,
        0.0,
        0.0,
        0.0,
        0.0,
        0.0,
        0.0,
        0.0,
        0.0,
        0.0,
        0.0,
        0.0,
        0.0,
        0.0,
        0.0,
        0.0,
        0.0,
        0.0,
        0.0,
        0.0,
        0.0,
        0.0,
        0.0,
        0.0,
        0.0,
        0.0,
        0.0,
        0.0,
        0.0,
        0.0,
        0.0,
        0.0,
        0.0,
        0.0,
        0.0,
        0.0,
        0.0,
        0.0,
        0.0,
        0.0,
        0.0,
        0.0,
        100.0
    ],
    "Closed Set Accuracy": {
        "OA": 90.93412215586687,
        "AA": 90.7952026317998,
        "Recall-all": [
            99.63369963369964,
            94.07894736842105,
            90.38461538461539,
            98.62385321100918,
            100.0,
            98.38709677419355,
            99.24812030075188,
            98.70689655172413,
            100.0,
            34.756097560975604,
            98.68995633187772,
            89.8876404494382,
            99.0228013029316,
            98.33333333333333,
            91.97080291970804,
            95.41284403669725,
            98.33333333333333,
            97.46835443037975,
            95.14563106796116,
            98.18181818181819,
            99.60159362549801,
            95.01385041551247,
            92.18390804597702,
            97.55501222493888,
            84.28290766208252,
            95.65217391304348,
            96.45161290322581,
            71.58351409978309,
            67.67895878524945,
            95.33468559837728,
            98.20143884892086,
            83.87096774193549,
            69.11764705882352,
            91.183879093199,
            89.2578125,
            76.10441767068274,
            70.54794520547945,
            67.24137931034483,
            96.66666666666667,
            91.76706827309236,
            86.54618473895582,
            87.70343580470163,
            85.63432835820896,
            99.15433403805497,
            88.23529411764706,
            90.82969432314411,
            99.08883826879271,
            98.2725527831094,
            71.42857142857143,
            98.42342342342343,
            92.3913043478261,
            80.84714548802947,
            97.31800766283524,
            99.1869918699187,
            97.94117647058823,
            96.10778443113772,
            74.11764705882354,
            95.53571428571429,
            93.08755760368663,
            93.23671497584542,
            99.18367346938776,
            96.94656488549617,
            96.94656488549617,
            92.66247379454927,
            93.35727109515261,
            99.33774834437085,
            99.04458598726114,
            87.63736263736264,
            96.875,
            97.0909090909091,
            96.57387580299786,
            79.04191616766467,
            97.5,
            83.7772397094431,
            92.47787610619469,
            60.18518518518518,
            95.40229885057471,
            67.60000000000001,
            94.91525423728814,
            76.16438356164383,
            95.0,
            98.40848806366049,
            98.58585858585859,
            88.92045454545455,
            99.19839679358718,
            94.1747572815534,
            100.0,
            53.48837209302325,
            91.16883116883116,
            98.86685552407933,
            88.86075949367088,
            92.29357798165138,
            97.53086419753086,
            95.91836734693877,
            90.47619047619048,
            94.3620178041543,
            100.0,
            90.42821158690177,
            99.62825278810409,
            96.44128113879003,
            98.75621890547264,
            89.5397489539749,
            59.12408759124088,
            98.54280510018215,
            97.16157205240175,
            81.37651821862349,
            74.94736842105263,
            99.14712153518124,
            63.50515463917525,
            64.82084690553745,
            89.55223880597015,
            93.66852886405958,
            45.707656612529,
            97.73869346733667,
            98.56850715746421,
            95.85635359116023,
            93.09309309309309,
            98.6413043478261,
            98.125,
            99.7229916897507,
            99.4186046511628,
            95.58232931726907,
            98.06201550387597,
            82.17054263565892,
            93.72384937238493,
            97.74436090225564,
            98.9247311827957,
            89.82456140350877,
            96.16438356164385,
            98.54368932038835,
            73.52185089974293,
            98.89807162534436,
            96.07072691552064,
            92.60700389105058,
            98.40182648401826,
            92.32736572890026,
            81.35593220338984,
            59.0027700831025,
            96.64429530201343,
            92.11956521739131,
            98.9501312335958,
            99.40828402366864,
            99.10873440285205,
            96.75925925925925,
            82.95739348370927,
            86.92307692307692,
            94.02390438247012,
            98.30508474576271,
            97.41379310344827,
            99.60474308300395
        ]
    },
    "OSR Accuracy": {
        "TNR": 30.75318045539259,
        "AUROC": 86.93754447363189,
        "DTACC": 80.67972358205682,
        "AUIN": 89.60415457441893,
        "AUOUT": 80.67966833816027,
        "OSCR": 78.97571281318388,
        "AUPR": 80.68571253037948
    }
}