{
    "OA": 55.545630489802,
    "AA": 0.6670900238894434,
    "OOD": 100.0,
    "NMI": 82.79849433955954,
    "H-score": 0.009740676258929517,
    "H3-score": 0.01760958981397065,
    "Recall-all": [
        0.0,
        0.0,
        0.0,
        0.0,
        0.0,
        0.0,
        0.0,
        0.0,
        0.0,
        0.0,
        0.0,
        0.0,
        0.0,
        0.0,
        0.0,
        0.0,
        0.0,
        0.0,
        0.0,
        0.0,
        0.0,
        0.0,
        0.0,
        0.0,
        0.0,
        0.0,
        0.0,
        0.0,
        0.0,
        0.0,
        0.0,
        0.0,
        0.0,
        0.0,
        0.0,
        0.0,
        0.45662100456621,
        0.0,
        0.0,
        0.0,
        0.0,
        0.0,
        0.0,
        0.0,
        0.0,
        0.0,
        0.0,
        0.0,
        0.0,
        0.0,
        0.0,
        0.0,
        0.0,
        0.0,
        0.0,
        0.0,
        0.0,
        0.0,
        0.0,
        0.0,
        0.0,
        0.0,
        0.0,
        0.0,
        0.0,
        0.0,
        0.0,
        0.0,
        0.0,
        0.0,
        0.0,
        0.0,
        0.0,
        0.0,
        0.0,
        0.0,
        0.0,
        0.0,
        0.0,
        0.0,
        0.0,
        0.0,
        0.0,
        0.0,
        0.0,
        0.0,
        0.0,
        0.0,
        0.0,
        0.0,
        0.0,
        0.0,
        0.0,
        0.0,
        0.0,
        0.0,
        0.0,
        0.0,
        0.0,
        0.0,
        0.0,
        0.0,
        0.0,
        0.0,
        0.0,
        0.0,
        0.0,
        0.0,
        0.0,
        0.0,
        0.0,
        0.0,
        0.0,
        0.0,
        0.0,
        0.0,
        0.0,
        0.0,
        0.0,
        0.0,
        0.0,
        0.0,
        0.0,
        0.0,
        0.0,
        0.0,
        0.0,
        0.0,
        0.273972602739726,
        0.0,
        0.0,
        0.0,
        0.0,
        0.0,
        0.0,
        0.0,
        0.0,
        0.0,
        0.0,
        0.0,
        0.0,
        0.0,
        0.0,
        0.0,
        0.0,
        0.0,
        0.0,
        0.0,
        0.0,
        0.0,
        100.0
    ],
    "Closed Set Accuracy": {
        "OA": 92.15270413573701,
        "AA": 92.04816516402138,
        "Recall-all": [
            99.63369963369964,
            95.39473684210526,
            90.38461538461539,
            98.62385321100918,
            100.0,
            98.70967741935483,
            99.62406015037594,
            98.70689655172413,
            100.0,
            35.36585365853659,
            98.47161572052401,
            89.8876404494382,
            99.3485342019544,
            99.44444444444444,
            92.7007299270073,
            97.70642201834863,
            98.33333333333333,
            97.46835443037975,
            95.14563106796116,
            98.18181818181819,
            99.60159362549801,
            96.95290858725761,
            95.86206896551724,
            98.0440097799511,
            86.05108055009823,
            95.65217391304348,
            97.09677419354838,
            73.7527114967462,
            67.89587852494577,
            95.94320486815415,
            98.20143884892086,
            84.05017921146953,
            70.09803921568627,
            91.93954659949623,
            90.8203125,
            76.90763052208835,
            71.68949771689498,
            69.95073891625616,
            96.94444444444444,
            96.3855421686747,
            87.34939759036145,
            87.88426763110307,
            86.38059701492537,
            99.36575052854123,
            88.23529411764706,
            91.70305676855895,
            99.08883826879271,
            98.2725527831094,
            71.42857142857143,
            98.64864864864865,
            96.08695652173913,
            81.76795580110497,
            97.31800766283524,
            99.1869918699187,
            98.23529411764706,
            96.10778443113772,
            87.05882352941177,
            96.13095238095238,
            94.93087557603687,
            93.71980676328504,
            99.38775510204081,
            97.45547073791349,
            97.45547073791349,
            94.75890985324948,
            94.25493716337523,
            99.33774834437085,
            99.04458598726114,
            89.28571428571429,
            97.32142857142857,
            97.81818181818181,
            97.21627408993577,
            80.83832335329342,
            97.5,
            84.26150121065376,
            94.24778761061947,
            80.32407407407408,
            95.97701149425288,
            93.2,
            97.45762711864407,
            76.16438356164383,
            95.47619047619048,
            98.40848806366049,
            99.5959595959596,
            93.18181818181817,
            99.19839679358718,
            95.14563106796116,
            100.0,
            62.01550387596899,
            95.06493506493506,
            99.15014164305948,
            90.88607594936708,
            93.94495412844037,
            97.77777777777777,
            96.14512471655328,
            92.06349206349206,
            94.95548961424333,
            100.0,
            91.43576826196474,
            99.81412639405205,
            96.79715302491103,
            98.75621890547264,
            89.9581589958159,
            62.40875912408759,
            99.08925318761385,
            97.37991266375546,
            83.80566801619433,
            75.1578947368421,
            99.14712153518124,
            73.60824742268042,
            64.49511400651465,
            90.74626865671642,
            94.41340782122904,
            48.49187935034803,
            97.98994974874373,
            98.56850715746421,
            96.13259668508287,
            94.29429429429429,
            99.18478260869566,
            98.75,
            99.7229916897507,
            99.4186046511628,
            95.98393574297188,
            98.06201550387597,
            87.85529715762273,
            94.97907949790795,
            97.93233082706767,
            98.9247311827957,
            91.57894736842105,
            96.43835616438356,
            98.54368932038835,
            75.83547557840618,
            98.89807162534436,
            96.85658153241651,
            92.99610894941634,
            98.63013698630137,
            93.35038363171356,
            81.77966101694916,
            60.664819944598335,
            96.86800894854586,
            92.3913043478261,
            98.9501312335958,
            99.21104536489152,
            98.93048128342245,
            98.14814814814815,
            83.95989974937343,
            87.3076923076923,
            94.42231075697211,
            98.30508474576271,
            98.0603448275862,
            99.60474308300395
        ]
    },
    "OSR Accuracy": {
        "TNR": 40.66115702479339,
        "AUROC": 89.37306726415089,
        "DTACC": 82.88672404646567,
        "AUIN": 89.3933556142909,
        "AUOUT": 87.74648979435703,
        "OSCR": 82.31287661935133,
        "AUPR": 87.75110305090956
    }
}