{
    "OA": 58.39273989306819,
    "AA": 0.6622516556291391,
    "OOD": 100.0,
    "NMI": 61.213914141364924,
    "H-score": 0.0,
    "H3-score": 0.00299992099471575,
    "Recall-all": [
        0.0,
        0.0,
        0.0,
        0.0,
        0.0,
        0.0,
        0.0,
        0.0,
        0.0,
        0.0,
        0.0,
        0.0,
        0.0,
        0.0,
        0.0,
        0.0,
        0.0,
        0.0,
        0.0,
        0.0,
        0.0,
        0.0,
        0.0,
        0.0,
        0.0,
        0.0,
        0.0,
        0.0,
        0.0,
        0.0,
        0.0,
        0.0,
        0.0,
        0.0,
        0.0,
        0.0,
        0.0,
        0.0,
        0.0,
        0.0,
        0.0,
        0.0,
        0.0,
        0.0,
        0.0,
        0.0,
        0.0,
        0.0,
        0.0,
        0.0,
        0.0,
        0.0,
        0.0,
        0.0,
        0.0,
        0.0,
        0.0,
        0.0,
        0.0,
        0.0,
        0.0,
        0.0,
        0.0,
        0.0,
        0.0,
        0.0,
        0.0,
        0.0,
        0.0,
        0.0,
        0.0,
        0.0,
        0.0,
        0.0,
        0.0,
        0.0,
        0.0,
        0.0,
        0.0,
        0.0,
        0.0,
        0.0,
        0.0,
        0.0,
        0.0,
        0.0,
        0.0,
        0.0,
        0.0,
        0.0,
        0.0,
        0.0,
        0.0,
        0.0,
        0.0,
        0.0,
        0.0,
        0.0,
        0.0,
        0.0,
        0.0,
        0.0,
        0.0,
        0.0,
        0.0,
        0.0,
        0.0,
        0.0,
        0.0,
        0.0,
        0.0,
        0.0,
        0.0,
        0.0,
        0.0,
        0.0,
        0.0,
        0.0,
        0.0,
        0.0,
        0.0,
        0.0,
        0.0,
        0.0,
        0.0,
        0.0,
        0.0,
        0.0,
        0.0,
        0.0,
        0.0,
        0.0,
        0.0,
        0.0,
        0.0,
        0.0,
        0.0,
        0.0,
        0.0,
        0.0,
        0.0,
        0.0,
        0.0,
        0.0,
        0.0,
        0.0,
        0.0,
        0.0,
        0.0,
        0.0,
        100.0
    ],
    "Closed Set Accuracy": {
        "OA": 80.96714197148171,
        "AA": 82.53700599917823,
        "Recall-all": [
            100.0,
            92.20779220779221,
            84.39716312056737,
            92.5,
            93.75,
            59.74025974025974,
            98.7012987012987,
            93.54838709677419,
            100.0,
            38.50574712643678,
            94.44444444444444,
            89.65517241379311,
            95.42483660130719,
            92.95774647887323,
            79.48717948717949,
            88.57142857142857,
            96.96969696969697,
            81.203007518797,
            86.46616541353383,
            99.10714285714286,
            94.64285714285714,
            91.0958904109589,
            94.54545454545455,
            95.96774193548387,
            73.73134328358208,
            94.65648854961832,
            99.0,
            68.96551724137932,
            86.8421052631579,
            98.75,
            84.78260869565217,
            93.92523364485982,
            76.68711656441718,
            73.80952380952381,
            42.69662921348314,
            70.58823529411765,
            45.78313253012048,
            71.1340206185567,
            83.11111111111111,
            74.76190476190476,
            94.70899470899471,
            86.97916666666666,
            93.58974358974359,
            86.4,
            86.50306748466258,
            64.60176991150442,
            99.28057553956835,
            96.12903225806451,
            25.635103926096996,
            93.67816091954023,
            97.61904761904762,
            76.08695652173914,
            97.91666666666666,
            82.92682926829268,
            97.8021978021978,
            92.10526315789474,
            43.75,
            93.10344827586206,
            92.45283018867924,
            80.0,
            84.44444444444444,
            100.0,
            78.26086956521739,
            71.7948717948718,
            91.20879120879121,
            94.11764705882352,
            100.0,
            81.25,
            89.55223880597015,
            60.86956521739131,
            79.16666666666666,
            64.53900709219859,
            90.0,
            76.66666666666667,
            77.14285714285715,
            95.65217391304348,
            100.0,
            42.10526315789473,
            60.86956521739131,
            33.89830508474576,
            88.09523809523809,
            90.9090909090909,
            99.05660377358491,
            35.678391959798994,
            99.10714285714286,
            94.21487603305785,
            94.39252336448598,
            22.509225092250922,
            96.25,
            85.71428571428571,
            76.08695652173914,
            95.39170506912443,
            96.61016949152543,
            86.36363636363636,
            77.29083665338645,
            96.32352941176471,
            88.88888888888889,
            89.0,
            91.94630872483222,
            94.27083333333334,
            86.04651162790698,
            93.5251798561151,
            60.747663551401864,
            99.46236559139786,
            92.0,
            51.515151515151516,
            94.44444444444444,
            78.66666666666666,
            65.7051282051282,
            73.80952380952381,
            89.04761904761904,
            74.48979591836735,
            31.313131313131315,
            90.81632653061224,
            90.47619047619048,
            62.44541484716157,
            96.13899613899613,
            97.97979797979798,
            76.5625,
            95.18072289156626,
            64.73684210526316,
            94.04255319148936,
            98.93617021276596,
            86.59217877094973,
            86.1788617886179,
            97.1830985915493,
            76.08695652173914,
            86.56716417910447,
            56.896551724137936,
            96.15384615384616,
            25.806451612903224,
            53.20910973084886,
            98.5,
            42.5,
            98.4126984126984,
            98.4251968503937,
            77.55102040816327,
            89.7590361445783,
            87.09677419354838,
            86.79245283018868,
            99.23076923076923,
            98.68421052631578,
            93.43065693430657,
            94.52054794520548,
            78.75,
            40.32258064516129,
            63.38028169014085,
            98.59154929577466,
            93.75,
            94.0677966101695
        ]
    },
    "OSR Accuracy": {
        "TNR": 22.19187984418296,
        "AUROC": 80.90176489078796,
        "DTACC": 74.20589683260461,
        "AUIN": 77.81220393740436,
        "AUOUT": 81.55140688212323,
        "OSCR": 64.83558179575535,
        "AUPR": 81.56660005962706
    }
}