{
    "OA": 55.543149223363606,
    "AA": 0.6622516556291391,
    "OOD": 100.0,
    "NMI": 82.79849433955954,
    "H-score": 0.0,
    "H3-score": 0.002999933769656855,
    "Recall-all": [
        0.0,
        0.0,
        0.0,
        0.0,
        0.0,
        0.0,
        0.0,
        0.0,
        0.0,
        0.0,
        0.0,
        0.0,
        0.0,
        0.0,
        0.0,
        0.0,
        0.0,
        0.0,
        0.0,
        0.0,
        0.0,
        0.0,
        0.0,
        0.0,
        0.0,
        0.0,
        0.0,
        0.0,
        0.0,
        0.0,
        0.0,
        0.0,
        0.0,
        0.0,
        0.0,
        0.0,
        0.0,
        0.0,
        0.0,
        0.0,
        0.0,
        0.0,
        0.0,
        0.0,
        0.0,
        0.0,
        0.0,
        0.0,
        0.0,
        0.0,
        0.0,
        0.0,
        0.0,
        0.0,
        0.0,
        0.0,
        0.0,
        0.0,
        0.0,
        0.0,
        0.0,
        0.0,
        0.0,
        0.0,
        0.0,
        0.0,
        0.0,
        0.0,
        0.0,
        0.0,
        0.0,
        0.0,
        0.0,
        0.0,
        0.0,
        0.0,
        0.0,
        0.0,
        0.0,
        0.0,
        0.0,
        0.0,
        0.0,
        0.0,
        0.0,
        0.0,
        0.0,
        0.0,
        0.0,
        0.0,
        0.0,
        0.0,
        0.0,
        0.0,
        0.0,
        0.0,
        0.0,
        0.0,
        0.0,
        0.0,
        0.0,
        0.0,
        0.0,
        0.0,
        0.0,
        0.0,
        0.0,
        0.0,
        0.0,
        0.0,
        0.0,
        0.0,
        0.0,
        0.0,
        0.0,
        0.0,
        0.0,
        0.0,
        0.0,
        0.0,
        0.0,
        0.0,
        0.0,
        0.0,
        0.0,
        0.0,
        0.0,
        0.0,
        0.0,
        0.0,
        0.0,
        0.0,
        0.0,
        0.0,
        0.0,
        0.0,
        0.0,
        0.0,
        0.0,
        0.0,
        0.0,
        0.0,
        0.0,
        0.0,
        0.0,
        0.0,
        0.0,
        0.0,
        0.0,
        0.0,
        100.0
    ],
    "Closed Set Accuracy": {
        "OA": 92.10247251213931,
        "AA": 91.99710232119628,
        "Recall-all": [
            99.63369963369964,
            95.39473684210526,
            89.83516483516483,
            98.62385321100918,
            100.0,
            98.70967741935483,
            99.62406015037594,
            99.13793103448276,
            100.0,
            35.97560975609756,
            98.47161572052401,
            89.8876404494382,
            99.3485342019544,
            99.44444444444444,
            92.7007299270073,
            97.70642201834863,
            98.33333333333333,
            97.46835443037975,
            95.14563106796116,
            98.18181818181819,
            99.60159362549801,
            96.95290858725761,
            95.86206896551724,
            98.0440097799511,
            85.6581532416503,
            95.45454545454545,
            96.7741935483871,
            74.40347071583514,
            68.54663774403471,
            95.94320486815415,
            98.20143884892086,
            84.22939068100358,
            70.58823529411765,
            92.19143576826197,
            90.625,
            76.50602409638554,
            71.23287671232876,
            68.96551724137932,
            96.94444444444444,
            96.3855421686747,
            87.14859437751004,
            88.06509945750453,
            86.00746268656717,
            99.36575052854123,
            88.23529411764706,
            91.70305676855895,
            99.08883826879271,
            98.2725527831094,
            71.42857142857143,
            98.64864864864865,
            96.52173913043478,
            81.21546961325967,
            97.31800766283524,
            99.1869918699187,
            98.23529411764706,
            96.10778443113772,
            85.88235294117646,
            96.13095238095238,
            94.70046082949308,
            93.71980676328504,
            99.38775510204081,
            97.45547073791349,
            97.70992366412213,
            94.75890985324948,
            93.71633752244165,
            99.33774834437085,
            99.04458598726114,
            89.28571428571429,
            97.32142857142857,
            97.81818181818181,
            97.21627408993577,
            81.437125748503,
            97.85714285714285,
            83.7772397094431,
            93.80530973451327,
            80.32407407407408,
            95.97701149425288,
            93.60000000000001,
            97.45762711864407,
            76.16438356164383,
            95.47619047619048,
            98.40848806366049,
            99.5959595959596,
            93.18181818181817,
            98.99799599198397,
            94.1747572815534,
            100.0,
            61.240310077519375,
            95.06493506493506,
            99.15014164305948,
            90.88607594936708,
            93.94495412844037,
            97.77777777777777,
            96.14512471655328,
            92.06349206349206,
            94.65875370919882,
            100.0,
            91.183879093199,
            99.81412639405205,
            96.44128113879003,
            98.75621890547264,
            89.9581589958159,
            62.04379562043796,
            99.08925318761385,
            97.37991266375546,
            83.80566801619433,
            75.1578947368421,
            99.14712153518124,
            72.78350515463917,
            64.16938110749186,
            90.74626865671642,
            94.78584729981378,
            48.49187935034803,
            97.98994974874373,
            98.56850715746421,
            96.13259668508287,
            94.5945945945946,
            99.18478260869566,
            98.75,
            99.7229916897507,
            99.4186046511628,
            95.58232931726907,
            97.67441860465115,
            87.85529715762273,
            94.97907949790795,
            97.93233082706767,
            98.9247311827957,
            91.22807017543859,
            96.43835616438356,
            98.54368932038835,
            75.57840616966581,
            98.62258953168043,
            96.85658153241651,
            92.99610894941634,
            98.63013698630137,
            93.35038363171356,
            81.35593220338984,
            60.387811634349035,
            96.86800894854586,
            92.93478260869566,
            98.9501312335958,
            99.21104536489152,
            98.93048128342245,
            98.14814814814815,
            84.46115288220551,
            86.92307692307692,
            94.42231075697211,
            98.06295399515739,
            98.0603448275862,
            99.60474308300395
        ]
    },
    "OSR Accuracy": {
        "TNR": 37.63085399449035,
        "AUROC": 88.53079287648794,
        "DTACC": 81.99983513352736,
        "AUIN": 88.55234713128091,
        "AUOUT": 86.9265814957978,
        "OSCR": 81.4995869798556,
        "AUPR": 86.93363727264605
    }
}