{
    "OA": 57.329022532529365,
    "AA": 0.6622516556291391,
    "OOD": 100.0,
    "NMI": 68.53397081229535,
    "H-score": 0.0,
    "H3-score": 0.0029999262288409197,
    "Recall-all": [
        0.0,
        0.0,
        0.0,
        0.0,
        0.0,
        0.0,
        0.0,
        0.0,
        0.0,
        0.0,
        0.0,
        0.0,
        0.0,
        0.0,
        0.0,
        0.0,
        0.0,
        0.0,
        0.0,
        0.0,
        0.0,
        0.0,
        0.0,
        0.0,
        0.0,
        0.0,
        0.0,
        0.0,
        0.0,
        0.0,
        0.0,
        0.0,
        0.0,
        0.0,
        0.0,
        0.0,
        0.0,
        0.0,
        0.0,
        0.0,
        0.0,
        0.0,
        0.0,
        0.0,
        0.0,
        0.0,
        0.0,
        0.0,
        0.0,
        0.0,
        0.0,
        0.0,
        0.0,
        0.0,
        0.0,
        0.0,
        0.0,
        0.0,
        0.0,
        0.0,
        0.0,
        0.0,
        0.0,
        0.0,
        0.0,
        0.0,
        0.0,
        0.0,
        0.0,
        0.0,
        0.0,
        0.0,
        0.0,
        0.0,
        0.0,
        0.0,
        0.0,
        0.0,
        0.0,
        0.0,
        0.0,
        0.0,
        0.0,
        0.0,
        0.0,
        0.0,
        0.0,
        0.0,
        0.0,
        0.0,
        0.0,
        0.0,
        0.0,
        0.0,
        0.0,
        0.0,
        0.0,
        0.0,
        0.0,
        0.0,
        0.0,
        0.0,
        0.0,
        0.0,
        0.0,
        0.0,
        0.0,
        0.0,
        0.0,
        0.0,
        0.0,
        0.0,
        0.0,
        0.0,
        0.0,
        0.0,
        0.0,
        0.0,
        0.0,
        0.0,
        0.0,
        0.0,
        0.0,
        0.0,
        0.0,
        0.0,
        0.0,
        0.0,
        0.0,
        0.0,
        0.0,
        0.0,
        0.0,
        0.0,
        0.0,
        0.0,
        0.0,
        0.0,
        0.0,
        0.0,
        0.0,
        0.0,
        0.0,
        0.0,
        0.0,
        0.0,
        0.0,
        0.0,
        0.0,
        0.0,
        100.0
    ],
    "Closed Set Accuracy": {
        "OA": 83.16831683168317,
        "AA": 82.1565323639684,
        "Recall-all": [
            96.7741935483871,
            83.33333333333334,
            50.0,
            76.47058823529412,
            86.64772727272727,
            72.59615384615384,
            78.04878048780488,
            46.666666666666664,
            92.60450160771704,
            41.35593220338983,
            84.09893992932862,
            56.209150326797385,
            95.67567567567568,
            88.8,
            48.888888888888886,
            95.30201342281879,
            82.14285714285714,
            70.2127659574468,
            43.75,
            94.79166666666666,
            82.15962441314554,
            83.33333333333334,
            95.70200573065902,
            96.22641509433963,
            62.93436293436293,
            84.375,
            95.8904109589041,
            72.72727272727273,
            67.24137931034483,
            95.58823529411765,
            57.28155339805825,
            91.61290322580645,
            68.67469879518072,
            77.77777777777779,
            95.6140350877193,
            70.45454545454545,
            82.14285714285714,
            79.08847184986595,
            64.9746192893401,
            77.14285714285715,
            95.0920245398773,
            77.6255707762557,
            88.14589665653494,
            95.71428571428572,
            79.3103448275862,
            78.57142857142857,
            100.0,
            98.71794871794873,
            13.043478260869565,
            98.14814814814815,
            100.0,
            80.37383177570094,
            62.5,
            93.33333333333333,
            89.10891089108911,
            89.90825688073394,
            92.0,
            94.03973509933775,
            83.88888888888889,
            89.1891891891892,
            93.23308270676691,
            100.0,
            96.75675675675676,
            95.54140127388536,
            95.83333333333334,
            100.0,
            95.45454545454545,
            82.6086956521739,
            69.44444444444444,
            94.87179487179486,
            96.96969696969697,
            60.29411764705882,
            91.93548387096774,
            84.06593406593407,
            82.9896907216495,
            91.47286821705426,
            98.14814814814815,
            81.81818181818183,
            91.8918918918919,
            66.66666666666666,
            88.88888888888889,
            99.08256880733946,
            100.0,
            91.66666666666666,
            95.23809523809523,
            92.72727272727272,
            96.73202614379085,
            39.11845730027548,
            72.72727272727273,
            90.54054054054053,
            89.41176470588236,
            94.83101391650099,
            98.57142857142858,
            95.40229885057471,
            89.25619834710744,
            99.37888198757764,
            100.0,
            50.0,
            85.91549295774648,
            95.22184300341297,
            96.96969696969697,
            64.61538461538461,
            16.94915254237288,
            99.32432432432432,
            81.2807881773399,
            90.9090909090909,
            87.56218905472637,
            62.06896551724138,
            92.85714285714286,
            63.63636363636363,
            93.33333333333333,
            85.29411764705883,
            12.82051282051282,
            90.0,
            100.0,
            88.65546218487394,
            97.01492537313433,
            99.35064935064936,
            45.54794520547945,
            97.22222222222221,
            85.71428571428571,
            81.41592920353983,
            86.98224852071006,
            71.1864406779661,
            46.55172413793103,
            100.0,
            91.52542372881356,
            95.94594594594594,
            77.60000000000001,
            100.0,
            60.273972602739725,
            71.33182844243792,
            94.95412844036697,
            55.45851528384279,
            90.14084507042254,
            99.0,
            74.19354838709677,
            59.32203389830508,
            94.23076923076923,
            72.0,
            76.19047619047619,
            98.26589595375722,
            89.3854748603352,
            61.111111111111114,
            90.17857142857143,
            61.29032258064516,
            66.15384615384615,
            97.8021978021978,
            94.28571428571428,
            96.84542586750788
        ]
    },
    "OSR Accuracy": {
        "TNR": 32.833961872469985,
        "AUROC": 84.35577146459516,
        "DTACC": 76.91931933013186,
        "AUIN": 82.06060740794305,
        "AUOUT": 85.32467897856267,
        "OSCR": 70.72814768004048,
        "AUPR": 85.32800231179279
    }
}