{
    "OA": 54.78723404255319,
    "AA": 21.961051298770613,
    "OOD": 99.62825278810409,
    "NMI": 96.3557371233247,
    "H-score": 24.848214456593993,
    "H3-score": 33.017462090598904,
    "Recall-all": [
        75.86206896551724,
        0.0,
        6.451612903225806,
        29.629629629629626,
        0.0,
        0.0,
        0.0,
        0.0,
        0.0,
        30.0,
        99.62825278810409
    ],
    "Closed Set Accuracy": {
        "OA": 97.96610169491525,
        "AA": 98.20155038759691,
        "Recall-all": [
            100.0,
            100.0,
            100.0,
            100.0,
            100.0,
            90.0,
            95.34883720930233,
            100.0,
            100.0,
            96.66666666666667
        ]
    },
    "OSR Accuracy": {
        "TNR": 72.11895910780669,
        "AUROC": 93.70550059857604,
        "DTACC": 87.3763467960431,
        "AUIN": 93.44668241251718,
        "AUOUT": 93.60491129900261,
        "OSCR": 91.65963077310813,
        "AUPR": 93.80318919128013
    }
}