{
    "OA": 51.29639044229791,
    "AA": 9.090909090909092,
    "OOD": 100.0,
    "NMI": 72.22529371941468,
    "H-score": 0.0,
    "H3-score": 0.0029999284658857907,
    "Recall-all": [
        0.0,
        0.0,
        0.0,
        0.0,
        0.0,
        0.0,
        0.0,
        0.0,
        0.0,
        0.0,
        100.0
    ],
    "Closed Set Accuracy": {
        "OA": 97.18162839248434,
        "AA": 97.24872566391745,
        "Recall-all": [
            98.91304347826086,
            98.78048780487805,
            98.93617021276596,
            100.0,
            90.0,
            99.0,
            95.95959595959596,
            96.0,
            100.0,
            94.89795918367348
        ]
    },
    "OSR Accuracy": {
        "TNR": 87.80971258671953,
        "AUROC": 96.73481464315937,
        "DTACC": 92.51770599055267,
        "AUIN": 96.33212050652894,
        "AUOUT": 96.66503108388464,
        "OSCR": 93.95078945027109,
        "AUPR": 96.72083424681472
    }
}