{
    "OA": 64.52830188679245,
    "AA": 13.189364913502846,
    "OOD": 100.0,
    "NMI": 91.59239872145888,
    "H-score": 8.627560120010095,
    "H3-score": 12.361878749404191,
    "Recall-all": [
        41.37931034482759,
        0.0,
        0.0,
        0.0,
        0.0,
        0.0,
        0.0,
        0.0,
        3.7037037037037033,
        0.0,
        100.0
    ],
    "Closed Set Accuracy": {
        "OA": 100.0,
        "AA": 100.0,
        "Recall-all": [
            100.0,
            100.0,
            100.0,
            100.0,
            100.0,
            100.0,
            100.0,
            100.0,
            100.0,
            100.0
        ]
    },
    "OSR Accuracy": {
        "TNR": 96.8,
        "AUROC": 98.62983050847457,
        "DTACC": 96.19661016949152,
        "AUIN": 98.12213742928047,
        "AUOUT": 98.93154340381362,
        "OSCR": 98.62067796610084,
        "AUPR": 99.0328032997867
    }
}