{
    "OA": 67.51863684771034,
    "AA": 13.187335035491502,
    "OOD": 100.0,
    "NMI": 76.47103927579793,
    "H-score": 8.623471315449489,
    "H3-score": 12.24738338035245,
    "Recall-all": [
        11.956521739130435,
        0.0,
        4.25531914893617,
        11.11111111111111,
        0.0,
        0.0,
        0.0,
        0.0,
        9.574468085106384,
        8.16326530612245,
        100.0
    ],
    "Closed Set Accuracy": {
        "OA": 97.4947807933194,
        "AA": 97.55280729657049,
        "Recall-all": [
            98.91304347826086,
            98.78048780487805,
            98.93617021276596,
            100.0,
            91.0,
            99.0,
            95.95959595959596,
            96.0,
            100.0,
            96.93877551020408
        ]
    },
    "OSR Accuracy": {
        "TNR": 96.66487358795051,
        "AUROC": 98.5289642106729,
        "DTACC": 96.05968144590274,
        "AUIN": 97.73926891591125,
        "AUOUT": 98.98903547600115,
        "OSCR": 96.03042693616038,
        "AUPR": 99.01641967869762
    }
}