{
    "OA": 60.50314465408805,
    "AA": 94.2909090909091,
    "OOD": 37.2,
    "NMI": 91.59239872145888,
    "H-score": 54.22701000721569,
    "H3-score": 62.76319326848717,
    "Recall-all": [
        100.0,
        100.0,
        100.0,
        100.0,
        100.0,
        100.0,
        100.0,
        100.0,
        100.0,
        100.0,
        37.2
    ],
    "Closed Set Accuracy": {
        "OA": 100.0,
        "AA": 100.0,
        "Recall-all": [
            100.0,
            100.0,
            100.0,
            100.0,
            100.0,
            100.0,
            100.0,
            100.0,
            100.0,
            100.0
        ]
    },
    "OSR Accuracy": {
        "TNR": 80.4,
        "AUROC": 94.68949152542375,
        "DTACC": 90.4542372881356,
        "AUIN": 86.32413496787689,
        "AUOUT": 97.14056536377595,
        "OSCR": 94.66779661016912,
        "AUPR": 97.24320346615283
    }
}