{
    "OA": 60.040160642570285,
    "AA": 93.81231671554254,
    "OOD": 41.935483870967744,
    "NMI": 90.60205858321484,
    "H-score": 58.914665517365286,
    "H3-score": 66.69090024189643,
    "Recall-all": [
        100.0,
        100.0,
        100.0,
        100.0,
        90.0,
        100.0,
        100.0,
        100.0,
        100.0,
        100.0,
        41.935483870967744
    ],
    "Closed Set Accuracy": {
        "OA": 99.36305732484077,
        "AA": 99.0,
        "Recall-all": [
            100.0,
            100.0,
            100.0,
            100.0,
            90.0,
            100.0,
            100.0,
            100.0,
            100.0,
            100.0
        ]
    },
    "OSR Accuracy": {
        "TNR": 83.57771260997067,
        "AUROC": 93.66606272297663,
        "DTACC": 91.12202775650485,
        "AUIN": 77.21103509939746,
        "AUOUT": 97.34650875613768,
        "OSCR": 93.02818611427594,
        "AUPR": 97.4965633527286
    }
}