{
    "OA": 60.24096385542169,
    "AA": 93.83897627299388,
    "OOD": 42.22873900293255,
    "NMI": 90.60205858321484,
    "H-score": 59.20346792120764,
    "H3-score": 66.93730481059772,
    "Recall-all": [
        100.0,
        100.0,
        100.0,
        100.0,
        90.0,
        100.0,
        100.0,
        100.0,
        100.0,
        100.0,
        42.22873900293255
    ],
    "Closed Set Accuracy": {
        "OA": 99.36305732484077,
        "AA": 99.0,
        "Recall-all": [
            100.0,
            100.0,
            100.0,
            100.0,
            90.0,
            100.0,
            100.0,
            100.0,
            100.0,
            100.0
        ]
    },
    "OSR Accuracy": {
        "TNR": 83.57771260997067,
        "AUROC": 93.64551618506826,
        "DTACC": 91.12202775650485,
        "AUIN": 77.06106904934825,
        "AUOUT": 97.34322118597612,
        "OSCR": 93.00857350990889,
        "AUPR": 97.49327123477329
    }
}