{
    "OA": 57.29581673306773,
    "AA": 93.82482202865793,
    "OOD": 49.31588340273647,
    "NMI": 90.76659772279503,
    "H-score": 65.67475292659624,
    "H3-score": 72.34227312522813,
    "Recall-all": [
        100.0,
        98.98989898989899,
        100.0,
        100.0,
        100.0,
        91.93548387096774,
        97.87234042553192,
        100.0,
        97.53086419753086,
        96.42857142857143,
        49.31588340273647
    ],
    "Closed Set Accuracy": {
        "OA": 99.08256880733946,
        "AA": 99.00133485611636,
        "Recall-all": [
            100.0,
            100.0,
            100.0,
            100.0,
            100.0,
            95.16129032258065,
            97.87234042553192,
            100.0,
            98.76543209876543,
            98.21428571428571
        ]
    },
    "OSR Accuracy": {
        "TNR": 72.60559190957763,
        "AUROC": 90.06079823608708,
        "DTACC": 84.6965636807856,
        "AUIN": 57.16631340435357,
        "AUOUT": 97.95337216767996,
        "OSCR": 89.17431647464909,
        "AUPR": 97.96861500051537
    }
}