{
    "OA": 72.22859765893965,
    "AA": 95.12343465461035,
    "OOD": 62.587190868738105,
    "NMI": 85.12541006991601,
    "H-score": 76.17260927608119,
    "H3-score": 78.94141111604792,
    "Recall-all": [
        100.0,
        100.0,
        100.0,
        97.59036144578313,
        100.0,
        98.71794871794873,
        87.5,
        100.0,
        100.0,
        100.0,
        100.0,
        89.23076923076924,
        96.875,
        89.47368421052632,
        100.0,
        62.587190868738105
    ],
    "Closed Set Accuracy": {
        "OA": 99.08561928512053,
        "AA": 98.99412765772944,
        "Recall-all": [
            100.0,
            100.0,
            100.0,
            98.79518072289156,
            100.0,
            98.71794871794873,
            97.5,
            100.0,
            100.0,
            100.0,
            100.0,
            93.84615384615384,
            100.0,
            96.05263157894737,
            100.0
        ]
    },
    "OSR Accuracy": {
        "TNR": 74.73050095117311,
        "AUROC": 93.10645917440597,
        "DTACC": 86.3542501809311,
        "AUIN": 82.2696949732578,
        "AUOUT": 97.23467312240193,
        "OSCR": 92.2077863890264,
        "AUPR": 97.25108242160525
    }
}