{
    "OA": 67.64486446157673,
    "AA": 84.64388990633338,
    "OOD": 63.46568174823023,
    "NMI": 73.44558460183944,
    "H-score": 73.30692993615683,
    "H3-score": 73.35443172924778,
    "Recall-all": [
        95.0,
        92.85714285714286,
        82.8125,
        86.73469387755102,
        92.92929292929293,
        67.67676767676768,
        83.56164383561644,
        100.0,
        92.3076923076923,
        73.73737373737373,
        63.46568174823023
    ],
    "Closed Set Accuracy": {
        "OA": 92.61658031088082,
        "AA": 93.49262709322639,
        "Recall-all": [
            98.33333333333333,
            96.42857142857143,
            89.0625,
            92.85714285714286,
            93.93939393939394,
            90.9090909090909,
            95.8904109589041,
            100.0,
            98.71794871794873,
            78.78787878787878
        ]
    },
    "OSR Accuracy": {
        "TNR": 24.622960911049553,
        "AUROC": 84.53103146922847,
        "DTACC": 79.84770523253867,
        "AUIN": 59.55775034658824,
        "AUOUT": 94.03921154544506,
        "OSCR": 77.84322238648173,
        "AUPR": 94.06021843904051
    }
}