{
    "OA": 82.36505974454059,
    "AA": 89.93720516582646,
    "OOD": 78.50356294536816,
    "NMI": 69.55331038381244,
    "H-score": 84.16147802510086,
    "H3-score": 78.65619327058555,
    "Recall-all": [
        97.2972972972973,
        92.6829268292683,
        92.5925925925926,
        80.0,
        94.66666666666667,
        93.93939393939394,
        87.5,
        96.96969696969697,
        100.0,
        96.05263157894737,
        82.6086956521739,
        88.0,
        93.18181818181817,
        77.5,
        87.5,
        78.50356294536816
    ],
    "Closed Set Accuracy": {
        "OA": 98.25033647375506,
        "AA": 98.26417182936133,
        "Recall-all": [
            100.0,
            97.5609756097561,
            100.0,
            97.5,
            100.0,
            96.96969696969697,
            97.5,
            96.96969696969697,
            100.0,
            98.68421052631578,
            98.55072463768117,
            100.0,
            97.72727272727273,
            92.5,
            100.0
        ]
    },
    "OSR Accuracy": {
        "TNR": 71.67458432304038,
        "AUROC": 92.21323005214145,
        "DTACC": 85.58825362928104,
        "AUIN": 83.06516808233486,
        "AUOUT": 96.30652173791967,
        "OSCR": 90.52442751508138,
        "AUPR": 96.33782351596227
    }
}