{
    "OA": 81.80172023540064,
    "AA": 92.78812923461214,
    "OOD": 77.79097387173397,
    "NMI": 69.55331038381244,
    "H-score": 85.24815201284684,
    "H3-score": 79.28587897533123,
    "Recall-all": [
        98.64864864864865,
        92.6829268292683,
        92.5925925925926,
        87.5,
        94.66666666666667,
        94.94949494949495,
        87.5,
        96.96969696969697,
        100.0,
        97.36842105263158,
        77.79097387173397
    ],
    "Closed Set Accuracy": {
        "OA": 98.47619047619047,
        "AA": 98.51845800754658,
        "Recall-all": [
            100.0,
            97.5609756097561,
            100.0,
            97.5,
            100.0,
            96.96969696969697,
            97.5,
            96.96969696969697,
            100.0,
            98.68421052631578
        ]
    },
    "OSR Accuracy": {
        "TNR": 77.55344418052258,
        "AUROC": 94.36025336500396,
        "DTACC": 87.52341364099084,
        "AUIN": 84.65712796648191,
        "AUOUT": 98.03504140449239,
        "OSCR": 92.85866983372945,
        "AUPR": 98.06552969133932
    }
}