{
    "OA": 16.12368856985091,
    "AA": 16.048749789705486,
    "OOD": null,
    "NMI": null,
    "H-score": null,
    "H3-score": null,
    "Recall-all": [
        30.23255813953488,
        9.090909090909092,
        57.8125,
        0.0,
        0.0,
        0.0,
        6.25,
        10.95890410958904,
        11.76470588235294,
        13.131313131313133,
        0.0,
        16.923076923076923,
        0.0,
        1.3157894736842104,
        24.65753424657534,
        1.6129032258064515,
        1.9607843137254901,
        34.883720930232556,
        83.9506172839506,
        0.0,
        41.37931034482759,
        55.294117647058826,
        0.0,
        0.0,
        0.0
    ],
    "Closed Set Accuracy": {
        "OA": 94.69906129210382,
        "AA": 93.72420200170305,
        "Recall-all": [
            100.0,
            100.0,
            100.0,
            97.59036144578313,
            98.98989898989899,
            87.17948717948718,
            90.0,
            100.0,
            100.0,
            100.0,
            100.0,
            89.23076923076924,
            57.8125,
            93.42105263157895,
            100.0,
            95.16129032258065,
            78.43137254901961,
            90.69767441860465,
            100.0,
            95.0,
            100.0,
            100.0,
            100.0,
            80.7017543859649,
            88.88888888888889
        ]
    },
    "OSR Accuracy": null
}