{
    "OA": 96.16533864541833,
    "AA": 85.5861190515952,
    "OOD": 98.18560380725758,
    "NMI": 90.76659772279503,
    "H-score": 90.72916679655054,
    "H3-score": 90.74297568650303,
    "Recall-all": [
        93.67088607594937,
        92.92929292929293,
        91.93548387096774,
        86.04651162790698,
        77.27272727272727,
        33.87096774193548,
        85.1063829787234,
        100.0,
        91.35802469135803,
        91.07142857142857,
        98.18560380725758
    ],
    "Closed Set Accuracy": {
        "OA": 99.08256880733946,
        "AA": 99.00133485611636,
        "Recall-all": [
            100.0,
            100.0,
            100.0,
            100.0,
            100.0,
            95.16129032258065,
            97.87234042553192,
            100.0,
            98.76543209876543,
            98.21428571428571
        ]
    },
    "OSR Accuracy": {
        "TNR": 88.93515764425936,
        "AUROC": 97.80288600603616,
        "DTACC": 94.01463924014939,
        "AUIN": 93.1848939534791,
        "AUOUT": 99.48916863488073,
        "OSCR": 96.88297613005379,
        "AUPR": 99.50413785845078
    }
}