{
    "OA": 90.33738811108562,
    "AA": 68.95113710048011,
    "OOD": 99.17564996829424,
    "NMI": 85.12541006991601,
    "H-score": 79.92686106101756,
    "H3-score": 81.5890567560419,
    "Recall-all": [
        96.51162790697676,
        96.96969696969697,
        98.4375,
        34.93975903614458,
        23.232323232323232,
        57.692307692307686,
        56.25,
        94.52054794520548,
        94.11764705882352,
        82.82828282828282,
        73.95833333333334,
        64.61538461538461,
        1.5625,
        42.10526315789473,
        86.3013698630137,
        99.17564996829424
    ],
    "Closed Set Accuracy": {
        "OA": 99.00249376558602,
        "AA": 98.91380637258888,
        "Recall-all": [
            100.0,
            100.0,
            100.0,
            97.59036144578313,
            100.0,
            98.71794871794873,
            97.5,
            100.0,
            100.0,
            100.0,
            100.0,
            93.84615384615384,
            100.0,
            96.05263157894737,
            100.0
        ]
    },
    "OSR Accuracy": {
        "TNR": 90.7736207989854,
        "AUROC": 97.85531415595445,
        "DTACC": 93.24435160249871,
        "AUIN": 94.99173525906033,
        "AUOUT": 99.09345752189492,
        "OSCR": 96.85953421245115,
        "AUPR": 99.10947811725295
    }
}