{
    "OA": 89.18179557324049,
    "AA": 53.8332524788511,
    "OOD": 99.78454909202831,
    "NMI": 73.44558460183944,
    "H-score": 65.93856963163766,
    "H3-score": 68.26578186387214,
    "Recall-all": [
        55.00000000000001,
        76.78571428571429,
        59.375,
        39.795918367346935,
        41.41414141414141,
        15.151515151515152,
        41.0958904109589,
        86.95652173913044,
        52.56410256410257,
        24.242424242424242,
        99.78454909202831
    ],
    "Closed Set Accuracy": {
        "OA": 92.61658031088082,
        "AA": 93.48775349460281,
        "Recall-all": [
            98.33333333333333,
            98.21428571428571,
            87.5,
            92.85714285714286,
            93.93939393939394,
            89.8989898989899,
            95.8904109589041,
            100.0,
            97.43589743589743,
            80.8080808080808
        ]
    },
    "OSR Accuracy": {
        "TNR": 32.348414896891356,
        "AUROC": 89.86224537801189,
        "DTACC": 84.81081065995596,
        "AUIN": 82.87581894367086,
        "AUOUT": 95.62732311916672,
        "OSCR": 82.79390868772602,
        "AUPR": 95.64672733046523
    }
}