{
    "OA": 82.40626287597857,
    "AA": 49.65240133688985,
    "OOD": 99.8812351543943,
    "NMI": 69.55331038381244,
    "H-score": 63.27391776867742,
    "H3-score": 65.2385626307488,
    "Recall-all": [
        74.32432432432432,
        60.97560975609756,
        77.77777777777779,
        22.5,
        4.0,
        24.242424242424242,
        45.0,
        96.96969696969697,
        70.0,
        81.57894736842105,
        23.18840579710145,
        44.0,
        0.0,
        25.0,
        45.0,
        99.8812351543943
    ],
    "Closed Set Accuracy": {
        "OA": 97.57738896366084,
        "AA": 97.59954000385991,
        "Recall-all": [
            100.0,
            97.5609756097561,
            100.0,
            95.0,
            100.0,
            94.94949494949495,
            97.5,
            96.96969696969697,
            100.0,
            98.68421052631578,
            97.10144927536231,
            96.0,
            97.72727272727273,
            92.5,
            100.0
        ]
    },
    "OSR Accuracy": {
        "TNR": 79.33491686460808,
        "AUROC": 95.81198070350987,
        "DTACC": 89.40471319009089,
        "AUIN": 92.56926716217731,
        "AUOUT": 97.76688721835666,
        "OSCR": 93.41594390079332,
        "AUPR": 97.79771971745046
    }
}