{
    "OA": 66.02985074626866,
    "AA": 64.51768893172674,
    "OOD": null,
    "NMI": null,
    "H-score": null,
    "H3-score": null,
    "UCR": 78.62686567164178,
    "Recall-all": [
        80.0,
        83.92857142857143,
        76.5625,
        78.57142857142857,
        91.91919191919192,
        49.494949494949495,
        60.273972602739725,
        97.82608695652173,
        89.74358974358975,
        63.63636363636363,
        79.7979797979798,
        7.5,
        37.37373737373738,
        54.6875,
        64.28571428571429,
        21.951219512195124,
        20.833333333333336,
        22.5,
        92.6829268292683,
        57.99999999999999,
        92.5,
        95.0,
        94.94949494949495,
        46.464646464646464,
        52.459016393442624
    ],
    "Closed Set Accuracy": {
        "OA": 78.62686567164178,
        "AA": 77.91299814544583,
        "Recall-all": [
            90.0,
            92.85714285714286,
            85.9375,
            85.71428571428571,
            92.92929292929293,
            72.72727272727273,
            76.71232876712328,
            100.0,
            97.43589743589743,
            67.67676767676768,
            85.85858585858585,
            27.500000000000004,
            47.474747474747474,
            70.3125,
            95.23809523809523,
            39.02439024390244,
            29.166666666666668,
            60.0,
            100.0,
            84.0,
            100.0,
            100.0,
            97.97979797979798,
            78.78787878787878,
            70.49180327868852
        ]
    },
    "OSR Accuracy": null
}