{
    "OA": 75.42330677290838,
    "AA": 95.07372951809046,
    "OOD": 71.11838191552647,
    "NMI": 90.76659772279503,
    "H-score": 82.23396436793693,
    "H3-score": 84.89552609597806,
    "UCR": 96.00365753601837,
    "Recall-all": [
        100.0,
        98.98989898989899,
        96.7741935483871,
        100.0,
        100.0,
        87.09677419354838,
        97.87234042553192,
        100.0,
        97.53086419753086,
        96.42857142857143,
        71.11838191552647
    ],
    "Closed Set Accuracy": {
        "OA": 99.08256880733946,
        "AA": 99.00133485611636,
        "Recall-all": [
            100.0,
            100.0,
            100.0,
            100.0,
            100.0,
            95.16129032258065,
            97.87234042553192,
            100.0,
            98.76543209876543,
            98.21428571428571
        ]
    },
    "OSR Accuracy": {
        "TNR": 82.12373587150506,
        "AUROC": 96.92374933371174,
        "DTACC": 91.29768395468693,
        "AUIN": 90.27218276199616,
        "AUOUT": 99.29982204932797,
        "OSCR": 96.00365753601837,
        "AUPR": 99.3148283288501
    }
}