{
    "OA": 82.88982840089531,
    "AA": 84.33723689538044,
    "OOD": 82.94859956909818,
    "NMI": 73.44558460183944,
    "H-score": 83.70488205696174,
    "H3-score": 79.98213144377424,
    "UCR": 82.29690442814508,
    "Recall-all": [
        95.0,
        92.85714285714286,
        81.25,
        83.6734693877551,
        92.92929292929293,
        57.57575757575758,
        76.71232876712328,
        100.0,
        91.02564102564102,
        73.73737373737373,
        82.94859956909818
    ],
    "Closed Set Accuracy": {
        "OA": 92.74611398963731,
        "AA": 93.64400349460281,
        "Recall-all": [
            98.33333333333333,
            98.21428571428571,
            89.0625,
            92.85714285714286,
            93.93939393939394,
            90.9090909090909,
            95.8904109589041,
            100.0,
            97.43589743589743,
            79.7979797979798
        ]
    },
    "OSR Accuracy": {
        "TNR": 29.270544783010155,
        "AUROC": 89.21214498841414,
        "DTACC": 84.21391516241745,
        "AUIN": 81.039452122874,
        "AUOUT": 95.40771232787321,
        "OSCR": 82.29690442814508,
        "AUPR": 95.42780729435852
    }
}