{
    "OA": 76.95426897949989,
    "AA": 93.8498915430745,
    "OOD": 71.11838191552647,
    "NMI": 90.70097492103348,
    "H-score": 81.47568321736743,
    "H3-score": 84.33631588264517,
    "UCR": 93.22434307297043,
    "Recall-all": [
        100.0,
        98.98989898989899,
        95.16129032258065,
        100.0,
        100.0,
        83.87096774193549,
        97.87234042553192,
        100.0,
        95.06172839506173,
        96.42857142857143,
        89.8989898989899,
        87.6923076923077,
        94.79166666666666,
        92.04545454545455,
        98.66666666666667,
        71.11838191552647
    ],
    "Closed Set Accuracy": {
        "OA": 97.7715877437326,
        "AA": 97.92605938480261,
        "Recall-all": [
            100.0,
            100.0,
            100.0,
            100.0,
            100.0,
            95.16129032258065,
            97.87234042553192,
            100.0,
            97.53086419753086,
            96.42857142857143,
            92.92929292929293,
            96.92307692307692,
            100.0,
            92.04545454545455,
            100.0
        ]
    },
    "OSR Accuracy": {
        "TNR": 78.16775728732897,
        "AUROC": 95.44148733151167,
        "DTACC": 88.94377434840318,
        "AUIN": 88.47185419272087,
        "AUOUT": 98.30878920674874,
        "OSCR": 93.22434307297043,
        "AUPR": 98.32404174359017
    }
}