{
    "OA": 82.0691370305894,
    "AA": 79.99533800101422,
    "OOD": 82.97937827023699,
    "NMI": 63.83696854041451,
    "H-score": 81.30454013503433,
    "H3-score": 74.50995309625479,
    "UCR": 77.93063469509175,
    "Recall-all": [
        80.0,
        83.92857142857143,
        78.125,
        79.59183673469387,
        91.91919191919192,
        56.56565656565656,
        72.6027397260274,
        97.82608695652173,
        89.74358974358975,
        66.66666666666666,
        82.97937827023699
    ],
    "Closed Set Accuracy": {
        "OA": 90.15544041450777,
        "AA": 91.18475981373486,
        "Recall-all": [
            95.0,
            92.85714285714286,
            89.0625,
            89.79591836734694,
            94.94949494949495,
            80.8080808080808,
            93.15068493150685,
            100.0,
            97.43589743589743,
            78.78787878787878
        ]
    },
    "OSR Accuracy": {
        "TNR": 24.06894429055094,
        "AUROC": 86.87061144361677,
        "DTACC": 81.62381968465387,
        "AUIN": 72.4163896549933,
        "AUOUT": 94.63818097062851,
        "OSCR": 77.93063469509175,
        "AUPR": 94.65839798445468
    }
}