{
    "OA": 86.27450980392157,
    "AA": 86.55247631699059,
    "OOD": null,
    "NMI": null,
    "H-score": null,
    "H3-score": null,
    "UCR": 88.51540616246498,
    "Recall-all": [
        100.0,
        98.98989898989899,
        96.7741935483871,
        100.0,
        100.0,
        62.903225806451616,
        89.36170212765957,
        100.0,
        92.5925925925926,
        94.64285714285714,
        90.9090909090909,
        53.84615384615385,
        75.0,
        92.04545454545455,
        96.0,
        96.3855421686747,
        31.343283582089555,
        92.6829268292683,
        98.50746268656717,
        91.37931034482759,
        95.77464788732394,
        97.97979797979798,
        100.0,
        28.888888888888886,
        87.8048780487805
    ],
    "Closed Set Accuracy": {
        "OA": 88.51540616246498,
        "AA": 88.87096120389084,
        "Recall-all": [
            100.0,
            98.98989898989899,
            100.0,
            100.0,
            100.0,
            87.09677419354838,
            91.48936170212765,
            100.0,
            92.5925925925926,
            94.64285714285714,
            92.92929292929293,
            63.07692307692307,
            77.08333333333334,
            92.04545454545455,
            98.66666666666667,
            96.3855421686747,
            31.343283582089555,
            92.6829268292683,
            98.50746268656717,
            93.10344827586206,
            100.0,
            100.0,
            100.0,
            33.33333333333333,
            87.8048780487805
        ]
    },
    "OSR Accuracy": null
}