{
    "OA": 92.63347600810994,
    "AA": 92.24276993733992,
    "OOD": null,
    "NMI": null,
    "H-score": null,
    "H3-score": null,
    "UCR": 94.70601486821356,
    "Recall-all": [
        100.0,
        98.98989898989899,
        91.93548387096774,
        100.0,
        100.0,
        67.74193548387096,
        91.48936170212765,
        100.0,
        93.82716049382715,
        94.64285714285714,
        90.9090909090909,
        72.3076923076923,
        78.125,
        92.04545454545455,
        98.66666666666667,
        95.18072289156626,
        50.74626865671642,
        90.2439024390244,
        98.50746268656717,
        96.55172413793103,
        97.1830985915493,
        94.94949494949495,
        97.8021978021978,
        52.22222222222223,
        87.8048780487805,
        98.50746268656717,
        80.7017543859649,
        96.66666666666667,
        100.0,
        98.98989898989899,
        95.1219512195122,
        87.03703703703704,
        98.98989898989899,
        80.35714285714286,
        98.9795918367347,
        98.61111111111111,
        98.95833333333334,
        97.5609756097561,
        93.54838709677419,
        100.0,
        100.0,
        100.0,
        93.33333333333333,
        82.5,
        100.0,
        100.0,
        86.04651162790698,
        93.02325581395348,
        100.0,
        98.27586206896551,
        97.97979797979798,
        100.0,
        93.87755102040816,
        95.65217391304348,
        95.95959595959596,
        100.0,
        96.96969696969697,
        95.74468085106383,
        96.66666666666667,
        96.55172413793103,
        100.0,
        33.33333333333333,
        94.6236559139785,
        93.42105263157895,
        95.91836734693877
    ],
    "Closed Set Accuracy": {
        "OA": 94.70601486821356,
        "AA": 94.64400925191025,
        "Recall-all": [
            100.0,
            100.0,
            93.54838709677419,
            100.0,
            100.0,
            90.32258064516128,
            93.61702127659575,
            100.0,
            95.06172839506173,
            98.21428571428571,
            91.91919191919192,
            83.07692307692308,
            81.25,
            92.04545454545455,
            100.0,
            96.3855421686747,
            52.23880597014925,
            97.5609756097561,
            98.50746268656717,
            96.55172413793103,
            98.59154929577466,
            98.98989898989899,
            100.0,
            53.333333333333336,
            90.2439024390244,
            100.0,
            84.21052631578947,
            98.88888888888889,
            100.0,
            100.0,
            95.1219512195122,
            94.44444444444444,
            98.98989898989899,
            80.35714285714286,
            98.9795918367347,
            100.0,
            98.95833333333334,
            100.0,
            96.7741935483871,
            100.0,
            100.0,
            100.0,
            96.66666666666667,
            85.0,
            100.0,
            100.0,
            95.34883720930233,
            93.02325581395348,
            100.0,
            100.0,
            97.97979797979798,
            100.0,
            93.87755102040816,
            95.65217391304348,
            96.96969696969697,
            100.0,
            96.96969696969697,
            95.74468085106383,
            98.33333333333333,
            96.55172413793103,
            100.0,
            75.55555555555556,
            94.6236559139785,
            93.42105263157895,
            97.95918367346938
        ]
    },
    "OSR Accuracy": null
}