{
    "OA": 81.77070380502363,
    "AA": 80.1725254744557,
    "OOD": 82.54847645429363,
    "NMI": 63.83696854041451,
    "H-score": 81.22018409964001,
    "H3-score": 74.46270507982663,
    "UCR": 77.87479846329762,
    "Recall-all": [
        80.0,
        83.92857142857143,
        78.125,
        79.59183673469387,
        91.91919191919192,
        57.57575757575758,
        73.97260273972603,
        97.82608695652173,
        89.74358974358975,
        66.66666666666666,
        82.54847645429363
    ],
    "Closed Set Accuracy": {
        "OA": 90.15544041450777,
        "AA": 91.18475981373486,
        "Recall-all": [
            95.0,
            92.85714285714286,
            89.0625,
            89.79591836734694,
            94.94949494949495,
            80.8080808080808,
            93.15068493150685,
            100.0,
            97.43589743589743,
            78.78787878787878
        ]
    },
    "OSR Accuracy": {
        "TNR": 24.222837796245,
        "AUROC": 86.80869522228443,
        "DTACC": 81.59625042061566,
        "AUIN": 72.12871356542911,
        "AUOUT": 94.62007875160965,
        "OSCR": 77.87479846329762,
        "AUPR": 94.64030220717359
    }
}