{
    "OA": 86.52657601977751,
    "AA": 79.17359014547756,
    "OOD": 89.25178147268409,
    "NMI": 63.07423227744597,
    "H-score": 83.5318022069973,
    "H3-score": 75.38326784344021,
    "UCR": 88.7046719500767,
    "Recall-all": [
        90.54054054054053,
        85.36585365853658,
        81.48148148148148,
        75.0,
        96.0,
        84.84848484848484,
        62.5,
        93.93939393939394,
        100.0,
        93.42105263157895,
        69.56521739130434,
        56.00000000000001,
        61.36363636363637,
        52.5,
        75.0,
        89.25178147268409
    ],
    "Closed Set Accuracy": {
        "OA": 95.5585464333782,
        "AA": 94.85903937564,
        "Recall-all": [
            98.64864864864865,
            97.5609756097561,
            92.5925925925926,
            92.5,
            100.0,
            95.95959595959596,
            95.0,
            96.96969696969697,
            100.0,
            96.05263157894737,
            97.10144927536231,
            88.0,
            100.0,
            77.5,
            95.0
        ]
    },
    "OSR Accuracy": {
        "TNR": 66.92399049881234,
        "AUROC": 92.99087604658523,
        "DTACC": 85.5509697797016,
        "AUIN": 86.6783508385559,
        "AUOUT": 96.3843570267378,
        "OSCR": 88.7046719500767,
        "AUPR": 96.41596490400553
    }
}