{
    "OA": 88.75154511742892,
    "AA": 83.51235907959878,
    "OOD": 91.21140142517815,
    "NMI": 68.79650765606354,
    "H-score": 86.91118174119929,
    "H3-score": 79.89983434027663,
    "UCR": 92.29355217181504,
    "Recall-all": [
        94.5945945945946,
        82.92682926829268,
        92.5925925925926,
        72.5,
        88.0,
        83.83838383838383,
        75.0,
        96.96969696969697,
        100.0,
        94.73684210526315,
        72.46376811594203,
        80.0,
        61.36363636363637,
        67.5,
        82.5,
        91.21140142517815
    ],
    "Closed Set Accuracy": {
        "OA": 97.30820995962316,
        "AA": 97.41520234812639,
        "Recall-all": [
            100.0,
            97.5609756097561,
            100.0,
            97.5,
            100.0,
            94.94949494949495,
            97.5,
            96.96969696969697,
            100.0,
            97.36842105263158,
            95.65217391304348,
            96.0,
            97.72727272727273,
            92.5,
            97.5
        ]
    },
    "OSR Accuracy": {
        "TNR": 77.85035629453681,
        "AUROC": 94.95537127201466,
        "DTACC": 88.20719430440246,
        "AUIN": 90.63494252364168,
        "AUOUT": 97.31712967799166,
        "OSCR": 92.29355217181504,
        "AUPR": 97.34869499958825
    }
}