{
    "OA": 76.7430278884462,
    "AA": 94.40657933876116,
    "OOD": 72.87328970850683,
    "NMI": 90.70097492103348,
    "H-score": 83.06042410016259,
    "H3-score": 85.4614743152178,
    "UCR": 95.66469190648371,
    "Recall-all": [
        100.0,
        98.98989898989899,
        95.16129032258065,
        100.0,
        100.0,
        83.87096774193549,
        97.87234042553192,
        100.0,
        95.06172839506173,
        94.64285714285714,
        72.87328970850683
    ],
    "Closed Set Accuracy": {
        "OA": 98.77675840978594,
        "AA": 98.69930663742149,
        "Recall-all": [
            100.0,
            100.0,
            100.0,
            100.0,
            100.0,
            95.16129032258065,
            97.87234042553192,
            100.0,
            97.53086419753086,
            96.42857142857143
        ]
    },
    "OSR Accuracy": {
        "TNR": 81.43961927424152,
        "AUROC": 96.88991189531497,
        "DTACC": 90.90054885780454,
        "AUIN": 88.83850460341073,
        "AUOUT": 99.32207015874826,
        "OSCR": 95.66469190648371,
        "AUPR": 99.33706284656614
    }
}