{
    "OA": 78.66636629871593,
    "AA": 94.11340952761509,
    "OOD": 73.31945270672219,
    "NMI": 90.76659772279503,
    "H-score": 82.95200277539293,
    "H3-score": 85.40429996935708,
    "UCR": 94.14979643036476,
    "Recall-all": [
        100.0,
        98.98989898989899,
        96.7741935483871,
        100.0,
        100.0,
        83.87096774193549,
        97.87234042553192,
        100.0,
        97.53086419753086,
        96.42857142857143,
        90.9090909090909,
        84.61538461538461,
        94.79166666666666,
        92.04545454545455,
        98.66666666666667,
        73.31945270672219
    ],
    "Closed Set Accuracy": {
        "OA": 98.14298978644382,
        "AA": 98.33253973572741,
        "Recall-all": [
            100.0,
            100.0,
            100.0,
            100.0,
            100.0,
            95.16129032258065,
            97.87234042553192,
            100.0,
            98.76543209876543,
            98.21428571428571,
            92.92929292929293,
            100.0,
            100.0,
            92.04545454545455,
            100.0
        ]
    },
    "OSR Accuracy": {
        "TNR": 76.71029149315883,
        "AUROC": 96.00350633576313,
        "DTACC": 89.69964157824877,
        "AUIN": 91.03807279221803,
        "AUOUT": 98.51086358786488,
        "OSCR": 94.14979643036476,
        "AUPR": 98.52603512108303
    }
}