{
    "OA": 85.65826330532212,
    "AA": 85.84214423681287,
    "OOD": null,
    "NMI": null,
    "H-score": null,
    "H3-score": null,
    "UCR": 88.57142857142857,
    "Recall-all": [
        100.0,
        98.98989898989899,
        90.32258064516128,
        100.0,
        100.0,
        61.29032258064516,
        89.36170212765957,
        100.0,
        92.5925925925926,
        94.64285714285714,
        90.9090909090909,
        53.84615384615385,
        75.0,
        92.04545454545455,
        97.33333333333334,
        95.18072289156626,
        31.343283582089555,
        87.8048780487805,
        98.50746268656717,
        89.65517241379311,
        95.77464788732394,
        96.96969696969697,
        98.9010989010989,
        27.77777777777778,
        87.8048780487805
    ],
    "Closed Set Accuracy": {
        "OA": 88.57142857142857,
        "AA": 88.92429453722417,
        "Recall-all": [
            100.0,
            98.98989898989899,
            100.0,
            100.0,
            100.0,
            87.09677419354838,
            91.48936170212765,
            100.0,
            92.5925925925926,
            94.64285714285714,
            92.92929292929293,
            63.07692307692307,
            77.08333333333334,
            92.04545454545455,
            100.0,
            96.3855421686747,
            31.343283582089555,
            92.6829268292683,
            98.50746268656717,
            93.10344827586206,
            100.0,
            100.0,
            100.0,
            33.33333333333333,
            87.8048780487805
        ]
    },
    "OSR Accuracy": null
}