{
    "OA": 70.45735475896167,
    "AA": 65.52986157323855,
    "OOD": null,
    "NMI": null,
    "H-score": null,
    "H3-score": null,
    "UCR": 85.45529460238978,
    "Recall-all": [
        90.54054054054053,
        85.36585365853658,
        74.07407407407408,
        80.0,
        96.0,
        68.68686868686868,
        52.5,
        93.93939393939394,
        100.0,
        89.47368421052632,
        65.21739130434783,
        12.0,
        27.27272727272727,
        52.5,
        75.0,
        56.52173913043478,
        26.666666666666668,
        33.33333333333333,
        90.47619047619048,
        64.44444444444444,
        77.27272727272727,
        100.0,
        97.77777777777777,
        50.0,
        54.347826086956516,
        82.5,
        47.5,
        84.81012658227847,
        89.13043478260869,
        88.88888888888889,
        88.88888888888889,
        65.3061224489796,
        66.66666666666666,
        5.0,
        14.285714285714285,
        40.625,
        44.44444444444444,
        89.79591836734694,
        80.95238095238095,
        80.0,
        31.57894736842105,
        47.368421052631575,
        45.0,
        42.30769230769231,
        68.42105263157895,
        50.0,
        50.0,
        70.2127659574468,
        77.55102040816327,
        46.666666666666664,
        75.0,
        50.0,
        45.23809523809524,
        75.60975609756098,
        97.82608695652173,
        82.5,
        85.0,
        73.91304347826086,
        68.75,
        84.0909090909091,
        79.06976744186046,
        35.0,
        52.38095238095239,
        75.0,
        68.75
    ],
    "Closed Set Accuracy": {
        "OA": 85.45529460238978,
        "AA": 81.90506072975022,
        "Recall-all": [
            95.94594594594594,
            90.2439024390244,
            77.77777777777779,
            95.0,
            100.0,
            91.91919191919192,
            72.5,
            96.96969696969697,
            100.0,
            94.73684210526315,
            95.65217391304348,
            60.0,
            70.45454545454545,
            77.5,
            92.5,
            65.21739130434783,
            46.666666666666664,
            44.44444444444444,
            100.0,
            77.77777777777779,
            90.9090909090909,
            100.0,
            100.0,
            70.0,
            78.26086956521739,
            97.5,
            75.0,
            100.0,
            97.82608695652173,
            100.0,
            94.44444444444444,
            73.46938775510205,
            74.50980392156863,
            25.0,
            38.095238095238095,
            78.125,
            72.22222222222221,
            97.95918367346938,
            90.47619047619048,
            85.0,
            57.89473684210527,
            63.1578947368421,
            65.0,
            73.07692307692307,
            94.73684210526315,
            66.66666666666666,
            66.66666666666666,
            85.1063829787234,
            95.91836734693877,
            80.0,
            95.0,
            73.33333333333333,
            64.28571428571429,
            85.36585365853658,
            97.82608695652173,
            87.5,
            95.0,
            91.30434782608695,
            75.0,
            88.63636363636364,
            86.04651162790698,
            90.0,
            80.95238095238095,
            100.0,
            81.25
        ]
    },
    "OSR Accuracy": null
}