{
    "OA": 85.67821895799862,
    "AA": 94.46705690609929,
    "OOD": 81.83259353202283,
    "NMI": 85.88873577072023,
    "H-score": 88.05782845886854,
    "H3-score": 87.32405573340174,
    "UCR": 96.0082487714345,
    "Recall-all": [
        100.0,
        100.0,
        100.0,
        96.3855421686747,
        100.0,
        98.71794871794873,
        81.25,
        100.0,
        98.52941176470588,
        100.0,
        100.0,
        81.53846153846153,
        89.0625,
        85.52631578947368,
        98.63013698630137,
        81.83259353202283
    ],
    "Closed Set Accuracy": {
        "OA": 99.08561928512053,
        "AA": 99.02075644006526,
        "Recall-all": [
            100.0,
            100.0,
            100.0,
            97.59036144578313,
            100.0,
            98.71794871794873,
            96.25,
            100.0,
            100.0,
            100.0,
            100.0,
            95.38461538461539,
            100.0,
            97.36842105263158,
            100.0
        ]
    },
    "OSR Accuracy": {
        "TNR": 84.62270133164236,
        "AUROC": 96.91847848145436,
        "DTACC": 91.44220931501303,
        "AUIN": 92.99491357713113,
        "AUOUT": 98.70228863505851,
        "OSCR": 96.0082487714345,
        "AUPR": 98.71838495482133
    }
}