{
    "OA": 88.77320054323224,
    "AA": 86.80441714297277,
    "OOD": 89.25178147268409,
    "NMI": 63.07423227744597,
    "H-score": 87.88461990876098,
    "H3-score": 77.69845671970785,
    "UCR": 92.08228707159755,
    "Recall-all": [
        90.54054054054053,
        85.36585365853658,
        81.48148148148148,
        75.0,
        96.0,
        84.84848484848484,
        65.0,
        93.93939393939394,
        100.0,
        93.42105263157895,
        89.25178147268409
    ],
    "Closed Set Accuracy": {
        "OA": 97.14285714285714,
        "AA": 97.14878450629413,
        "Recall-all": [
            98.64864864864865,
            97.5609756097561,
            96.29629629629629,
            95.0,
            100.0,
            95.95959595959596,
            95.0,
            96.96969696969697,
            100.0,
            96.05263157894737
        ]
    },
    "OSR Accuracy": {
        "TNR": 75.1187648456057,
        "AUROC": 94.87863363872864,
        "DTACC": 88.76931342608303,
        "AUIN": 88.25008687580167,
        "AUOUT": 97.94319300420622,
        "OSCR": 92.08228707159755,
        "AUPR": 97.97412170933531
    }
}