{
    "OA": 91.92104659169154,
    "AA": 91.30951541475237,
    "OOD": 91.91502853519341,
    "NMI": 85.88873577072023,
    "H-score": 91.59044957277811,
    "H3-score": 89.60890647639415,
    "UCR": 96.62760505204834,
    "Recall-all": [
        100.0,
        100.0,
        100.0,
        86.74698795180723,
        93.93939393939394,
        94.87179487179486,
        72.5,
        100.0,
        98.52941176470588,
        100.0,
        98.95833333333334,
        73.84615384615385,
        73.4375,
        78.94736842105263,
        97.26027397260275,
        91.91502853519341
    ],
    "Closed Set Accuracy": {
        "OA": 99.08561928512053,
        "AA": 99.01637047515297,
        "Recall-all": [
            100.0,
            100.0,
            100.0,
            97.59036144578313,
            100.0,
            98.71794871794873,
            97.5,
            100.0,
            100.0,
            100.0,
            100.0,
            95.38461538461539,
            100.0,
            96.05263157894737,
            100.0
        ]
    },
    "OSR Accuracy": {
        "TNR": 88.71274571972098,
        "AUROC": 97.5398904978096,
        "DTACC": 92.34064490011497,
        "AUIN": 94.41041143948217,
        "AUOUT": 98.95891585673087,
        "OSCR": 96.62760505204834,
        "AUPR": 98.97496087454792
    }
}