{
    "OA": 92.66636487098235,
    "AA": 84.76104567160459,
    "OOD": 95.78384798099762,
    "NMI": 69.55331038381244,
    "H-score": 89.31115817888733,
    "H3-score": 81.58715081286365,
    "UCR": 94.8025110281657,
    "Recall-all": [
        93.24324324324324,
        85.36585365853658,
        92.5925925925926,
        55.00000000000001,
        82.66666666666667,
        69.6969696969697,
        70.0,
        96.96969696969697,
        95.0,
        96.05263157894737,
        95.78384798099762
    ],
    "Closed Set Accuracy": {
        "OA": 97.90476190476191,
        "AA": 98.06643780552638,
        "Recall-all": [
            100.0,
            97.5609756097561,
            100.0,
            95.0,
            100.0,
            94.94949494949495,
            97.5,
            96.96969696969697,
            100.0,
            98.68421052631578
        ]
    },
    "OSR Accuracy": {
        "TNR": 84.7980997624703,
        "AUROC": 96.8919805451872,
        "DTACC": 91.2555706368058,
        "AUIN": 92.94287289579403,
        "AUOUT": 98.79129425885189,
        "OSCR": 94.8025110281657,
        "AUPR": 98.8215934945871
    }
}