{
    "OA": 92.59352247049962,
    "AA": 94.42496553341707,
    "OOD": 92.0418516169943,
    "NMI": 85.88873577072023,
    "H-score": 93.33366136775999,
    "H3-score": 90.71395568055668,
    "UCR": 97.95186077303893,
    "Recall-all": [
        100.0,
        100.0,
        100.0,
        85.54216867469879,
        93.93939393939394,
        94.87179487179486,
        73.75,
        100.0,
        98.52941176470588,
        100.0,
        92.0418516169943
    ],
    "Closed Set Accuracy": {
        "OA": 99.51749095295537,
        "AA": 99.5058310163732,
        "Recall-all": [
            100.0,
            100.0,
            100.0,
            97.59036144578313,
            100.0,
            98.71794871794873,
            98.75,
            100.0,
            100.0,
            100.0
        ]
    },
    "OSR Accuracy": {
        "TNR": 91.75649968294229,
        "AUROC": 98.43524947354652,
        "DTACC": 93.74686862490276,
        "AUIN": 94.73256469264109,
        "AUOUT": 99.55193748004535,
        "OSCR": 97.95186077303893,
        "AUPR": 99.56786558035184
    }
}