{
    "OA": 87.7205040091638,
    "AA": 73.10895435966513,
    "OOD": 93.0440135426285,
    "NMI": 73.44558460183944,
    "H-score": 81.03984394225475,
    "H3-score": 78.34105817102368,
    "UCR": 82.17869076892728,
    "Recall-all": [
        93.33333333333333,
        91.07142857142857,
        78.125,
        79.59183673469387,
        90.9090909090909,
        43.43434343434344,
        57.534246575342465,
        93.47826086956522,
        84.61538461538461,
        60.60606060606061,
        85.85858585858585,
        22.5,
        65.65656565656566,
        60.9375,
        69.04761904761905,
        93.0440135426285
    ],
    "Closed Set Accuracy": {
        "OA": 92.38351254480287,
        "AA": 92.94169136292425,
        "Recall-all": [
            98.33333333333333,
            98.21428571428571,
            89.0625,
            92.85714285714286,
            93.93939393939394,
            89.8989898989899,
            95.8904109589041,
            100.0,
            97.43589743589743,
            80.8080808080808,
            93.93939393939394,
            92.5,
            93.93939393939394,
            79.6875,
            97.61904761904762
        ]
    },
    "OSR Accuracy": {
        "TNR": 32.65620190827947,
        "AUROC": 89.3564989944521,
        "DTACC": 83.8183460916014,
        "AUIN": 84.13919534465545,
        "AUOUT": 93.62041694145276,
        "OSCR": 82.17869076892728,
        "AUPR": 93.64268562714342
    }
}