{
    "OA": 84.85196235942162,
    "AA": 83.51210798718883,
    "OOD": null,
    "NMI": null,
    "H-score": null,
    "H3-score": null,
    "UCR": 94.67523525361487,
    "Recall-all": [
        100.0,
        100.0,
        98.4375,
        89.1566265060241,
        73.73737373737373,
        73.07692307692307,
        65.0,
        100.0,
        98.52941176470588,
        97.97979797979798,
        97.91666666666666,
        67.6923076923077,
        26.5625,
        78.94736842105263,
        95.8904109589041,
        85.48387096774194,
        70.58823529411765,
        79.06976744186046,
        95.06172839506173,
        88.33333333333333,
        98.27586206896551,
        98.82352941176471,
        80.0,
        70.17543859649122,
        83.33333333333334,
        93.33333333333333,
        86.53846153846155,
        98.33333333333333,
        100.0,
        93.33333333333333,
        90.36144578313254,
        85.8974358974359,
        70.1492537313433,
        34.78260869565217,
        63.38028169014085,
        86.95652173913044,
        90.0,
        82.75862068965517,
        82.35294117647058,
        81.25,
        63.33333333333333,
        64.70588235294117,
        76.92307692307693,
        64.40677966101694,
        91.04477611940298,
        96.15384615384616,
        75.47169811320755,
        89.39393939393939,
        96.0,
        90.2439024390244,
        96.1038961038961,
        90.19607843137256,
        66.66666666666666,
        93.5064935064935,
        98.86363636363636,
        90.47619047619048,
        88.88888888888889,
        77.77777777777779,
        79.66101694915254,
        97.5609756097561,
        89.41176470588236,
        46.26865671641791,
        86.41975308641975,
        75.47169811320755,
        91.83673469387756
    ],
    "Closed Set Accuracy": {
        "OA": 94.67523525361487,
        "AA": 93.96000176644286,
        "Recall-all": [
            100.0,
            100.0,
            98.4375,
            97.59036144578313,
            98.98989898989899,
            88.46153846153845,
            90.0,
            100.0,
            100.0,
            100.0,
            100.0,
            87.6923076923077,
            53.125,
            94.73684210526315,
            100.0,
            95.16129032258065,
            74.50980392156863,
            86.04651162790698,
            100.0,
            91.66666666666666,
            100.0,
            100.0,
            100.0,
            80.7017543859649,
            88.88888888888889,
            100.0,
            94.23076923076923,
            98.33333333333333,
            100.0,
            98.66666666666667,
            97.59036144578313,
            96.15384615384616,
            94.02985074626866,
            73.91304347826086,
            83.09859154929578,
            93.47826086956522,
            98.33333333333333,
            94.82758620689656,
            92.64705882352942,
            96.875,
            93.33333333333333,
            88.23529411764706,
            87.6923076923077,
            91.52542372881356,
            98.50746268656717,
            100.0,
            90.56603773584906,
            90.9090909090909,
            97.33333333333334,
            100.0,
            98.7012987012987,
            96.07843137254902,
            96.96969696969697,
            98.7012987012987,
            98.86363636363636,
            93.65079365079364,
            92.5925925925926,
            94.44444444444444,
            96.61016949152543,
            100.0,
            96.47058823529412,
            94.02985074626866,
            95.06172839506173,
            83.01886792452831,
            95.91836734693877
        ]
    },
    "OSR Accuracy": null
}