{
    "OA": 87.10194730813288,
    "AA": 75.09490634952087,
    "OOD": 91.65897199138196,
    "NMI": 72.75693084581731,
    "H-score": 81.88204896827357,
    "H3-score": 78.597536915091,
    "UCR": 81.63450623351439,
    "Recall-all": [
        93.33333333333333,
        89.28571428571429,
        79.6875,
        76.53061224489795,
        90.9090909090909,
        46.464646464646464,
        60.273972602739725,
        95.65217391304348,
        89.74358974358975,
        62.62626262626263,
        85.85858585858585,
        32.5,
        66.66666666666666,
        59.375,
        80.95238095238095,
        91.65897199138196
    ],
    "Closed Set Accuracy": {
        "OA": 91.93548387096774,
        "AA": 92.55012261421264,
        "Recall-all": [
            100.0,
            98.21428571428571,
            85.9375,
            93.87755102040816,
            93.93939393939394,
            88.88888888888889,
            95.8904109589041,
            100.0,
            97.43589743589743,
            77.77777777777779,
            92.92929292929293,
            90.0,
            92.92929292929293,
            82.8125,
            97.61904761904762
        ]
    },
    "OSR Accuracy": {
        "TNR": 34.71837488457987,
        "AUROC": 89.29245943885682,
        "DTACC": 83.74710829138495,
        "AUIN": 83.46469811789073,
        "AUOUT": 93.53550599803442,
        "OSCR": 81.63450623351439,
        "AUPR": 93.55840010895844
    }
}