{
    "OA": 88.17994032591233,
    "AA": 90.33772408642662,
    "OOD": 86.96892834495878,
    "NMI": 80.51492681595697,
    "H-score": 88.72875307108718,
    "H3-score": 85.81203931326438,
    "UCR": 93.96438622319681,
    "Recall-all": [
        95.34883720930233,
        100.0,
        100.0,
        86.74698795180723,
        97.97979797979798,
        92.3076923076923,
        81.25,
        100.0,
        98.52941176470588,
        100.0,
        97.91666666666666,
        60.0,
        81.25,
        67.10526315789474,
        100.0,
        86.96892834495878
    ],
    "Closed Set Accuracy": {
        "OA": 98.17123857024106,
        "AA": 98.05247406630572,
        "Recall-all": [
            100.0,
            100.0,
            100.0,
            96.3855421686747,
            100.0,
            97.43589743589743,
            96.25,
            100.0,
            100.0,
            100.0,
            98.95833333333334,
            93.84615384615384,
            98.4375,
            89.47368421052632,
            100.0
        ]
    },
    "OSR Accuracy": {
        "TNR": 81.51553582752061,
        "AUROC": 95.7791528365727,
        "DTACC": 89.54281491367755,
        "AUIN": 90.8928015467775,
        "AUOUT": 98.13528435544198,
        "OSCR": 93.96438622319681,
        "AUPR": 98.15160939682751
    }
}