{
    "OA": 87.3094355170993,
    "AA": 71.54041947520291,
    "OOD": 94.29928741092637,
    "NMI": 63.07423227744597,
    "H-score": 80.36752248785763,
    "H3-score": 73.63898566069466,
    "UCR": 89.3908066738487,
    "Recall-all": [
        86.48648648648648,
        82.92682926829268,
        81.48148148148148,
        55.00000000000001,
        89.33333333333333,
        68.68686868686868,
        60.0,
        93.93939393939394,
        100.0,
        90.78947368421053,
        56.52173913043478,
        32.0,
        43.18181818181818,
        40.0,
        70.0,
        94.29928741092637
    ],
    "Closed Set Accuracy": {
        "OA": 95.69313593539704,
        "AA": 95.25257784164224,
        "Recall-all": [
            97.2972972972973,
            97.5609756097561,
            96.29629629629629,
            95.0,
            100.0,
            95.95959595959596,
            95.0,
            96.96969696969697,
            100.0,
            96.05263157894737,
            95.65217391304348,
            88.0,
            100.0,
            80.0,
            95.0
        ]
    },
    "OSR Accuracy": {
        "TNR": 71.14014251781472,
        "AUROC": 93.55712700965144,
        "DTACC": 86.33281170577008,
        "AUIN": 88.10919675744273,
        "AUOUT": 96.65492694751262,
        "OSCR": 89.3908066738487,
        "AUPR": 96.68630630952313
    }
}