{
    "OA": 83.35210633025456,
    "AA": 90.42331017324318,
    "OOD": 80.87447947650207,
    "NMI": 87.19301206171791,
    "H-score": 85.6649980212328,
    "H3-score": 86.16968898568005,
    "UCR": 92.69458147397573,
    "Recall-all": [
        100.0,
        97.97979797979798,
        88.70967741935483,
        100.0,
        100.0,
        64.51612903225806,
        91.48936170212765,
        100.0,
        95.06172839506173,
        94.64285714285714,
        86.86868686868688,
        73.84615384615385,
        88.54166666666666,
        90.9090909090909,
        93.33333333333333,
        80.87447947650207
    ],
    "Closed Set Accuracy": {
        "OA": 97.49303621169916,
        "AA": 97.67766613475834,
        "Recall-all": [
            100.0,
            100.0,
            100.0,
            100.0,
            100.0,
            100.0,
            95.74468085106383,
            100.0,
            96.29629629629629,
            94.64285714285714,
            92.92929292929293,
            96.92307692307692,
            97.91666666666666,
            92.04545454545455,
            98.66666666666667
        ]
    },
    "OSR Accuracy": {
        "TNR": 73.43842950624628,
        "AUROC": 95.19767879246834,
        "DTACC": 88.70300374992335,
        "AUIN": 89.28699021860007,
        "AUOUT": 98.15269040799942,
        "OSCR": 92.69458147397573,
        "AUPR": 98.16798920058002
    }
}