{
    "OA": 86.3917525773196,
    "AA": 74.76861751234998,
    "OOD": 90.55093875038473,
    "NMI": 73.44558460183944,
    "H-score": 81.27058938977873,
    "H3-score": 78.48466073351183,
    "UCR": 82.0783290364503,
    "Recall-all": [
        93.33333333333333,
        91.07142857142857,
        79.6875,
        81.63265306122449,
        90.9090909090909,
        48.484848484848484,
        60.273972602739725,
        97.82608695652173,
        85.8974358974359,
        65.65656565656566,
        85.85858585858585,
        22.5,
        68.68686868686868,
        62.5,
        71.42857142857143,
        90.55093875038473
    ],
    "Closed Set Accuracy": {
        "OA": 92.38351254480287,
        "AA": 92.94169136292425,
        "Recall-all": [
            98.33333333333333,
            98.21428571428571,
            89.0625,
            92.85714285714286,
            93.93939393939394,
            90.9090909090909,
            95.8904109589041,
            100.0,
            97.43589743589743,
            79.7979797979798,
            93.93939393939394,
            92.5,
            93.93939393939394,
            79.6875,
            97.61904761904762
        ]
    },
    "OSR Accuracy": {
        "TNR": 32.53308710372422,
        "AUROC": 89.25139359119045,
        "DTACC": 83.75132795202494,
        "AUIN": 83.92008782429664,
        "AUOUT": 93.56964024036711,
        "OSCR": 82.0783290364503,
        "AUPR": 93.59216282802379
    }
}