{
    "OA": 92.44001810774107,
    "AA": 87.04876626552259,
    "OOD": 94.53681710213777,
    "NMI": 69.55331038381244,
    "H-score": 90.23030169457775,
    "H3-score": 82.09644053790255,
    "UCR": 94.95492591335908,
    "Recall-all": [
        94.5945945945946,
        85.36585365853658,
        92.5925925925926,
        67.5,
        86.66666666666667,
        75.75757575757575,
        72.5,
        96.96969696969697,
        95.0,
        96.05263157894737,
        94.53681710213777
    ],
    "Closed Set Accuracy": {
        "OA": 98.09523809523809,
        "AA": 98.16744790653648,
        "Recall-all": [
            100.0,
            97.5609756097561,
            100.0,
            95.0,
            100.0,
            95.95959595959596,
            97.5,
            96.96969696969697,
            100.0,
            98.68421052631578
        ]
    },
    "OSR Accuracy": {
        "TNR": 84.85748218527316,
        "AUROC": 96.85397579459338,
        "DTACC": 91.26789955887344,
        "AUIN": 92.85200778029584,
        "AUOUT": 98.78210228728118,
        "OSCR": 94.95492591335908,
        "AUPR": 98.81239904282138
    }
}