{
    "OA": 83.32413031474324,
    "AA": 81.44595472679336,
    "OOD": null,
    "NMI": null,
    "H-score": null,
    "H3-score": null,
    "Recall-all": [
        98.83720930232558,
        100.0,
        98.4375,
        95.18072289156626,
        100.0,
        43.58974358974359,
        66.25,
        97.26027397260275,
        100.0,
        100.0,
        91.66666666666666,
        46.15384615384615,
        26.5625,
        64.47368421052632,
        69.86301369863014,
        70.96774193548387,
        78.43137254901961,
        62.7906976744186,
        97.53086419753086,
        88.33333333333333,
        96.55172413793103,
        98.82352941176471,
        100.0,
        66.66666666666666,
        77.77777777777779
    ],
    "Closed Set Accuracy": {
        "OA": 91.77250138045278,
        "AA": 90.62850378213025,
        "Recall-all": [
            100.0,
            100.0,
            100.0,
            98.79518072289156,
            100.0,
            52.56410256410257,
            87.5,
            98.63013698630137,
            100.0,
            100.0,
            98.95833333333334,
            81.53846153846153,
            67.1875,
            93.42105263157895,
            83.56164383561644,
            85.48387096774194,
            78.43137254901961,
            76.74418604651163,
            100.0,
            95.0,
            96.55172413793103,
            100.0,
            100.0,
            82.45614035087719,
            88.88888888888889
        ]
    },
    "OSR Accuracy": null
}