{
    "OA": 82.35967926689575,
    "AA": 64.17358398693871,
    "OOD": 89.22745460141583,
    "NMI": 77.23622512560259,
    "H-score": 73.51146421879653,
    "H3-score": 74.71383705641112,
    "Recall-all": [
        66.66666666666666,
        92.85714285714286,
        39.0625,
        70.40816326530613,
        91.91919191919192,
        20.2020202020202,
        60.273972602739725,
        93.47826086956522,
        25.64102564102564,
        50.505050505050505,
        81.81818181818183,
        10.0,
        74.74747474747475,
        71.875,
        88.09523809523809,
        89.22745460141583
    ],
    "Closed Set Accuracy": {
        "OA": 81.8100358422939,
        "AA": 82.65546487378678,
        "Recall-all": [
            75.0,
            94.64285714285714,
            60.9375,
            78.57142857142857,
            95.95959595959596,
            66.66666666666666,
            97.26027397260275,
            100.0,
            50.0,
            73.73737373737373,
            92.92929292929293,
            82.5,
            88.88888888888889,
            87.5,
            95.23809523809523
        ]
    },
    "OSR Accuracy": {
        "TNR": 16.12803939673746,
        "AUROC": 81.55161610244565,
        "DTACC": 76.88693295207459,
        "AUIN": 67.79754893909988,
        "AUOUT": 89.5099630773774,
        "OSCR": 67.22113834860698,
        "AUPR": 89.53341687048088
    }
}