{
    "OA": 85.84929122108929,
    "AA": 74.94340367525407,
    "OOD": 89.38134810710989,
    "NMI": 73.44558460183944,
    "H-score": 80.66570743410246,
    "H3-score": 78.10759309021098,
    "Recall-all": [
        91.66666666666666,
        78.57142857142857,
        76.5625,
        82.6530612244898,
        92.92929292929293,
        14.14141414141414,
        76.71232876712328,
        95.65217391304348,
        56.41025641025641,
        69.6969696969697,
        89.38134810710989
    ],
    "Closed Set Accuracy": {
        "OA": 86.78756476683938,
        "AA": 88.41885837580554,
        "Recall-all": [
            95.0,
            94.64285714285714,
            87.5,
            91.83673469387756,
            93.93939393939394,
            61.61616161616161,
            97.26027397260275,
            100.0,
            84.61538461538461,
            77.77777777777779
        ]
    },
    "OSR Accuracy": {
        "TNR": 26.900584795321635,
        "AUROC": 87.15810524402087,
        "DTACC": 81.5778111080811,
        "AUIN": 72.9704080069525,
        "AUOUT": 95.00223279678808,
        "OSCR": 74.83853142537332,
        "AUPR": 95.02105349917811
    }
}