{
    "OA": 62.3364700481983,
    "AA": 59.58097056587632,
    "OOD": null,
    "NMI": null,
    "H-score": null,
    "H3-score": null,
    "Recall-all": [
        87.20930232558139,
        98.98989898989899,
        90.625,
        87.95180722891565,
        100.0,
        34.61538461538461,
        58.75,
        94.52054794520548,
        97.05882352941177,
        90.9090909090909,
        68.75,
        12.307692307692308,
        42.1875,
        61.8421052631579,
        35.61643835616438,
        19.35483870967742,
        50.98039215686274,
        4.651162790697675,
        98.76543209876543,
        45.0,
        56.896551724137936,
        78.82352941176471,
        100.0,
        50.877192982456144,
        36.11111111111111,
        95.0,
        19.230769230769234,
        65.0,
        59.72222222222222,
        77.33333333333333,
        87.95180722891565,
        47.43589743589743,
        95.52238805970148,
        0.0,
        5.633802816901409,
        26.08695652173913,
        86.66666666666667,
        86.20689655172413,
        51.470588235294116,
        48.4375,
        40.0,
        58.82352941176471,
        40.0,
        25.423728813559322,
        59.70149253731343,
        84.61538461538461,
        66.0377358490566,
        46.96969696969697,
        64.0,
        85.36585365853658,
        49.35064935064935,
        56.86274509803921,
        40.909090909090914,
        77.92207792207793,
        97.72727272727273,
        90.47619047619048,
        28.39506172839506,
        53.70370370370371,
        64.40677966101694,
        53.65853658536586,
        63.52941176470588,
        28.35820895522388,
        32.098765432098766,
        28.30188679245283,
        81.63265306122449
    ],
    "Closed Set Accuracy": {
        "OA": 73.74340142299748,
        "AA": 71.49529778512745,
        "Recall-all": [
            91.86046511627907,
            100.0,
            95.3125,
            92.7710843373494,
            100.0,
            41.02564102564102,
            75.0,
            97.26027397260275,
            98.52941176470588,
            93.93939393939394,
            78.125,
            40.0,
            60.9375,
            73.68421052631578,
            42.465753424657535,
            45.16129032258064,
            56.86274509803921,
            18.6046511627907,
            100.0,
            58.333333333333336,
            75.86206896551724,
            89.41176470588236,
            100.0,
            71.9298245614035,
            55.55555555555556,
            96.66666666666667,
            46.15384615384615,
            68.33333333333333,
            65.27777777777779,
            81.33333333333333,
            93.97590361445783,
            61.53846153846154,
            97.01492537313433,
            8.695652173913043,
            29.577464788732392,
            30.434782608695656,
            95.0,
            91.37931034482759,
            64.70588235294117,
            57.8125,
            53.333333333333336,
            69.11764705882352,
            53.84615384615385,
            71.1864406779661,
            68.65671641791045,
            90.38461538461539,
            83.01886792452831,
            56.060606060606055,
            86.66666666666667,
            97.5609756097561,
            79.22077922077922,
            80.3921568627451,
            59.09090909090909,
            92.20779220779221,
            97.72727272727273,
            96.82539682539682,
            45.67901234567901,
            68.51851851851852,
            91.52542372881356,
            58.536585365853654,
            81.17647058823529,
            56.71641791044776,
            49.382716049382715,
            32.075471698113205,
            87.75510204081633
        ]
    },
    "OSR Accuracy": null
}