{
    "OA": 86.75298804780877,
    "AA": 81.81608895679965,
    "OOD": 87.74538964901845,
    "NMI": 81.86133967698629,
    "H-score": 84.35789509813429,
    "H3-score": 83.51028793534705,
    "Recall-all": [
        87.34177215189874,
        85.85858585858585,
        87.09677419354838,
        90.69767441860465,
        97.72727272727273,
        33.87096774193548,
        80.85106382978722,
        97.53086419753086,
        85.18518518518519,
        66.07142857142857,
        87.74538964901845
    ],
    "Closed Set Accuracy": {
        "OA": 90.36697247706422,
        "AA": 89.52481528891153,
        "Recall-all": [
            98.73417721518987,
            100.0,
            98.38709677419355,
            93.02325581395348,
            100.0,
            40.32258064516129,
            93.61702127659575,
            100.0,
            92.5925925925926,
            78.57142857142857
        ]
    },
    "OSR Accuracy": {
        "TNR": 50.594883997620464,
        "AUROC": 91.3392985462636,
        "DTACC": 85.38249949516725,
        "AUIN": 74.76507179151423,
        "AUOUT": 97.75514534262173,
        "OSCR": 81.9014730201009,
        "AUPR": 97.77059976032974
    }
}