{
    "OA": 88.73550524572059,
    "AA": 87.56192721050448,
    "OOD": null,
    "NMI": null,
    "H-score": null,
    "H3-score": null,
    "Recall-all": [
        87.20930232558139,
        100.0,
        100.0,
        95.18072289156626,
        96.96969696969697,
        52.56410256410257,
        78.75,
        97.26027397260275,
        98.52941176470588,
        97.97979797979798,
        94.79166666666666,
        69.23076923076923,
        64.0625,
        86.8421052631579,
        91.78082191780823,
        80.64516129032258,
        88.23529411764706,
        79.06976744186046,
        95.06172839506173,
        96.66666666666667,
        96.55172413793103,
        100.0,
        100.0,
        66.66666666666666,
        75.0
    ],
    "Closed Set Accuracy": {
        "OA": 91.3307564881281,
        "AA": 90.4379195778852,
        "Recall-all": [
            88.37209302325581,
            100.0,
            100.0,
            96.3855421686747,
            96.96969696969697,
            57.692307692307686,
            83.75,
            97.26027397260275,
            98.52941176470588,
            97.97979797979798,
            96.875,
            78.46153846153847,
            70.3125,
            92.10526315789474,
            91.78082191780823,
            91.93548387096774,
            90.19607843137256,
            83.72093023255815,
            98.76543209876543,
            98.33333333333333,
            96.55172413793103,
            100.0,
            100.0,
            77.19298245614034,
            77.77777777777779
        ]
    },
    "OSR Accuracy": null
}