{
    "OA": 91.66478936697455,
    "AA": 74.47740504864882,
    "OOD": 98.54253420582987,
    "NMI": 90.76659772279503,
    "H-score": 83.78530931491218,
    "H3-score": 85.99130070705301,
    "Recall-all": [
        77.21518987341773,
        97.97979797979798,
        91.93548387096774,
        100.0,
        100.0,
        17.741935483870968,
        89.36170212765957,
        100.0,
        92.5925925925926,
        92.85714285714286,
        59.59595959595959,
        64.61538461538461,
        7.291666666666667,
        65.9090909090909,
        36.0,
        98.54253420582987
    ],
    "Closed Set Accuracy": {
        "OA": 96.37883008356546,
        "AA": 96.53315237492198,
        "Recall-all": [
            100.0,
            100.0,
            100.0,
            100.0,
            100.0,
            80.64516129032258,
            95.74468085106383,
            100.0,
            96.29629629629629,
            96.42857142857143,
            87.87878787878788,
            100.0,
            98.95833333333334,
            92.04545454545455,
            100.0
        ]
    },
    "OSR Accuracy": {
        "TNR": 80.45806067816775,
        "AUROC": 96.56254263473406,
        "DTACC": 90.46072854233536,
        "AUIN": 92.58260035290692,
        "AUOUT": 98.71431740586125,
        "OSCR": 92.94936802551112,
        "AUPR": 98.72944161421952
    }
}