{
    "OA": 49.132687542239246,
    "AA": 48.36507131156238,
    "OOD": null,
    "NMI": null,
    "H-score": null,
    "H3-score": null,
    "Recall-all": [
        83.54430379746836,
        86.86868686868688,
        85.48387096774194,
        90.69767441860465,
        100.0,
        19.35483870967742,
        44.680851063829785,
        97.53086419753086,
        83.9506172839506,
        71.42857142857143,
        36.36363636363637,
        7.6923076923076925,
        3.125,
        81.81818181818183,
        1.3333333333333335,
        6.024096385542169,
        88.05970149253731,
        4.878048780487805,
        85.07462686567165,
        29.310344827586203,
        53.52112676056338,
        47.474747474747474,
        97.8021978021978,
        17.77777777777778,
        43.90243902439025,
        91.04477611940298,
        0.0,
        7.777777777777778,
        47.22222222222222,
        61.61616161616161,
        75.60975609756098,
        24.074074074074073,
        78.78787878787878,
        1.7857142857142856,
        13.26530612244898,
        12.5,
        83.33333333333334,
        82.92682926829268,
        48.38709677419355,
        36.76470588235294,
        38.57142857142858,
        61.702127659574465,
        21.666666666666668,
        22.5,
        2.631578947368421,
        84.84848484848484,
        39.53488372093023,
        53.48837209302325,
        64.40677966101694,
        67.24137931034483,
        35.35353535353536,
        22.5,
        6.122448979591836,
        84.78260869565217,
        76.76767676767676,
        95.34883720930233,
        22.22222222222222,
        44.680851063829785,
        80.0,
        10.344827586206897,
        57.14285714285714,
        2.2222222222222223,
        18.27956989247312,
        11.842105263157894,
        86.73469387755102
    ],
    "Closed Set Accuracy": {
        "OA": 65.96080198242848,
        "AA": 64.79099406307107,
        "Recall-all": [
            92.40506329113924,
            97.97979797979798,
            95.16129032258065,
            93.02325581395348,
            100.0,
            37.096774193548384,
            53.191489361702125,
            98.76543209876543,
            90.12345679012346,
            73.21428571428571,
            70.70707070707071,
            21.53846153846154,
            6.25,
            94.31818181818183,
            8.0,
            37.34939759036144,
            92.53731343283582,
            9.75609756097561,
            89.55223880597015,
            56.896551724137936,
            80.28169014084507,
            81.81818181818183,
            100.0,
            56.666666666666664,
            68.29268292682927,
            94.02985074626866,
            14.035087719298245,
            23.333333333333332,
            55.55555555555556,
            64.64646464646465,
            90.2439024390244,
            64.81481481481481,
            95.95959595959596,
            7.142857142857142,
            51.02040816326531,
            16.666666666666664,
            96.875,
            82.92682926829268,
            60.215053763440864,
            80.88235294117648,
            75.71428571428571,
            72.3404255319149,
            23.333333333333332,
            67.5,
            10.526315789473683,
            92.92929292929293,
            76.74418604651163,
            67.44186046511628,
            81.35593220338984,
            82.75862068965517,
            62.62626262626263,
            67.5,
            20.408163265306122,
            95.65217391304348,
            85.85858585858585,
            100.0,
            47.474747474747474,
            78.72340425531915,
            95.0,
            10.344827586206897,
            80.95238095238095,
            8.88888888888889,
            87.09677419354838,
            21.052631578947366,
            95.91836734693877
        ]
    },
    "OSR Accuracy": null
}