{
    "OA": 81.23249299719888,
    "AA": 81.55474916981949,
    "OOD": null,
    "NMI": null,
    "H-score": null,
    "H3-score": null,
    "Recall-all": [
        72.15189873417721,
        98.98989898989899,
        98.38709677419355,
        97.67441860465115,
        100.0,
        37.096774193548384,
        74.46808510638297,
        100.0,
        85.18518518518519,
        94.64285714285714,
        77.77777777777779,
        72.3076923076923,
        19.791666666666664,
        90.9090909090909,
        94.66666666666667,
        83.13253012048193,
        100.0,
        43.90243902439025,
        95.52238805970148,
        84.48275862068965,
        87.32394366197182,
        95.95959595959596,
        97.8021978021978,
        48.888888888888886,
        87.8048780487805
    ],
    "Closed Set Accuracy": {
        "OA": 87.78711484593838,
        "AA": 87.50362605163984,
        "Recall-all": [
            73.41772151898735,
            98.98989898989899,
            98.38709677419355,
            100.0,
            100.0,
            46.774193548387096,
            82.97872340425532,
            100.0,
            91.35802469135803,
            96.42857142857143,
            87.87878787878788,
            86.15384615384616,
            75.0,
            97.72727272727273,
            94.66666666666667,
            90.36144578313254,
            100.0,
            56.09756097560976,
            97.01492537313433,
            87.93103448275862,
            91.54929577464789,
            95.95959595959596,
            100.0,
            51.11111111111111,
            87.8048780487805
        ]
    },
    "OSR Accuracy": null
}