{
    "OA": 78.7366326784382,
    "AA": 46.974384744586786,
    "OOD": 87.50384733764236,
    "NMI": 46.461244123677034,
    "H-score": 57.592547039592866,
    "H3-score": 53.33463438522106,
    "Recall-all": [
        51.66666666666667,
        8.928571428571429,
        26.5625,
        1.0204081632653061,
        89.8989898989899,
        8.080808080808081,
        72.6027397260274,
        76.08695652173914,
        44.871794871794876,
        49.494949494949495,
        87.50384733764236
    ],
    "Closed Set Accuracy": {
        "OA": 52.331606217616574,
        "AA": 54.4639028235796,
        "Recall-all": [
            65.0,
            21.428571428571427,
            54.6875,
            5.1020408163265305,
            90.9090909090909,
            18.181818181818183,
            84.93150684931507,
            89.13043478260869,
            57.692307692307686,
            57.57575757575758
        ]
    },
    "OSR Accuracy": {
        "TNR": 11.665127731609726,
        "AUROC": 71.08321093616688,
        "DTACC": 66.23769848674044,
        "AUIN": 49.29240675519424,
        "AUOUT": 88.98546980416494,
        "OSCR": 39.49270162042632,
        "AUPR": 89.00698711208392
    }
}