{
    "OA": 69.5798319327731,
    "AA": 71.21244617381562,
    "OOD": null,
    "NMI": null,
    "H-score": null,
    "H3-score": null,
    "Recall-all": [
        89.87341772151899,
        97.97979797979798,
        93.54838709677419,
        100.0,
        100.0,
        9.67741935483871,
        85.1063829787234,
        100.0,
        93.82716049382715,
        92.85714285714286,
        38.38383838383838,
        53.84615384615385,
        0.0,
        47.72727272727273,
        24.0,
        72.28915662650603,
        100.0,
        39.02439024390244,
        98.50746268656717,
        87.93103448275862,
        83.09859154929578,
        87.87878787878788,
        98.9010989010989,
        20.0,
        65.85365853658537
    ],
    "Closed Set Accuracy": {
        "OA": 87.56302521008404,
        "AA": 88.76405721964174,
        "Recall-all": [
            96.20253164556962,
            100.0,
            96.7741935483871,
            100.0,
            100.0,
            43.54838709677419,
            91.48936170212765,
            100.0,
            95.06172839506173,
            96.42857142857143,
            82.82828282828282,
            95.38461538461539,
            5.208333333333334,
            92.04545454545455,
            97.33333333333334,
            93.97590361445783,
            100.0,
            90.2439024390244,
            98.50746268656717,
            94.82758620689656,
            94.36619718309859,
            95.95959595959596,
            100.0,
            71.11111111111111,
            87.8048780487805
        ]
    },
    "OSR Accuracy": null
}