{
    "OA": 55.294117647058826,
    "AA": 55.36579244853006,
    "OOD": null,
    "NMI": null,
    "H-score": null,
    "H3-score": null,
    "Recall-all": [
        83.54430379746836,
        86.86868686868688,
        83.87096774193549,
        90.69767441860465,
        100.0,
        19.35483870967742,
        44.680851063829785,
        97.53086419753086,
        82.71604938271605,
        71.42857142857143,
        33.33333333333333,
        9.230769230769232,
        3.125,
        81.81818181818183,
        1.3333333333333335,
        7.228915662650602,
        91.04477611940298,
        4.878048780487805,
        82.08955223880598,
        29.310344827586203,
        57.74647887323944,
        62.62626262626263,
        98.9010989010989,
        14.444444444444443,
        46.34146341463415
    ],
    "Closed Set Accuracy": {
        "OA": 68.90756302521008,
        "AA": 68.13874724862981,
        "Recall-all": [
            92.40506329113924,
            97.97979797979798,
            95.16129032258065,
            93.02325581395348,
            100.0,
            37.096774193548384,
            53.191489361702125,
            98.76543209876543,
            90.12345679012346,
            73.21428571428571,
            68.68686868686868,
            21.53846153846154,
            6.25,
            94.31818181818183,
            8.0,
            33.734939759036145,
            92.53731343283582,
            7.317073170731707,
            88.05970149253731,
            60.3448275862069,
            80.28169014084507,
            81.81818181818183,
            100.0,
            58.88888888888889,
            70.73170731707317
        ]
    },
    "OSR Accuracy": null
}