{
    "OA": 53.264604810996566,
    "AA": 54.25475871271356,
    "OOD": null,
    "NMI": null,
    "H-score": null,
    "H3-score": null,
    "Recall-all": [
        63.33333333333333,
        92.85714285714286,
        45.3125,
        69.38775510204081,
        90.9090909090909,
        11.11111111111111,
        45.20547945205479,
        95.65217391304348,
        28.205128205128204,
        49.494949494949495,
        76.76767676767676,
        10.0,
        50.505050505050505,
        76.5625,
        85.71428571428571,
        26.82926829268293,
        87.5,
        0.0,
        75.60975609756098,
        78.0,
        90.0,
        92.5,
        26.262626262626267,
        68.68686868686868,
        31.147540983606557,
        75.0,
        88.88888888888889,
        24.637681159420293,
        95.0,
        55.55555555555556,
        71.69811320754717,
        10.0,
        74.74747474747475,
        7.042253521126761,
        36.36363636363637,
        52.5,
        68.42105263157895,
        56.56565656565656,
        20.481927710843372,
        35.0,
        78.43137254901961,
        75.0,
        11.11111111111111,
        27.27272727272727,
        0.0,
        62.06896551724138,
        70.0,
        60.86956521739131,
        65.0,
        82.08955223880598,
        95.95959595959596,
        62.66666666666667,
        35.714285714285715,
        35.714285714285715,
        90.69767441860465,
        18.0327868852459,
        65.55555555555556,
        31.666666666666664,
        70.0,
        50.505050505050505,
        76.92307692307693,
        1.0101010101010102,
        58.490566037735846,
        32.323232323232325,
        30.0
    ],
    "Closed Set Accuracy": {
        "OA": 72.0504009163803,
        "AA": 72.75961157660969,
        "Recall-all": [
            76.66666666666667,
            94.64285714285714,
            56.25,
            77.55102040816327,
            92.92929292929293,
            48.484848484848484,
            73.97260273972603,
            100.0,
            50.0,
            74.74747474747475,
            81.81818181818183,
            45.0,
            72.72727272727273,
            87.5,
            95.23809523809523,
            58.536585365853654,
            95.83333333333334,
            17.5,
            97.5609756097561,
            90.0,
            92.5,
            97.5,
            85.85858585858585,
            95.95959595959596,
            45.90163934426229,
            90.38461538461539,
            94.94949494949495,
            84.05797101449275,
            100.0,
            69.6969696969697,
            79.24528301886792,
            42.5,
            85.85858585858585,
            23.943661971830984,
            53.535353535353536,
            85.0,
            85.52631578947368,
            93.93939393939394,
            39.75903614457831,
            60.0,
            90.19607843137256,
            85.0,
            24.242424242424242,
            70.70707070707071,
            21.951219512195124,
            88.50574712643679,
            95.0,
            78.26086956521739,
            75.0,
            86.56716417910447,
            95.95959595959596,
            72.0,
            57.14285714285714,
            71.42857142857143,
            97.67441860465115,
            44.26229508196721,
            72.22222222222221,
            61.66666666666667,
            88.75,
            66.66666666666666,
            76.92307692307693,
            11.11111111111111,
            90.56603773584906,
            49.494949494949495,
            65.0
        ]
    },
    "OSR Accuracy": null
}