{
    "OA": 79.940325912325,
    "AA": 91.67360912230859,
    "OOD": 74.88902980342422,
    "NMI": 85.67668790964697,
    "H-score": 82.88452014579242,
    "H3-score": 83.79614422908372,
    "Recall-all": [
        96.51162790697676,
        100.0,
        98.4375,
        93.97590361445783,
        96.96969696969697,
        75.64102564102564,
        88.75,
        97.26027397260275,
        100.0,
        97.97979797979798,
        98.95833333333334,
        76.92307692307693,
        98.4375,
        80.26315789473685,
        91.78082191780823,
        74.88902980342422
    ],
    "Closed Set Accuracy": {
        "OA": 97.0906068162926,
        "AA": 96.8612682516383,
        "Recall-all": [
            98.83720930232558,
            100.0,
            100.0,
            97.59036144578313,
            100.0,
            88.46153846153845,
            98.75,
            97.26027397260275,
            100.0,
            98.98989898989899,
            98.95833333333334,
            87.6923076923077,
            98.4375,
            93.42105263157895,
            94.52054794520548
        ]
    },
    "OSR Accuracy": {
        "TNR": 74.4134432466709,
        "AUROC": 93.86181028089257,
        "DTACC": 85.8036688030505,
        "AUIN": 85.83157195589017,
        "AUOUT": 97.48650494840037,
        "OSCR": 91.01798979617058,
        "AUPR": 97.50283317439994
    }
}