{
    "OA": 69.01960784313725,
    "AA": 70.49715846070515,
    "OOD": null,
    "NMI": null,
    "H-score": null,
    "H3-score": null,
    "Recall-all": [
        81.0126582278481,
        98.98989898989899,
        93.54838709677419,
        100.0,
        100.0,
        9.67741935483871,
        80.85106382978722,
        100.0,
        93.82716049382715,
        92.85714285714286,
        39.39393939393939,
        53.84615384615385,
        0.0,
        39.77272727272727,
        41.333333333333336,
        65.06024096385542,
        100.0,
        31.70731707317073,
        98.50746268656717,
        89.65517241379311,
        78.87323943661971,
        87.87878787878788,
        100.0,
        22.22222222222222,
        63.41463414634146
    ],
    "Closed Set Accuracy": {
        "OA": 87.50700280112045,
        "AA": 88.72086297054031,
        "Recall-all": [
            97.46835443037975,
            100.0,
            96.7741935483871,
            100.0,
            100.0,
            43.54838709677419,
            91.48936170212765,
            100.0,
            93.82716049382715,
            96.42857142857143,
            82.82828282828282,
            95.38461538461539,
            5.208333333333334,
            92.04545454545455,
            97.33333333333334,
            93.97590361445783,
            100.0,
            90.2439024390244,
            98.50746268656717,
            94.82758620689656,
            94.36619718309859,
            95.95959595959596,
            100.0,
            70.0,
            87.8048780487805
        ]
    },
    "OSR Accuracy": null
}