{
    "OA": 89.07858398192317,
    "AA": 94.25118749586049,
    "OOD": 87.47622067216233,
    "NMI": 85.12541006991601,
    "H-score": 91.04971170866132,
    "H3-score": 88.98671914761522,
    "Recall-all": [
        100.0,
        100.0,
        100.0,
        96.3855421686747,
        100.0,
        75.64102564102564,
        80.0,
        97.26027397260275,
        100.0,
        100.0,
        87.47622067216233
    ],
    "Closed Set Accuracy": {
        "OA": 99.03498190591074,
        "AA": 98.9829163863039,
        "Recall-all": [
            100.0,
            100.0,
            100.0,
            98.79518072289156,
            100.0,
            96.15384615384616,
            96.25,
            98.63013698630137,
            100.0,
            100.0
        ]
    },
    "OSR Accuracy": {
        "TNR": 87.92010145846544,
        "AUROC": 97.59414778025187,
        "DTACC": 91.97335338433284,
        "AUIN": 91.81765500426894,
        "AUOUT": 99.33476681108901,
        "OSCR": 96.63012407703265,
        "AUPR": 99.35072822888633
    }
}