{
    "OA": 84.077892325315,
    "AA": 71.15350800576778,
    "OOD": 89.1658971991382,
    "NMI": 73.44558460183944,
    "H-score": 78.3988203888481,
    "H3-score": 76.67646486737023,
    "Recall-all": [
        91.66666666666666,
        73.21428571428571,
        76.5625,
        79.59183673469387,
        92.92929292929293,
        14.14141414141414,
        73.97260273972603,
        97.82608695652173,
        56.41025641025641,
        71.71717171717171,
        64.64646464646465,
        45.0,
        80.8080808080808,
        59.375,
        71.42857142857143,
        89.1658971991382
    ],
    "Closed Set Accuracy": {
        "OA": 88.17204301075269,
        "AA": 89.57161783458261,
        "Recall-all": [
            95.0,
            94.64285714285714,
            85.9375,
            91.83673469387756,
            93.93939393939394,
            63.63636363636363,
            97.26027397260275,
            100.0,
            79.48717948717949,
            77.77777777777779,
            92.92929292929293,
            97.5,
            93.93939393939394,
            79.6875,
            100.0
        ]
    },
    "OSR Accuracy": {
        "TNR": 38.9350569405971,
        "AUROC": 87.64723306095836,
        "DTACC": 81.32700880667997,
        "AUIN": 76.22263910086325,
        "AUOUT": 94.08766623563571,
        "OSCR": 76.89300043796199,
        "AUPR": 94.1061968201245
    }
}