{
    "OA": 80.39166457444138,
    "AA": 91.98497208148386,
    "OOD": 76.91819911223843,
    "NMI": 67.6839869967941,
    "H-score": 84.39849183210536,
    "H3-score": 77.98079949558819,
    "Recall-all": [
        88.37209302325581,
        100.0,
        98.4375,
        91.56626506024097,
        100.0,
        82.05128205128204,
        87.5,
        94.52054794520548,
        98.52941176470588,
        93.93939393939394,
        76.91819911223843
    ],
    "Closed Set Accuracy": {
        "OA": 97.34620024125452,
        "AA": 97.39075094762964,
        "Recall-all": [
            97.67441860465115,
            100.0,
            100.0,
            93.97590361445783,
            100.0,
            92.3076923076923,
            95.0,
            100.0,
            100.0,
            94.94949494949495
        ]
    },
    "OSR Accuracy": {
        "TNR": 75.11097019657578,
        "AUROC": 94.92830059365134,
        "DTACC": 88.58066384004688,
        "AUIN": 85.00322976040806,
        "AUOUT": 98.49785646608939,
        "OSCR": 92.38399856807789,
        "AUPR": 98.51401551606803
    }
}