{
    "OA": 78.72389258664218,
    "AA": 83.46692459505994,
    "OOD": 76.25237793278376,
    "NMI": 67.6839869967941,
    "H-score": 79.91480312536557,
    "H3-score": 75.37592352698515,
    "Recall-all": [
        89.53488372093024,
        100.0,
        98.4375,
        91.56626506024097,
        100.0,
        80.76923076923077,
        87.5,
        94.52054794520548,
        98.52941176470588,
        94.94949494949495,
        92.70833333333334,
        35.38461538461539,
        93.75,
        61.8421052631579,
        39.726027397260275,
        76.25237793278376
    ],
    "Closed Set Accuracy": {
        "OA": 93.34995843724023,
        "AA": 92.90406937008571,
        "Recall-all": [
            97.67441860465115,
            100.0,
            100.0,
            93.97590361445783,
            100.0,
            92.3076923076923,
            95.0,
            100.0,
            100.0,
            95.95959595959596,
            96.875,
            80.0,
            98.4375,
            78.94736842105263,
            64.38356164383562
        ]
    },
    "OSR Accuracy": {
        "TNR": 57.26062143310082,
        "AUROC": 90.60847669454562,
        "DTACC": 82.53392886416383,
        "AUIN": 81.05490891425181,
        "AUOUT": 95.8389521685141,
        "OSCR": 84.15108129064356,
        "AUPR": 95.85572268371365
    }
}