{
    "OA": 96.73804780876493,
    "AA": 87.14659971007005,
    "OOD": 98.78048780487805,
    "NMI": 90.76659772279503,
    "H-score": 91.93816324545102,
    "H3-score": 91.54562747598966,
    "Recall-all": [
        78.48101265822784,
        98.98989898989899,
        91.93548387096774,
        100.0,
        100.0,
        17.741935483870968,
        87.2340425531915,
        100.0,
        92.5925925925926,
        92.85714285714286,
        98.78048780487805
    ],
    "Closed Set Accuracy": {
        "OA": 96.78899082568807,
        "AA": 96.62672387392132,
        "Recall-all": [
            100.0,
            100.0,
            100.0,
            100.0,
            100.0,
            79.03225806451613,
            95.74468085106383,
            100.0,
            95.06172839506173,
            96.42857142857143
        ]
    },
    "OSR Accuracy": {
        "TNR": 87.86436644854253,
        "AUROC": 98.07167533523624,
        "DTACC": 93.959335039759,
        "AUIN": 94.82134746123462,
        "AUOUT": 99.5377871059988,
        "OSCR": 94.85973381215008,
        "AUPR": 99.55274813959755
    }
}