{
    "OA": 51.935853379152356,
    "AA": 53.11344789904844,
    "OOD": null,
    "NMI": null,
    "H-score": null,
    "H3-score": null,
    "Recall-all": [
        86.66666666666667,
        87.5,
        76.5625,
        78.57142857142857,
        91.91919191919192,
        0.0,
        46.57534246575342,
        93.47826086956522,
        70.51282051282051,
        71.71717171717171,
        56.56565656565656,
        35.0,
        1.0101010101010102,
        59.375,
        61.904761904761905,
        19.51219512195122,
        60.416666666666664,
        0.0,
        85.36585365853658,
        72.0,
        85.0,
        95.0,
        87.87878787878788,
        29.292929292929294,
        45.90163934426229,
        75.0,
        65.65656565656566,
        14.492753623188406,
        92.5,
        52.52525252525253,
        50.943396226415096,
        27.500000000000004,
        82.82828282828282,
        0.0,
        3.0303030303030303,
        32.5,
        61.8421052631579,
        78.78787878787878,
        8.433734939759036,
        50.0,
        68.62745098039215,
        70.0,
        26.262626262626267,
        16.161616161616163,
        0.0,
        75.86206896551724,
        42.5,
        69.56521739130434,
        62.5,
        52.23880597014925,
        86.86868686868688,
        40.0,
        40.476190476190474,
        52.38095238095239,
        79.06976744186046,
        36.0655737704918,
        53.333333333333336,
        21.666666666666668,
        51.24999999999999,
        63.63636363636363,
        71.7948717948718,
        0.0,
        69.81132075471697,
        53.535353535353536,
        55.00000000000001
    ],
    "Closed Set Accuracy": {
        "OA": 72.21076746849943,
        "AA": 73.16824362620432,
        "Recall-all": [
            95.0,
            94.64285714285714,
            85.9375,
            89.79591836734694,
            92.92929292929293,
            37.37373737373738,
            76.71232876712328,
            100.0,
            84.61538461538461,
            73.73737373737373,
            81.81818181818183,
            72.5,
            58.58585858585859,
            76.5625,
            88.09523809523809,
            48.78048780487805,
            77.08333333333334,
            40.0,
            95.1219512195122,
            90.0,
            97.5,
            100.0,
            97.97979797979798,
            83.83838383838383,
            55.73770491803278,
            92.3076923076923,
            92.92929292929293,
            52.17391304347826,
            95.0,
            70.70707070707071,
            58.490566037735846,
            50.0,
            89.8989898989899,
            5.633802816901409,
            46.464646464646464,
            70.0,
            85.52631578947368,
            92.92929292929293,
            44.57831325301205,
            80.0,
            80.3921568627451,
            97.5,
            41.41414141414141,
            46.464646464646464,
            24.390243902439025,
            89.65517241379311,
            85.0,
            80.43478260869566,
            70.0,
            82.08955223880598,
            92.92929292929293,
            74.66666666666667,
            64.28571428571429,
            71.42857142857143,
            97.67441860465115,
            49.18032786885246,
            71.11111111111111,
            36.666666666666664,
            80.0,
            73.73737373737373,
            76.92307692307693,
            13.131313131313133,
            96.22641509433963,
            64.64646464646465,
            75.0
        ]
    },
    "OSR Accuracy": null
}