{
    "OA": 52.71477663230241,
    "AA": 53.778549190168555,
    "OOD": null,
    "NMI": null,
    "H-score": null,
    "H3-score": null,
    "Recall-all": [
        91.66666666666666,
        91.07142857142857,
        76.5625,
        82.6530612244898,
        91.91919191919192,
        0.0,
        52.054794520547944,
        97.82608695652173,
        74.35897435897436,
        70.70707070707071,
        63.63636363636363,
        35.0,
        7.07070707070707,
        59.375,
        64.28571428571429,
        19.51219512195122,
        62.5,
        0.0,
        85.36585365853658,
        68.0,
        85.0,
        95.0,
        75.75757575757575,
        31.313131313131315,
        45.90163934426229,
        75.0,
        70.70707070707071,
        13.043478260869565,
        92.5,
        53.535353535353536,
        50.943396226415096,
        27.500000000000004,
        78.78787878787878,
        0.0,
        10.1010101010101,
        37.5,
        60.526315789473685,
        81.81818181818183,
        4.819277108433735,
        52.5,
        72.54901960784314,
        70.0,
        24.242424242424242,
        20.2020202020202,
        4.878048780487805,
        77.01149425287356,
        47.5,
        67.3913043478261,
        62.5,
        50.74626865671642,
        86.86868686868688,
        41.333333333333336,
        47.61904761904761,
        45.23809523809524,
        67.44186046511628,
        32.78688524590164,
        56.666666666666664,
        23.333333333333332,
        52.5,
        63.63636363636363,
        69.23076923076923,
        1.0101010101010102,
        73.58490566037736,
        51.515151515151516,
        50.0
    ],
    "Closed Set Accuracy": {
        "OA": 72.46277205040091,
        "AA": 73.26476681129311,
        "Recall-all": [
            95.0,
            94.64285714285714,
            85.9375,
            90.81632653061224,
            92.92929292929293,
            38.38383838383838,
            78.08219178082192,
            100.0,
            84.61538461538461,
            74.74747474747475,
            86.86868686868688,
            65.0,
            46.464646464646464,
            75.0,
            80.95238095238095,
            46.34146341463415,
            75.0,
            32.5,
            95.1219512195122,
            90.0,
            100.0,
            97.5,
            97.97979797979798,
            87.87878787878788,
            55.73770491803278,
            92.3076923076923,
            92.92929292929293,
            59.42028985507246,
            95.0,
            72.72727272727273,
            66.0377358490566,
            47.5,
            84.84848484848484,
            5.633802816901409,
            52.52525252525253,
            67.5,
            82.89473684210526,
            93.93939393939394,
            55.42168674698795,
            82.5,
            80.3921568627451,
            97.5,
            39.39393939393939,
            48.484848484848484,
            29.268292682926827,
            89.65517241379311,
            87.5,
            80.43478260869566,
            70.0,
            79.1044776119403,
            92.92929292929293,
            74.66666666666667,
            73.80952380952381,
            69.04761904761905,
            97.67441860465115,
            49.18032786885246,
            71.11111111111111,
            33.33333333333333,
            81.25,
            71.71717171717171,
            76.92307692307693,
            18.181818181818183,
            94.33962264150944,
            62.62626262626263,
            75.0
        ]
    },
    "OSR Accuracy": null
}