{
    "OA": 62.12990589855405,
    "AA": 59.37146733905463,
    "OOD": null,
    "NMI": null,
    "H-score": null,
    "H3-score": null,
    "Recall-all": [
        87.20930232558139,
        98.98989898989899,
        92.1875,
        89.1566265060241,
        100.0,
        33.33333333333333,
        58.75,
        95.8904109589041,
        97.05882352941177,
        90.9090909090909,
        68.75,
        12.307692307692308,
        42.1875,
        63.1578947368421,
        35.61643835616438,
        14.516129032258066,
        50.98039215686274,
        4.651162790697675,
        98.76543209876543,
        43.333333333333336,
        56.896551724137936,
        78.82352941176471,
        100.0,
        45.614035087719294,
        38.88888888888889,
        95.0,
        21.153846153846153,
        65.0,
        58.333333333333336,
        77.33333333333333,
        86.74698795180723,
        50.0,
        94.02985074626866,
        0.0,
        9.859154929577464,
        28.26086956521739,
        86.66666666666667,
        86.20689655172413,
        50.0,
        48.4375,
        43.333333333333336,
        60.29411764705882,
        38.46153846153847,
        23.728813559322035,
        56.71641791044776,
        84.61538461538461,
        66.0377358490566,
        46.96969696969697,
        64.0,
        85.36585365853658,
        50.649350649350644,
        58.82352941176471,
        42.42424242424242,
        76.62337662337663,
        98.86363636363636,
        87.3015873015873,
        28.39506172839506,
        50.0,
        57.6271186440678,
        53.65853658536586,
        65.88235294117646,
        23.88059701492537,
        30.864197530864196,
        32.075471698113205,
        77.55102040816327
    ],
    "Closed Set Accuracy": {
        "OA": 73.74340142299748,
        "AA": 71.55816284761306,
        "Recall-all": [
            91.86046511627907,
            100.0,
            96.875,
            92.7710843373494,
            100.0,
            41.02564102564102,
            76.25,
            97.26027397260275,
            98.52941176470588,
            93.93939393939394,
            78.125,
            38.46153846153847,
            60.9375,
            73.68421052631578,
            41.0958904109589,
            38.70967741935484,
            56.86274509803921,
            18.6046511627907,
            100.0,
            58.333333333333336,
            77.58620689655173,
            89.41176470588236,
            100.0,
            68.42105263157895,
            52.77777777777778,
            96.66666666666667,
            53.84615384615385,
            73.33333333333333,
            62.5,
            80.0,
            93.97590361445783,
            65.38461538461539,
            97.01492537313433,
            8.695652173913043,
            30.985915492957744,
            32.608695652173914,
            93.33333333333333,
            91.37931034482759,
            64.70588235294117,
            57.8125,
            60.0,
            66.17647058823529,
            52.307692307692314,
            64.40677966101694,
            67.16417910447761,
            90.38461538461539,
            83.01886792452831,
            54.54545454545454,
            85.33333333333334,
            97.5609756097561,
            79.22077922077922,
            84.31372549019608,
            60.60606060606061,
            88.31168831168831,
            98.86363636363636,
            95.23809523809523,
            45.67901234567901,
            70.37037037037037,
            91.52542372881356,
            58.536585365853654,
            83.52941176470588,
            53.73134328358209,
            53.086419753086425,
            35.84905660377358,
            87.75510204081633
        ]
    },
    "OSR Accuracy": null
}