{
    "OA": 85.79955235016166,
    "AA": 73.95522753679685,
    "OOD": 89.53524161280394,
    "NMI": 73.44558460183944,
    "H-score": 80.058844214983,
    "H3-score": 77.72727139769987,
    "Recall-all": [
        93.33333333333333,
        69.64285714285714,
        76.5625,
        80.61224489795919,
        92.92929292929293,
        12.121212121212121,
        69.86301369863014,
        95.65217391304348,
        61.53846153846154,
        71.71717171717171,
        89.53524161280394
    ],
    "Closed Set Accuracy": {
        "OA": 86.26943005181347,
        "AA": 87.85079796399513,
        "Recall-all": [
            95.0,
            94.64285714285714,
            85.9375,
            91.83673469387756,
            93.93939393939394,
            62.62626262626263,
            97.26027397260275,
            100.0,
            79.48717948717949,
            77.77777777777779
        ]
    },
    "OSR Accuracy": {
        "TNR": 30.31702062172976,
        "AUROC": 87.21615419331896,
        "DTACC": 81.09934583299446,
        "AUIN": 73.26819635764828,
        "AUOUT": 95.46898456292593,
        "OSCR": 74.40049309711799,
        "AUPR": 95.4868284876699
    }
}