{
    "OA": 84.12371134020619,
    "AA": 73.44053147527421,
    "OOD": 88.42720837180671,
    "NMI": 73.44558460183944,
    "H-score": 79.63955148619483,
    "H3-score": 77.46330920254394,
    "Recall-all": [
        93.33333333333333,
        82.14285714285714,
        76.5625,
        83.6734693877551,
        92.92929292929293,
        12.121212121212121,
        78.08219178082192,
        95.65217391304348,
        62.82051282051282,
        71.71717171717171,
        68.68686868686868,
        45.0,
        82.82828282828282,
        62.5,
        78.57142857142857,
        88.42720837180671
    ],
    "Closed Set Accuracy": {
        "OA": 88.44086021505376,
        "AA": 89.82802809099286,
        "Recall-all": [
            95.0,
            94.64285714285714,
            87.5,
            91.83673469387756,
            93.93939393939394,
            64.64646464646465,
            97.26027397260275,
            100.0,
            83.33333333333334,
            76.76767676767676,
            92.92929292929293,
            97.5,
            93.93939393939394,
            78.125,
            100.0
        ]
    },
    "OSR Accuracy": {
        "TNR": 32.65620190827947,
        "AUROC": 87.43208552728106,
        "DTACC": 81.83696720579037,
        "AUIN": 75.75245076149822,
        "AUOUT": 93.66034501711928,
        "OSCR": 76.9164292073324,
        "AUPR": 93.67937452110101
    }
}