{
    "OA": 53.585337915234824,
    "AA": 54.60408327678531,
    "OOD": null,
    "NMI": null,
    "H-score": null,
    "H3-score": null,
    "Recall-all": [
        63.33333333333333,
        92.85714285714286,
        45.3125,
        64.28571428571429,
        91.91919191919192,
        18.181818181818183,
        46.57534246575342,
        95.65217391304348,
        28.205128205128204,
        51.515151515151516,
        76.76767676767676,
        10.0,
        51.515151515151516,
        75.0,
        85.71428571428571,
        26.82926829268293,
        89.58333333333334,
        0.0,
        73.17073170731707,
        72.0,
        90.0,
        95.0,
        25.252525252525253,
        69.6969696969697,
        32.78688524590164,
        75.0,
        86.86868686868688,
        24.637681159420293,
        97.5,
        54.54545454545454,
        73.58490566037736,
        15.0,
        73.73737373737373,
        7.042253521126761,
        39.39393939393939,
        47.5,
        67.10526315789474,
        54.54545454545454,
        18.072289156626507,
        35.0,
        78.43137254901961,
        80.0,
        13.131313131313133,
        27.27272727272727,
        0.0,
        63.2183908045977,
        77.5,
        58.69565217391305,
        65.0,
        82.08955223880598,
        95.95959595959596,
        64.0,
        33.33333333333333,
        40.476190476190474,
        93.02325581395348,
        16.39344262295082,
        66.66666666666666,
        31.666666666666664,
        62.5,
        50.505050505050505,
        76.92307692307693,
        2.0202020202020203,
        60.37735849056604,
        39.39393939393939,
        30.0
    ],
    "Closed Set Accuracy": {
        "OA": 72.07331042382589,
        "AA": 72.79088636194676,
        "Recall-all": [
            75.0,
            94.64285714285714,
            57.8125,
            78.57142857142857,
            92.92929292929293,
            48.484848484848484,
            73.97260273972603,
            100.0,
            50.0,
            74.74747474747475,
            81.81818181818183,
            45.0,
            72.72727272727273,
            87.5,
            95.23809523809523,
            51.21951219512195,
            95.83333333333334,
            17.5,
            97.5609756097561,
            90.0,
            92.5,
            97.5,
            82.82828282828282,
            95.95959595959596,
            45.90163934426229,
            90.38461538461539,
            94.94949494949495,
            84.05797101449275,
            100.0,
            69.6969696969697,
            79.24528301886792,
            45.0,
            85.85858585858585,
            22.535211267605636,
            55.55555555555556,
            85.0,
            86.8421052631579,
            95.95959595959596,
            40.963855421686745,
            67.5,
            92.15686274509804,
            87.5,
            24.242424242424242,
            70.70707070707071,
            21.951219512195124,
            88.50574712643679,
            95.0,
            78.26086956521739,
            75.0,
            86.56716417910447,
            95.95959595959596,
            72.0,
            59.523809523809526,
            71.42857142857143,
            97.67441860465115,
            44.26229508196721,
            72.22222222222221,
            61.66666666666667,
            88.75,
            64.64646464646465,
            76.92307692307693,
            11.11111111111111,
            90.56603773584906,
            48.484848484848484,
            57.49999999999999
        ]
    },
    "OSR Accuracy": null
}