{
    "OA": 77.92717086834735,
    "AA": 77.13442790989086,
    "OOD": null,
    "NMI": null,
    "H-score": null,
    "H3-score": null,
    "Recall-all": [
        16.455696202531644,
        98.98989898989899,
        93.54838709677419,
        97.67441860465115,
        100.0,
        83.87096774193549,
        85.1063829787234,
        97.53086419753086,
        82.71604938271605,
        85.71428571428571,
        88.88888888888889,
        10.76923076923077,
        81.25,
        97.72727272727273,
        97.33333333333334,
        83.13253012048193,
        100.0,
        26.82926829268293,
        35.82089552238806,
        79.3103448275862,
        91.54929577464789,
        95.95959595959596,
        87.91208791208791,
        32.22222222222222,
        78.04878048780488
    ],
    "Closed Set Accuracy": {
        "OA": 80.28011204481793,
        "AA": 79.74247686824334,
        "Recall-all": [
            27.848101265822784,
            98.98989898989899,
            93.54838709677419,
            100.0,
            100.0,
            83.87096774193549,
            87.2340425531915,
            97.53086419753086,
            82.71604938271605,
            85.71428571428571,
            90.9090909090909,
            21.53846153846154,
            82.29166666666666,
            97.72727272727273,
            97.33333333333334,
            86.74698795180723,
            100.0,
            29.268292682926827,
            43.28358208955223,
            84.48275862068965,
            92.95774647887323,
            96.96969696969697,
            87.91208791208791,
            34.44444444444444,
            90.2439024390244
        ]
    },
    "OSR Accuracy": null
}