{
    "OA": 62.53443526170799,
    "AA": 60.3762205043703,
    "OOD": null,
    "NMI": null,
    "H-score": null,
    "H3-score": null,
    "Recall-all": [
        93.24324324324324,
        80.48780487804879,
        77.77777777777779,
        65.0,
        85.33333333333334,
        10.1010101010101,
        52.5,
        96.96969696969697,
        95.0,
        92.10526315789474,
        60.86956521739131,
        36.0,
        4.545454545454546,
        25.0,
        60.0,
        26.08695652173913,
        53.333333333333336,
        0.0,
        80.95238095238095,
        77.77777777777779,
        68.18181818181817,
        97.82608695652173,
        94.44444444444444,
        65.0,
        10.869565217391305
    ],
    "Closed Set Accuracy": {
        "OA": 81.17539026629935,
        "AA": 77.60991191919807,
        "Recall-all": [
            97.2972972972973,
            92.6829268292683,
            92.5925925925926,
            95.0,
            96.0,
            63.63636363636363,
            62.5,
            96.96969696969697,
            95.0,
            94.73684210526315,
            91.30434782608695,
            48.0,
            20.454545454545457,
            80.0,
            87.5,
            69.56521739130434,
            60.0,
            5.555555555555555,
            95.23809523809523,
            82.22222222222221,
            81.81818181818183,
            97.82608695652173,
            100.0,
            80.0,
            54.347826086956516
        ]
    },
    "OSR Accuracy": null
}