{
    "OA": 90.81094652272157,
    "AA": 92.92594711816893,
    "OOD": 90.13950538998098,
    "NMI": 85.12541006991601,
    "H-score": 91.64592793734671,
    "H3-score": 89.36551145683345,
    "Recall-all": [
        94.18604651162791,
        100.0,
        95.3125,
        93.97590361445783,
        100.0,
        94.87179487179486,
        62.5,
        97.26027397260275,
        100.0,
        93.93939393939394,
        90.13950538998098
    ],
    "Closed Set Accuracy": {
        "OA": 98.67310012062727,
        "AA": 98.6308310163732,
        "Recall-all": [
            100.0,
            100.0,
            100.0,
            97.59036144578313,
            100.0,
            98.71794871794873,
            90.0,
            100.0,
            100.0,
            100.0
        ]
    },
    "OSR Accuracy": {
        "TNR": 88.80786303107165,
        "AUROC": 97.01296456220413,
        "DTACC": 92.48137238178798,
        "AUIN": 89.08598088348006,
        "AUOUT": 99.14386273936935,
        "OSCR": 95.6946699884405,
        "AUPR": 99.15989378558724
    }
}