{
    "OA": 74.45378151260505,
    "AA": 73.53393297044788,
    "OOD": null,
    "NMI": null,
    "H-score": null,
    "H3-score": null,
    "Recall-all": [
        13.924050632911392,
        98.98989898989899,
        93.54838709677419,
        100.0,
        100.0,
        82.25806451612904,
        85.1063829787234,
        96.29629629629629,
        81.48148148148148,
        64.28571428571429,
        85.85858585858585,
        15.384615384615385,
        76.04166666666666,
        97.72727272727273,
        89.33333333333333,
        79.51807228915662,
        88.05970149253731,
        17.073170731707318,
        32.83582089552239,
        75.86206896551724,
        87.32394366197182,
        93.93939393939394,
        70.32967032967034,
        40.0,
        73.17073170731707
    ],
    "Closed Set Accuracy": {
        "OA": 76.35854341736695,
        "AA": 75.52013962585241,
        "Recall-all": [
            27.848101265822784,
            98.98989898989899,
            93.54838709677419,
            100.0,
            100.0,
            83.87096774193549,
            91.48936170212765,
            96.29629629629629,
            81.48148148148148,
            64.28571428571429,
            88.88888888888889,
            20.0,
            77.08333333333334,
            97.72727272727273,
            89.33333333333333,
            80.72289156626506,
            88.05970149253731,
            17.073170731707318,
            37.3134328358209,
            79.3103448275862,
            90.14084507042254,
            93.93939393939394,
            70.32967032967034,
            42.22222222222222,
            78.04878048780488
        ]
    },
    "OSR Accuracy": null
}