{
    "OA": 66.9038329125545,
    "AA": 90.34063788725497,
    "OOD": 56.84844641724794,
    "NMI": 85.67668790964697,
    "H-score": 70.43976461799399,
    "H3-score": 74.88002823556896,
    "Recall-all": [
        91.86046511627907,
        100.0,
        98.4375,
        92.7710843373494,
        100.0,
        93.58974358974359,
        93.75,
        98.63013698630137,
        100.0,
        97.97979797979798,
        95.83333333333334,
        52.307692307692314,
        92.1875,
        89.47368421052632,
        91.78082191780823,
        56.84844641724794
    ],
    "Closed Set Accuracy": {
        "OA": 94.76309226932669,
        "AA": 94.22702395705535,
        "Recall-all": [
            94.18604651162791,
            100.0,
            98.4375,
            92.7710843373494,
            100.0,
            94.87179487179486,
            95.0,
            100.0,
            100.0,
            97.97979797979798,
            96.875,
            61.53846153846154,
            93.75,
            92.10526315789474,
            95.8904109589041
        ]
    },
    "OSR Accuracy": {
        "TNR": 61.00190234622702,
        "AUROC": 92.83834379386559,
        "DTACC": 86.39208362522146,
        "AUIN": 85.5084872647081,
        "AUOUT": 96.61148388896153,
        "OSCR": 87.84556786010013,
        "AUPR": 96.62819999153307
    }
}