{
    "OA": 64.02966625463536,
    "AA": 61.21806070349213,
    "OOD": null,
    "NMI": null,
    "H-score": null,
    "H3-score": null,
    "Recall-all": [
        93.24324324324324,
        78.04878048780488,
        77.77777777777779,
        67.5,
        82.66666666666667,
        13.131313131313133,
        50.0,
        96.96969696969697,
        90.0,
        89.47368421052632,
        62.31884057971014,
        40.0,
        4.545454545454546,
        25.0,
        60.0,
        26.08695652173913,
        46.666666666666664,
        0.0,
        80.95238095238095,
        77.77777777777779,
        68.18181818181817,
        95.65217391304348,
        94.44444444444444,
        60.0,
        10.869565217391305,
        80.0,
        42.5,
        92.40506329113924,
        86.95652173913044,
        94.44444444444444,
        88.88888888888889,
        26.53061224489796,
        50.98039215686274,
        5.0,
        11.904761904761903,
        31.25,
        83.33333333333334,
        87.75510204081633,
        80.95238095238095,
        75.0,
        73.68421052631578,
        31.57894736842105,
        45.0,
        38.46153846153847,
        5.263157894736842,
        55.55555555555556,
        58.333333333333336,
        74.46808510638297,
        63.26530612244898,
        60.0,
        80.0,
        6.666666666666667,
        59.523809523809526,
        65.85365853658537,
        97.82608695652173,
        72.5,
        90.0,
        76.08695652173914,
        50.0,
        79.54545454545455,
        90.69767441860465,
        25.0,
        61.904761904761905,
        95.0,
        93.75
    ],
    "Closed Set Accuracy": {
        "OA": 81.95302843016069,
        "AA": 79.88375730057335,
        "Recall-all": [
            97.2972972972973,
            92.6829268292683,
            92.5925925925926,
            95.0,
            96.0,
            63.63636363636363,
            62.5,
            96.96969696969697,
            95.0,
            94.73684210526315,
            91.30434782608695,
            48.0,
            20.454545454545457,
            80.0,
            87.5,
            69.56521739130434,
            60.0,
            5.555555555555555,
            95.23809523809523,
            82.22222222222221,
            81.81818181818183,
            97.82608695652173,
            100.0,
            75.0,
            54.347826086956516,
            90.0,
            65.0,
            96.20253164556962,
            97.82608695652173,
            100.0,
            95.83333333333334,
            48.97959183673469,
            64.70588235294117,
            15.0,
            21.428571428571427,
            62.5,
            100.0,
            97.95918367346938,
            95.23809523809523,
            95.0,
            84.21052631578947,
            52.63157894736842,
            50.0,
            84.61538461538461,
            63.1578947368421,
            72.22222222222221,
            83.33333333333334,
            93.61702127659575,
            81.63265306122449,
            73.33333333333333,
            95.0,
            43.333333333333336,
            90.47619047619048,
            97.5609756097561,
            100.0,
            90.0,
            90.0,
            93.47826086956522,
            93.75,
            90.9090909090909,
            93.02325581395348,
            100.0,
            95.23809523809523,
            100.0,
            100.0
        ]
    },
    "OSR Accuracy": null
}