{
    "OA": 78.1349026708918,
    "AA": 64.17978961241353,
    "OOD": 83.6104513064133,
    "NMI": 55.648247545731024,
    "H-score": 71.35695107385284,
    "H3-score": 65.22135438571802,
    "Recall-all": [
        79.72972972972973,
        73.17073170731707,
        55.55555555555556,
        50.0,
        92.0,
        22.22222222222222,
        25.0,
        63.63636363636363,
        90.0,
        71.05263157894737,
        83.6104513064133
    ],
    "Closed Set Accuracy": {
        "OA": 79.61904761904762,
        "AA": 76.95227831986496,
        "Recall-all": [
            94.5945945945946,
            78.04878048780488,
            70.37037037037037,
            55.00000000000001,
            96.0,
            74.74747474747475,
            42.5,
            78.78787878787878,
            90.0,
            89.47368421052632
        ]
    },
    "OSR Accuracy": {
        "TNR": 19.596199524940616,
        "AUROC": 79.51340346114694,
        "DTACC": 73.98009274968895,
        "AUIN": 62.317298785298725,
        "AUOUT": 89.42515865710557,
        "OSCR": 62.207046714172776,
        "AUPR": 89.48092491694777
    }
}