{
    "OA": 77.42296918767508,
    "AA": 76.6538104365727,
    "OOD": null,
    "NMI": null,
    "H-score": null,
    "H3-score": null,
    "Recall-all": [
        15.18987341772152,
        98.98989898989899,
        93.54838709677419,
        100.0,
        100.0,
        82.25806451612904,
        85.1063829787234,
        97.53086419753086,
        81.48148148148148,
        83.92857142857143,
        87.87878787878788,
        12.307692307692308,
        81.25,
        97.72727272727273,
        97.33333333333334,
        81.92771084337349,
        100.0,
        21.951219512195124,
        34.32835820895522,
        81.03448275862068,
        91.54929577464789,
        93.93939393939394,
        86.81318681318682,
        32.22222222222222,
        78.04878048780488
    ],
    "Closed Set Accuracy": {
        "OA": 80.05602240896359,
        "AA": 79.52952919664462,
        "Recall-all": [
            26.582278481012654,
            98.98989898989899,
            93.54838709677419,
            100.0,
            100.0,
            83.87096774193549,
            87.2340425531915,
            97.53086419753086,
            82.71604938271605,
            83.92857142857143,
            91.91919191919192,
            21.53846153846154,
            83.33333333333334,
            97.72727272727273,
            97.33333333333334,
            85.54216867469879,
            100.0,
            31.70731707317073,
            43.28358208955223,
            84.48275862068965,
            92.95774647887323,
            94.94949494949495,
            86.81318681318682,
            34.44444444444444,
            87.8048780487805
        ]
    },
    "OSR Accuracy": null
}