{
    "OA": 64.11353908537959,
    "AA": 63.62947356280303,
    "OOD": null,
    "NMI": null,
    "H-score": null,
    "H3-score": null,
    "Recall-all": [
        39.24050632911392,
        92.92929292929293,
        77.41935483870968,
        83.72093023255815,
        100.0,
        8.064516129032258,
        72.3404255319149,
        92.5925925925926,
        87.65432098765432,
        64.28571428571429,
        61.61616161616161,
        1.5384615384615385,
        15.625,
        44.31818181818182,
        54.666666666666664,
        15.66265060240964,
        95.52238805970148,
        4.878048780487805,
        97.01492537313433,
        94.82758620689656,
        57.74647887323944,
        46.464646464646464,
        97.8021978021978,
        10.0,
        12.195121951219512,
        88.05970149253731,
        66.66666666666666,
        91.11111111111111,
        83.33333333333334,
        90.9090909090909,
        51.21951219512195,
        1.8518518518518516,
        84.84848484848484,
        35.714285714285715,
        21.428571428571427,
        20.833333333333336,
        85.41666666666666,
        85.36585365853658,
        59.13978494623656,
        95.58823529411765,
        97.14285714285714,
        91.48936170212765,
        35.0,
        67.5,
        65.78947368421053,
        98.98989898989899,
        13.953488372093023,
        62.7906976744186,
        86.4406779661017,
        91.37931034482759,
        81.81818181818183,
        85.0,
        30.612244897959183,
        84.78260869565217,
        93.93939393939394,
        86.04651162790698,
        77.77777777777779,
        95.74468085106383,
        90.0,
        96.55172413793103,
        47.61904761904761,
        55.55555555555556,
        63.44086021505376,
        0.0,
        46.93877551020408
    ],
    "Closed Set Accuracy": {
        "OA": 84.43343095291732,
        "AA": 83.34735352928779,
        "Recall-all": [
            86.07594936708861,
            98.98989898989899,
            90.32258064516128,
            100.0,
            100.0,
            41.935483870967744,
            91.48936170212765,
            100.0,
            91.35802469135803,
            85.71428571428571,
            88.88888888888889,
            29.230769230769234,
            65.625,
            93.18181818181817,
            100.0,
            79.51807228915662,
            100.0,
            9.75609756097561,
            98.50746268656717,
            100.0,
            87.32394366197182,
            85.85858585858585,
            100.0,
            15.555555555555555,
            14.634146341463413,
            98.50746268656717,
            84.21052631578947,
            96.66666666666667,
            94.44444444444444,
            98.98989898989899,
            82.92682926829268,
            61.111111111111114,
            98.98989898989899,
            55.35714285714286,
            100.0,
            61.111111111111114,
            94.79166666666666,
            100.0,
            86.02150537634408,
            100.0,
            100.0,
            95.74468085106383,
            63.33333333333333,
            82.5,
            97.36842105263158,
            100.0,
            55.81395348837209,
            69.76744186046511,
            100.0,
            93.10344827586206,
            87.87878787878788,
            90.0,
            85.71428571428571,
            93.47826086956522,
            97.97979797979798,
            90.69767441860465,
            100.0,
            100.0,
            98.33333333333333,
            100.0,
            85.71428571428571,
            86.66666666666667,
            93.54838709677419,
            14.473684210526317,
            68.36734693877551
        ]
    },
    "OSR Accuracy": null
}