{
    "OA": 76.42186637217007,
    "AA": 72.55132621008129,
    "OOD": null,
    "NMI": null,
    "H-score": null,
    "H3-score": null,
    "Recall-all": [
        93.02325581395348,
        100.0,
        95.3125,
        93.97590361445783,
        98.98989898989899,
        44.871794871794876,
        58.75,
        94.52054794520548,
        100.0,
        94.94949494949495,
        97.91666666666666,
        3.076923076923077,
        18.75,
        67.10526315789474,
        61.64383561643836,
        17.741935483870968,
        84.31372549019608,
        18.6046511627907,
        97.53086419753086,
        90.0,
        75.86206896551724,
        95.29411764705881,
        100.0,
        75.43859649122807,
        36.11111111111111
    ],
    "Closed Set Accuracy": {
        "OA": 87.24461623412479,
        "AA": 84.88121862807891,
        "Recall-all": [
            98.83720930232558,
            100.0,
            100.0,
            97.59036144578313,
            100.0,
            65.38461538461539,
            75.0,
            98.63013698630137,
            100.0,
            100.0,
            100.0,
            13.846153846153847,
            39.0625,
            89.47368421052632,
            97.26027397260275,
            66.12903225806451,
            94.11764705882352,
            48.837209302325576,
            100.0,
            93.33333333333333,
            94.82758620689656,
            98.82352941176471,
            100.0,
            84.21052631578947,
            66.66666666666666
        ]
    },
    "OSR Accuracy": null
}