{
    "OA": 72.76473011948909,
    "AA": 81.76309679353551,
    "OOD": 67.63657957244655,
    "NMI": 79.5752660430883,
    "H-score": 74.41510195725961,
    "H3-score": 76.06050703300143,
    "Recall-all": [
        97.2972972972973,
        78.04878048780488,
        88.88888888888889,
        92.5,
        98.66666666666667,
        74.74747474747475,
        82.5,
        87.87878787878788,
        70.0,
        90.78947368421053,
        79.71014492753623,
        60.0,
        79.54545454545455,
        75.0,
        85.0,
        67.63657957244655
    ],
    "Closed Set Accuracy": {
        "OA": 91.38627187079408,
        "AA": 91.65938222306661,
        "Recall-all": [
            100.0,
            92.6829268292683,
            92.5925925925926,
            97.5,
            100.0,
            75.75757575757575,
            95.0,
            93.93939393939394,
            95.0,
            96.05263157894737,
            86.95652173913044,
            76.0,
            90.9090909090909,
            87.5,
            95.0
        ]
    },
    "OSR Accuracy": {
        "TNR": 35.154394299287404,
        "AUROC": 87.87000124679112,
        "DTACC": 80.36511798160504,
        "AUIN": 82.78341319570872,
        "AUOUT": 92.49039099459075,
        "OSCR": 79.64509611480709,
        "AUPR": 92.52496780199719
    }
}