{
    "OA": 70.98255280073462,
    "AA": 67.48942559159225,
    "OOD": null,
    "NMI": null,
    "H-score": null,
    "H3-score": null,
    "Recall-all": [
        89.1891891891892,
        75.60975609756098,
        88.88888888888889,
        85.0,
        90.66666666666666,
        65.65656565656566,
        77.5,
        84.84848484848484,
        70.0,
        80.26315789473685,
        71.01449275362319,
        32.0,
        13.636363636363635,
        77.5,
        85.0,
        60.86956521739131,
        60.0,
        27.77777777777778,
        28.57142857142857,
        91.11111111111111,
        81.81818181818183,
        86.95652173913044,
        54.44444444444444,
        35.0,
        73.91304347826086
    ],
    "Closed Set Accuracy": {
        "OA": 74.65564738292011,
        "AA": 72.4948229518057,
        "Recall-all": [
            94.5945945945946,
            80.48780487804879,
            88.88888888888889,
            87.5,
            90.66666666666666,
            65.65656565656566,
            77.5,
            87.87878787878788,
            75.0,
            82.89473684210526,
            76.81159420289855,
            44.0,
            18.181818181818183,
            82.5,
            92.5,
            60.86956521739131,
            73.33333333333333,
            27.77777777777778,
            38.095238095238095,
            93.33333333333333,
            86.36363636363636,
            86.95652173913044,
            56.666666666666664,
            70.0,
            73.91304347826086
        ]
    },
    "OSR Accuracy": null
}