{
    "OA": 73.66523991890065,
    "AA": 89.16686709075823,
    "OOD": 68.38191552647234,
    "NMI": 89.52697933170055,
    "H-score": 77.92038399241476,
    "H3-score": 81.44113929265532,
    "Recall-all": [
        21.518987341772153,
        100.0,
        98.38709677419355,
        100.0,
        100.0,
        93.54838709677419,
        91.48936170212765,
        100.0,
        90.12345679012346,
        87.5,
        89.8989898989899,
        89.23076923076924,
        100.0,
        96.5909090909091,
        100.0,
        68.38191552647234
    ],
    "Closed Set Accuracy": {
        "OA": 96.10027855153204,
        "AA": 96.14530029475628,
        "Recall-all": [
            83.54430379746836,
            100.0,
            98.38709677419355,
            100.0,
            100.0,
            93.54838709677419,
            97.87234042553192,
            100.0,
            96.29629629629629,
            87.5,
            91.91919191919192,
            95.38461538461539,
            100.0,
            97.72727272727273,
            100.0
        ]
    },
    "OSR Accuracy": {
        "TNR": 49.196906603212376,
        "AUROC": 89.9893230198013,
        "DTACC": 83.40170080483331,
        "AUIN": 76.16664284066589,
        "AUOUT": 96.04479306721244,
        "OSCR": 86.83957243472162,
        "AUPR": 96.06069597327117
    }
}