{
    "OA": 74.12443345694273,
    "AA": 78.6083563346633,
    "OOD": 71.37767220902613,
    "NMI": 79.5752660430883,
    "H-score": 75.03586788957303,
    "H3-score": 76.49168843534413,
    "Recall-all": [
        98.64864864864865,
        80.48780487804879,
        88.88888888888889,
        90.0,
        94.66666666666667,
        62.62626262626263,
        82.5,
        87.87878787878788,
        65.0,
        86.8421052631579,
        75.36231884057972,
        48.0,
        70.45454545454545,
        70.0,
        85.0,
        71.37767220902613
    ],
    "Closed Set Accuracy": {
        "OA": 89.77119784656796,
        "AA": 89.44742358250384,
        "Recall-all": [
            100.0,
            92.6829268292683,
            92.5925925925926,
            95.0,
            98.66666666666667,
            73.73737373737373,
            87.5,
            93.93939393939394,
            80.0,
            97.36842105263158,
            88.40579710144928,
            80.0,
            81.81818181818183,
            85.0,
            95.0
        ]
    },
    "OSR Accuracy": {
        "TNR": 38.24228028503563,
        "AUROC": 85.80400443729759,
        "DTACC": 77.62169800161762,
        "AUIN": 78.1269360404682,
        "AUOUT": 91.50809526403653,
        "OSCR": 76.26745107943354,
        "AUPR": 91.54838852088783
    }
}