{
    "OA": 73.18227091633466,
    "AA": 85.89204357487857,
    "OOD": 70.70196311719215,
    "NMI": 89.52697933170055,
    "H-score": 78.17312030138423,
    "H3-score": 81.62500935803322,
    "Recall-all": [
        15.18987341772152,
        100.0,
        98.38709677419355,
        100.0,
        100.0,
        93.54838709677419,
        89.36170212765957,
        100.0,
        90.12345679012346,
        87.5,
        70.70196311719215
    ],
    "Closed Set Accuracy": {
        "OA": 95.10703363914374,
        "AA": 95.4212792825492,
        "Recall-all": [
            78.48101265822784,
            100.0,
            98.38709677419355,
            100.0,
            100.0,
            93.54838709677419,
            100.0,
            100.0,
            96.29629629629629,
            87.5
        ]
    },
    "OSR Accuracy": {
        "TNR": 27.513384889946458,
        "AUROC": 88.33340610201805,
        "DTACC": 83.87996259689605,
        "AUIN": 72.52091328035786,
        "AUOUT": 96.24544513956133,
        "OSCR": 85.21538166265569,
        "AUPR": 96.26268353967966
    }
}