{
    "OA": 71.70474516695958,
    "AA": 92.72488390675278,
    "OOD": 65.47241597970832,
    "NMI": 85.67668790964697,
    "H-score": 77.66856735927858,
    "H3-score": 80.16762539127427,
    "Recall-all": [
        89.53488372093024,
        98.98989898989899,
        98.4375,
        93.97590361445783,
        96.96969696969697,
        89.74358974358975,
        91.25,
        98.63013698630137,
        100.0,
        96.96969696969697,
        65.47241597970832
    ],
    "Closed Set Accuracy": {
        "OA": 97.1049457177322,
        "AA": 97.19731389372747,
        "Recall-all": [
            94.18604651162791,
            100.0,
            100.0,
            93.97590361445783,
            96.96969696969697,
            94.87179487179486,
            95.0,
            100.0,
            100.0,
            96.96969696969697
        ]
    },
    "OSR Accuracy": {
        "TNR": 69.43563728598605,
        "AUROC": 92.91664786248035,
        "DTACC": 84.48297029142536,
        "AUIN": 78.31358312867131,
        "AUOUT": 97.91335041819802,
        "OSCR": 90.24971067050278,
        "AUPR": 97.92971490582694
    }
}