{
    "OA": 37.37124021425628,
    "AA": 33.43653971982764,
    "OOD": null,
    "NMI": null,
    "H-score": null,
    "H3-score": null,
    "Recall-all": [
        74.32432432432432,
        48.78048780487805,
        25.925925925925924,
        35.0,
        88.0,
        2.0202020202020203,
        10.0,
        51.515151515151516,
        90.0,
        73.68421052631578,
        27.536231884057973,
        8.0,
        2.272727272727273,
        35.0,
        65.0,
        4.3478260869565215,
        26.666666666666668,
        0.0,
        66.66666666666666,
        8.88888888888889,
        45.45454545454545,
        50.0,
        95.55555555555556,
        5.0,
        10.869565217391305,
        72.5,
        0.0,
        24.050632911392405,
        47.82608695652174,
        55.55555555555556,
        65.27777777777779,
        14.285714285714285,
        21.568627450980394,
        5.0,
        2.380952380952381,
        6.25,
        22.22222222222222,
        63.26530612244898,
        42.857142857142854,
        15.0,
        15.789473684210526,
        21.052631578947366,
        5.0,
        15.384615384615385,
        47.368421052631575,
        16.666666666666664,
        4.166666666666666,
        29.78723404255319,
        36.734693877551024,
        46.666666666666664,
        5.0,
        20.0,
        50.0,
        58.536585365853654,
        89.13043478260869,
        40.0,
        55.00000000000001,
        8.695652173913043,
        18.75,
        25.0,
        13.953488372093023,
        45.0,
        57.14285714285714,
        27.500000000000004,
        12.5
    ],
    "Closed Set Accuracy": {
        "OA": 57.72558714462299,
        "AA": 53.23233871854407,
        "Recall-all": [
            90.54054054054053,
            65.85365853658537,
            44.44444444444444,
            52.5,
            92.0,
            17.17171717171717,
            27.500000000000004,
            72.72727272727273,
            90.0,
            81.57894736842105,
            82.6086956521739,
            16.0,
            22.727272727272727,
            47.5,
            85.0,
            30.434782608695656,
            46.666666666666664,
            0.0,
            76.19047619047619,
            24.444444444444443,
            63.63636363636363,
            67.3913043478261,
            98.88888888888889,
            20.0,
            30.434782608695656,
            85.0,
            22.5,
            50.63291139240506,
            58.69565217391305,
            94.44444444444444,
            91.66666666666666,
            57.14285714285714,
            47.05882352941176,
            5.0,
            7.142857142857142,
            15.625,
            44.44444444444444,
            93.87755102040816,
            61.904761904761905,
            15.0,
            26.31578947368421,
            42.10526315789473,
            35.0,
            23.076923076923077,
            73.68421052631578,
            22.22222222222222,
            20.833333333333336,
            82.97872340425532,
            63.26530612244898,
            66.66666666666666,
            35.0,
            56.666666666666664,
            76.19047619047619,
            70.73170731707317,
            95.65217391304348,
            70.0,
            70.0,
            52.17391304347826,
            31.25,
            40.909090909090914,
            41.86046511627907,
            85.0,
            57.14285714285714,
            75.0,
            50.0
        ]
    },
    "OSR Accuracy": null
}