{
    "OA": 72.27029254223321,
    "AA": 82.16144351101927,
    "OOD": 66.92399049881234,
    "NMI": 79.5752660430883,
    "H-score": 74.17016798355588,
    "H3-score": 75.88974526323918,
    "Recall-all": [
        98.64864864864865,
        80.48780487804879,
        88.88888888888889,
        92.5,
        98.66666666666667,
        72.72727272727273,
        82.5,
        90.9090909090909,
        70.0,
        89.47368421052632,
        76.81159420289855,
        64.0,
        79.54545454545455,
        77.5,
        85.0,
        66.92399049881234
    ],
    "Closed Set Accuracy": {
        "OA": 91.65545087483177,
        "AA": 91.89745399772377,
        "Recall-all": [
            100.0,
            90.2439024390244,
            92.5925925925926,
            97.5,
            100.0,
            76.76767676767676,
            95.0,
            93.93939393939394,
            95.0,
            96.05263157894737,
            86.95652173913044,
            76.0,
            90.9090909090909,
            90.0,
            97.5
        ]
    },
    "OSR Accuracy": {
        "TNR": 35.688836104513065,
        "AUROC": 87.53009082393713,
        "DTACC": 79.63090986979024,
        "AUIN": 82.23939681503079,
        "AUOUT": 92.42633299293841,
        "OSCR": 79.62059986636976,
        "AUPR": 92.465778197461
    }
}