{
    "OA": 42.57703081232493,
    "AA": 40.57346413235857,
    "OOD": null,
    "NMI": null,
    "H-score": null,
    "H3-score": null,
    "Recall-all": [
        50.63291139240506,
        88.88888888888889,
        20.967741935483872,
        6.976744186046512,
        97.72727272727273,
        1.6129032258064515,
        2.127659574468085,
        53.086419753086425,
        86.41975308641975,
        26.785714285714285,
        70.70707070707071,
        0.0,
        19.791666666666664,
        64.77272727272727,
        32.0,
        0.0,
        89.55223880597015,
        0.0,
        77.61194029850746,
        36.206896551724135,
        30.985915492957744,
        4.040404040404041,
        100.0,
        2.2222222222222223,
        51.21951219512195
    ],
    "Closed Set Accuracy": {
        "OA": 62.128851540616246,
        "AA": 60.35373942654581,
        "Recall-all": [
            91.13924050632912,
            98.98989898989899,
            35.483870967741936,
            23.25581395348837,
            100.0,
            25.806451612903224,
            55.319148936170215,
            90.12345679012346,
            87.65432098765432,
            62.5,
            93.93939393939394,
            0.0,
            69.79166666666666,
            87.5,
            77.33333333333333,
            10.843373493975903,
            100.0,
            2.4390243902439024,
            91.04477611940298,
            77.58620689655173,
            49.29577464788733,
            6.0606060606060606,
            100.0,
            4.444444444444445,
            68.29268292682927
        ]
    },
    "OSR Accuracy": null
}