{
    "OA": 43.80165289256198,
    "AA": 40.739924732050646,
    "OOD": null,
    "NMI": null,
    "H-score": null,
    "H3-score": null,
    "Recall-all": [
        52.702702702702695,
        46.34146341463415,
        37.03703703703704,
        35.0,
        77.33333333333333,
        9.090909090909092,
        10.0,
        81.81818181818183,
        95.0,
        82.89473684210526,
        36.231884057971016,
        12.0,
        0.0,
        2.5,
        32.5,
        43.47826086956522,
        26.666666666666668,
        11.11111111111111,
        66.66666666666666,
        8.88888888888889,
        54.54545454545454,
        56.52173913043478,
        97.77777777777777,
        25.0,
        17.391304347826086
    ],
    "Closed Set Accuracy": {
        "OA": 61.799816345270884,
        "AA": 58.708336056185594,
        "Recall-all": [
            82.43243243243244,
            63.41463414634146,
            44.44444444444444,
            55.00000000000001,
            85.33333333333334,
            29.292929292929294,
            30.0,
            90.9090909090909,
            100.0,
            86.8421052631579,
            78.26086956521739,
            44.0,
            2.272727272727273,
            30.0,
            67.5,
            69.56521739130434,
            26.666666666666668,
            22.22222222222222,
            90.47619047619048,
            11.11111111111111,
            68.18181818181817,
            82.6086956521739,
            100.0,
            55.00000000000001,
            52.17391304347826
        ]
    },
    "OSR Accuracy": null
}