{
    "OA": 80.39757040309222,
    "AA": 78.9483886519127,
    "OOD": null,
    "NMI": null,
    "H-score": null,
    "H3-score": null,
    "Recall-all": [
        93.02325581395348,
        95.95959595959596,
        96.875,
        81.92771084337349,
        73.73737373737373,
        46.15384615384615,
        82.5,
        95.8904109589041,
        95.58823529411765,
        86.86868686868688,
        98.95833333333334,
        61.53846153846154,
        23.4375,
        77.63157894736842,
        97.26027397260275,
        83.87096774193549,
        66.66666666666666,
        69.76744186046511,
        93.82716049382715,
        51.66666666666667,
        87.93103448275862,
        97.6470588235294,
        72.0,
        59.64912280701754,
        83.33333333333334
    ],
    "Closed Set Accuracy": {
        "OA": 84.15240198785202,
        "AA": 83.09048733185703,
        "Recall-all": [
            97.67441860465115,
            97.97979797979798,
            98.4375,
            84.33734939759037,
            75.75757575757575,
            50.0,
            82.5,
            97.26027397260275,
            98.52941176470588,
            89.8989898989899,
            98.95833333333334,
            73.84615384615385,
            35.9375,
            81.57894736842105,
            97.26027397260275,
            91.93548387096774,
            70.58823529411765,
            74.4186046511628,
            93.82716049382715,
            56.666666666666664,
            91.37931034482759,
            98.82352941176471,
            81.33333333333333,
            66.66666666666666,
            91.66666666666666
        ]
    },
    "OSR Accuracy": null
}