{
    "OA": 85.61282932416952,
    "AA": 47.347434474598636,
    "OOD": 99.63065558633426,
    "NMI": 73.44558460183944,
    "H-score": 60.90850412954342,
    "H3-score": 64.58470706489581,
    "Recall-all": [
        51.66666666666667,
        41.07142857142857,
        46.875,
        61.224489795918366,
        87.87878787878788,
        9.090909090909092,
        24.65753424657534,
        82.6086956521739,
        79.48717948717949,
        49.494949494949495,
        59.59595959595959,
        0.0,
        5.05050505050505,
        18.75,
        40.476190476190474,
        99.63065558633426
    ],
    "Closed Set Accuracy": {
        "OA": 87.72401433691756,
        "AA": 88.43222286067198,
        "Recall-all": [
            95.0,
            92.85714285714286,
            76.5625,
            82.6530612244898,
            93.93939393939394,
            90.9090909090909,
            84.93150684931507,
            100.0,
            98.71794871794873,
            77.77777777777779,
            96.96969696969697,
            100.0,
            80.8080808080808,
            62.5,
            92.85714285714286
        ]
    },
    "OSR Accuracy": {
        "TNR": 33.54878424130502,
        "AUROC": 89.18189329829637,
        "DTACC": 83.67624281416614,
        "AUIN": 84.04279970325793,
        "AUOUT": 94.3639950287636,
        "OSCR": 77.98689919478966,
        "AUPR": 94.38158141051306
    }
}