{
    "OA": 93.67311072056239,
    "AA": 86.800456838083,
    "OOD": 95.59289790741914,
    "NMI": 85.12541006991601,
    "H-score": 90.4988867075092,
    "H3-score": 88.63522564774793,
    "Recall-all": [
        100.0,
        98.98989898989899,
        95.3125,
        80.72289156626506,
        96.96969696969697,
        35.8974358974359,
        62.5,
        95.8904109589041,
        100.0,
        92.92929292929293,
        95.59289790741914
    ],
    "Closed Set Accuracy": {
        "OA": 97.94933655006032,
        "AA": 97.90925239419215,
        "Recall-all": [
            100.0,
            100.0,
            100.0,
            89.1566265060241,
            100.0,
            97.43589743589743,
            92.5,
            100.0,
            100.0,
            100.0
        ]
    },
    "OSR Accuracy": {
        "TNR": 84.78123018389347,
        "AUROC": 96.90208998013514,
        "DTACC": 92.38279382529164,
        "AUIN": 91.11742949195542,
        "AUOUT": 98.99317399981274,
        "OSCR": 94.86393290768432,
        "AUPR": 99.00926425334838
    }
}