{
    "OA": 84.56315074694432,
    "AA": 58.413307237021485,
    "OOD": 94.83372921615202,
    "NMI": 55.648247545731024,
    "H-score": 69.43790378723097,
    "H3-score": 64.14125355009055,
    "Recall-all": [
        66.21621621621621,
        46.34146341463415,
        44.44444444444444,
        27.500000000000004,
        64.0,
        12.121212121212121,
        20.0,
        87.87878787878788,
        95.0,
        84.21052631578947,
        94.83372921615202
    ],
    "Closed Set Accuracy": {
        "OA": 72.57142857142857,
        "AA": 74.57900774505396,
        "Recall-all": [
            94.5945945945946,
            68.29268292682927,
            70.37037037037037,
            52.5,
            82.66666666666667,
            37.37373737373738,
            50.0,
            93.93939393939394,
            100.0,
            96.05263157894737
        ]
    },
    "OSR Accuracy": {
        "TNR": 10.570071258907365,
        "AUROC": 80.27881461373148,
        "DTACC": 76.87071598235494,
        "AUIN": 69.74580167320083,
        "AUOUT": 89.24294722293621,
        "OSCR": 56.334973419296354,
        "AUPR": 89.29117881071666
    }
}