{
    "OA": 40.2290950744559,
    "AA": 41.548921125927876,
    "OOD": null,
    "NMI": null,
    "H-score": null,
    "H3-score": null,
    "Recall-all": [
        78.33333333333333,
        57.14285714285714,
        60.9375,
        56.12244897959183,
        85.85858585858585,
        5.05050505050505,
        27.397260273972602,
        78.26086956521739,
        85.8974358974359,
        43.43434343434344,
        67.67676767676768,
        12.5,
        17.17171717171717,
        25.0,
        40.476190476190474,
        14.634146341463413,
        25.0,
        2.5,
        80.48780487804879,
        60.0,
        55.00000000000001,
        97.5,
        35.35353535353536,
        6.0606060606060606,
        45.90163934426229,
        69.23076923076923,
        67.67676767676768,
        23.18840579710145,
        67.5,
        69.6969696969697,
        52.83018867924528,
        0.0,
        0.0,
        11.267605633802818,
        1.0101010101010102,
        45.0,
        46.05263157894737,
        52.52525252525253,
        20.481927710843372,
        32.5,
        62.745098039215684,
        55.00000000000001,
        18.181818181818183,
        24.242424242424242,
        0.0,
        14.942528735632186,
        47.5,
        71.73913043478261,
        50.0,
        53.73134328358209,
        87.87878787878788,
        16.0,
        21.428571428571427,
        7.142857142857142,
        67.44186046511628,
        13.114754098360656,
        15.555555555555555,
        35.0,
        45.0,
        64.64646464646465,
        66.66666666666666,
        3.0303030303030303,
        69.81132075471697,
        22.22222222222222,
        45.0
    ],
    "Closed Set Accuracy": {
        "OA": 70.12600229095074,
        "AA": 70.36904329650694,
        "Recall-all": [
            90.0,
            89.28571428571429,
            79.6875,
            70.40816326530613,
            93.93939393939394,
            57.57575757575758,
            58.9041095890411,
            97.82608695652173,
            98.71794871794873,
            65.65656565656566,
            92.92929292929293,
            90.0,
            84.84848484848484,
            56.25,
            90.47619047619048,
            39.02439024390244,
            64.58333333333334,
            10.0,
            97.5609756097561,
            72.0,
            100.0,
            100.0,
            98.98989898989899,
            57.57575757575758,
            62.295081967213115,
            88.46153846153845,
            80.8080808080808,
            59.42028985507246,
            90.0,
            74.74747474747475,
            66.0377358490566,
            42.5,
            20.2020202020202,
            40.845070422535215,
            16.161616161616163,
            67.5,
            78.94736842105263,
            92.92929292929293,
            67.46987951807229,
            82.5,
            76.47058823529412,
            72.5,
            52.52525252525253,
            69.6969696969697,
            4.878048780487805,
            70.11494252873564,
            87.5,
            84.78260869565217,
            67.5,
            73.13432835820896,
            95.95959595959596,
            38.666666666666664,
            66.66666666666666,
            54.761904761904766,
            100.0,
            45.90163934426229,
            54.44444444444444,
            40.0,
            68.75,
            83.83838383838383,
            66.66666666666666,
            74.74747474747475,
            88.67924528301887,
            73.73737373737373,
            75.0
        ]
    },
    "OSR Accuracy": null
}