{
    "OA": 84.82964436707286,
    "AA": 46.03842235790246,
    "OOD": 95.56786703601108,
    "NMI": 77.23622512560259,
    "H-score": 57.46544671132876,
    "H3-score": 62.82763119240591,
    "Recall-all": [
        36.666666666666664,
        48.214285714285715,
        31.25,
        66.3265306122449,
        64.64646464646465,
        7.07070707070707,
        23.28767123287671,
        73.91304347826086,
        42.30769230769231,
        17.17171717171717,
        95.56786703601108
    ],
    "Closed Set Accuracy": {
        "OA": 79.14507772020725,
        "AA": 79.54257269987829,
        "Recall-all": [
            75.0,
            83.92857142857143,
            59.375,
            76.53061224489795,
            88.88888888888889,
            81.81818181818183,
            79.45205479452055,
            93.47826086956522,
            92.3076923076923,
            64.64646464646465
        ]
    },
    "OSR Accuracy": {
        "TNR": 15.112342259156664,
        "AUROC": 77.82861047719744,
        "DTACC": 72.68607558802469,
        "AUIN": 57.101041112550156,
        "AUOUT": 91.40871654971173,
        "OSCR": 62.30254984794047,
        "AUPR": 91.47255208014286
    }
}