{
    "OA": 53.994490358126725,
    "AA": 52.876134017272605,
    "OOD": null,
    "NMI": null,
    "H-score": null,
    "H3-score": null,
    "Recall-all": [
        89.1891891891892,
        65.85365853658537,
        77.77777777777779,
        32.5,
        57.333333333333336,
        7.07070707070707,
        42.5,
        96.96969696969697,
        90.0,
        89.47368421052632,
        26.08695652173913,
        40.0,
        4.545454545454546,
        5.0,
        47.5,
        34.78260869565217,
        20.0,
        22.22222222222222,
        90.47619047619048,
        40.0,
        63.63636363636363,
        97.82608695652173,
        93.33333333333333,
        40.0,
        47.82608695652174
    ],
    "Closed Set Accuracy": {
        "OA": 77.77777777777779,
        "AA": 75.8412343700919,
        "Recall-all": [
            94.5945945945946,
            90.2439024390244,
            85.18518518518519,
            60.0,
            92.0,
            38.38383838383838,
            60.0,
            96.96969696969697,
            95.0,
            96.05263157894737,
            89.85507246376811,
            80.0,
            38.63636363636363,
            30.0,
            97.5,
            65.21739130434783,
            46.666666666666664,
            27.77777777777778,
            100.0,
            77.77777777777779,
            90.9090909090909,
            100.0,
            100.0,
            65.0,
            78.26086956521739
        ]
    },
    "OSR Accuracy": null
}