{
    "OA": 83.68355995055624,
    "AA": 68.65001414282517,
    "OOD": 90.97387173396675,
    "NMI": 79.5752660430883,
    "H-score": 77.27450767220859,
    "H3-score": 78.02784839776892,
    "Recall-all": [
        90.54054054054053,
        60.97560975609756,
        85.18518518518519,
        85.0,
        69.33333333333334,
        48.484848484848484,
        62.5,
        81.81818181818183,
        75.0,
        84.21052631578947,
        71.01449275362319,
        52.0,
        11.363636363636363,
        50.0,
        80.0,
        90.97387173396675
    ],
    "Closed Set Accuracy": {
        "OA": 87.88694481830417,
        "AA": 88.00069614553253,
        "Recall-all": [
            100.0,
            85.36585365853658,
            92.5925925925926,
            97.5,
            88.0,
            80.8080808080808,
            90.0,
            87.87878787878788,
            100.0,
            97.36842105263158,
            88.40579710144928,
            88.0,
            59.09090909090909,
            72.5,
            92.5
        ]
    },
    "OSR Accuracy": {
        "TNR": 35.09501187648456,
        "AUROC": 87.42323443189484,
        "DTACC": 80.83626116117813,
        "AUIN": 81.0869342405127,
        "AUOUT": 92.15008117149026,
        "OSCR": 75.97369590445115,
        "AUPR": 92.19007572153993
    }
}