{
    "OA": 22.328358208955223,
    "AA": 21.154390123191593,
    "OOD": null,
    "NMI": null,
    "H-score": null,
    "H3-score": null,
    "Recall-all": [
        31.666666666666664,
        3.571428571428571,
        6.25,
        0.0,
        79.7979797979798,
        5.05050505050505,
        5.47945205479452,
        58.69565217391305,
        57.692307692307686,
        27.27272727272727,
        39.39393939393939,
        0.0,
        1.0101010101010102,
        0.0,
        7.142857142857142,
        12.195121951219512,
        16.666666666666664,
        2.5,
        78.04878048780488,
        16.0,
        10.0,
        0.0,
        47.474747474747474,
        0.0,
        22.950819672131146
    ],
    "Closed Set Accuracy": {
        "OA": 44.47761194029851,
        "AA": 43.35658925400618,
        "Recall-all": [
            63.33333333333333,
            17.857142857142858,
            20.3125,
            3.061224489795918,
            83.83838383838383,
            37.37373737373738,
            35.61643835616438,
            80.43478260869566,
            87.17948717948718,
            42.42424242424242,
            71.71717171717171,
            32.5,
            15.151515151515152,
            20.3125,
            33.33333333333333,
            58.536585365853654,
            31.25,
            2.5,
            97.5609756097561,
            24.0,
            60.0,
            12.5,
            83.83838383838383,
            41.41414141414141,
            27.86885245901639
        ]
    },
    "OSR Accuracy": null
}