{
    "OA": 78.28594973217965,
    "AA": 44.91943846733448,
    "OOD": 94.47743467933492,
    "NMI": 55.648247545731024,
    "H-score": 57.77965664610717,
    "H3-score": 57.052648615309074,
    "Recall-all": [
        66.21621621621621,
        48.78048780487805,
        44.44444444444444,
        27.500000000000004,
        62.66666666666667,
        13.131313131313133,
        22.5,
        87.87878787878788,
        95.0,
        84.21052631578947,
        26.08695652173913,
        4.0,
        6.8181818181818175,
        0.0,
        35.0,
        94.47743467933492
    ],
    "Closed Set Accuracy": {
        "OA": 69.85195154777928,
        "AA": 69.83285506928603,
        "Recall-all": [
            94.5945945945946,
            70.73170731707317,
            70.37037037037037,
            57.49999999999999,
            85.33333333333334,
            35.35353535353536,
            50.0,
            93.93939393939394,
            100.0,
            96.05263157894737,
            92.7536231884058,
            72.0,
            36.36363636363637,
            27.500000000000004,
            65.0
        ]
    },
    "OSR Accuracy": {
        "TNR": 10.866983372921613,
        "AUROC": 76.48775747035674,
        "DTACC": 72.14716610774194,
        "AUIN": 67.81340227222408,
        "AUOUT": 83.95887344550826,
        "OSCR": 51.696155407716546,
        "AUPR": 84.01097979957336
    }
}