{
    "OA": 67.4931129476584,
    "AA": 63.801087946919274,
    "OOD": null,
    "NMI": null,
    "H-score": null,
    "H3-score": null,
    "Recall-all": [
        89.1891891891892,
        56.09756097560976,
        85.18518518518519,
        87.5,
        69.33333333333334,
        65.65656565656566,
        60.0,
        81.81818181818183,
        65.0,
        81.57894736842105,
        71.01449275362319,
        32.0,
        0.0,
        42.5,
        72.5,
        65.21739130434783,
        46.666666666666664,
        22.22222222222222,
        80.95238095238095,
        22.22222222222222,
        90.9090909090909,
        95.65217391304348,
        83.33333333333334,
        35.0,
        93.47826086956522
    ],
    "Closed Set Accuracy": {
        "OA": 76.95133149678604,
        "AA": 75.27667051260845,
        "Recall-all": [
            97.2972972972973,
            68.29268292682927,
            85.18518518518519,
            87.5,
            78.66666666666666,
            71.71717171717171,
            72.5,
            87.87878787878788,
            90.0,
            90.78947368421053,
            78.26086956521739,
            68.0,
            2.272727272727273,
            57.49999999999999,
            90.0,
            78.26086956521739,
            53.333333333333336,
            33.33333333333333,
            90.47619047619048,
            31.11111111111111,
            100.0,
            97.82608695652173,
            88.88888888888889,
            85.0,
            97.82608695652173
        ]
    },
    "OSR Accuracy": null
}