{
    "OA": 83.93434469037553,
    "AA": 37.696285949549555,
    "OOD": 96.24499846106495,
    "NMI": 46.461244123677034,
    "H-score": 47.85133578785279,
    "H3-score": 47.380230380468824,
    "Recall-all": [
        25.0,
        1.7857142857142856,
        6.25,
        0.0,
        75.75757575757575,
        20.2020202020202,
        26.027397260273972,
        65.21739130434783,
        62.82051282051282,
        35.35353535353536,
        96.24499846106495
    ],
    "Closed Set Accuracy": {
        "OA": 57.77202072538861,
        "AA": 58.424645613044326,
        "Recall-all": [
            61.66666666666667,
            25.0,
            37.5,
            2.0408163265306123,
            86.86868686868688,
            59.59595959595959,
            76.71232876712328,
            82.6086956521739,
            98.71794871794873,
            53.535353535353536
        ]
    },
    "OSR Accuracy": {
        "TNR": 6.678978147122194,
        "AUROC": 69.6997641362747,
        "DTACC": 68.61654921322942,
        "AUIN": 50.05062380002598,
        "AUOUT": 87.0601691586961,
        "OSCR": 45.35028314810246,
        "AUPR": 87.09653055981535
    }
}