{
    "OA": 90.32578960457597,
    "AA": 56.431736516529575,
    "OOD": 99.53831948291783,
    "NMI": 73.44558460183944,
    "H-score": 68.41660201646114,
    "H3-score": 70.0160052719995,
    "Recall-all": [
        51.66666666666667,
        30.357142857142854,
        51.5625,
        57.14285714285714,
        88.88888888888889,
        9.090909090909092,
        27.397260273972602,
        80.43478260869566,
        78.2051282051282,
        46.464646464646464,
        99.53831948291783
    ],
    "Closed Set Accuracy": {
        "OA": 88.47150259067358,
        "AA": 89.20766781462721,
        "Recall-all": [
            95.0,
            92.85714285714286,
            76.5625,
            83.6734693877551,
            93.93939393939394,
            90.9090909090909,
            84.93150684931507,
            100.0,
            97.43589743589743,
            76.76767676767676
        ]
    },
    "OSR Accuracy": {
        "TNR": 35.39550630963373,
        "AUROC": 90.8712844286883,
        "DTACC": 85.87333368417865,
        "AUIN": 84.13346029971159,
        "AUOUT": 96.56484328325891,
        "OSCR": 80.03704208708254,
        "AUPR": 96.5815656297541
    }
}