{
    "OA": 40.29782359679267,
    "AA": 41.50011723739777,
    "OOD": null,
    "NMI": null,
    "H-score": null,
    "H3-score": null,
    "Recall-all": [
        78.33333333333333,
        57.14285714285714,
        65.625,
        56.12244897959183,
        82.82828282828282,
        5.05050505050505,
        28.767123287671232,
        80.43478260869566,
        84.61538461538461,
        42.42424242424242,
        68.68686868686868,
        12.5,
        17.17171717171717,
        25.0,
        45.23809523809524,
        12.195121951219512,
        27.083333333333332,
        2.5,
        78.04878048780488,
        60.0,
        47.5,
        95.0,
        52.52525252525253,
        5.05050505050505,
        45.90163934426229,
        67.3076923076923,
        68.68686868686868,
        21.73913043478261,
        70.0,
        69.6969696969697,
        52.83018867924528,
        0.0,
        0.0,
        11.267605633802818,
        1.0101010101010102,
        47.5,
        48.68421052631579,
        51.515151515151516,
        22.89156626506024,
        32.5,
        64.70588235294117,
        55.00000000000001,
        15.151515151515152,
        23.232323232323232,
        0.0,
        10.344827586206897,
        50.0,
        69.56521739130434,
        50.0,
        53.73134328358209,
        86.86868686868688,
        14.666666666666666,
        23.809523809523807,
        7.142857142857142,
        53.48837209302325,
        13.114754098360656,
        13.333333333333334,
        31.666666666666664,
        38.75,
        64.64646464646465,
        66.66666666666666,
        4.040404040404041,
        67.9245283018868,
        28.28282828282828,
        50.0
    ],
    "Closed Set Accuracy": {
        "OA": 69.64490263459335,
        "AA": 69.77464433116639,
        "Recall-all": [
            93.33333333333333,
            89.28571428571429,
            82.8125,
            71.42857142857143,
            92.92929292929293,
            58.58585858585859,
            57.534246575342465,
            97.82608695652173,
            98.71794871794873,
            64.64646464646465,
            93.93939393939394,
            82.5,
            82.82828282828282,
            51.5625,
            90.47619047619048,
            39.02439024390244,
            56.25,
            7.5,
            97.5609756097561,
            70.0,
            100.0,
            100.0,
            97.97979797979798,
            58.58585858585859,
            63.934426229508205,
            88.46153846153845,
            81.81818181818183,
            66.66666666666666,
            90.0,
            74.74747474747475,
            66.0377358490566,
            42.5,
            12.121212121212121,
            36.61971830985916,
            19.19191919191919,
            67.5,
            78.94736842105263,
            93.93939393939394,
            67.46987951807229,
            80.0,
            76.47058823529412,
            72.5,
            48.484848484848484,
            73.73737373737373,
            4.878048780487805,
            68.96551724137932,
            87.5,
            84.78260869565217,
            67.5,
            68.65671641791045,
            95.95959595959596,
            37.333333333333336,
            61.904761904761905,
            54.761904761904766,
            100.0,
            44.26229508196721,
            55.55555555555556,
            36.666666666666664,
            67.5,
            85.85858585858585,
            66.66666666666666,
            72.72727272727273,
            88.67924528301887,
            73.73737373737373,
            75.0
        ]
    },
    "OSR Accuracy": null
}