{
    "OA": 93.5224704996234,
    "AA": 86.20664723859159,
    "OOD": 95.59289790741914,
    "NMI": 85.12541006991601,
    "H-score": 90.13525162910584,
    "H3-score": 88.40236711435895,
    "Recall-all": [
        100.0,
        100.0,
        96.875,
        80.72289156626506,
        96.96969696969697,
        33.33333333333333,
        60.0,
        95.8904109589041,
        100.0,
        88.88888888888889,
        95.59289790741914
    ],
    "Closed Set Accuracy": {
        "OA": 98.19059107358264,
        "AA": 98.15793945010812,
        "Recall-all": [
            100.0,
            100.0,
            100.0,
            90.36144578313254,
            100.0,
            98.71794871794873,
            92.5,
            100.0,
            100.0,
            100.0
        ]
    },
    "OSR Accuracy": {
        "TNR": 85.70069752694991,
        "AUROC": 96.89019553549095,
        "DTACC": 92.1790775571335,
        "AUIN": 91.25003126477029,
        "AUOUT": 98.95952177457804,
        "OSCR": 95.09287228273173,
        "AUPR": 98.97564685075825
    }
}