{
    "OA": 86.07101947308134,
    "AA": 49.846645645907316,
    "OOD": 99.50754078177901,
    "NMI": 73.44558460183944,
    "H-score": 63.41459149094341,
    "H3-score": 66.44070766536667,
    "Recall-all": [
        55.00000000000001,
        55.35714285714286,
        42.1875,
        58.16326530612245,
        88.88888888888889,
        10.1010101010101,
        28.767123287671232,
        84.78260869565217,
        84.61538461538461,
        45.45454545454545,
        66.66666666666666,
        2.5,
        6.0606060606060606,
        21.875,
        47.61904761904761,
        99.50754078177901
    ],
    "Closed Set Accuracy": {
        "OA": 87.09677419354838,
        "AA": 87.82022828769404,
        "Recall-all": [
            95.0,
            92.85714285714286,
            75.0,
            78.57142857142857,
            93.93939393939394,
            83.83838383838383,
            91.78082191780823,
            100.0,
            98.71794871794873,
            81.81818181818183,
            96.96969696969697,
            100.0,
            82.82828282828282,
            53.125,
            92.85714285714286
        ]
    },
    "OSR Accuracy": {
        "TNR": 31.332717759310558,
        "AUROC": 88.7651949152262,
        "DTACC": 83.17869518164397,
        "AUIN": 83.37500930323773,
        "AUOUT": 94.04516578433979,
        "OSCR": 77.08455372538113,
        "AUPR": 94.06326747281827
    }
}