{
    "OA": 52.708907254361804,
    "AA": 51.905344242118254,
    "OOD": null,
    "NMI": null,
    "H-score": null,
    "H3-score": null,
    "Recall-all": [
        90.54054054054053,
        63.41463414634146,
        70.37037037037037,
        35.0,
        50.66666666666667,
        8.080808080808081,
        42.5,
        96.96969696969697,
        95.0,
        88.1578947368421,
        21.73913043478261,
        40.0,
        2.272727272727273,
        5.0,
        45.0,
        39.130434782608695,
        26.666666666666668,
        22.22222222222222,
        85.71428571428571,
        31.11111111111111,
        59.09090909090909,
        97.82608695652173,
        93.33333333333333,
        40.0,
        47.82608695652174
    ],
    "Closed Set Accuracy": {
        "OA": 78.51239669421489,
        "AA": 76.53530627676189,
        "Recall-all": [
            95.94594594594594,
            85.36585365853658,
            88.88888888888889,
            62.5,
            92.0,
            44.44444444444444,
            57.49999999999999,
            96.96969696969697,
            100.0,
            96.05263157894737,
            84.05797101449275,
            76.0,
            36.36363636363637,
            45.0,
            97.5,
            65.21739130434783,
            46.666666666666664,
            33.33333333333333,
            100.0,
            77.77777777777779,
            86.36363636363636,
            100.0,
            100.0,
            65.0,
            80.43478260869566
        ]
    },
    "OSR Accuracy": null
}