{
    "OA": 79.55014918521918,
    "AA": 78.28434036898545,
    "OOD": null,
    "NMI": null,
    "H-score": null,
    "H3-score": null,
    "Recall-all": [
        94.18604651162791,
        95.95959595959596,
        96.875,
        75.90361445783132,
        77.77777777777779,
        35.8974358974359,
        85.0,
        95.8904109589041,
        95.58823529411765,
        86.86868686868688,
        96.875,
        63.07692307692307,
        25.0,
        76.31578947368422,
        97.26027397260275,
        83.87096774193549,
        66.66666666666666,
        67.44186046511628,
        93.82716049382715,
        45.0,
        86.20689655172413,
        98.82352941176471,
        68.0,
        54.385964912280706,
        80.55555555555556,
        93.33333333333333,
        86.53846153846155,
        95.0,
        95.83333333333334,
        94.66666666666667,
        93.97590361445783,
        70.51282051282051,
        23.88059701492537,
        52.17391304347826,
        25.352112676056336,
        95.65217391304348,
        96.66666666666667,
        74.13793103448276,
        63.23529411764706,
        68.75,
        60.0,
        92.64705882352942,
        83.07692307692308,
        84.7457627118644,
        17.91044776119403,
        84.61538461538461,
        90.56603773584906,
        72.72727272727273,
        92.0,
        82.92682926829268,
        100.0,
        88.23529411764706,
        66.66666666666666,
        96.1038961038961,
        98.86363636363636,
        84.12698412698413,
        91.35802469135803,
        90.74074074074075,
        55.932203389830505,
        100.0,
        95.29411764705881,
        64.17910447761194,
        83.9506172839506,
        49.056603773584904,
        89.79591836734694
    ],
    "Closed Set Accuracy": {
        "OA": 84.96672022033509,
        "AA": 84.03056498392924,
        "Recall-all": [
            98.83720930232558,
            97.97979797979798,
            98.4375,
            81.92771084337349,
            80.8080808080808,
            51.28205128205128,
            85.0,
            97.26027397260275,
            100.0,
            88.88888888888889,
            96.875,
            72.3076923076923,
            37.5,
            81.57894736842105,
            97.26027397260275,
            95.16129032258065,
            68.62745098039215,
            67.44186046511628,
            93.82716049382715,
            50.0,
            91.37931034482759,
            98.82352941176471,
            81.33333333333333,
            66.66666666666666,
            91.66666666666666,
            93.33333333333333,
            96.15384615384616,
            100.0,
            97.22222222222221,
            94.66666666666667,
            100.0,
            85.8974358974359,
            32.83582089552239,
            65.21739130434783,
            30.985915492957744,
            97.82608695652173,
            98.33333333333333,
            93.10344827586206,
            83.82352941176471,
            78.125,
            66.66666666666666,
            95.58823529411765,
            92.3076923076923,
            89.83050847457628,
            25.37313432835821,
            84.61538461538461,
            98.11320754716981,
            77.27272727272727,
            92.0,
            90.2439024390244,
            100.0,
            94.11764705882352,
            74.24242424242425,
            98.7012987012987,
            100.0,
            88.88888888888889,
            96.29629629629629,
            92.5925925925926,
            67.79661016949152,
            100.0,
            98.82352941176471,
            80.59701492537313,
            88.88888888888889,
            54.71698113207547,
            95.91836734693877
        ]
    },
    "OSR Accuracy": null
}