{
    "OA": 38.62686567164179,
    "AA": 40.38826155396091,
    "OOD": null,
    "NMI": null,
    "H-score": null,
    "H3-score": null,
    "Recall-all": [
        18.333333333333332,
        73.21428571428571,
        28.125,
        66.3265306122449,
        64.64646464646465,
        5.05050505050505,
        16.43835616438356,
        78.26086956521739,
        39.743589743589745,
        8.080808080808081,
        82.82828282828282,
        0.0,
        19.19191919191919,
        39.0625,
        16.666666666666664,
        24.390243902439025,
        56.25,
        7.5,
        85.36585365853658,
        28.000000000000004,
        85.0,
        90.0,
        6.0606060606060606,
        38.38383838383838,
        32.78688524590164
    ],
    "Closed Set Accuracy": {
        "OA": 66.50746268656717,
        "AA": 67.96421336655797,
        "Recall-all": [
            66.66666666666666,
            83.92857142857143,
            48.4375,
            74.48979591836735,
            78.78787878787878,
            45.45454545454545,
            63.013698630136986,
            93.47826086956522,
            65.38461538461539,
            43.43434343434344,
            90.9090909090909,
            35.0,
            48.484848484848484,
            73.4375,
            71.42857142857143,
            60.97560975609756,
            85.41666666666666,
            30.0,
            97.5609756097561,
            57.99999999999999,
            97.5,
            97.5,
            53.535353535353536,
            70.70707070707071,
            65.57377049180327
        ]
    },
    "OSR Accuracy": null
}