{
    "OA": 51.58632056036259,
    "AA": 50.3845487167369,
    "OOD": null,
    "NMI": null,
    "H-score": null,
    "H3-score": null,
    "Recall-all": [
        89.1891891891892,
        65.85365853658537,
        70.37037037037037,
        32.5,
        62.66666666666667,
        7.07070707070707,
        45.0,
        96.96969696969697,
        90.0,
        86.8421052631579,
        27.536231884057973,
        36.0,
        2.272727272727273,
        5.0,
        55.00000000000001,
        30.434782608695656,
        13.333333333333334,
        22.22222222222222,
        90.47619047619048,
        42.22222222222222,
        59.09090909090909,
        95.65217391304348,
        92.22222222222223,
        40.0,
        47.82608695652174,
        60.0,
        27.500000000000004,
        10.126582278481013,
        63.04347826086957,
        77.77777777777779,
        90.27777777777779,
        6.122448979591836,
        3.9215686274509802,
        0.0,
        0.0,
        46.875,
        66.66666666666666,
        83.6734693877551,
        80.95238095238095,
        40.0,
        36.84210526315789,
        68.42105263157895,
        25.0,
        61.53846153846154,
        0.0,
        38.88888888888889,
        79.16666666666666,
        63.829787234042556,
        65.3061224489796,
        26.666666666666668,
        70.0,
        20.0,
        35.714285714285715,
        17.073170731707318,
        91.30434782608695,
        67.5,
        65.0,
        82.6086956521739,
        37.5,
        93.18181818181817,
        88.37209302325581,
        25.0,
        57.14285714285714,
        15.0,
        81.25
    ],
    "Closed Set Accuracy": {
        "OA": 76.39060568603215,
        "AA": 75.15680043879327,
        "Recall-all": [
            94.5945945945946,
            85.36585365853658,
            88.88888888888889,
            62.5,
            92.0,
            37.37373737373738,
            57.49999999999999,
            96.96969696969697,
            100.0,
            96.05263157894737,
            89.85507246376811,
            84.0,
            36.36363636363637,
            32.5,
            92.5,
            65.21739130434783,
            33.33333333333333,
            27.77777777777778,
            100.0,
            75.55555555555556,
            86.36363636363636,
            100.0,
            100.0,
            70.0,
            76.08695652173914,
            85.0,
            60.0,
            91.13924050632912,
            93.47826086956522,
            100.0,
            95.83333333333334,
            42.857142857142854,
            11.76470588235294,
            40.0,
            9.523809523809524,
            62.5,
            94.44444444444444,
            95.91836734693877,
            95.23809523809523,
            90.0,
            78.94736842105263,
            68.42105263157895,
            50.0,
            96.15384615384616,
            0.0,
            50.0,
            87.5,
            82.97872340425532,
            83.6734693877551,
            66.66666666666666,
            95.0,
            36.666666666666664,
            57.14285714285714,
            78.04878048780488,
            97.82608695652173,
            90.0,
            85.0,
            93.47826086956522,
            93.75,
            95.45454545454545,
            93.02325581395348,
            95.0,
            85.71428571428571,
            82.5,
            93.75
        ]
    },
    "OSR Accuracy": null
}