{
    "OA": 39.152348224513176,
    "AA": 40.53646819960703,
    "OOD": null,
    "NMI": null,
    "H-score": null,
    "H3-score": null,
    "Recall-all": [
        76.66666666666667,
        75.0,
        53.125,
        41.83673469387755,
        82.82828282828282,
        5.05050505050505,
        28.767123287671232,
        80.43478260869566,
        79.48717948717949,
        40.4040404040404,
        61.61616161616161,
        10.0,
        17.17171717171717,
        23.4375,
        45.23809523809524,
        9.75609756097561,
        27.083333333333332,
        2.5,
        80.48780487804879,
        52.0,
        50.0,
        97.5,
        54.54545454545454,
        4.040404040404041,
        42.62295081967213,
        67.3076923076923,
        66.66666666666666,
        20.28985507246377,
        65.0,
        69.6969696969697,
        52.83018867924528,
        0.0,
        0.0,
        7.042253521126761,
        0.0,
        42.5,
        46.05263157894737,
        47.474747474747474,
        21.686746987951807,
        32.5,
        64.70588235294117,
        52.5,
        17.17171717171717,
        22.22222222222222,
        0.0,
        11.494252873563218,
        47.5,
        69.56521739130434,
        47.5,
        55.223880597014926,
        86.86868686868688,
        13.333333333333334,
        21.428571428571427,
        4.761904761904762,
        65.11627906976744,
        11.475409836065573,
        15.555555555555555,
        33.33333333333333,
        43.75,
        65.65656565656566,
        66.66666666666666,
        4.040404040404041,
        64.15094339622641,
        20.2020202020202,
        50.0
    ],
    "Closed Set Accuracy": {
        "OA": 69.02634593356242,
        "AA": 69.07896057225085,
        "Recall-all": [
            88.33333333333333,
            89.28571428571429,
            78.125,
            71.42857142857143,
            92.92929292929293,
            68.68686868686868,
            58.9041095890411,
            97.82608695652173,
            98.71794871794873,
            64.64646464646465,
            93.93939393939394,
            97.5,
            79.7979797979798,
            60.9375,
            90.47619047619048,
            39.02439024390244,
            50.0,
            5.0,
            97.5609756097561,
            70.0,
            95.0,
            100.0,
            96.96969696969697,
            46.464646464646464,
            63.934426229508205,
            88.46153846153845,
            81.81818181818183,
            66.66666666666666,
            90.0,
            74.74747474747475,
            66.0377358490566,
            40.0,
            7.07070707070707,
            26.76056338028169,
            14.14141414141414,
            65.0,
            77.63157894736842,
            90.9090909090909,
            63.85542168674698,
            82.5,
            74.50980392156863,
            72.5,
            56.56565656565656,
            75.75757575757575,
            0.0,
            68.96551724137932,
            87.5,
            84.78260869565217,
            67.5,
            73.13432835820896,
            93.93939393939394,
            33.33333333333333,
            54.761904761904766,
            47.61904761904761,
            95.34883720930233,
            42.62295081967213,
            55.55555555555556,
            40.0,
            68.75,
            84.84848484848484,
            69.23076923076923,
            77.77777777777779,
            86.79245283018868,
            74.74747474747475,
            72.5
        ]
    },
    "OSR Accuracy": null
}