{
    "OA": 90.72370057199701,
    "AA": 59.06900482978155,
    "OOD": 99.50754078177901,
    "NMI": 73.44558460183944,
    "H-score": 70.86373733850884,
    "H3-score": 71.70531486554536,
    "Recall-all": [
        55.00000000000001,
        53.57142857142857,
        40.625,
        59.183673469387756,
        88.88888888888889,
        9.090909090909092,
        28.767123287671232,
        84.78260869565217,
        85.8974358974359,
        44.44444444444444,
        99.50754078177901
    ],
    "Closed Set Accuracy": {
        "OA": 88.21243523316062,
        "AA": 89.15233016602879,
        "Recall-all": [
            95.0,
            92.85714285714286,
            75.0,
            78.57142857142857,
            93.93939393939394,
            83.83838383838383,
            91.78082191780823,
            100.0,
            98.71794871794873,
            81.81818181818183
        ]
    },
    "OSR Accuracy": {
        "TNR": 34.34903047091413,
        "AUROC": 90.65850472923515,
        "DTACC": 86.05932156087883,
        "AUIN": 83.83988787142094,
        "AUOUT": 96.3300900655721,
        "OSCR": 79.62204791590126,
        "AUPR": 96.34731928274508
    }
}