{
    "OA": 39.1044776119403,
    "AA": 40.66425130403436,
    "OOD": null,
    "NMI": null,
    "H-score": null,
    "H3-score": null,
    "Recall-all": [
        36.666666666666664,
        73.21428571428571,
        29.6875,
        66.3265306122449,
        62.62626262626263,
        6.0606060606060606,
        27.397260273972602,
        80.43478260869566,
        39.743589743589745,
        6.0606060606060606,
        82.82828282828282,
        0.0,
        21.21212121212121,
        45.3125,
        14.285714285714285,
        24.390243902439025,
        52.083333333333336,
        10.0,
        65.85365853658537,
        24.0,
        82.5,
        95.0,
        6.0606060606060606,
        35.35353535353536,
        29.508196721311474
    ],
    "Closed Set Accuracy": {
        "OA": 68.11940298507463,
        "AA": 69.20268355742597,
        "Recall-all": [
            73.33333333333333,
            85.71428571428571,
            46.875,
            75.51020408163265,
            81.81818181818183,
            47.474747474747474,
            64.38356164383562,
            91.30434782608695,
            69.23076923076923,
            55.55555555555556,
            91.91919191919192,
            42.5,
            51.515151515151516,
            70.3125,
            76.19047619047619,
            60.97560975609756,
            85.41666666666666,
            27.500000000000004,
            100.0,
            56.00000000000001,
            92.5,
            97.5,
            48.484848484848484,
            75.75757575757575,
            62.295081967213115
        ]
    },
    "OSR Accuracy": null
}