{
    "OA": 82.67637459201606,
    "AA": 89.50986751610776,
    "OOD": 80.65948002536462,
    "NMI": 85.67668790964697,
    "H-score": 85.24965269327043,
    "H3-score": 85.39285951793869,
    "Recall-all": [
        97.67441860465115,
        98.98989898989899,
        98.4375,
        87.95180722891565,
        84.84848484848484,
        61.53846153846154,
        86.25,
        97.26027397260275,
        97.05882352941177,
        93.93939393939394,
        80.65948002536462
    ],
    "Closed Set Accuracy": {
        "OA": 96.74306393244873,
        "AA": 96.76851461791219,
        "Recall-all": [
            100.0,
            100.0,
            100.0,
            91.56626506024097,
            93.93939393939394,
            87.17948717948718,
            95.0,
            100.0,
            100.0,
            100.0
        ]
    },
    "OSR Accuracy": {
        "TNR": 73.08180088776157,
        "AUROC": 94.50002409485572,
        "DTACC": 87.2938455619188,
        "AUIN": 86.9308880967873,
        "AUOUT": 98.15088375203389,
        "OSCR": 91.26878920672878,
        "AUPR": 98.16724813748733
    }
}