{
    "OA": 76.79596052329585,
    "AA": 75.3282133701221,
    "OOD": null,
    "NMI": null,
    "H-score": null,
    "H3-score": null,
    "Recall-all": [
        100.0,
        100.0,
        95.3125,
        84.33734939759037,
        89.8989898989899,
        19.230769230769234,
        58.75,
        95.8904109589041,
        100.0,
        88.88888888888889,
        93.75,
        43.07692307692308,
        39.0625,
        51.31578947368421,
        98.63013698630137,
        80.64516129032258,
        66.66666666666666,
        55.81395348837209,
        96.29629629629629,
        78.33333333333333,
        79.3103448275862,
        98.82352941176471,
        100.0,
        28.07017543859649,
        83.33333333333334,
        90.0,
        88.46153846153845,
        65.0,
        95.83333333333334,
        96.0,
        97.59036144578313,
        42.30769230769231,
        8.955223880597014,
        43.47826086956522,
        16.901408450704224,
        86.95652173913044,
        88.33333333333333,
        91.37931034482759,
        51.470588235294116,
        64.0625,
        56.666666666666664,
        75.0,
        81.53846153846153,
        84.7457627118644,
        11.940298507462686,
        82.6923076923077,
        84.90566037735849,
        86.36363636363636,
        86.66666666666667,
        78.04878048780488,
        97.40259740259741,
        74.50980392156863,
        63.63636363636363,
        68.83116883116884,
        97.72727272727273,
        90.47619047619048,
        87.65432098765432,
        87.03703703703704,
        64.40677966101694,
        98.78048780487805,
        89.41176470588236,
        53.73134328358209,
        91.35802469135803,
        54.71698113207547,
        95.91836734693877
    ],
    "Closed Set Accuracy": {
        "OA": 89.41932522377782,
        "AA": 88.59606039900576,
        "Recall-all": [
            100.0,
            100.0,
            100.0,
            91.56626506024097,
            98.98989898989899,
            53.84615384615385,
            76.25,
            100.0,
            100.0,
            97.97979797979798,
            97.91666666666666,
            76.92307692307693,
            81.25,
            72.36842105263158,
            100.0,
            91.93548387096774,
            74.50980392156863,
            62.7906976744186,
            100.0,
            85.0,
            98.27586206896551,
            100.0,
            100.0,
            87.71929824561403,
            91.66666666666666,
            95.0,
            96.15384615384616,
            96.66666666666667,
            98.61111111111111,
            98.66666666666667,
            98.79518072289156,
            80.76923076923077,
            17.91044776119403,
            65.21739130434783,
            32.3943661971831,
            89.13043478260869,
            100.0,
            94.82758620689656,
            89.70588235294117,
            90.625,
            70.0,
            86.76470588235294,
            89.23076923076924,
            93.22033898305084,
            37.3134328358209,
            96.15384615384616,
            96.22641509433963,
            89.39393939393939,
            97.33333333333334,
            95.1219512195122,
            98.7012987012987,
            86.27450980392157,
            92.42424242424242,
            97.40259740259741,
            97.72727272727273,
            98.4126984126984,
            92.5925925925926,
            96.29629629629629,
            93.22033898305084,
            98.78048780487805,
            91.76470588235294,
            95.52238805970148,
            98.76543209876543,
            88.67924528301887,
            97.95918367346938
        ]
    },
    "OSR Accuracy": null
}