{
    "OA": 76.52054165710351,
    "AA": 75.01638646334798,
    "OOD": null,
    "NMI": null,
    "H-score": null,
    "H3-score": null,
    "Recall-all": [
        100.0,
        100.0,
        95.3125,
        83.13253012048193,
        88.88888888888889,
        21.794871794871796,
        61.25000000000001,
        97.26027397260275,
        100.0,
        88.88888888888889,
        92.70833333333334,
        38.46153846153847,
        28.125,
        50.0,
        98.63013698630137,
        79.03225806451613,
        66.66666666666666,
        48.837209302325576,
        97.53086419753086,
        73.33333333333333,
        82.75862068965517,
        98.82352941176471,
        100.0,
        33.33333333333333,
        83.33333333333334,
        90.0,
        88.46153846153845,
        60.0,
        94.44444444444444,
        96.0,
        97.59036144578313,
        47.43589743589743,
        16.417910447761194,
        47.82608695652174,
        15.492957746478872,
        89.13043478260869,
        88.33333333333333,
        93.10344827586206,
        48.529411764705884,
        67.1875,
        56.666666666666664,
        73.52941176470588,
        81.53846153846153,
        83.05084745762711,
        10.44776119402985,
        82.6923076923077,
        84.90566037735849,
        84.84848484848484,
        82.66666666666667,
        82.92682926829268,
        97.40259740259741,
        76.47058823529412,
        62.121212121212125,
        81.81818181818183,
        97.72727272727273,
        88.88888888888889,
        88.88888888888889,
        83.33333333333334,
        62.71186440677966,
        98.78048780487805,
        89.41176470588236,
        44.776119402985074,
        91.35802469135803,
        47.16981132075472,
        93.87755102040816
    ],
    "Closed Set Accuracy": {
        "OA": 89.64884094560477,
        "AA": 88.73408083758136,
        "Recall-all": [
            100.0,
            100.0,
            100.0,
            91.56626506024097,
            100.0,
            60.256410256410255,
            76.25,
            100.0,
            100.0,
            97.97979797979798,
            97.91666666666666,
            78.46153846153847,
            78.125,
            77.63157894736842,
            100.0,
            93.54838709677419,
            74.50980392156863,
            60.46511627906976,
            100.0,
            86.66666666666667,
            98.27586206896551,
            100.0,
            100.0,
            82.45614035087719,
            94.44444444444444,
            95.0,
            96.15384615384616,
            96.66666666666667,
            98.61111111111111,
            98.66666666666667,
            98.79518072289156,
            84.61538461538461,
            26.865671641791046,
            60.86956521739131,
            29.577464788732392,
            89.13043478260869,
            100.0,
            94.82758620689656,
            88.23529411764706,
            92.1875,
            66.66666666666666,
            86.76470588235294,
            90.76923076923077,
            96.61016949152543,
            32.83582089552239,
            98.07692307692307,
            94.33962264150944,
            89.39393939393939,
            96.0,
            97.5609756097561,
            98.7012987012987,
            86.27450980392157,
            84.84848484848484,
            98.7012987012987,
            97.72727272727273,
            98.4126984126984,
            92.5925925925926,
            96.29629629629629,
            94.91525423728814,
            98.78048780487805,
            91.76470588235294,
            95.52238805970148,
            98.76543209876543,
            88.67924528301887,
            97.95918367346938
        ]
    },
    "OSR Accuracy": null
}