{
    "OA": 69.46438431805633,
    "AA": 65.76903397641638,
    "OOD": null,
    "NMI": null,
    "H-score": null,
    "H3-score": null,
    "Recall-all": [
        90.69767441860465,
        97.97979797979798,
        67.1875,
        66.26506024096386,
        100.0,
        24.358974358974358,
        53.75,
        93.15068493150685,
        98.52941176470588,
        93.93939393939394,
        84.375,
        30.76923076923077,
        9.375,
        43.42105263157895,
        94.52054794520548,
        74.19354838709677,
        52.94117647058824,
        30.23255813953488,
        92.5925925925926,
        33.33333333333333,
        72.41379310344827,
        74.11764705882354,
        100.0,
        10.526315789473683,
        55.55555555555556
    ],
    "Closed Set Accuracy": {
        "OA": 79.73495306460518,
        "AA": 77.0566964417149,
        "Recall-all": [
            94.18604651162791,
            98.98989898989899,
            73.4375,
            77.10843373493977,
            100.0,
            42.30769230769231,
            71.25,
            98.63013698630137,
            100.0,
            94.94949494949495,
            91.66666666666666,
            49.23076923076923,
            17.1875,
            68.42105263157895,
            97.26027397260275,
            87.09677419354838,
            64.70588235294117,
            46.51162790697674,
            98.76543209876543,
            50.0,
            86.20689655172413,
            89.41176470588236,
            100.0,
            59.64912280701754,
            69.44444444444444
        ]
    },
    "OSR Accuracy": null
}