{
    "OA": 82.10767468499427,
    "AA": 57.60116358013765,
    "OOD": 91.19729147429977,
    "NMI": 77.23622512560259,
    "H-score": 68.89767457946603,
    "H3-score": 71.47105203473427,
    "Recall-all": [
        41.66666666666667,
        87.5,
        35.9375,
        71.42857142857143,
        67.67676767676768,
        19.19191919191919,
        54.794520547945204,
        71.73913043478261,
        38.46153846153847,
        34.34343434343434,
        78.78787878787878,
        2.5,
        69.6969696969697,
        78.125,
        78.57142857142857,
        91.19729147429977
    ],
    "Closed Set Accuracy": {
        "OA": 84.22939068100358,
        "AA": 84.43170558147054,
        "Recall-all": [
            76.66666666666667,
            94.64285714285714,
            56.25,
            77.55102040816327,
            92.92929292929293,
            83.83838383838383,
            94.52054794520548,
            89.13043478260869,
            78.2051282051282,
            75.75757575757575,
            92.92929292929293,
            85.0,
            87.87878787878788,
            85.9375,
            95.23809523809523
        ]
    },
    "OSR Accuracy": {
        "TNR": 16.343490304709142,
        "AUROC": 80.77798407229795,
        "DTACC": 76.0781232935196,
        "AUIN": 62.71237933739292,
        "AUOUT": 89.50561104406151,
        "OSCR": 68.86790917745866,
        "AUPR": 89.53172565720247
    }
}