{
    "OA": 84.33764940239044,
    "AA": 93.7660902733217,
    "OOD": 82.33194527067222,
    "NMI": 89.52697933170055,
    "H-score": 88.1739577706616,
    "H3-score": 88.62173636314749,
    "Recall-all": [
        96.20253164556962,
        100.0,
        98.38709677419355,
        100.0,
        100.0,
        83.87096774193549,
        95.74468085106383,
        97.53086419753086,
        82.71604938271605,
        94.64285714285714,
        82.33194527067222
    ],
    "Closed Set Accuracy": {
        "OA": 98.62385321100918,
        "AA": 98.70299254707857,
        "Recall-all": [
            100.0,
            100.0,
            98.38709677419355,
            100.0,
            100.0,
            98.38709677419355,
            100.0,
            100.0,
            93.82716049382715,
            96.42857142857143
        ]
    },
    "OSR Accuracy": {
        "TNR": 81.55859607376561,
        "AUROC": 94.91665256773399,
        "DTACC": 89.00879045711469,
        "AUIN": 78.82828078076365,
        "AUOUT": 98.95578504204185,
        "OSCR": 93.5460089105265,
        "AUPR": 98.97083576825986
    }
}