{
    "OA": 73.62999587968686,
    "AA": 70.56089445512144,
    "OOD": null,
    "NMI": null,
    "H-score": null,
    "H3-score": null,
    "Recall-all": [
        93.24324324324324,
        65.85365853658537,
        85.18518518518519,
        90.0,
        86.66666666666667,
        65.65656565656566,
        75.0,
        75.75757575757575,
        60.0,
        86.8421052631579,
        66.66666666666666,
        48.0,
        15.909090909090908,
        75.0,
        87.5,
        52.17391304347826,
        60.0,
        44.44444444444444,
        80.95238095238095,
        84.44444444444444,
        90.9090909090909,
        97.82608695652173,
        90.0,
        95.0,
        73.91304347826086,
        82.5,
        22.5,
        91.13924050632912,
        91.30434782608695,
        66.66666666666666,
        87.5,
        71.42857142857143,
        45.09803921568628,
        25.0,
        14.285714285714285,
        21.875,
        83.33333333333334,
        89.79591836734694,
        61.904761904761905,
        70.0,
        47.368421052631575,
        84.21052631578947,
        35.0,
        38.46153846153847,
        57.89473684210527,
        61.111111111111114,
        87.5,
        89.36170212765957,
        75.51020408163265,
        46.666666666666664,
        90.0,
        83.33333333333334,
        57.14285714285714,
        85.36585365853658,
        97.82608695652173,
        80.0,
        85.0,
        80.43478260869566,
        62.5,
        84.0909090909091,
        86.04651162790698,
        80.0,
        42.857142857142854,
        90.0,
        87.5
    ],
    "Closed Set Accuracy": {
        "OA": 84.2192006592501,
        "AA": 82.0114849297417,
        "Recall-all": [
            98.64864864864865,
            75.60975609756098,
            85.18518518518519,
            97.5,
            94.66666666666667,
            77.77777777777779,
            87.5,
            81.81818181818183,
            90.0,
            93.42105263157895,
            82.6086956521739,
            60.0,
            45.45454545454545,
            92.5,
            95.0,
            60.86956521739131,
            66.66666666666666,
            44.44444444444444,
            95.23809523809523,
            93.33333333333333,
            90.9090909090909,
            97.82608695652173,
            92.22222222222223,
            100.0,
            84.78260869565217,
            87.5,
            50.0,
            94.9367088607595,
            95.65217391304348,
            77.77777777777779,
            97.22222222222221,
            89.79591836734694,
            62.745098039215684,
            45.0,
            38.095238095238095,
            46.875,
            94.44444444444444,
            100.0,
            95.23809523809523,
            90.0,
            68.42105263157895,
            89.47368421052632,
            60.0,
            65.38461538461539,
            84.21052631578947,
            61.111111111111114,
            91.66666666666666,
            97.87234042553192,
            87.75510204081633,
            66.66666666666666,
            95.0,
            86.66666666666667,
            71.42857142857143,
            87.8048780487805,
            97.82608695652173,
            85.0,
            95.0,
            93.47826086956522,
            87.5,
            88.63636363636364,
            90.69767441860465,
            95.0,
            52.38095238095239,
            95.0,
            87.5
        ]
    },
    "OSR Accuracy": null
}