{
    "OA": 82.2451317296678,
    "AA": 57.49383548923306,
    "OOD": 91.32040627885503,
    "NMI": 77.23622512560259,
    "H-score": 68.83759032729189,
    "H3-score": 71.4279383445392,
    "Recall-all": [
        35.0,
        85.71428571428571,
        37.5,
        71.42857142857143,
        69.6969696969697,
        19.19191919191919,
        56.16438356164384,
        71.73913043478261,
        38.46153846153847,
        38.38383838383838,
        79.7979797979798,
        2.5,
        68.68686868686868,
        78.125,
        76.19047619047619,
        91.32040627885503
    ],
    "Closed Set Accuracy": {
        "OA": 84.22939068100358,
        "AA": 84.58351281208212,
        "Recall-all": [
            76.66666666666667,
            94.64285714285714,
            60.9375,
            77.55102040816327,
            92.92929292929293,
            80.8080808080808,
            94.52054794520548,
            91.30434782608695,
            75.64102564102564,
            75.75757575757575,
            92.92929292929293,
            85.0,
            88.88888888888889,
            85.9375,
            95.23809523809523
        ]
    },
    "OSR Accuracy": {
        "TNR": 16.4973838104032,
        "AUROC": 80.91844637059543,
        "DTACC": 76.12255383790546,
        "AUIN": 63.21766721912383,
        "AUOUT": 89.650766217269,
        "OSCR": 68.86457206022027,
        "AUPR": 89.67683694163765
    }
}