{
    "OA": 83.47668628338614,
    "AA": 83.22778426541092,
    "OOD": 83.19477434679335,
    "NMI": 79.5752660430883,
    "H-score": 83.21242584389122,
    "H3-score": 81.96497433483422,
    "Recall-all": [
        91.8918918918919,
        65.85365853658537,
        85.18518518518519,
        95.0,
        90.66666666666666,
        76.76767676767676,
        90.0,
        78.78787878787878,
        70.0,
        88.1578947368421,
        83.19477434679335
    ],
    "Closed Set Accuracy": {
        "OA": 93.52380952380952,
        "AA": 92.65956224634017,
        "Recall-all": [
            100.0,
            82.92682926829268,
            88.88888888888889,
            97.5,
            96.0,
            90.9090909090909,
            97.5,
            81.81818181818183,
            95.0,
            96.05263157894737
        ]
    },
    "OSR Accuracy": {
        "TNR": 56.41330166270784,
        "AUROC": 91.156543377446,
        "DTACC": 84.63154620518041,
        "AUIN": 80.2529105937157,
        "AUOUT": 96.14596043916086,
        "OSCR": 84.98552199977347,
        "AUPR": 96.1803316302666
    }
}