{
    "OA": 85.17684163099797,
    "AA": 85.35283124249592,
    "OOD": null,
    "NMI": null,
    "H-score": null,
    "H3-score": null,
    "Recall-all": [
        89.87341772151899,
        100.0,
        91.93548387096774,
        100.0,
        100.0,
        69.35483870967742,
        80.85106382978722,
        97.53086419753086,
        81.48148148148148,
        94.64285714285714,
        90.9090909090909,
        40.0,
        21.875,
        93.18181818181817,
        100.0,
        92.7710843373494,
        100.0,
        63.41463414634146,
        74.6268656716418,
        72.41379310344827,
        88.73239436619718,
        92.92929292929293,
        87.91208791208791,
        53.333333333333336,
        87.8048780487805,
        100.0,
        98.24561403508771,
        96.66666666666667,
        100.0,
        92.92929292929293,
        100.0,
        92.5925925925926,
        65.65656565656566,
        78.57142857142857,
        46.93877551020408,
        93.05555555555556,
        98.95833333333334,
        82.92682926829268,
        90.32258064516128,
        100.0,
        97.14285714285714,
        100.0,
        56.666666666666664,
        77.5,
        71.05263157894737,
        98.98989898989899,
        88.37209302325581,
        81.3953488372093,
        93.22033898305084,
        100.0,
        98.98989898989899,
        95.0,
        81.63265306122449,
        95.65217391304348,
        100.0,
        88.37209302325581,
        89.8989898989899,
        70.2127659574468,
        90.0,
        98.27586206896551,
        100.0,
        68.88888888888889,
        90.32258064516128,
        21.052631578947366,
        92.85714285714286
    ],
    "Closed Set Accuracy": {
        "OA": 92.45325523766614,
        "AA": 92.40667964254588,
        "Recall-all": [
            96.20253164556962,
            100.0,
            91.93548387096774,
            100.0,
            100.0,
            95.16129032258065,
            95.74468085106383,
            98.76543209876543,
            91.35802469135803,
            96.42857142857143,
            92.92929292929293,
            55.38461538461539,
            75.0,
            96.5909090909091,
            100.0,
            96.3855421686747,
            100.0,
            65.85365853658537,
            95.52238805970148,
            79.3103448275862,
            92.95774647887323,
            92.92929292929293,
            98.9010989010989,
            78.88888888888889,
            92.6829268292683,
            100.0,
            98.24561403508771,
            97.77777777777777,
            100.0,
            95.95959595959596,
            100.0,
            96.29629629629629,
            83.83838383838383,
            94.64285714285714,
            72.44897959183673,
            100.0,
            98.95833333333334,
            92.6829268292683,
            95.6989247311828,
            100.0,
            98.57142857142858,
            100.0,
            66.66666666666666,
            95.0,
            86.8421052631579,
            100.0,
            93.02325581395348,
            88.37209302325581,
            100.0,
            100.0,
            100.0,
            95.0,
            89.79591836734694,
            97.82608695652173,
            100.0,
            95.34883720930233,
            97.97979797979798,
            87.2340425531915,
            95.0,
            98.27586206896551,
            100.0,
            86.66666666666667,
            98.9247311827957,
            35.526315789473685,
            94.89795918367348
        ]
    },
    "OSR Accuracy": null
}