{
    "OA": 79.81046559538525,
    "AA": 77.37675547861156,
    "OOD": 80.9976247030879,
    "NMI": 79.5752660430883,
    "H-score": 79.01882857721672,
    "H3-score": 79.20477615942644,
    "Recall-all": [
        95.94594594594594,
        58.536585365853654,
        85.18518518518519,
        95.0,
        88.0,
        58.58585858585859,
        82.5,
        75.75757575757575,
        65.0,
        86.8421052631579,
        63.76811594202898,
        76.0,
        65.9090909090909,
        77.5,
        82.5,
        80.9976247030879
    ],
    "Closed Set Accuracy": {
        "OA": 91.92462987886944,
        "AA": 91.93243715080519,
        "Recall-all": [
            100.0,
            85.36585365853658,
            88.88888888888889,
            97.5,
            93.33333333333333,
            87.87878787878788,
            97.5,
            81.81818181818183,
            90.0,
            96.05263157894737,
            84.05797101449275,
            100.0,
            84.0909090909091,
            95.0,
            97.5
        ]
    },
    "OSR Accuracy": {
        "TNR": 54.27553444180522,
        "AUROC": 87.97501942116924,
        "DTACC": 79.99259917583912,
        "AUIN": 78.21236998943857,
        "AUOUT": 93.40969098563009,
        "OSCR": 80.52788016738972,
        "AUPR": 93.44626909383791
    }
}