{
    "OA": 56.298507462686565,
    "AA": 56.574987953788316,
    "OOD": null,
    "NMI": null,
    "H-score": null,
    "H3-score": null,
    "Recall-all": [
        55.00000000000001,
        91.07142857142857,
        34.375,
        69.38775510204081,
        79.7979797979798,
        33.33333333333333,
        43.83561643835616,
        78.26086956521739,
        34.61538461538461,
        54.54545454545454,
        84.84848484848484,
        0.0,
        33.33333333333333,
        73.4375,
        83.33333333333334,
        19.51219512195122,
        62.5,
        7.5,
        63.41463414634146,
        82.0,
        90.0,
        95.0,
        9.090909090909092,
        91.91919191919192,
        44.26229508196721
    ],
    "Closed Set Accuracy": {
        "OA": 74.44776119402985,
        "AA": 74.83492638796885,
        "Recall-all": [
            71.66666666666667,
            92.85714285714286,
            43.75,
            77.55102040816327,
            88.88888888888889,
            74.74747474747475,
            78.08219178082192,
            86.95652173913044,
            66.66666666666666,
            72.72727272727273,
            91.91919191919192,
            17.5,
            45.45454545454545,
            82.8125,
            90.47619047619048,
            63.41463414634146,
            100.0,
            52.5,
            92.6829268292683,
            88.0,
            90.0,
            97.5,
            44.44444444444444,
            97.97979797979798,
            62.295081967213115
        ]
    },
    "OSR Accuracy": null
}