{
    "OA": 91.65836653386454,
    "AA": 92.29017191023895,
    "OOD": 91.49315883402737,
    "NMI": 90.76659772279503,
    "H-score": 91.92892582074631,
    "H3-score": 91.53952008223854,
    "Recall-all": [
        98.73417721518987,
        98.98989898989899,
        91.93548387096774,
        100.0,
        97.72727272727273,
        61.29032258064516,
        95.74468085106383,
        100.0,
        86.41975308641975,
        92.85714285714286,
        91.49315883402737
    ],
    "Closed Set Accuracy": {
        "OA": 97.85932721712538,
        "AA": 97.93764578710815,
        "Recall-all": [
            100.0,
            100.0,
            100.0,
            100.0,
            100.0,
            95.16129032258065,
            100.0,
            100.0,
            91.35802469135803,
            92.85714285714286
        ]
    },
    "OSR Accuracy": {
        "TNR": 86.67459845330161,
        "AUROC": 97.5460125489597,
        "DTACC": 92.45793515218661,
        "AUIN": 91.14774217755159,
        "AUOUT": 99.44962211244301,
        "OSCR": 95.40465755966623,
        "AUPR": 99.46459512837613
    }
}