{
    "OA": 69.23783287419651,
    "AA": 68.14812616452177,
    "OOD": null,
    "NMI": null,
    "H-score": null,
    "H3-score": null,
    "Recall-all": [
        90.54054054054053,
        68.29268292682927,
        85.18518518518519,
        85.0,
        88.0,
        29.292929292929294,
        55.00000000000001,
        96.96969696969697,
        90.0,
        93.42105263157895,
        37.68115942028986,
        40.0,
        9.090909090909092,
        77.5,
        62.5,
        39.130434782608695,
        40.0,
        33.33333333333333,
        85.71428571428571,
        82.22222222222221,
        72.72727272727273,
        100.0,
        86.66666666666667,
        75.0,
        80.43478260869566
    ],
    "Closed Set Accuracy": {
        "OA": 84.84848484848484,
        "AA": 83.66198150799703,
        "Recall-all": [
            97.2972972972973,
            82.92682926829268,
            92.5925925925926,
            95.0,
            98.66666666666667,
            63.63636363636363,
            85.0,
            96.96969696969697,
            95.0,
            96.05263157894737,
            62.31884057971014,
            56.00000000000001,
            61.36363636363637,
            95.0,
            92.5,
            47.82608695652174,
            66.66666666666666,
            50.0,
            90.47619047619048,
            84.44444444444444,
            100.0,
            100.0,
            93.33333333333333,
            95.0,
            93.47826086956522
        ]
    },
    "OSR Accuracy": null
}