{
    "OA": 52.164948453608254,
    "AA": 52.54215850469147,
    "OOD": null,
    "NMI": null,
    "H-score": null,
    "H3-score": null,
    "Recall-all": [
        53.333333333333336,
        89.28571428571429,
        37.5,
        69.38775510204081,
        72.72727272727273,
        34.34343434343434,
        39.726027397260275,
        69.56521739130434,
        34.61538461538461,
        44.44444444444444,
        84.84848484848484,
        0.0,
        38.38383838383838,
        75.0,
        83.33333333333334,
        21.951219512195124,
        68.75,
        7.5,
        60.97560975609756,
        78.0,
        90.0,
        95.0,
        11.11111111111111,
        86.86868686868688,
        40.98360655737705,
        76.92307692307693,
        67.67676767676768,
        73.91304347826086,
        100.0,
        58.58585858585859,
        71.69811320754717,
        27.500000000000004,
        6.0606060606060606,
        39.436619718309856,
        72.72727272727273,
        22.5,
        65.78947368421053,
        76.76767676767676,
        27.710843373493976,
        52.5,
        64.70588235294117,
        77.5,
        26.262626262626267,
        38.38383838383838,
        17.073170731707318,
        50.57471264367817,
        75.0,
        36.95652173913043,
        45.0,
        83.5820895522388,
        94.94949494949495,
        42.66666666666667,
        38.095238095238095,
        26.190476190476193,
        88.37209302325581,
        1.639344262295082,
        68.88888888888889,
        25.0,
        58.75,
        39.39393939393939,
        69.23076923076923,
        3.0303030303030303,
        32.075471698113205,
        49.494949494949495,
        35.0
    ],
    "Closed Set Accuracy": {
        "OA": 72.02749140893471,
        "AA": 72.2621473944486,
        "Recall-all": [
            70.0,
            92.85714285714286,
            46.875,
            78.57142857142857,
            87.87878787878788,
            73.73737373737373,
            78.08219178082192,
            91.30434782608695,
            67.94871794871796,
            65.65656565656566,
            90.9090909090909,
            12.5,
            52.52525252525253,
            84.375,
            90.47619047619048,
            63.41463414634146,
            97.91666666666666,
            55.00000000000001,
            95.1219512195122,
            90.0,
            92.5,
            97.5,
            43.43434343434344,
            97.97979797979798,
            70.49180327868852,
            84.61538461538461,
            89.8989898989899,
            89.85507246376811,
            100.0,
            69.6969696969697,
            77.35849056603774,
            60.0,
            11.11111111111111,
            80.28169014084507,
            81.81818181818183,
            52.5,
            81.57894736842105,
            95.95959595959596,
            68.67469879518072,
            75.0,
            86.27450980392157,
            82.5,
            47.474747474747474,
            79.7979797979798,
            34.146341463414636,
            74.71264367816092,
            95.0,
            52.17391304347826,
            67.5,
            89.55223880597015,
            96.96969696969697,
            61.33333333333333,
            66.66666666666666,
            71.42857142857143,
            97.67441860465115,
            29.508196721311474,
            82.22222222222221,
            38.333333333333336,
            76.25,
            63.63636363636363,
            79.48717948717949,
            52.52525252525253,
            52.83018867924528,
            63.63636363636363,
            50.0
        ]
    },
    "OSR Accuracy": null
}