{
    "OA": 79.55182072829132,
    "AA": 81.11501112498642,
    "OOD": null,
    "NMI": null,
    "H-score": null,
    "H3-score": null,
    "Recall-all": [
        93.67088607594937,
        98.98989898989899,
        91.93548387096774,
        100.0,
        97.72727272727273,
        59.67741935483871,
        89.36170212765957,
        100.0,
        79.01234567901234,
        92.85714285714286,
        76.76767676767676,
        53.84615384615385,
        5.208333333333334,
        89.77272727272727,
        98.66666666666667,
        95.18072289156626,
        98.50746268656717,
        65.85365853658537,
        98.50746268656717,
        93.10344827586206,
        80.28169014084507,
        85.85858585858585,
        65.93406593406593,
        36.666666666666664,
        80.48780487804879
    ],
    "Closed Set Accuracy": {
        "OA": 89.74789915966387,
        "AA": 90.7998049950051,
        "Recall-all": [
            100.0,
            100.0,
            91.93548387096774,
            100.0,
            97.72727272727273,
            87.09677419354838,
            95.74468085106383,
            100.0,
            87.65432098765432,
            92.85714285714286,
            87.87878787878788,
            72.3076923076923,
            39.58333333333333,
            95.45454545454545,
            100.0,
            96.3855421686747,
            100.0,
            90.2439024390244,
            98.50746268656717,
            96.55172413793103,
            94.36619718309859,
            94.94949494949495,
            93.4065934065934,
            62.22222222222222,
            95.1219512195122
        ]
    },
    "OSR Accuracy": null
}