{
    "OA": 50.69873997709049,
    "AA": 51.200608236035386,
    "OOD": null,
    "NMI": null,
    "H-score": null,
    "H3-score": null,
    "Recall-all": [
        51.66666666666667,
        87.5,
        34.375,
        68.36734693877551,
        71.71717171717171,
        23.232323232323232,
        38.35616438356164,
        76.08695652173914,
        34.61538461538461,
        43.43434343434344,
        84.84848484848484,
        0.0,
        34.34343434343434,
        73.4375,
        85.71428571428571,
        21.951219512195124,
        62.5,
        7.5,
        60.97560975609756,
        76.0,
        90.0,
        95.0,
        8.080808080808081,
        90.9090909090909,
        44.26229508196721,
        76.92307692307693,
        68.68686868686868,
        68.11594202898551,
        95.0,
        54.54545454545454,
        71.69811320754717,
        20.0,
        6.0606060606060606,
        38.028169014084504,
        70.70707070707071,
        25.0,
        64.47368421052632,
        70.70707070707071,
        25.301204819277107,
        35.0,
        62.745098039215684,
        77.5,
        20.2020202020202,
        30.303030303030305,
        17.073170731707318,
        59.77011494252874,
        70.0,
        39.130434782608695,
        42.5,
        82.08955223880598,
        93.93939393939394,
        41.333333333333336,
        38.095238095238095,
        30.952380952380953,
        88.37209302325581,
        1.639344262295082,
        67.77777777777779,
        26.666666666666668,
        57.49999999999999,
        42.42424242424242,
        69.23076923076923,
        4.040404040404041,
        30.18867924528302,
        44.44444444444444,
        35.0
    ],
    "Closed Set Accuracy": {
        "OA": 71.84421534936999,
        "AA": 72.03265957859763,
        "Recall-all": [
            73.33333333333333,
            92.85714285714286,
            46.875,
            78.57142857142857,
            88.88888888888889,
            73.73737373737373,
            78.08219178082192,
            91.30434782608695,
            64.1025641025641,
            70.70707070707071,
            90.9090909090909,
            5.0,
            59.59595959595959,
            84.375,
            90.47619047619048,
            58.536585365853654,
            95.83333333333334,
            45.0,
            90.2439024390244,
            90.0,
            90.0,
            97.5,
            38.38383838383838,
            97.97979797979798,
            68.85245901639344,
            88.46153846153845,
            90.9090909090909,
            91.30434782608695,
            100.0,
            67.67676767676768,
            77.35849056603774,
            57.49999999999999,
            15.151515151515152,
            84.50704225352112,
            80.8080808080808,
            65.0,
            77.63157894736842,
            95.95959595959596,
            59.036144578313255,
            67.5,
            88.23529411764706,
            82.5,
            47.474747474747474,
            75.75757575757575,
            34.146341463414636,
            73.5632183908046,
            95.0,
            60.86956521739131,
            67.5,
            89.55223880597015,
            95.95959595959596,
            64.0,
            61.904761904761905,
            73.80952380952381,
            100.0,
            34.42622950819672,
            84.44444444444444,
            40.0,
            77.5,
            58.58585858585859,
            74.35897435897436,
            53.535353535353536,
            50.943396226415096,
            60.60606060606061,
            57.49999999999999
        ]
    },
    "OSR Accuracy": null
}