{
    "OA": 80.9641811218743,
    "AA": 94.21086360282904,
    "OOD": 76.4128494943486,
    "NMI": 89.52697933170055,
    "H-score": 84.8557602327734,
    "H3-score": 86.35906275562074,
    "Recall-all": [
        97.46835443037975,
        100.0,
        98.38709677419355,
        100.0,
        100.0,
        83.87096774193549,
        97.87234042553192,
        97.53086419753086,
        85.18518518518519,
        94.64285714285714,
        92.92929292929293,
        95.38461538461539,
        97.91666666666666,
        89.77272727272727,
        100.0,
        76.4128494943486
    ],
    "Closed Set Accuracy": {
        "OA": 98.23584029712164,
        "AA": 98.41276198579067,
        "Recall-all": [
            100.0,
            100.0,
            98.38709677419355,
            100.0,
            100.0,
            100.0,
            100.0,
            100.0,
            95.06172839506173,
            94.64285714285714,
            95.95959595959596,
            100.0,
            98.95833333333334,
            93.18181818181817,
            100.0
        ]
    },
    "OSR Accuracy": {
        "TNR": 77.6918500892326,
        "AUROC": 92.05752533780519,
        "DTACC": 86.48084688945265,
        "AUIN": 74.16844240602664,
        "AUOUT": 97.53716841330643,
        "OSCR": 90.34614294780778,
        "AUPR": 97.55244115270837
    }
}