{
    "OA": 82.11784095591264,
    "AA": 80.06377480636213,
    "OOD": 82.71971496437055,
    "NMI": 79.5752660430883,
    "H-score": 81.27803477222372,
    "H3-score": 80.7037344299155,
    "Recall-all": [
        91.8918918918919,
        63.41463414634146,
        85.18518518518519,
        95.0,
        90.66666666666666,
        76.76767676767676,
        87.5,
        78.78787878787878,
        70.0,
        88.1578947368421,
        69.56521739130434,
        80.0,
        61.36363636363637,
        77.5,
        82.5,
        82.71971496437055
    ],
    "Closed Set Accuracy": {
        "OA": 93.40511440107672,
        "AA": 93.2974156741082,
        "Recall-all": [
            100.0,
            82.92682926829268,
            88.88888888888889,
            97.5,
            96.0,
            90.9090909090909,
            97.5,
            81.81818181818183,
            95.0,
            96.05263157894737,
            86.95652173913044,
            100.0,
            90.9090909090909,
            97.5,
            97.5
        ]
    },
    "OSR Accuracy": {
        "TNR": 56.116389548693576,
        "AUROC": 90.07322500103898,
        "DTACC": 82.85298574502164,
        "AUIN": 81.68466764601953,
        "AUOUT": 94.42187435360849,
        "OSCR": 83.92998148994737,
        "AUPR": 94.45701302852594
    }
}