{
    "OA": 81.64000901103852,
    "AA": 92.80053543814779,
    "OOD": 77.75133848899465,
    "NMI": 89.52697933170055,
    "H-score": 85.02606326347107,
    "H3-score": 86.47657532537109,
    "Recall-all": [
        97.46835443037975,
        100.0,
        98.38709677419355,
        100.0,
        100.0,
        80.64516129032258,
        97.87234042553192,
        97.53086419753086,
        85.18518518518519,
        94.64285714285714,
        91.91919191919192,
        72.3076923076923,
        97.91666666666666,
        93.18181818181817,
        100.0,
        77.75133848899465
    ],
    "Closed Set Accuracy": {
        "OA": 98.79294336118849,
        "AA": 98.90872692620005,
        "Recall-all": [
            100.0,
            100.0,
            98.38709677419355,
            100.0,
            100.0,
            100.0,
            100.0,
            100.0,
            96.29629629629629,
            96.42857142857143,
            96.96969696969697,
            100.0,
            98.95833333333334,
            96.5909090909091,
            100.0
        ]
    },
    "OSR Accuracy": {
        "TNR": 76.68054729327781,
        "AUROC": 93.97109648112583,
        "DTACC": 87.59242934164514,
        "AUIN": 81.92993644378126,
        "AUOUT": 98.06216177385953,
        "OSCR": 92.78658964658774,
        "AUPR": 98.07735207741732
    }
}