{
    "OA": 73.29515248175535,
    "AA": 74.74453003266765,
    "OOD": 70.70813830590367,
    "NMI": 70.71491972096287,
    "H-score": 72.682544415662,
    "H3-score": 72.01594261036067,
    "UCR": 71.56916980208223,
    "Recall-all": [
        95.6989247311828,
        57.638888888888886,
        51.724137931034484,
        72.54901960784314,
        76.70454545454545,
        61.53846153846154,
        73.17073170731707,
        37.142857142857146,
        86.49517684887459,
        28.474576271186443,
        82.3321554770318,
        41.17647058823529,
        93.51351351351352,
        79.2,
        34.81481481481482,
        90.26845637583892,
        79.76190476190477,
        68.08510638297872,
        38.54166666666667,
        85.9375,
        75.5868544600939,
        80.0,
        79.65616045845272,
        93.20754716981132,
        35.907335907335906,
        59.375,
        94.52054794520548,
        72.72727272727273,
        54.310344827586206,
        93.38235294117648,
        49.51456310679612,
        81.93548387096774,
        67.46987951807229,
        77.77777777777779,
        92.98245614035088,
        56.81818181818182,
        75.0,
        69.97319034852548,
        57.868020304568525,
        71.42857142857143,
        92.02453987730061,
        66.66666666666666,
        77.81155015197568,
        91.42857142857143,
        60.3448275862069,
        73.80952380952381,
        97.5,
        92.3076923076923,
        10.869565217391305,
        97.03703703703704,
        96.47058823529412,
        77.57009345794393,
        62.5,
        93.33333333333333,
        87.62376237623762,
        78.89908256880734,
        86.0,
        90.06622516556291,
        75.0,
        75.67567567567568,
        89.09774436090225,
        96.7741935483871,
        94.5945945945946,
        92.35668789808918,
        92.5,
        100.0,
        95.45454545454545,
        64.13043478260869,
        69.44444444444444,
        92.3076923076923,
        92.92929292929293,
        33.82352941176471,
        87.09677419354838,
        76.92307692307693,
        63.4020618556701,
        89.92248062015504,
        98.14814814814815,
        45.45454545454545,
        89.1891891891892,
        33.33333333333333,
        72.22222222222221,
        98.1651376146789,
        97.19626168224299,
        91.66666666666666,
        94.04761904761905,
        80.0,
        92.81045751633987,
        25.895316804407713,
        72.72727272727273,
        72.97297297297297,
        82.35294117647058,
        89.86083499005964,
        96.42857142857143,
        94.6360153256705,
        81.40495867768594,
        98.75776397515527,
        100.0,
        50.0,
        82.3943661971831,
        93.85665529010238,
        92.42424242424242,
        61.53846153846154,
        8.47457627118644,
        98.98648648648648,
        69.45812807881774,
        90.9090909090909,
        81.59203980099502,
        44.827586206896555,
        50.0,
        27.27272727272727,
        89.58333333333334,
        76.47058823529412,
        12.82051282051282,
        85.0,
        100.0,
        86.97478991596638,
        94.02985074626866,
        98.7012987012987,
        11.301369863013697,
        97.22222222222221,
        85.71428571428571,
        62.24188790560472,
        73.37278106508876,
        61.016949152542374,
        34.48275862068966,
        100.0,
        83.05084745762711,
        83.78378378378379,
        71.2,
        100.0,
        38.35616438356164,
        67.04288939051919,
        94.03669724770643,
        40.61135371179039,
        88.73239436619718,
        98.0,
        64.51612903225806,
        51.41242937853108,
        92.94871794871796,
        47.27272727272727,
        58.730158730158735,
        97.6878612716763,
        85.47486033519553,
        50.0,
        80.35714285714286,
        58.06451612903226,
        64.61538461538461,
        95.05494505494505,
        94.28571428571428,
        94.6372239747634,
        70.70813830590367
    ],
    "Closed Set Accuracy": {
        "OA": 81.17882210756287,
        "AA": 80.42345999748389,