{
    "OA": 73.99238337035861,
    "AA": 76.71247913917954,
    "OOD": 71.22444036951181,
    "NMI": 68.53397081229535,
    "H-score": 73.88312231685555,
    "H3-score": 72.01096345449214,
    "UCR": 73.84353881759765,
    "Recall-all": [
        95.6989247311828,
        68.75,
        51.724137931034484,
        72.54901960784314,
        78.97727272727273,
        63.22115384615385,
        73.78048780487805,
        37.142857142857146,
        87.78135048231512,
        34.23728813559322,
        82.3321554770318,
        43.13725490196079,
        94.5945945945946,
        80.80000000000001,
        35.55555555555556,
        92.9530201342282,
        79.76190476190477,
        68.08510638297872,
        38.54166666666667,
        86.45833333333334,
        76.52582159624414,
        80.0,
        91.69054441260745,
        94.33962264150944,
        41.312741312741316,
        65.625,
        94.97716894977168,
        72.72727272727273,
        55.172413793103445,
        93.38235294117648,
        51.45631067961165,
        83.87096774193549,
        67.46987951807229,
        77.77777777777779,
        92.98245614035088,
        63.63636363636363,
        75.0,
        74.53083109919572,
        59.89847715736041,
        75.23809523809524,
        92.63803680981594,
        67.12328767123287,
        79.33130699088146,
        92.85714285714286,
        63.793103448275865,
        78.57142857142857,
        97.5,
        92.3076923076923,
        10.869565217391305,
        97.77777777777777,
        98.82352941176471,
        79.43925233644859,
        62.5,
        93.33333333333333,
        88.61386138613861,
        81.65137614678899,
        88.0,
        91.3907284768212,
        79.44444444444444,
        83.78378378378379,
        89.84962406015038,
        100.0,
        94.5945945945946,
        93.63057324840764,
        94.58333333333333,
        100.0,
        95.45454545454545,
        67.3913043478261,
        69.44444444444444,
        92.3076923076923,
        93.93939393939394,
        35.294117647058826,
        87.09677419354838,
        80.76923076923077,
        66.49484536082474,
        91.47286821705426,
        98.14814814814815,
        45.45454545454545,
        91.8918918918919,
        55.55555555555556,
        72.22222222222221,
        98.1651376146789,
        99.06542056074767,
        91.66666666666666,
        94.04761904761905,
        80.0,
        92.81045751633987,
        36.08815426997245,
        72.72727272727273,
        78.37837837837837,
        84.70588235294117,
        92.04771371769384,
        98.21428571428571,
        94.6360153256705,
        83.88429752066115,
        98.75776397515527,
        100.0,
        50.0,
        82.3943661971831,
        94.19795221843003,
        93.18181818181817,
        62.30769230769231,
        8.47457627118644,
        98.98648648648648,
        71.92118226600985,
        90.9090909090909,
        82.08955223880598,
        48.275862068965516,
        71.42857142857143,
        36.36363636363637,
        91.66666666666666,
        79.41176470588235,
        12.82051282051282,
        85.0,
        100.0,
        86.97478991596638,
        95.52238805970148,
        98.7012987012987,
        16.43835616438356,
        97.22222222222221,
        85.71428571428571,
        67.2566371681416,
        75.14792899408283,
        62.71186440677966,
        41.37931034482759,
        100.0,
        83.05084745762711,
        87.16216216216216,
        73.6,
        100.0,
        42.465753424657535,
        67.94582392776523,
        94.03669724770643,
        42.35807860262008,
        88.73239436619718,
        98.0,
        67.74193548387096,
        56.49717514124294,
        92.94871794871796,
        50.90909090909091,
        69.04761904761905,
        97.6878612716763,
        85.47486033519553,
        50.0,
        85.71428571428571,
        58.06451612903226,
        65.38461538461539,
        95.87912087912088,
        94.28571428571428,
        94.6372239747634,
        71.22444036951181
    ],
    "Closed Set Accuracy": {
        "OA": 83.12183331009157,
        "AA": 82.28424580386341,