{
    "OA": 1.6429551527406656,
    "AA": 3.207994180144944,
    "OOD": null,
    "NMI": null,
    "H-score": null,
    "H3-score": null,
    "Recall-all": [
        0.08228195282501372,
        0.0,
        0.08528784648187633,
        0.0,
        1.3003623960775954,
        7.421686746987952,
        0.03450655624568668,
        0.0,
        0.5056056276104638,
        29.066199035510742,
        0.0,
        0.0
    ],
    "Closed Set Accuracy": {
        "OA": 87.55506607929516,
        "AA": 90.13625707810249,
        "Recall-all": [
            99.53373560065826,
            93.89928057553956,
            92.94243070362474,
            73.44486107105087,
            99.38179492645492,
            95.32530120481928,
            97.03243616287095,
            73.45,
            90.54737304902176,
            98.02718106093819,
            97.21435316336166,
            70.8363374188897
        ]
    },
    "OSR Accuracy": null
}