{
    "OA": 30.72289156626506,
    "AA": 88.300395256917,
    "OOD": 0.0,
    "NMI": 89.19302385067618,
    "H-score": 0.0,
    "H3-score": 0.0029999354808625763,
    "UCR": 95.1379419840487,
    "Recall-all": [
        100.0,
        100.0,
        100.0,
        100.0,
        80.0,
        100.0,
        100.0,
        100.0,
        100.0,
        91.30434782608695,
        0.0
    ],
    "Closed Set Accuracy": {
        "OA": 97.45222929936305,
        "AA": 97.1304347826087,
        "Recall-all": [
            100.0,
            100.0,
            100.0,
            100.0,
            80.0,
            100.0,
            100.0,
            100.0,
            100.0,
            91.30434782608695
        ]
    },
    "OSR Accuracy": {
        "TNR": 88.85630498533725,
        "AUROC": 97.6987877542634,
        "DTACC": 93.34665745185573,
        "AUIN": 94.38720547448621,
        "AUOUT": 98.86930705812321,
        "OSCR": 95.1379419840487,
        "AUPR": 99.01729773787984
    }
}