{
    "OA": 96.86847599164928,
    "AA": 96.94079147875897,
    "OOD": null,
    "NMI": null,
    "H-score": null,
    "H3-score": null,
    "UCR": 96.86847599164928,
    "Recall-all": [
        97.82608695652173,
        100.0,
        97.87234042553192,
        100.0,
        91.0,
        99.0,
        95.95959595959596,
        96.0,
        97.87234042553192,
        93.87755102040816
    ],
    "Closed Set Accuracy": {
        "OA": 96.86847599164928,
        "AA": 96.94079147875897,
        "Recall-all": [
            97.82608695652173,
            100.0,
            97.87234042553192,
            100.0,
            91.0,
            99.0,
            95.95959595959596,
            96.0,
            97.87234042553192,
            93.87755102040816
        ]
    },
    "OSR Accuracy": null
}