{
    "OA": 85.44550940717075,
    "AA": 85.27019362133304,
    "OOD": null,
    "NMI": null,
    "H-score": null,
    "H3-score": null,
    "UCR": 85.44550940717075,
    "Recall-all": [
        97.82608695652173,
        100.0,
        97.87234042553192,
        100.0,
        91.0,
        99.0,
        95.95959595959596,
        96.0,
        97.87234042553192,
        93.87755102040816,
        100.0,
        93.90243902439023,
        72.22222222222221,
        94.5054945054945,
        86.5979381443299,
        72.16494845360825,
        92.5925925925926,
        84.6938775510204,
        78.0,
        54.166666666666664,
        96.84210526315789,
        69.89247311827957,
        97.0,
        20.408163265306122,
        92.22222222222223,
        81.33333333333333,
        56.00000000000001,
        87.87878787878788,
        89.8989898989899,
        86.45833333333334,
        67.1875
    ],
    "Closed Set Accuracy": {
        "OA": 85.44550940717075,
        "AA": 85.27019362133304,
        "Recall-all": [
            97.82608695652173,
            100.0,
            97.87234042553192,
            100.0,
            91.0,
            99.0,
            95.95959595959596,
            96.0,
            97.87234042553192,
            93.87755102040816,
            100.0,
            93.90243902439023,
            72.22222222222221,
            94.5054945054945,
            86.5979381443299,
            72.16494845360825,
            92.5925925925926,
            84.6938775510204,
            78.0,
            54.166666666666664,
            96.84210526315789,
            69.89247311827957,
            97.0,
            20.408163265306122,
            92.22222222222223,
            81.33333333333333,
            56.00000000000001,
            87.87878787878788,
            89.8989898989899,
            86.45833333333334,
            67.1875
        ]
    },
    "OSR Accuracy": null
}