{
    "OA": 33.12034078807242,
    "AA": 88.60204826216335,
    "OOD": 0.0,
    "NMI": 81.09813067033303,
    "H-score": 0.0,
    "H3-score": 0.0029999322289340036,
    "UCR": 95.12558663433794,
    "Recall-all": [
        98.91304347826086,
        100.0,
        97.87234042553192,
        100.0,
        92.0,
        99.0,
        95.95959595959596,
        97.0,
        100.0,
        93.87755102040816,
        0.0
    ],
    "Closed Set Accuracy": {
        "OA": 97.39039665970772,
        "AA": 97.4622530883797,
        "Recall-all": [
            98.91304347826086,
            100.0,
            97.87234042553192,
            100.0,
            92.0,
            99.0,
            95.95959595959596,
            97.0,
            100.0,
            93.87755102040816
        ]
    },
    "OSR Accuracy": {
        "TNR": 89.94082840236686,
        "AUROC": 97.72185418564092,
        "DTACC": 93.2221063022412,
        "AUIN": 96.2424761943792,
        "AUOUT": 98.63267454656996,
        "OSCR": 95.12558663433794,
        "AUPR": 98.66012500087675
    }
}