{
    "OA": 47.432638535841384,
    "AA": 88.60204826216335,
    "OOD": 0.0,
    "NMI": 70.77205589502482,
    "H-score": 0.0,
    "H3-score": 0.0029999268319395736,
    "UCR": 89.44427087320597,
    "Recall-all": [
        98.91304347826086,
        100.0,
        97.87234042553192,
        100.0,
        92.0,
        99.0,
        95.95959595959596,
        97.0,
        100.0,
        93.87755102040816,
        0.0
    ],
    "Closed Set Accuracy": {
        "OA": 97.39039665970772,
        "AA": 97.4622530883797,
        "Recall-all": [
            98.91304347826086,
            100.0,
            97.87234042553192,
            100.0,
            92.0,
            99.0,
            95.95959595959596,
            97.0,
            100.0,
            93.87755102040816
        ]
    },
    "OSR Accuracy": {
        "TNR": 72.64618434093163,
        "AUROC": 91.94949007988644,
        "DTACC": 86.54484379623058,
        "AUIN": 90.1822664299434,
        "AUOUT": 92.86109090763546,
        "OSCR": 89.44427087320597,
        "AUPR": 92.91602417386748
    }
}