{
    "OA": 81.73011939626042,
    "AA": 90.69843042236383,
    "OOD": 78.58417608566329,
    "NMI": 90.76659772279503,
    "H-score": 84.5537728946635,
    "H3-score": 86.52935847530753,
    "Recall-all": [
        98.73417721518987,
        98.98989898989899,
        93.54838709677419,
        100.0,
        100.0,
        53.2258064516129,
        93.61702127659575,
        100.0,
        97.53086419753086,
        92.85714285714286,
        84.84848484848484,
        90.76923076923077,
        95.83333333333334,
        88.63636363636364,
        84.0,
        78.58417608566329
    ],
    "Closed Set Accuracy": {
        "OA": 97.21448467966573,
        "AA": 97.39740270377804,
        "Recall-all": [
            100.0,
            100.0,
            100.0,
            100.0,
            100.0,
            90.32258064516128,
            95.74468085106383,
            100.0,
            97.53086419753086,
            96.42857142857143,
            88.88888888888889,
            100.0,
            100.0,
            92.04545454545455,
            100.0
        ]
    },
    "OSR Accuracy": {
        "TNR": 72.90303390838785,
        "AUROC": 94.02149867683879,
        "DTACC": 86.13315459195763,
        "AUIN": 86.80646643870688,
        "AUOUT": 97.80736612875054,
        "OSCR": 91.25589567601725,
        "AUPR": 97.82269231061288
    }
}