{
    "OA": 74.40899701629561,
    "AA": 72.86064937141154,
    "OOD": null,
    "NMI": null,
    "H-score": null,
    "H3-score": null,
    "Recall-all": [
        97.67441860465115,
        98.98989898989899,
        98.4375,
        90.36144578313254,
        97.97979797979798,
        25.64102564102564,
        60.0,
        93.15068493150685,
        98.52941176470588,
        92.92929292929293,
        72.91666666666666,
        30.76923076923077,
        39.0625,
        48.68421052631579,
        32.87671232876712,
        67.74193548387096,
        84.31372549019608,
        67.44186046511628,
        90.12345679012346,
        78.33333333333333,
        86.20689655172413,
        96.47058823529412,
        100.0,
        57.89473684210527,
        80.55555555555556,
        88.33333333333333,
        65.38461538461539,
        60.0,
        91.66666666666666,
        80.0,
        90.36144578313254,
        71.7948717948718,
        91.04477611940298,
        26.08695652173913,
        36.61971830985916,
        45.65217391304348,
        98.33333333333333,
        77.58620689655173,
        39.705882352941174,
        64.0625,
        56.666666666666664,
        60.29411764705882,
        50.76923076923077,
        52.54237288135594,
        34.32835820895522,
        98.07692307692307,
        73.58490566037736,
        71.21212121212122,
        88.0,
        85.36585365853658,
        90.9090909090909,
        88.23529411764706,
        48.484848484848484,
        85.71428571428571,
        98.86363636363636,
        93.65079365079364,
        71.60493827160494,
        70.37037037037037,
        71.1864406779661,
        93.90243902439023,
        87.05882352941177,
        23.88059701492537,
        75.30864197530865,
        60.37735849056604,
        91.83673469387756
    ],
    "Closed Set Accuracy": {
        "OA": 93.3210924948359,
        "AA": 92.63657967572587,
        "Recall-all": [
            100.0,
            100.0,
            100.0,
            97.59036144578313,
            100.0,
            61.53846153846154,
            90.0,
            98.63013698630137,
            100.0,
            100.0,
            100.0,
            81.53846153846153,
            71.875,
            94.73684210526315,
            87.67123287671232,
            87.09677419354838,
            86.27450980392157,
            86.04651162790698,
            100.0,
            95.0,
            96.55172413793103,
            100.0,
            100.0,
            85.96491228070175,
            88.88888888888889,
            100.0,
            88.46153846153845,
            98.33333333333333,
            100.0,
            96.0,
            98.79518072289156,
            94.87179487179486,
            98.50746268656717,
            69.56521739130434,
            64.7887323943662,
            91.30434782608695,
            98.33333333333333,
            98.27586206896551,
            88.23529411764706,
            92.1875,
            80.0,
            94.11764705882352,
            87.6923076923077,
            86.4406779661017,
            88.05970149253731,
            100.0,
            98.11320754716981,
            90.9090909090909,
            97.33333333333334,
            100.0,
            96.1038961038961,
            98.0392156862745,
            89.39393939393939,
            100.0,
            100.0,
            98.4126984126984,
            88.88888888888889,
            94.44444444444444,
            98.30508474576271,
            98.78048780487805,
            94.11764705882352,
            82.08955223880598,
            93.82716049382715,
            79.24528301886792,
            100.0
        ]
    },
    "OSR Accuracy": null
}