{
    "OA": 85.51343208636706,
    "AA": 95.30477532517776,
    "OOD": 82.56182625237794,
    "NMI": 85.12541006991601,
    "H-score": 89.02154741700367,
    "H3-score": 87.68512876803636,
    "UCR": 96.65278471514048,
    "Recall-all": [
        100.0,
        100.0,
        100.0,
        98.79518072289156,
        100.0,
        84.61538461538461,
        83.75,
        98.63013698630137,
        100.0,
        100.0,
        82.56182625237794
    ],
    "Closed Set Accuracy": {
        "OA": 99.27623642943306,
        "AA": 99.23932664271416,
        "Recall-all": [
            100.0,
            100.0,
            100.0,
            98.79518072289156,
            100.0,
            98.71794871794873,
            96.25,
            98.63013698630137,
            100.0,
            100.0
        ]
    },
    "OSR Accuracy": {
        "TNR": 86.04946100190234,
        "AUROC": 97.37786776590202,
        "DTACC": 91.49776682757951,
        "AUIN": 91.76763024022765,
        "AUOUT": 99.2690120728466,
        "OSCR": 96.65278471514048,
        "AUPR": 99.28498552088033
    }
}