{
    "OA": 85.71428571428571,
    "AA": 95.4356743352778,
    "OOD": 82.78376664552948,
    "NMI": 85.12541006991601,
    "H-score": 89.2022583999512,
    "H3-score": 87.80192733402856,
    "UCR": 96.71782170265605,
    "Recall-all": [
        100.0,
        100.0,
        100.0,
        98.79518072289156,
        100.0,
        83.33333333333334,
        86.25,
        98.63013698630137,
        100.0,
        100.0,
        82.78376664552948
    ],
    "Closed Set Accuracy": {
        "OA": 99.27623642943306,
        "AA": 99.23932664271416,
        "Recall-all": [
            100.0,
            100.0,
            100.0,
            98.79518072289156,
            100.0,
            98.71794871794873,
            96.25,
            98.63013698630137,
            100.0,
            100.0
        ]
    },
    "OSR Accuracy": {
        "TNR": 86.14457831325302,
        "AUROC": 97.44311510533278,
        "DTACC": 91.46879563202337,
        "AUIN": 92.05329277299424,
        "AUOUT": 99.28378063695985,
        "OSCR": 96.71782170265605,
        "AUPR": 99.29975230262912
    }
}