{
    "OA": 85.7929768189121,
    "AA": 92.44182942166731,
    "OOD": 82.78376664552948,
    "NMI": 85.12541006991601,
    "H-score": 87.63250617878255,
    "H3-score": 86.78188663756015,
    "Recall-all": [
        100.0,
        100.0,
        100.0,
        98.79518072289156,
        100.0,
        84.61538461538461,
        86.25,
        98.63013698630137,
        100.0,
        100.0,
        98.95833333333334,
        72.3076923076923,
        98.4375,
        81.57894736842105,
        76.71232876712328,
        82.78376664552948
    ],
    "Closed Set Accuracy": {
        "OA": 98.42061512884456,
        "AA": 98.27873472333866,
        "Recall-all": [
            100.0,
            100.0,
            100.0,
            98.79518072289156,
            100.0,
            98.71794871794873,
            96.25,
            98.63013698630137,
            100.0,
            100.0,
            100.0,
            93.84615384615384,
            100.0,
            93.42105263157895,
            94.52054794520548
        ]
    },
    "OSR Accuracy": {
        "TNR": 80.72289156626506,
        "AUROC": 95.49519774860038,
        "DTACC": 88.77201943355519,
        "AUIN": 89.93104962828082,
        "AUOUT": 98.15070697308705,
        "OSCR": 93.92245448521909,
        "AUPR": 98.16690759753769
    }
}