{
    "OA": 85.65526738581593,
    "AA": 92.45208044600759,
    "OOD": 82.59353202282816,
    "NMI": 85.12541006991601,
    "H-score": 87.53624235695892,
    "H3-score": 86.71892928308162,
    "Recall-all": [
        100.0,
        100.0,
        100.0,
        98.79518072289156,
        100.0,
        84.61538461538461,
        83.75,
        98.63013698630137,
        100.0,
        100.0,
        98.95833333333334,
        73.84615384615385,
        98.4375,
        82.89473684210526,
        76.71232876712328,
        82.59353202282816
    ],
    "Closed Set Accuracy": {
        "OA": 98.50374064837905,
        "AA": 98.36645402158427,
        "Recall-all": [
            100.0,
            100.0,
            100.0,
            98.79518072289156,
            100.0,
            98.71794871794873,
            96.25,
            98.63013698630137,
            100.0,
            100.0,
            100.0,
            93.84615384615384,
            100.0,
            94.73684210526315,
            94.52054794520548
        ]
    },
    "OSR Accuracy": {
        "TNR": 81.19847812301839,
        "AUROC": 95.46950105185145,
        "DTACC": 88.6854413322011,
        "AUIN": 89.76597427618374,
        "AUOUT": 98.15320448952288,
        "OSCR": 93.98002826373182,
        "AUPR": 98.16939974236145
    }
}