{
    "OA": 68.73949579831933,
    "AA": 70.4612024373963,
    "OOD": null,
    "NMI": null,
    "H-score": null,
    "H3-score": null,
    "UCR": 92.43697478991596,
    "Recall-all": [
        79.74683544303798,
        94.94949494949495,
        91.93548387096774,
        100.0,
        97.72727272727273,
        8.064516129032258,
        78.72340425531915,
        98.76543209876543,
        93.82716049382715,
        91.07142857142857,
        17.17171717171717,
        44.61538461538462,
        9.375,
        69.31818181818183,
        9.333333333333334,
        68.67469879518072,
        97.01492537313433,
        53.65853658536586,
        98.50746268656717,
        82.75862068965517,
        83.09859154929578,
        86.86868686868688,
        96.7032967032967,
        38.88888888888889,
        70.73170731707317
    ],
    "Closed Set Accuracy": {
        "OA": 92.43697478991596,
        "AA": 92.73263326694044,
        "Recall-all": [
            96.20253164556962,
            100.0,
            95.16129032258065,
            100.0,
            100.0,
            58.06451612903226,
            91.48936170212765,
            100.0,
            96.29629629629629,
            96.42857142857143,
            87.87878787878788,
            93.84615384615384,
            72.91666666666666,
            92.04545454545455,
            97.33333333333334,
            95.18072289156626,
            100.0,
            92.6829268292683,
            98.50746268656717,
            96.55172413793103,
            97.1830985915493,
            96.96969696969697,
            100.0,
            73.33333333333333,
            90.2439024390244
        ]
    },
    "OSR Accuracy": null
}