{
    "OA": 89.81439565414215,
    "AA": 87.40985926405888,
    "OOD": 91.270783847981,
    "NMI": 69.55331038381244,
    "H-score": 89.09619315387678,
    "H3-score": 81.46744727861737,
    "UCR": 92.77089695735711,
    "Recall-all": [
        97.2972972972973,
        85.36585365853658,
        92.5925925925926,
        90.0,
        89.33333333333333,
        62.62626262626263,
        65.0,
        96.96969696969697,
        95.0,
        96.05263157894737,
        91.270783847981
    ],
    "Closed Set Accuracy": {
        "OA": 97.90476190476191,
        "AA": 97.76475430384288,
        "Recall-all": [
            100.0,
            97.5609756097561,
            96.29629629629629,
            100.0,
            98.66666666666667,
            96.96969696969697,
            92.5,
            96.96969696969697,
            100.0,
            98.68421052631578
        ]
    },
    "OSR Accuracy": {
        "TNR": 77.4940617577197,
        "AUROC": 94.83576518493383,
        "DTACC": 88.9508539757946,
        "AUIN": 86.63482908043437,
        "AUOUT": 98.03805950595584,
        "OSCR": 92.77089695735711,
        "AUPR": 98.06870296270307
    }
}