{
    "OA": 73.78930456736286,
    "AA": 71.87161338152897,
    "OOD": null,
    "NMI": null,
    "H-score": null,
    "H3-score": null,
    "Recall-all": [
        97.67441860465115,
        98.98989898989899,
        95.3125,
        80.72289156626506,
        97.97979797979798,
        38.46153846153847,
        48.75,
        95.8904109589041,
        94.11764705882352,
        92.92929292929293,
        92.70833333333334,
        4.615384615384616,
        17.1875,
        34.21052631578947,
        60.273972602739725,
        45.16129032258064,
        80.3921568627451,
        27.906976744186046,
        90.12345679012346,
        83.33333333333334,
        75.86206896551724,
        94.11764705882352,
        94.66666666666667,
        61.40350877192983,
        58.333333333333336,
        81.66666666666667,
        76.92307692307693,
        91.66666666666666,
        88.88888888888889,
        98.66666666666667,
        95.18072289156626,
        60.256410256410255,
        77.61194029850746,
        65.21739130434783,
        56.33802816901409,
        45.65217391304348,
        93.33333333333333,
        79.3103448275862,
        60.29411764705882,
        76.5625,
        63.33333333333333,
        30.88235294117647,
        75.38461538461539,
        50.847457627118644,
        38.80597014925373,
        94.23076923076923,
        35.84905660377358,
        75.75757575757575,
        86.66666666666667,
        80.48780487804879,
        84.4155844155844,
        72.54901960784314,
        54.54545454545454,
        75.32467532467533,
        100.0,
        65.07936507936508,
        88.88888888888889,
        64.81481481481481,
        62.71186440677966,
        98.78048780487805,
        80.0,
        55.223880597014926,
        81.48148148148148,
        75.47169811320755,
        71.42857142857143
    ],
    "Closed Set Accuracy": {
        "OA": 92.38007803534542,
        "AA": 91.6018752209935,
        "Recall-all": [
            100.0,
            100.0,
            100.0,
            97.59036144578313,
            100.0,
            71.7948717948718,
            82.5,
            100.0,
            100.0,
            100.0,
            100.0,
            30.76923076923077,
            46.875,
            92.10526315789474,
            98.63013698630137,
            85.48387096774194,
            92.15686274509804,
            60.46511627906976,
            100.0,
            93.33333333333333,
            96.55172413793103,
            100.0,
            100.0,
            87.71929824561403,
            75.0,
            98.33333333333333,
            92.3076923076923,
            98.33333333333333,
            98.61111111111111,
            100.0,
            98.79518072289156,
            94.87179487179486,
            91.04477611940298,
            86.95652173913044,
            76.05633802816901,
            91.30434782608695,
            96.66666666666667,
            98.27586206896551,
            94.11764705882352,
            92.1875,
            90.0,
            72.05882352941177,
            92.3076923076923,
            84.7457627118644,
            91.04477611940298,
            100.0,
            77.35849056603774,
            89.39393939393939,
            97.33333333333334,
            100.0,
            97.40259740259741,
            94.11764705882352,
            93.93939393939394,
            100.0,
            100.0,
            93.65079365079364,
            92.5925925925926,
            98.14814814814815,
            96.61016949152543,
            98.78048780487805,
            94.11764705882352,
            97.01492537313433,
            96.29629629629629,
            92.45283018867924,
            95.91836734693877
        ]
    },
    "OSR Accuracy": null
}