{
    "OA": 73.76635299518017,
    "AA": 71.8973244805294,
    "OOD": null,
    "NMI": null,
    "H-score": null,
    "H3-score": null,
    "Recall-all": [
        97.67441860465115,
        98.98989898989899,
        93.75,
        81.92771084337349,
        96.96969696969697,
        39.743589743589745,
        46.25,
        95.8904109589041,
        94.11764705882352,
        91.91919191919192,
        95.83333333333334,
        4.615384615384616,
        23.4375,
        38.15789473684211,
        60.273972602739725,
        45.16129032258064,
        84.31372549019608,
        27.906976744186046,
        90.12345679012346,
        83.33333333333334,
        72.41379310344827,
        94.11764705882352,
        94.66666666666667,
        61.40350877192983,
        58.333333333333336,
        83.33333333333334,
        76.92307692307693,
        91.66666666666666,
        87.5,
        98.66666666666667,
        91.56626506024097,
        61.53846153846154,
        79.1044776119403,
        60.86956521739131,
        53.52112676056338,
        54.347826086956516,
        93.33333333333333,
        77.58620689655173,
        60.29411764705882,
        75.0,
        63.33333333333333,
        35.294117647058826,
        75.38461538461539,
        52.54237288135594,
        35.82089552238806,
        96.15384615384616,
        35.84905660377358,
        78.78787878787878,
        88.0,
        80.48780487804879,
        84.4155844155844,
        74.50980392156863,
        51.515151515151516,
        66.23376623376623,
        100.0,
        60.317460317460316,
        88.88888888888889,
        64.81481481481481,
        59.32203389830508,
        98.78048780487805,
        80.0,
        55.223880597014926,
        80.24691358024691,
        77.35849056603774,
        73.46938775510205
    ],
    "Closed Set Accuracy": {
        "OA": 92.19646545788387,
        "AA": 91.43438919925227,
        "Recall-all": [
            100.0,
            100.0,
            100.0,
            97.59036144578313,
            100.0,
            71.7948717948718,
            81.25,
            98.63013698630137,
            100.0,
            100.0,
            100.0,
            29.230769230769234,
            54.6875,
            92.10526315789474,
            100.0,
            85.48387096774194,
            94.11764705882352,
            58.139534883720934,
            100.0,
            91.66666666666666,
            94.82758620689656,
            100.0,
            100.0,
            85.96491228070175,
            77.77777777777779,
            98.33333333333333,
            92.3076923076923,
            98.33333333333333,
            98.61111111111111,
            100.0,
            98.79518072289156,
            94.87179487179486,
            91.04477611940298,
            86.95652173913044,
            67.6056338028169,
            91.30434782608695,
            96.66666666666667,
            98.27586206896551,
            94.11764705882352,
            92.1875,
            90.0,
            72.05882352941177,
            89.23076923076924,
            88.13559322033898,
            89.55223880597015,
            100.0,
            77.35849056603774,
            89.39393939393939,
            97.33333333333334,
            100.0,
            97.40259740259741,
            92.15686274509804,
            93.93939393939394,
            100.0,
            100.0,
            92.06349206349206,
            92.5925925925926,
            98.14814814814815,
            96.61016949152543,
            98.78048780487805,
            94.11764705882352,
            97.01492537313433,
            96.29629629629629,
            92.45283018867924,
            95.91836734693877
        ]
    },
    "OSR Accuracy": null
}