{
    "OA": 79.27461139896373,
    "AA": 77.6382825931615,
    "OOD": null,
    "NMI": null,
    "H-score": null,
    "H3-score": null,
    "Recall-all": [
        81.0126582278481,
        91.91919191919192,
        83.87096774193549,
        100.0,
        100.0,
        9.67741935483871,
        78.72340425531915,
        100.0,
        88.88888888888889,
        60.71428571428571,
        80.8080808080808,
        3.076923076923077,
        65.625,
        67.04545454545455,
        78.66666666666666,
        30.120481927710845,
        97.01492537313433,
        12.195121951219512,
        97.01492537313433,
        93.10344827586206,
        81.69014084507043,
        81.81818181818183,
        97.8021978021978,
        14.444444444444443,
        48.78048780487805,
        86.56716417910447,
        77.19298245614034,
        92.22222222222223,
        94.44444444444444,
        98.98989898989899,
        92.6829268292683,
        40.74074074074074,
        89.8989898989899,
        71.42857142857143,
        97.95918367346938,
        43.05555555555556,
        95.83333333333334,
        87.8048780487805,
        90.32258064516128,
        98.52941176470588,
        98.57142857142858,
        78.72340425531915,
        60.0,
        75.0,
        73.68421052631578,
        100.0,
        20.930232558139537,
        76.74418604651163,
        100.0,
        96.55172413793103,
        84.84848484848484,
        87.5,
        55.10204081632652,
        86.95652173913044,
        92.92929292929293,
        81.3953488372093,
        97.97979797979798,
        97.87234042553192,
        88.33333333333333,
        98.27586206896551,
        85.71428571428571,
        48.888888888888886,
        93.54838709677419,
        81.57894736842105,
        83.6734693877551
    ],
    "Closed Set Accuracy": {
        "OA": 92.13786888938951,
        "AA": 91.63026181743213,
        "Recall-all": [
            93.67088607594937,
            98.98989898989899,
            93.54838709677419,
            100.0,
            100.0,
            61.29032258064516,
            93.61702127659575,
            100.0,
            92.5925925925926,
            94.64285714285714,
            95.95959595959596,
            38.46153846153847,
            79.16666666666666,
            90.9090909090909,
            100.0,
            91.56626506024097,
            100.0,
            56.09756097560976,
            98.50746268656717,
            98.27586206896551,
            98.59154929577466,
            88.88888888888889,
            100.0,
            28.888888888888886,
            56.09756097560976,
            98.50746268656717,
            82.45614035087719,
            95.55555555555556,
            98.61111111111111,
            100.0,
            100.0,
            83.33333333333334,
            98.98989898989899,
            92.85714285714286,
            98.9795918367347,
            95.83333333333334,
            98.95833333333334,
            100.0,
            97.84946236559139,
            100.0,
            100.0,
            100.0,
            73.33333333333333,
            87.5,
            100.0,
            100.0,
            88.37209302325581,
            79.06976744186046,
            100.0,
            100.0,
            95.95959595959596,
            95.0,
            85.71428571428571,
            95.65217391304348,
            100.0,
            95.34883720930233,
            100.0,
            100.0,
            96.66666666666667,
            100.0,
            97.61904761904762,
            88.88888888888889,
            97.84946236559139,
            93.42105263157895,
            93.87755102040816
        ]
    },
    "OSR Accuracy": null
}