{
    "OA": 79.27461139896373,
    "AA": 77.79712504895068,
    "OOD": null,
    "NMI": null,
    "H-score": null,
    "H3-score": null,
    "Recall-all": [
        81.0126582278481,
        92.92929292929293,
        85.48387096774194,
        97.67441860465115,
        100.0,
        9.67741935483871,
        82.97872340425532,
        100.0,
        88.88888888888889,
        64.28571428571429,
        77.77777777777779,
        6.153846153846154,
        51.041666666666664,
        63.63636363636363,
        81.33333333333333,
        32.53012048192771,
        97.01492537313433,
        12.195121951219512,
        97.01492537313433,
        94.82758620689656,
        83.09859154929578,
        81.81818181818183,
        97.8021978021978,
        14.444444444444443,
        48.78048780487805,
        86.56716417910447,
        77.19298245614034,
        92.22222222222223,
        94.44444444444444,
        97.97979797979798,
        92.6829268292683,
        38.88888888888889,
        91.91919191919192,
        75.0,
        97.95918367346938,
        41.66666666666667,
        96.875,
        92.6829268292683,
        89.24731182795699,
        98.52941176470588,
        98.57142857142858,
        78.72340425531915,
        60.0,
        70.0,
        76.31578947368422,
        100.0,
        23.25581395348837,
        76.74418604651163,
        100.0,
        96.55172413793103,
        87.87878787878788,
        87.5,
        55.10204081632652,
        89.13043478260869,
        92.92929292929293,
        83.72093023255815,
        97.97979797979798,
        97.87234042553192,
        90.0,
        98.27586206896551,
        83.33333333333334,
        48.888888888888886,
        93.54838709677419,
        81.57894736842105,
        82.6530612244898
    ],
    "Closed Set Accuracy": {
        "OA": 92.11534129308403,
        "AA": 91.59554697426735,
        "Recall-all": [
            93.67088607594937,
            98.98989898989899,
            93.54838709677419,
            100.0,
            100.0,
            59.67741935483871,
            93.61702127659575,
            100.0,
            93.82716049382715,
            94.64285714285714,
            95.95959595959596,
            40.0,
            78.125,
            92.04545454545455,
            100.0,
            92.7710843373494,
            100.0,
            53.65853658536586,
            98.50746268656717,
            98.27586206896551,
            98.59154929577466,
            88.88888888888889,
            100.0,
            26.666666666666668,
            56.09756097560976,
            98.50746268656717,
            82.45614035087719,
            95.55555555555556,
            98.61111111111111,
            100.0,
            100.0,
            83.33333333333334,
            98.98989898989899,
            92.85714285714286,
            98.9795918367347,
            95.83333333333334,
            98.95833333333334,
            100.0,
            97.84946236559139,
            100.0,
            100.0,
            100.0,
            71.66666666666667,
            85.0,
            100.0,
            100.0,
            88.37209302325581,
            79.06976744186046,
            100.0,
            100.0,
            95.95959595959596,
            97.5,
            85.71428571428571,
            95.65217391304348,
            100.0,
            95.34883720930233,
            100.0,
            100.0,
            98.33333333333333,
            100.0,
            97.61904761904762,
            88.88888888888889,
            96.7741935483871,
            93.42105263157895,
            94.89795918367348
        ]
    },
    "OSR Accuracy": null
}