{
    "OA": 54.178145087236,
    "AA": 51.21422165833061,
    "OOD": null,
    "NMI": null,
    "H-score": null,
    "H3-score": null,
    "Recall-all": [
        87.83783783783784,
        58.536585365853654,
        81.48148148148148,
        55.00000000000001,
        78.66666666666666,
        9.090909090909092,
        27.500000000000004,
        87.87878787878788,
        55.00000000000001,
        82.89473684210526,
        33.33333333333333,
        8.0,
        2.272727272727273,
        15.0,
        55.00000000000001,
        39.130434782608695,
        40.0,
        11.11111111111111,
        71.42857142857143,
        55.55555555555556,
        59.09090909090909,
        95.65217391304348,
        91.11111111111111,
        45.0,
        34.78260869565217
    ],
    "Closed Set Accuracy": {
        "OA": 85.85858585858585,
        "AA": 83.27167232619261,
        "Recall-all": [
            97.2972972972973,
            95.1219512195122,
            92.5925925925926,
            95.0,
            97.33333333333334,
            67.67676767676768,
            75.0,
            96.96969696969697,
            95.0,
            96.05263157894737,
            94.20289855072464,
            68.0,
            40.909090909090914,
            85.0,
            95.0,
            69.56521739130434,
            60.0,
            33.33333333333333,
            95.23809523809523,
            82.22222222222221,
            86.36363636363636,
            97.82608695652173,
            100.0,
            90.0,
            76.08695652173914
        ]
    },
    "OSR Accuracy": null
}