{
    "OA": 73.81225613954557,
    "AA": 72.0793693912031,
    "OOD": null,
    "NMI": null,
    "H-score": null,
    "H3-score": null,
    "Recall-all": [
        95.34883720930233,
        98.98989898989899,
        95.3125,
        78.3132530120482,
        96.96969696969697,
        38.46153846153847,
        46.25,
        95.8904109589041,
        94.11764705882352,
        91.91919191919192,
        92.70833333333334,
        4.615384615384616,
        21.875,
        34.21052631578947,
        60.273972602739725,
        45.16129032258064,
        82.35294117647058,
        25.581395348837212,
        90.12345679012346,
        83.33333333333334,
        72.41379310344827,
        94.11764705882352,
        94.66666666666667,
        61.40350877192983,
        63.888888888888886,
        81.66666666666667,
        78.84615384615384,
        91.66666666666666,
        87.5,
        98.66666666666667,
        91.56626506024097,
        57.692307692307686,
        82.08955223880598,
        65.21739130434783,
        54.929577464788736,
        50.0,
        93.33333333333333,
        79.3103448275862,
        60.29411764705882,
        75.0,
        63.33333333333333,
        35.294117647058826,
        72.3076923076923,
        54.23728813559322,
        34.32835820895522,
        96.15384615384616,
        37.735849056603776,
        78.78787878787878,
        86.66666666666667,
        80.48780487804879,
        84.4155844155844,
        68.62745098039215,
        51.515151515151516,
        72.72727272727273,
        100.0,
        66.66666666666666,
        90.12345679012346,
        70.37037037037037,
        62.71186440677966,
        98.78048780487805,
        80.0,
        55.223880597014926,
        81.48148148148148,
        75.47169811320755,
        81.63265306122449
    ],
    "Closed Set Accuracy": {
        "OA": 92.42598117971082,
        "AA": 91.67242361353968,
        "Recall-all": [
            98.83720930232558,
            100.0,
            100.0,
            97.59036144578313,
            100.0,
            71.7948717948718,
            81.25,
            100.0,
            100.0,
            100.0,
            100.0,
            33.84615384615385,
            53.125,
            93.42105263157895,
            100.0,
            85.48387096774194,
            92.15686274509804,
            58.139534883720934,
            100.0,
            91.66666666666666,
            94.82758620689656,
            100.0,
            100.0,
            87.71929824561403,
            77.77777777777779,
            98.33333333333333,
            92.3076923076923,
            98.33333333333333,
            98.61111111111111,
            100.0,
            98.79518072289156,
            94.87179487179486,
            92.53731343283582,
            86.95652173913044,
            70.4225352112676,
            91.30434782608695,
            96.66666666666667,
            98.27586206896551,
            94.11764705882352,
            92.1875,
            90.0,
            73.52941176470588,
            87.6923076923077,
            86.4406779661017,
            89.55223880597015,
            100.0,
            81.13207547169812,
            89.39393939393939,
            97.33333333333334,
            100.0,
            97.40259740259741,
            94.11764705882352,
            93.93939393939394,
            100.0,
            100.0,
            93.65079365079364,
            93.82716049382715,
            98.14814814814815,
            96.61016949152543,
            98.78048780487805,
            94.11764705882352,
            97.01492537313433,
            96.29629629629629,
            92.45283018867924,
            95.91836734693877
        ]
    },
    "OSR Accuracy": null
}