{
    "OA": 89.00619692448932,
    "AA": 91.30749687769296,
    "OOD": 87.72986683576411,
    "NMI": 85.12541006991601,
    "H-score": 89.59682048495199,
    "H3-score": 88.05637757047262,
    "Recall-all": [
        100.0,
        100.0,
        100.0,
        87.95180722891565,
        100.0,
        93.58974358974359,
        78.75,
        100.0,
        100.0,
        100.0,
        100.0,
        69.23076923076923,
        76.5625,
        67.10526315789474,
        100.0,
        87.72986683576411
    ],
    "Closed Set Accuracy": {
        "OA": 97.67248545303408,
        "AA": 97.48555626012823,
        "Recall-all": [
            100.0,
            100.0,
            100.0,
            97.59036144578313,
            100.0,
            97.43589743589743,
            92.5,
            100.0,
            100.0,
            100.0,
            100.0,
            89.23076923076924,
            100.0,
            85.52631578947368,
            100.0
        ]
    },
    "OSR Accuracy": {
        "TNR": 83.76664552948637,
        "AUROC": 96.03158664319965,
        "DTACC": 90.77466184464858,
        "AUIN": 91.38687338060164,
        "AUOUT": 98.16474826185566,
        "OSCR": 93.71688091122833,
        "AUPR": 98.18109032691461
    }
}