{
    "OA": 50.10300782859497,
    "AA": 47.94408898026965,
    "OOD": null,
    "NMI": null,
    "H-score": null,
    "H3-score": null,
    "Recall-all": [
        72.97297297297297,
        60.97560975609756,
        70.37037037037037,
        32.5,
        60.0,
        17.17171717171717,
        37.5,
        96.96969696969697,
        85.0,
        86.8421052631579,
        33.33333333333333,
        40.0,
        4.545454545454546,
        12.5,
        57.49999999999999,
        26.08695652173913,
        20.0,
        22.22222222222222,
        85.71428571428571,
        51.11111111111111,
        50.0,
        97.82608695652173,
        97.77777777777777,
        35.0,
        54.347826086956516,
        57.49999999999999,
        42.5,
        12.658227848101266,
        30.434782608695656,
        55.55555555555556,
        83.33333333333334,
        16.3265306122449,
        5.88235294117647,
        5.0,
        0.0,
        25.0,
        61.111111111111114,
        85.71428571428571,
        61.904761904761905,
        40.0,
        15.789473684210526,
        52.63157894736842,
        15.0,
        57.692307692307686,
        0.0,
        33.33333333333333,
        66.66666666666666,
        59.57446808510638,
        57.14285714285714,
        33.33333333333333,
        60.0,
        23.333333333333332,
        28.57142857142857,
        14.634146341463413,
        86.95652173913044,
        92.5,
        45.0,
        78.26086956521739,
        37.5,
        81.81818181818183,
        79.06976744186046,
        55.00000000000001,
        47.61904761904761,
        22.5,
        81.25
    ],
    "Closed Set Accuracy": {
        "OA": 82.81829419035847,
        "AA": 80.89505244243415,
        "Recall-all": [
            94.5945945945946,
            90.2439024390244,
            92.5925925925926,
            77.5,
            96.0,
            65.65656565656566,
            65.0,
            96.96969696969697,
            95.0,
            97.36842105263158,
            86.95652173913044,
            80.0,
            65.9090909090909,
            57.49999999999999,
            97.5,
            60.86956521739131,
            46.666666666666664,
            33.33333333333333,
            100.0,
            82.22222222222221,
            86.36363636363636,
            100.0,
            100.0,
            90.0,
            82.6086956521739,
            97.5,
            77.5,
            96.20253164556962,
            93.47826086956522,
            100.0,
            97.22222222222221,
            69.38775510204081,
            25.49019607843137,
            40.0,
            16.666666666666664,
            65.625,
            94.44444444444444,
            95.91836734693877,
            100.0,
            90.0,
            78.94736842105263,
            68.42105263157895,
            55.00000000000001,
            92.3076923076923,
            21.052631578947366,
            66.66666666666666,
            91.66666666666666,
            91.48936170212765,
            87.75510204081633,
            73.33333333333333,
            95.0,
            46.666666666666664,
            61.904761904761905,
            90.2439024390244,
            100.0,
            97.5,
            85.0,
            93.47826086956522,
            93.75,
            95.45454545454545,
            93.02325581395348,
            95.0,
            90.47619047619048,
            100.0,
            93.75
        ]
    },
    "OSR Accuracy": null
}