{
    "OA": 88.91439063575855,
    "AA": 91.30167907205747,
    "OOD": 87.60304375396322,
    "NMI": 85.12541006991601,
    "H-score": 89.53170943225375,
    "H3-score": 88.01444088734902,
    "Recall-all": [
        100.0,
        100.0,
        100.0,
        87.95180722891565,
        100.0,
        92.3076923076923,
        78.75,
        100.0,
        100.0,
        100.0,
        100.0,
        69.23076923076923,
        76.5625,
        68.42105263157895,
        100.0,
        87.60304375396322
    ],
    "Closed Set Accuracy": {
        "OA": 97.67248545303408,
        "AA": 97.48555626012823,
        "Recall-all": [
            100.0,
            100.0,
            100.0,
            97.59036144578313,
            100.0,
            97.43589743589743,
            92.5,
            100.0,
            100.0,
            100.0,
            100.0,
            89.23076923076924,
            100.0,
            85.52631578947368,
            100.0
        ]
    },
    "OSR Accuracy": {
        "TNR": 83.41788205453393,
        "AUROC": 96.01205715367045,
        "DTACC": 90.72882947988305,
        "AUIN": 91.3378242487886,
        "AUOUT": 98.15170452062412,
        "OSCR": 93.69772039990865,
        "AUPR": 98.16805292953575
    }
}