{
    "OA": 84.85681557846506,
    "AA": 77.01641313996153,
    "OOD": 88.02708525700216,
    "NMI": 73.44558460183944,
    "H-score": 81.73447755881487,
    "H3-score": 78.77248281159824,
    "Recall-all": [
        83.33333333333334,
        82.14285714285714,
        75.0,
        62.244897959183675,
        92.92929292929293,
        65.65656565656566,
        60.273972602739725,
        93.47826086956522,
        91.02564102564102,
        69.6969696969697,
        90.9090909090909,
        80.0,
        66.66666666666666,
        54.6875,
        76.19047619047619,
        88.02708525700216
    ],
    "Closed Set Accuracy": {
        "OA": 89.87455197132617,
        "AA": 90.3927004583805,
        "Recall-all": [
            95.0,
            92.85714285714286,
            78.125,
            87.75510204081633,
            93.93939393939394,
            90.9090909090909,
            91.78082191780823,
            100.0,
            98.71794871794873,
            77.77777777777779,
            96.96969696969697,
            100.0,
            88.88888888888889,
            70.3125,
            92.85714285714286
        ]
    },
    "OSR Accuracy": {
        "TNR": 40.35087719298246,
        "AUROC": 88.98436905317433,
        "DTACC": 82.5683336808348,
        "AUIN": 81.54427249122034,
        "AUOUT": 94.59916948690662,
        "OSCR": 79.87290823424071,
        "AUPR": 94.61802737740663
    }
}