{
    "OA": 84.46641944787804,
    "AA": 82.5894039794831,
    "OOD": 86.87648456057006,
    "NMI": 69.55331038381244,
    "H-score": 84.52774009723713,
    "H3-score": 78.86911002238949,
    "Recall-all": [
        93.24324324324324,
        73.17073170731707,
        88.88888888888889,
        87.5,
        93.33333333333333,
        53.535353535353536,
        82.5,
        96.96969696969697,
        100.0,
        94.73684210526315,
        39.130434782608695,
        92.0,
        79.54545454545455,
        90.0,
        70.0,
        86.87648456057006
    ],
    "Closed Set Accuracy": {
        "OA": 94.6164199192463,
        "AA": 95.63315481970204,
        "Recall-all": [
            100.0,
            97.5609756097561,
            96.29629629629629,
            97.5,
            100.0,
            88.88888888888889,
            97.5,
            96.96969696969697,
            100.0,
            97.36842105263158,
            73.91304347826086,
            96.0,
            100.0,
            97.5,
            95.0
        ]
    },
    "OSR Accuracy": {
        "TNR": 58.1353919239905,
        "AUROC": 90.8052352439075,
        "DTACC": 83.53987973261125,
        "AUIN": 82.49717461940028,
        "AUOUT": 95.30474640564849,
        "OSCR": 85.59368835976642,
        "AUPR": 95.33685097385526
    }
}