{
    "OA": 78.36155378486056,
    "AA": 94.67615985091683,
    "OOD": 74.77691850089234,
    "NMI": 90.76659772279503,
    "H-score": 84.32364829526824,
    "H3-score": 86.36855954879034,
    "UCR": 95.99110493790192,
    "Recall-all": [
        100.0,
        98.98989898989899,
        93.54838709677419,
        100.0,
        100.0,
        87.09677419354838,
        97.87234042553192,
        100.0,
        96.29629629629629,
        92.85714285714286,
        74.77691850089234
    ],
    "Closed Set Accuracy": {
        "OA": 98.92966360856269,
        "AA": 98.9326250213347,
        "Recall-all": [
            100.0,
            100.0,
            100.0,
            100.0,
            100.0,
            98.38709677419355,
            100.0,
            100.0,
            96.29629629629629,
            94.64285714285714
        ]
    },
    "OSR Accuracy": {
        "TNR": 83.4622248661511,
        "AUROC": 97.06442029736921,
        "DTACC": 90.79085006558277,
        "AUIN": 91.7259311883809,
        "AUOUT": 99.30571728162968,
        "OSCR": 95.99110493790192,
        "AUPR": 99.32072914288935
    }
}