{
    "OA": 56.59701492537314,
    "AA": 55.739487524975296,
    "OOD": null,
    "NMI": null,
    "H-score": null,
    "H3-score": null,
    "Recall-all": [
        76.66666666666667,
        60.71428571428571,
        62.5,
        69.38775510204081,
        88.88888888888889,
        25.252525252525253,
        43.83561643835616,
        86.95652173913044,
        76.92307692307693,
        66.66666666666666,
        41.41414141414141,
        5.0,
        58.58585858585859,
        57.8125,
        54.761904761904766,
        7.317073170731707,
        54.166666666666664,
        0.0,
        78.04878048780488,
        57.99999999999999,
        72.5,
        95.0,
        23.232323232323232,
        75.75757575757575,
        54.09836065573771
    ],
    "Closed Set Accuracy": {
        "OA": 84.29850746268657,
        "AA": 82.29913144787704,
        "Recall-all": [
            95.0,
            94.64285714285714,
            84.375,
            91.83673469387756,
            92.92929292929293,
            82.82828282828282,
            76.71232876712328,
            100.0,
            92.3076923076923,
            75.75757575757575,
            87.87878787878788,
            45.0,
            78.78787878787878,
            82.8125,
            92.85714285714286,
            21.951219512195124,
            79.16666666666666,
            50.0,
            92.6829268292683,
            86.0,
            87.5,
            100.0,
            97.97979797979798,
            97.97979797979798,
            70.49180327868852
        ]
    },
    "OSR Accuracy": null
}