{
    "OA": 63.5988065182465,
    "AA": 62.89115893742715,
    "OOD": null,
    "NMI": null,
    "H-score": null,
    "H3-score": null,
    "Recall-all": [
        70.93023255813954,
        43.43434343434344,
        95.3125,
        69.87951807228916,
        83.83838383838383,
        38.46153846153847,
        46.25,
        93.15068493150685,
        91.17647058823529,
        78.78787878787878,
        48.95833333333333,
        10.76923076923077,
        43.75,
        57.89473684210527,
        52.054794520547944,
        41.935483870967744,
        68.62745098039215,
        18.6046511627907,
        83.9506172839506,
        68.33333333333333,
        86.20689655172413,
        95.29411764705881,
        52.0,
        49.122807017543856,
        69.44444444444444,
        93.33333333333333,
        86.53846153846155,
        41.66666666666667,
        80.55555555555556,
        65.33333333333333,
        91.56626506024097,
        73.07692307692307,
        79.1044776119403,
        21.73913043478261,
        11.267605633802818,
        65.21739130434783,
        90.0,
        68.96551724137932,
        42.64705882352941,
        37.5,
        53.333333333333336,
        86.76470588235294,
        35.38461538461539,
        44.06779661016949,
        47.76119402985074,
        88.46153846153845,
        83.01886792452831,
        62.121212121212125,
        82.66666666666667,
        82.92682926829268,
        94.8051948051948,
        86.27450980392157,
        56.060606060606055,
        55.84415584415584,
        95.45454545454545,
        69.84126984126983,
        30.864197530864196,
        85.18518518518519,
        27.11864406779661,
        69.51219512195121,
        89.41176470588236,
        4.477611940298507,
        32.098765432098766,
        32.075471698113205,
        85.71428571428571
    ],
    "Closed Set Accuracy": {
        "OA": 89.557034656874,
        "AA": 88.62154563382025,
        "Recall-all": [
            86.04651162790698,
            100.0,
            100.0,
            97.59036144578313,
            100.0,
            66.66666666666666,
            85.0,
            97.26027397260275,
            98.52941176470588,
            88.88888888888889,
            98.95833333333334,
            72.3076923076923,
            65.625,
            92.10526315789474,
            94.52054794520548,
            83.87096774193549,
            86.27450980392157,
            76.74418604651163,
            98.76543209876543,
            96.66666666666667,
            94.82758620689656,
            100.0,
            100.0,
            78.94736842105263,
            77.77777777777779,
            98.33333333333333,
            100.0,
            100.0,
            98.61111111111111,
            85.33333333333334,
            100.0,
            97.43589743589743,
            94.02985074626866,
            56.52173913043478,
            52.112676056338024,
            97.82608695652173,
            98.33333333333333,
            91.37931034482759,
            85.29411764705883,
            87.5,
            83.33333333333334,
            100.0,
            86.15384615384616,
            74.57627118644068,
            71.64179104477611,
            98.07692307692307,
            92.45283018867924,
            86.36363636363636,
            97.33333333333334,
            97.5609756097561,
            100.0,
            96.07843137254902,
            84.84848484848484,
            96.1038961038961,
            100.0,
            93.65079365079364,
            79.01234567901234,
            96.29629629629629,
            84.7457627118644,
            95.1219512195122,
            98.82352941176471,
            43.28358208955223,
            91.35802469135803,
            39.62264150943396,
            93.87755102040816
        ]
    },
    "OSR Accuracy": null
}