{
    "OA": 88.06414662084765,
    "AA": 78.7833549887908,
    "OOD": 91.99753770390889,
    "NMI": 74.47161858954651,
    "H-score": 84.36480163147574,
    "H3-score": 80.78871193481207,
    "Recall-all": [
        96.66666666666667,
        94.64285714285714,
        84.375,
        91.83673469387756,
        92.92929292929293,
        64.64646464646465,
        75.34246575342466,
        100.0,
        85.8974358974359,
        76.76767676767676,
        92.92929292929293,
        37.5,
        7.07070707070707,
        70.3125,
        97.61904761904762,
        91.99753770390889
    ],
    "Closed Set Accuracy": {
        "OA": 88.35125448028674,
        "AA": 88.33617016726116,
        "Recall-all": [
            98.33333333333333,
            98.21428571428571,
            85.9375,
            94.89795918367348,
            94.94949494949495,
            83.83838383838383,
            90.41095890410958,
            100.0,
            88.46153846153845,
            83.83838383838383,
            93.93939393939394,
            57.49999999999999,
            72.72727272727273,
            84.375,
            97.61904761904762
        ]
    },
    "OSR Accuracy": {
        "TNR": 36.50353955063096,
        "AUROC": 90.58436508172905,
        "DTACC": 85.58911426841014,
        "AUIN": 86.13120506692607,
        "AUOUT": 94.79669263013972,
        "OSCR": 79.34000370668201,
        "AUPR": 94.81660699387821
    }
}