{
    "OA": 88.22451317296678,
    "AA": 77.4404100101703,
    "OOD": 92.797783933518,
    "NMI": 73.11422122593795,
    "H-score": 83.81377876762161,
    "H3-score": 79.91680307324785,
    "Recall-all": [
        95.0,
        94.64285714285714,
        85.9375,
        91.83673469387756,
        93.93939393939394,
        57.57575757575758,
        72.6027397260274,
        100.0,
        71.7948717948718,
        73.73737373737373,
        92.92929292929293,
        35.0,
        7.07070707070707,
        76.5625,
        97.61904761904762,
        92.797783933518
    ],
    "Closed Set Accuracy": {
        "OA": 87.54480286738351,
        "AA": 87.51941765652627,
        "Recall-all": [
            95.0,
            100.0,
            85.9375,
            91.83673469387756,
            94.94949494949495,
            88.88888888888889,
            91.78082191780823,
            100.0,
            76.92307692307693,
            76.76767676767676,
            92.92929292929293,
            52.5,
            77.77777777777779,
            87.5,
            100.0
        ]
    },
    "OSR Accuracy": {
        "TNR": 34.379809172052944,
        "AUROC": 90.74027188955851,
        "DTACC": 85.59730537435837,
        "AUIN": 86.84978370366213,
        "AUOUT": 94.57875464774843,
        "OSCR": 78.76553690079461,
        "AUPR": 94.59853331905185
    }
}