{
    "OA": 33.90392048591938,
    "AA": 39.4765589865862,
    "OOD": null,
    "NMI": null,
    "H-score": null,
    "H3-score": null,
    "Recall-all": [
        40.69767441860465,
        3.0303030303030303,
        67.1875,
        24.096385542168676,
        2.0202020202020203,
        34.61538461538461,
        36.25,
        39.726027397260275,
        8.823529411764707,
        3.0303030303030303,
        6.25,
        46.15384615384615,
        53.125,
        23.684210526315788,
        20.54794520547945,
        72.58064516129032,
        84.31372549019608,
        81.3953488372093,
        20.98765432098765,
        60.0,
        70.6896551724138,
        21.176470588235293,
        12.0,
        68.42105263157895,
        86.11111111111111
    ],
    "Closed Set Accuracy": {
        "OA": 77.58144671452236,
        "AA": 78.91997435158392,
        "Recall-all": [
            77.90697674418605,
            54.54545454545454,
            100.0,
            80.72289156626506,
            73.73737373737373,
            46.15384615384615,
            77.5,
            79.45205479452055,
            91.17647058823529,
            85.85858585858585,
            57.291666666666664,
            73.84615384615385,
            56.25,
            76.31578947368422,
            64.38356164383562,
            79.03225806451613,
            88.23529411764706,
            83.72093023255815,
            83.9506172839506,
            86.66666666666667,
            94.82758620689656,
            84.70588235294117,
            97.33333333333334,
            87.71929824561403,
            91.66666666666666
        ]
    },
    "OSR Accuracy": null
}