{
    "OA": 37.07462686567164,
    "AA": 44.259545622946334,
    "OOD": null,
    "NMI": null,
    "H-score": null,
    "H3-score": null,
    "Recall-all": [
        56.666666666666664,
        28.57142857142857,
        45.3125,
        4.081632653061225,
        8.080808080808081,
        25.252525252525253,
        45.20547945205479,
        82.6086956521739,
        33.33333333333333,
        33.33333333333333,
        7.07070707070707,
        65.0,
        25.252525252525253,
        53.125,
        71.42857142857143,
        29.268292682926827,
        72.91666666666666,
        10.0,
        78.04878048780488,
        62.0,
        87.5,
        95.0,
        17.17171717171717,
        16.161616161616163,
        54.09836065573771
    ],
    "Closed Set Accuracy": {
        "OA": 57.91044776119403,
        "AA": 62.89392948722451,
        "Recall-all": [
            80.0,
            87.5,
            78.125,
            42.857142857142854,
            46.464646464646464,
            44.44444444444444,
            50.68493150684932,
            97.82608695652173,
            51.28205128205128,
            42.42424242424242,
            48.484848484848484,
            72.5,
            36.36363636363637,
            60.9375,
            83.33333333333334,
            39.02439024390244,
            77.08333333333334,
            32.5,
            85.36585365853658,
            76.0,
            92.5,
            100.0,
            46.464646464646464,
            44.44444444444444,
            55.73770491803278
        ]
    },
    "OSR Accuracy": null
}