{
    "OA": 66.37594675235253,
    "AA": 65.78657402421607,
    "OOD": null,
    "NMI": null,
    "H-score": null,
    "H3-score": null,
    "Recall-all": [
        82.55813953488372,
        22.22222222222222,
        96.875,
        73.49397590361446,
        88.88888888888889,
        39.743589743589745,
        57.49999999999999,
        94.52054794520548,
        98.52941176470588,
        78.78787878787878,
        60.416666666666664,
        36.92307692307693,
        50.0,
        61.8421052631579,
        34.24657534246575,
        24.193548387096776,
        70.58823529411765,
        67.44186046511628,
        92.5925925925926,
        91.66666666666666,
        82.75862068965517,
        96.47058823529412,
        100.0,
        61.40350877192983,
        80.55555555555556,
        95.0,
        48.07692307692308,
        45.0,
        83.33333333333334,
        84.0,
        79.51807228915662,
        32.05128205128205,
        61.19402985074627,
        47.82608695652174,
        8.450704225352112,
        78.26086956521739,
        96.66666666666667,
        67.24137931034483,
        14.705882352941178,
        60.9375,
        33.33333333333333,
        58.82352941176471,
        43.07692307692308,
        50.847457627118644,
        38.80597014925373,
        92.3076923076923,
        79.24528301886792,
        71.21212121212122,
        86.66666666666667,
        56.09756097560976,
        93.5064935064935,
        72.54901960784314,
        21.21212121212121,
        83.11688311688312,
        89.77272727272727,
        87.3015873015873,
        24.691358024691358,
        62.96296296296296,
        74.57627118644068,
        89.02439024390245,
        82.35294117647058,
        23.88059701492537,
        77.77777777777779,
        52.83018867924528,
        83.6734693877551
    ],
    "Closed Set Accuracy": {
        "OA": 92.38007803534542,
        "AA": 91.87263778093828,
        "Recall-all": [
            97.67441860465115,
            100.0,
            100.0,
            97.59036144578313,
            100.0,
            58.97435897435898,
            83.75,
            98.63013698630137,
            100.0,
            98.98989898989899,
            100.0,
            83.07692307692308,
            68.75,
            96.05263157894737,
            97.26027397260275,
            79.03225806451613,
            74.50980392156863,
            74.4186046511628,
            100.0,
            98.33333333333333,
            98.27586206896551,
            100.0,
            100.0,
            87.71929824561403,
            86.11111111111111,
            100.0,
            86.53846153846155,
            96.66666666666667,
            100.0,
            98.66666666666667,
            97.59036144578313,
            96.15384615384616,
            94.02985074626866,
            95.65217391304348,
            46.478873239436616,
            91.30434782608695,
            98.33333333333333,
            98.27586206896551,
            77.94117647058823,
            93.75,
            80.0,
            89.70588235294117,
            84.61538461538461,
            81.35593220338984,
            89.55223880597015,
            100.0,
            98.11320754716981,
            90.9090909090909,
            96.0,
            97.5609756097561,
            96.1038961038961,
            92.15686274509804,
            86.36363636363636,
            100.0,
            98.86363636363636,
            96.82539682539682,
            80.24691358024691,
            96.29629629629629,
            100.0,
            98.78048780487805,
            96.47058823529412,
            92.53731343283582,
            93.82716049382715,
            84.90566037735849,
            100.0
        ]
    },
    "OSR Accuracy": null
}