{
    "OA": 38.15126050420168,
    "AA": 44.87435067640571,
    "OOD": null,
    "NMI": null,
    "H-score": null,
    "H3-score": null,
    "Recall-all": [
        43.037974683544306,
        11.11111111111111,
        62.903225806451616,
        97.67441860465115,
        100.0,
        11.29032258064516,
        80.85106382978722,
        17.28395061728395,
        28.39506172839506,
        66.07142857142857,
        30.303030303030305,
        46.15384615384615,
        1.0416666666666665,
        13.636363636363635,
        24.0,
        30.120481927710845,
        34.32835820895522,
        82.92682926829268,
        59.70149253731343,
        68.96551724137932,
        57.74647887323944,
        21.21212121212121,
        23.076923076923077,
        22.22222222222222,
        87.8048780487805
    ],
    "Closed Set Accuracy": {
        "OA": 59.38375350140056,
        "AA": 64.42305781840231,
        "Recall-all": [
            58.22784810126582,
            46.464646464646464,
            74.19354838709677,
            100.0,
            100.0,
            37.096774193548384,
            91.48936170212765,
            67.90123456790124,
            64.19753086419753,
            87.5,
            36.36363636363637,
            64.61538461538461,
            13.541666666666666,
            42.04545454545455,
            64.0,
            59.036144578313255,
            77.61194029850746,
            85.36585365853658,
            64.17910447761194,
            94.82758620689656,
            64.7887323943662,
            45.45454545454545,
            51.64835164835166,
            32.22222222222222,
            87.8048780487805
        ]
    },
    "OSR Accuracy": null
}