{
    "OA": 90.17796801081325,
    "AA": 79.83397880558769,
    "OOD": 95.0029744199881,
    "NMI": 87.77322909779603,
    "H-score": 86.15929197604775,
    "H3-score": 86.69197604695387,
    "Recall-all": [
        40.50632911392405,
        100.0,
        98.38709677419355,
        100.0,
        100.0,
        64.51612903225806,
        93.61702127659575,
        100.0,
        91.35802469135803,
        94.64285714285714,
        33.33333333333333,
        76.92307692307693,
        5.208333333333334,
        93.18181818181817,
        90.66666666666666,
        95.0029744199881
    ],
    "Closed Set Accuracy": {
        "OA": 89.04363974001856,
        "AA": 90.98766290619672,
        "Recall-all": [
            91.13924050632912,
            100.0,
            98.38709677419355,
            100.0,
            100.0,
            90.32258064516128,
            93.61702127659575,
            100.0,
            97.53086419753086,
            96.42857142857143,
            87.87878787878788,
            98.46153846153847,
            19.791666666666664,
            96.5909090909091,
            94.66666666666667
        ]
    },
    "OSR Accuracy": {
        "TNR": 32.59964306960143,
        "AUROC": 91.14404422799578,
        "DTACC": 87.27326606780574,
        "AUIN": 86.14870681325615,
        "AUOUT": 95.06617066220966,
        "OSCR": 80.6986655707988,
        "AUPR": 95.08474111776883
    }
}