{
    "OA": 34.621848739495796,
    "AA": 39.99108956017833,
    "OOD": null,
    "NMI": null,
    "H-score": null,
    "H3-score": null,
    "Recall-all": [
        36.708860759493675,
        13.131313131313133,
        62.903225806451616,
        90.69767441860465,
        77.27272727272727,
        17.741935483870968,
        76.59574468085107,
        0.0,
        19.753086419753085,
        50.0,
        18.181818181818183,
        43.07692307692308,
        23.958333333333336,
        28.40909090909091,
        20.0,
        34.93975903614458,
        4.477611940298507,
        65.85365853658537,
        35.82089552238806,
        70.6896551724138,
        45.07042253521127,
        16.161616161616163,
        32.967032967032964,
        30.0,
        85.36585365853658
    ],
    "Closed Set Accuracy": {
        "OA": 58.03921568627452,
        "AA": 62.35717028308089,
        "Recall-all": [
            40.50632911392405,
            46.464646464646464,
            87.09677419354838,
            95.34883720930233,
            100.0,
            27.419354838709676,
            82.97872340425532,
            77.77777777777779,
            59.25925925925925,
            91.07142857142857,
            24.242424242424242,
            52.307692307692314,
            39.58333333333333,
            46.590909090909086,
            65.33333333333333,
            59.036144578313255,
            80.59701492537313,
            68.29268292682927,
            64.17910447761194,
            75.86206896551724,
            70.4225352112676,
            48.484848484848484,
            36.26373626373626,
            34.44444444444444,
            85.36585365853658
        ]
    },
    "OSR Accuracy": null
}