{
    "OA": 91.53386454183267,
    "AA": 94.49256776975776,
    "OOD": 90.80904223676383,
    "NMI": 91.41674183522119,
    "H-score": 92.79026942577929,
    "H3-score": 92.32919394709931,
    "Recall-all": [
        100.0,
        98.98989898989899,
        100.0,
        100.0,
        100.0,
        67.74193548387096,
        91.48936170212765,
        100.0,
        97.53086419753086,
        92.85714285714286,
        90.80904223676383
    ],
    "Closed Set Accuracy": {
        "OA": 98.47094801223241,
        "AA": 98.23594119007068,
        "Recall-all": [
            100.0,
            100.0,
            100.0,
            100.0,
            100.0,
            93.54838709677419,
            93.61702127659575,
            100.0,
            98.76543209876543,
            96.42857142857143
        ]
    },
    "OSR Accuracy": {
        "TNR": 93.78346222486616,
        "AUROC": 98.29744017959312,
        "DTACC": 95.19326453054192,
        "AUIN": 94.66732925469451,
        "AUOUT": 99.51941518954911,
        "OSCR": 96.76729666155445,
        "AUPR": 99.53451472590756
    }
}