{
    "OA": 64.37915997245811,
    "AA": 63.43249327470556,
    "OOD": null,
    "NMI": null,
    "H-score": null,
    "H3-score": null,
    "Recall-all": [
        70.93023255813954,
        80.8080808080808,
        95.3125,
        59.036144578313255,
        61.61616161616161,
        46.15384615384615,
        66.25,
        94.52054794520548,
        92.64705882352942,
        82.82828282828282,
        35.41666666666667,
        47.69230769230769,
        18.75,
        61.8421052631579,
        75.34246575342466,
        56.451612903225815,
        68.62745098039215,
        55.81395348837209,
        80.24691358024691,
        63.33333333333333,
        86.20689655172413,
        96.47058823529412,
        56.00000000000001,
        59.64912280701754,
        77.77777777777779,
        93.33333333333333,
        28.846153846153843,
        43.333333333333336,
        72.22222222222221,
        66.66666666666666,
        91.56626506024097,
        75.64102564102564,
        76.11940298507463,
        26.08695652173913,
        22.535211267605636,
        56.52173913043478,
        91.66666666666666,
        62.06896551724138,
        29.411764705882355,
        42.1875,
        50.0,
        82.35294117647058,
        23.076923076923077,
        22.033898305084744,
        34.32835820895522,
        78.84615384615384,
        83.01886792452831,
        60.60606060606061,
        86.66666666666667,
        82.92682926829268,
        94.8051948051948,
        90.19607843137256,
        46.96969696969697,
        50.649350649350644,
        93.18181818181817,
        73.01587301587301,
        30.864197530864196,
        81.48148148148148,
        37.28813559322034,
        69.51219512195121,
        82.35294117647058,
        10.44776119402985,
        76.5432098765432,
        28.30188679245283,
        85.71428571428571
    ],
    "Closed Set Accuracy": {
        "OA": 89.28161579068166,
        "AA": 88.3800892498638,
        "Recall-all": [
            83.72093023255815,
            100.0,
            100.0,
            97.59036144578313,
            100.0,
            61.53846153846154,
            87.5,
            97.26027397260275,
            100.0,
            93.93939393939394,
            95.83333333333334,
            83.07692307692308,
            62.5,
            93.42105263157895,
            95.8904109589041,
            82.25806451612904,
            90.19607843137256,
            86.04651162790698,
            96.29629629629629,
            93.33333333333333,
            94.82758620689656,
            100.0,
            100.0,
            85.96491228070175,
            77.77777777777779,
            98.33333333333333,
            100.0,
            100.0,
            98.61111111111111,
            92.0,
            98.79518072289156,
            92.3076923076923,
            94.02985074626866,
            52.17391304347826,
            61.97183098591549,
            95.65217391304348,
            98.33333333333333,
            89.65517241379311,
            73.52941176470588,
            85.9375,
            90.0,
            95.58823529411765,
            76.92307692307693,
            54.23728813559322,
            65.67164179104478,
            100.0,
            96.22641509433963,
            90.9090909090909,
            96.0,
            97.5609756097561,
            100.0,
            96.07843137254902,
            80.3030303030303,
            96.1038961038961,
            98.86363636363636,
            90.47619047619048,
            82.71604938271605,
            94.44444444444444,
            93.22033898305084,
            96.34146341463415,
            100.0,
            44.776119402985074,
            90.12345679012346,
            33.9622641509434,
            93.87755102040816
        ]
    },
    "OSR Accuracy": null
}