{
    "OA": 93.27689243027888,
    "AA": 91.10567870109928,
    "OOD": 93.69422962522307,
    "NMI": 88.36713148203881,
    "H-score": 92.24805948295781,
    "H3-score": 90.91841124722593,
    "Recall-all": [
        91.13924050632912,
        100.0,
        98.38709677419355,
        100.0,
        100.0,
        32.25806451612903,
        95.74468085106383,
        100.0,
        96.29629629629629,
        94.64285714285714,
        93.69422962522307
    ],
    "Closed Set Accuracy": {
        "OA": 97.70642201834863,
        "AA": 97.65645805832277,
        "Recall-all": [
            98.73417721518987,
            100.0,
            98.38709677419355,
            100.0,
            100.0,
            85.48387096774194,
            100.0,
            100.0,
            97.53086419753086,
            96.42857142857143
        ]
    },
    "OSR Accuracy": {
        "TNR": 73.91433670434266,
        "AUROC": 96.04279344426918,
        "DTACC": 92.78234704477275,
        "AUIN": 91.28586215157635,
        "AUOUT": 98.68769769475378,
        "OSCR": 93.77850485821845,
        "AUPR": 98.70351290401219
    }
}