{
    "OA": 85.70446735395188,
    "AA": 72.71470104732455,
    "OOD": 90.92028316405047,
    "NMI": 76.53329585099468,
    "H-score": 80.04924958018637,
    "H3-score": 78.8432406781986,
    "Recall-all": [
        76.66666666666667,
        94.64285714285714,
        59.375,
        78.57142857142857,
        93.93939393939394,
        62.62626262626263,
        64.38356164383562,
        97.82608695652173,
        50.0,
        76.76767676767676,
        75.75757575757575,
        32.5,
        28.28282828282828,
        85.9375,
        95.23809523809523,
        90.92028316405047
    ],
    "Closed Set Accuracy": {
        "OA": 82.70609318996416,
        "AA": 82.41886145763347,
        "Recall-all": [
            91.66666666666666,
            96.42857142857143,
            65.625,
            83.6734693877551,
            96.96969696969697,
            85.85858585858585,
            76.71232876712328,
            100.0,
            57.692307692307686,
            90.9090909090909,
            82.82828282828282,
            47.5,
            73.73737373737373,
            89.0625,
            97.61904761904762
        ]
    },
    "OSR Accuracy": {
        "TNR": 29.609110495537085,
        "AUROC": 88.6464652481988,
        "DTACC": 82.9021833020582,
        "AUIN": 82.28420189832835,
        "AUOUT": 93.90318582254864,
        "OSCR": 72.72360340264629,
        "AUPR": 93.92125678403008
    }
}