{
    "OA": 93.57355978884554,
    "AA": 86.49901068157746,
    "OOD": 95.84654407102093,
    "NMI": 88.40739281486549,
    "H-score": 90.58715933240347,
    "H3-score": 89.85005373914422,
    "Recall-all": [
        100.0,
        100.0,
        100.0,
        98.79518072289156,
        100.0,
        64.1025641025641,
        73.75,
        97.26027397260275,
        100.0,
        100.0,
        96.875,
        38.46153846153847,
        39.0625,
        90.78947368421053,
        89.04109589041096,
        95.84654407102093
    ],
    "Closed Set Accuracy": {
        "OA": 97.0074812967581,
        "AA": 96.57596819162477,
        "Recall-all": [
            100.0,
            100.0,
            100.0,
            98.79518072289156,
            100.0,
            98.71794871794873,
            91.25,
            98.63013698630137,
            100.0,
            100.0,
            100.0,
            76.92307692307693,
            93.75,
            96.05263157894737,
            94.52054794520548
        ]
    },
    "OSR Accuracy": {
        "TNR": 88.07863031071655,
        "AUROC": 97.4913698632303,
        "DTACC": 92.84457689005134,
        "AUIN": 95.63350890121073,
        "AUOUT": 98.72674278076798,
        "OSCR": 94.4983372260535,
        "AUPR": 98.7429325946101
    }
}