{
    "OA": 38.71148459383754,
    "AA": 44.210700312815995,
    "OOD": null,
    "NMI": null,
    "H-score": null,
    "H3-score": null,
    "Recall-all": [
        39.24050632911392,
        11.11111111111111,
        53.2258064516129,
        97.67441860465115,
        100.0,
        48.38709677419355,
        87.2340425531915,
        22.22222222222222,
        33.33333333333333,
        67.85714285714286,
        23.232323232323232,
        43.07692307692308,
        2.083333333333333,
        34.090909090909086,
        16.0,
        32.53012048192771,
        29.850746268656714,
        19.51219512195122,
        52.23880597014925,
        65.51724137931035,
        54.929577464788736,
        22.22222222222222,
        29.67032967032967,
        32.22222222222222,
        87.8048780487805
    ],
    "Closed Set Accuracy": {
        "OA": 58.37535014005603,
        "AA": 62.36338950798264,
        "Recall-all": [
            58.22784810126582,
            50.505050505050505,
            64.51612903225806,
            100.0,
            100.0,
            56.451612903225815,
            89.36170212765957,
            61.72839506172839,
            61.72839506172839,
            89.28571428571429,
            36.36363636363637,
            64.61538461538461,
            17.708333333333336,
            50.0,
            62.66666666666667,
            49.39759036144578,
            73.13432835820896,
            31.70731707317073,
            68.65671641791045,
            87.93103448275862,
            64.7887323943662,
            47.474747474747474,
            47.25274725274725,
            37.77777777777778,
            87.8048780487805
        ]
    },
    "OSR Accuracy": null
}