{
    "OA": 87.9980079681275,
    "AA": 93.50961954990336,
    "OOD": 86.70434265318264,
    "NMI": 92.0731812267228,
    "H-score": 90.29185642666282,
    "H3-score": 90.87926154067061,
    "Recall-all": [
        98.73417721518987,
        97.97979797979798,
        90.32258064516128,
        100.0,
        100.0,
        82.25806451612904,
        89.36170212765957,
        100.0,
        97.53086419753086,
        85.71428571428571,
        86.70434265318264
    ],
    "Closed Set Accuracy": {
        "OA": 98.62385321100918,
        "AA": 98.47442515710648,
        "Recall-all": [
            100.0,
            98.98989898989899,
            100.0,
            100.0,
            100.0,
            98.38709677419355,
            95.74468085106383,
            100.0,
            98.76543209876543,
            92.85714285714286
        ]
    },
    "OSR Accuracy": {
        "TNR": 86.10945865556216,
        "AUROC": 97.16988940979141,
        "DTACC": 93.1283621406364,
        "AUIN": 91.20678665032383,
        "AUOUT": 99.28101652049598,
        "OSCR": 95.79533443577978,
        "AUPR": 99.29610231383819
    }
}