{
    "OA": 35.26170798898072,
    "AA": 47.862670022351885,
    "OOD": null,
    "NMI": null,
    "H-score": null,
    "H3-score": null,
    "Recall-all": [
        1.3513513513513513,
        53.65853658536586,
        92.5925925925926,
        37.5,
        16.0,
        15.151515151515152,
        67.5,
        75.75757575757575,
        100.0,
        0.0,
        15.942028985507244,
        40.0,
        43.18181818181818,
        52.5,
        60.0,
        65.21739130434783,
        66.66666666666666,
        0.0,
        95.23809523809523,
        42.22222222222222,
        100.0,
        41.30434782608695,
        0.0,
        80.0,
        34.78260869565217
    ],
    "Closed Set Accuracy": {
        "OA": 59.68778696051423,
        "AA": 64.7446979187226,
        "Recall-all": [
            68.91891891891892,
            82.92682926829268,
            92.5925925925926,
            80.0,
            40.0,
            28.28282828282828,
            70.0,
            93.93939393939394,
            100.0,
            67.10526315789474,
            46.3768115942029,
            40.0,
            50.0,
            72.5,
            67.5,
            65.21739130434783,
            66.66666666666666,
            11.11111111111111,
            95.23809523809523,
            42.22222222222222,
            100.0,
            47.82608695652174,
            58.88888888888889,
            90.0,
            41.30434782608695
        ]
    },
    "OSR Accuracy": null
}