{
    "OA": 56.70195990087857,
    "AA": 58.69791052709815,
    "OOD": null,
    "NMI": null,
    "H-score": null,
    "H3-score": null,
    "Recall-all": [
        13.924050632911392,
        82.82828282828282,
        93.54838709677419,
        27.906976744186046,
        70.45454545454545,
        74.19354838709677,
        29.78723404255319,
        90.12345679012346,
        72.8395061728395,
        30.357142857142854,
        35.35353535353536,
        3.076923076923077,
        52.083333333333336,
        75.0,
        17.333333333333336,
        74.69879518072288,
        97.01492537313433,
        0.0,
        16.417910447761194,
        70.6896551724138,
        85.91549295774648,
        40.4040404040404,
        8.791208791208792,
        14.444444444444443,
        75.60975609756098,
        98.50746268656717,
        98.24561403508771,
        73.33333333333333,
        95.83333333333334,
        24.242424242424242,
        90.2439024390244,
        92.5925925925926,
        14.14141414141414,
        75.0,
        44.89795918367347,
        20.833333333333336,
        96.875,
        65.85365853658537,
        15.053763440860216,
        100.0,
        94.28571428571428,
        95.74468085106383,
        65.0,
        52.5,
        0.0,
        18.181818181818183,
        39.53488372093023,
        76.74418604651163,
        98.30508474576271,
        98.27586206896551,
        93.93939393939394,
        92.5,
        53.06122448979592,
        41.30434782608695,
        73.73737373737373,
        88.37209302325581,
        30.303030303030305,
        89.36170212765957,
        86.66666666666667,
        98.27586206896551,
        97.61904761904762,
        2.2222222222222223,
        31.182795698924732,
        0.0,
        39.795918367346935
    ],
    "Closed Set Accuracy": {
        "OA": 87.99279116918225,
        "AA": 87.63899948868888,
        "Recall-all": [
            36.708860759493675,
            98.98989898989899,
            98.38709677419355,
            100.0,
            100.0,
            95.16129032258065,
            91.48936170212765,
            96.29629629629629,
            87.65432098765432,
            94.64285714285714,
            97.97979797979798,
            47.69230769230769,
            82.29166666666666,
            96.5909090909091,
            100.0,
            89.1566265060241,
            100.0,
            21.951219512195124,
            74.6268656716418,
            98.27586206896551,
            94.36619718309859,
            96.96969696969697,
            83.51648351648352,
            62.22222222222222,
            90.2439024390244,
            100.0,
            98.24561403508771,
            98.88888888888889,
            100.0,
            97.97979797979798,
            100.0,
            94.44444444444444,
            94.94949494949495,
            80.35714285714286,
            70.40816326530613,
            93.05555555555556,
            98.95833333333334,
            82.92682926829268,
            87.09677419354838,
            100.0,
            100.0,
            100.0,
            78.33333333333333,
            90.0,
            44.73684210526316,
            100.0,
            93.02325581395348,
            90.69767441860465,
            100.0,
            100.0,
            100.0,
            97.5,
            79.59183673469387,
            100.0,
            92.92929292929293,
            88.37209302325581,
            60.60606060606061,
            97.87234042553192,
            98.33333333333333,
            98.27586206896551,
            100.0,
            40.0,
            90.32258064516128,
            31.57894736842105,
            91.83673469387756
        ]
    },
    "OSR Accuracy": null
}