{
    "OA": 91.86753773372381,
    "AA": 87.95687815116626,
    "OOD": 93.54550862581796,
    "NMI": 89.31116183186258,
    "H-score": 90.46631092636518,
    "H3-score": 90.07928620003847,
    "Recall-all": [
        84.81012658227847,
        100.0,
        98.38709677419355,
        100.0,
        100.0,
        96.7741935483871,
        97.87234042553192,
        100.0,
        90.12345679012346,
        73.21428571428571,
        90.9090909090909,
        49.23076923076923,
        44.79166666666667,
        94.31818181818183,
        93.33333333333333,
        93.54550862581796
    ],
    "Closed Set Accuracy": {
        "OA": 95.91457753017642,
        "AA": 96.29692406359074,
        "Recall-all": [
            100.0,
            100.0,
            100.0,
            100.0,
            100.0,
            100.0,
            100.0,
            100.0,
            96.29629629629629,
            98.21428571428571,
            95.95959595959596,
            76.92307692307693,
            83.33333333333334,
            97.72727272727273,
            96.0
        ]
    },
    "OSR Accuracy": {
        "TNR": 76.05591909577633,
        "AUROC": 95.29793083106453,
        "DTACC": 90.68401717375419,
        "AUIN": 91.66219296204744,
        "AUOUT": 97.55177464456838,
        "OSCR": 91.2123978906752,
        "AUPR": 97.56814201244879
    }
}