{
    "OA": 87.26823238566132,
    "AA": 77.23669527617865,
    "OOD": 93.34916864608076,
    "NMI": 76.23072295993096,
    "H-score": 83.88408578298205,
    "H3-score": 81.16906097231842,
    "Recall-all": [
        95.94594594594594,
        97.5609756097561,
        92.5925925925926,
        97.5,
        88.0,
        31.313131313131315,
        72.5,
        96.96969696969697,
        100.0,
        90.78947368421053,
        76.81159420289855,
        72.0,
        20.454545454545457,
        47.5,
        62.5,
        93.34916864608076
    ],
    "Closed Set Accuracy": {
        "OA": 93.80888290713324,
        "AA": 92.58902731869934,
        "Recall-all": [
            100.0,
            100.0,
            92.5925925925926,
            97.5,
            100.0,
            94.94949494949495,
            82.5,
            100.0,
            100.0,
            97.36842105263158,
            95.65217391304348,
            76.0,
            77.27272727272727,
            87.5,
            87.5
        ]
    },
    "OSR Accuracy": {
        "TNR": 42.517814726840854,
        "AUROC": 90.35742943641846,
        "DTACC": 84.43281394360028,
        "AUIN": 85.59566945466945,
        "AUOUT": 93.94430560773839,
        "OSCR": 84.25274853502017,
        "AUPR": 93.97932365878548
    }
}