{
    "OA": 74.70736745467065,
    "AA": 73.27371674166201,
    "OOD": null,
    "NMI": null,
    "H-score": null,
    "H3-score": null,
    "Recall-all": [
        94.18604651162791,
        97.97979797979798,
        92.1875,
        68.67469879518072,
        76.76767676767676,
        55.12820512820513,
        70.0,
        94.52054794520548,
        91.17647058823529,
        93.93939393939394,
        84.375,
        4.615384615384616,
        14.0625,
        61.8421052631579,
        50.68493150684932,
        12.903225806451612,
        88.23529411764706,
        9.30232558139535,
        93.82716049382715,
        90.0,
        77.58620689655173,
        97.6470588235294,
        100.0,
        71.9298245614035,
        47.22222222222222,
        98.33333333333333,
        84.61538461538461,
        95.0,
        88.88888888888889,
        88.0,
        96.3855421686747,
        57.692307692307686,
        91.04477611940298,
        69.56521739130434,
        50.70422535211267,
        76.08695652173914,
        95.0,
        79.3103448275862,
        77.94117647058823,
        79.6875,
        76.66666666666667,
        63.23529411764706,
        83.07692307692308,
        54.23728813559322,
        28.35820895522388,
        94.23076923076923,
        66.0377358490566,
        84.84848484848484,
        84.0,
        95.1219512195122,
        89.6103896103896,
        78.43137254901961,
        15.151515151515152,
        35.064935064935064,
        96.5909090909091,
        88.88888888888889,
        87.65432098765432,
        74.07407407407408,
        47.45762711864407,
        98.78048780487805,
        80.0,
        80.59701492537313,
        90.12345679012346,
        32.075471698113205,
        71.42857142857143
    ],
    "Closed Set Accuracy": {
        "OA": 90.22263025017214,
        "AA": 89.03477523837711,
        "Recall-all": [
            100.0,
            100.0,
            100.0,
            96.3855421686747,
            100.0,
            67.94871794871796,
            86.25,
            98.63013698630137,
            100.0,
            100.0,
            100.0,
            40.0,
            34.375,
            93.42105263157895,
            91.78082191780823,
            66.12903225806451,
            94.11764705882352,
            39.53488372093023,
            100.0,
            96.66666666666667,
            98.27586206896551,
            100.0,
            100.0,
            85.96491228070175,
            66.66666666666666,
            98.33333333333333,
            92.3076923076923,
            98.33333333333333,
            97.22222222222221,
            93.33333333333333,
            98.79518072289156,
            94.87179487179486,
            95.52238805970148,
            78.26086956521739,
            57.74647887323944,
            93.47826086956522,
            96.66666666666667,
            94.82758620689656,
            92.64705882352942,
            89.0625,
            86.66666666666667,
            86.76470588235294,
            86.15384615384616,
            89.83050847457628,
            86.56716417910447,
            100.0,
            77.35849056603774,
            90.9090909090909,
            94.66666666666667,
            100.0,
            97.40259740259741,
            94.11764705882352,
            60.60606060606061,
            97.40259740259741,
            100.0,
            98.4126984126984,
            95.06172839506173,
            94.44444444444444,
            96.61016949152543,
            100.0,
            90.58823529411765,
            95.52238805970148,
            97.53086419753086,
            47.16981132075472,
            95.91836734693877
        ]
    },
    "OSR Accuracy": null
}