{
    "OA": 47.54279403644395,
    "AA": 53.007852078189075,
    "OOD": null,
    "NMI": null,
    "H-score": null,
    "H3-score": null,
    "Recall-all": [
        53.48837209302325,
        5.05050505050505,
        92.1875,
        36.144578313253014,
        6.0606060606060606,
        46.15384615384615,
        62.5,
        87.67123287671232,
        79.41176470588235,
        1.0101010101010102,
        5.208333333333334,
        3.076923076923077,
        35.9375,
        56.57894736842105,
        50.68493150684932,
        75.80645161290323,
        90.19607843137256,
        86.04651162790698,
        46.913580246913575,
        73.33333333333333,
        81.03448275862068,
        38.82352941176471,
        36.0,
        84.21052631578947,
        91.66666666666666
    ],
    "Closed Set Accuracy": {
        "OA": 82.99282164549973,
        "AA": 82.96532594534882,
        "Recall-all": [
            76.74418604651163,
            89.8989898989899,
            98.4375,
            87.95180722891565,
            78.78787878787878,
            48.717948717948715,
            80.0,
            94.52054794520548,
            100.0,
            92.92929292929293,
            78.125,
            4.615384615384616,
            43.75,
            90.78947368421053,
            94.52054794520548,
            83.87096774193549,
            96.07843137254902,
            86.04651162790698,
            90.12345679012346,
            90.0,
            93.10344827586206,
            98.82352941176471,
            98.66666666666667,
            85.96491228070175,
            91.66666666666666
        ]
    },
    "OSR Accuracy": null
}