{
    "OA": 87.18877320054324,
    "AA": 86.08894236669742,
    "OOD": 89.25178147268409,
    "NMI": 74.85644627490359,
    "H-score": 87.47714128837308,
    "H3-score": 82.8238560345395,
    "Recall-all": [
        91.8918918918919,
        95.1219512195122,
        92.5925925925926,
        95.0,
        97.33333333333334,
        34.34343434343434,
        65.0,
        96.96969696969697,
        100.0,
        89.47368421052632,
        89.25178147268409
    ],
    "Closed Set Accuracy": {
        "OA": 94.85714285714286,
        "AA": 95.75090217420126,
        "Recall-all": [
            98.64864864864865,
            97.5609756097561,
            92.5925925925926,
            100.0,
            100.0,
            83.83838383838383,
            87.5,
            100.0,
            100.0,
            97.36842105263158
        ]
    },
    "OSR Accuracy": {
        "TNR": 38.12351543942994,
        "AUROC": 90.08709422011084,
        "DTACC": 85.13177242393395,
        "AUIN": 82.9181131146057,
        "AUOUT": 94.62185390634204,
        "OSCR": 85.07612261056431,
        "AUPR": 94.66075366804301
    }
}