{
    "OA": 91.50709619283623,
    "AA": 90.25600918416671,
    "OOD": 91.96906603212373,
    "NMI": 92.19801854502776,
    "H-score": 91.04576859958043,
    "H3-score": 91.42797465370145,
    "Recall-all": [
        100.0,
        98.98989898989899,
        91.93548387096774,
        100.0,
        100.0,
        77.41935483870968,
        89.36170212765957,
        100.0,
        97.53086419753086,
        80.35714285714286,
        84.84848484848484,
        66.15384615384615,
        79.16666666666666,
        86.36363636363636,
        100.0,
        91.96906603212373
    ],
    "Closed Set Accuracy": {
        "OA": 96.65738161559888,
        "AA": 96.870411770387,
        "Recall-all": [
            100.0,
            98.98989898989899,
            100.0,
            100.0,
            100.0,
            93.54838709677419,
            93.61702127659575,
            100.0,
            97.53086419753086,
            96.42857142857143,
            90.9090909090909,
            95.38461538461539,
            96.875,
            89.77272727272727,
            100.0
        ]
    },
    "OSR Accuracy": {
        "TNR": 84.77096966091612,
        "AUROC": 96.72092980865946,
        "DTACC": 91.65793949195691,
        "AUIN": 92.53360611467846,
        "AUOUT": 98.72153769936732,
        "OSCR": 93.39107077462498,
        "AUPR": 98.73670918668861
    }
}