{
    "OA": 34.43526170798898,
    "AA": 47.29996264856901,
    "OOD": null,
    "NMI": null,
    "H-score": null,
    "H3-score": null,
    "Recall-all": [
        0.0,
        53.65853658536586,
        92.5925925925926,
        32.5,
        14.666666666666666,
        10.1010101010101,
        65.0,
        69.6969696969697,
        100.0,
        1.3157894736842104,
        17.391304347826086,
        36.0,
        45.45454545454545,
        55.00000000000001,
        60.0,
        56.52173913043478,
        73.33333333333333,
        0.0,
        100.0,
        44.44444444444444,
        90.9090909090909,
        36.95652173913043,
        0.0,
        90.0,
        36.95652173913043
    ],
    "Closed Set Accuracy": {
        "OA": 66.66666666666666,
        "AA": 70.56293282083983,
        "Recall-all": [
            75.67567567567568,
            95.1219512195122,
            92.5925925925926,
            87.5,
            56.00000000000001,
            30.303030303030305,
            80.0,
            84.84848484848484,
            100.0,
            60.526315789473685,
            53.62318840579711,
            40.0,
            54.54545454545454,
            77.5,
            75.0,
            56.52173913043478,
            80.0,
            5.555555555555555,
            100.0,
            82.22222222222221,
            90.9090909090909,
            84.78260869565217,
            68.88888888888889,
            95.0,
            36.95652173913043
        ]
    },
    "OSR Accuracy": null
}