{
    "OA": 88.7699203187251,
    "AA": 88.07582222933222,
    "OOD": 89.20285544318858,
    "NMI": 88.90645721697102,
    "H-score": 88.5781496129873,
    "H3-score": 88.68864990982726,
    "Recall-all": [
        16.455696202531644,
        100.0,
        96.7741935483871,
        100.0,
        100.0,
        95.16129032258065,
        89.36170212765957,
        100.0,
        92.5925925925926,
        89.28571428571429,
        89.20285544318858
    ],
    "Closed Set Accuracy": {
        "OA": 95.565749235474,
        "AA": 95.90654496384582,
        "Recall-all": [
            75.9493670886076,
            100.0,
            98.38709677419355,
            100.0,
            100.0,
            98.38709677419355,
            93.61702127659575,
            100.0,
            96.29629629629629,
            96.42857142857143
        ]
    },
    "OSR Accuracy": {
        "TNR": 52.468768590124924,
        "AUROC": 93.35162556145589,
        "DTACC": 89.30850647732255,
        "AUIN": 87.32501578372803,
        "AUOUT": 97.89656824503321,
        "OSCR": 90.40146938166613,
        "AUPR": 97.91224976002786
    }
}