{
    "OA": 59.23800780353454,
    "AA": 59.5494392124456,
    "OOD": null,
    "NMI": null,
    "H-score": null,
    "H3-score": null,
    "Recall-all": [
        54.65116279069767,
        85.85858585858585,
        93.75,
        32.53012048192771,
        59.59595959595959,
        10.256410256410255,
        56.25,
        91.78082191780823,
        94.11764705882352,
        66.66666666666666,
        35.41666666666667,
        24.615384615384617,
        6.25,
        30.263157894736842,
        75.34246575342466,
        77.41935483870968,
        66.66666666666666,
        48.837209302325576,
        45.67901234567901,
        28.333333333333332,
        87.93103448275862,
        74.11764705882354,
        8.0,
        40.35087719298245,
        77.77777777777779,
        90.0,
        84.61538461538461,
        61.66666666666667,
        91.66666666666666,
        68.0,
        79.51807228915662,
        51.28205128205128,
        28.35820895522388,
        43.47826086956522,
        22.535211267605636,
        93.47826086956522,
        91.66666666666666,
        68.96551724137932,
        35.294117647058826,
        46.875,
        50.0,
        86.76470588235294,
        75.38461538461539,
        57.6271186440678,
        8.955223880597014,
        84.61538461538461,
        84.90566037735849,
        51.515151515151516,
        76.0,
        75.60975609756098,
        93.5064935064935,
        82.35294117647058,
        28.78787878787879,
        57.14285714285714,
        89.77272727272727,
        69.84126984126983,
        75.30864197530865,
        51.85185185185185,
        33.89830508474576,
        48.78048780487805,
        84.70588235294117,
        32.83582089552239,
        35.80246913580247,
        15.09433962264151,
        89.79591836734694
    ],
    "Closed Set Accuracy": {
        "OA": 87.3995868717007,
        "AA": 86.83204630161663,
        "Recall-all": [
            97.67441860465115,
            100.0,
            98.4375,
            90.36144578313254,
            82.82828282828282,
            51.28205128205128,
            83.75,
            95.8904109589041,
            100.0,
            87.87878787878788,
            96.875,
            81.53846153846153,
            31.25,
            90.78947368421053,
            98.63013698630137,
            91.93548387096774,
            66.66666666666666,
            76.74418604651163,
            93.82716049382715,
            58.333333333333336,
            98.27586206896551,
            95.29411764705881,
            74.66666666666667,
            84.21052631578947,
            91.66666666666666,
            95.0,
            98.07692307692307,
            100.0,
            100.0,
            86.66666666666667,
            100.0,
            96.15384615384616,
            55.223880597014926,
            73.91304347826086,
            38.028169014084504,
            97.82608695652173,
            98.33333333333333,
            89.65517241379311,
            75.0,
            75.0,
            80.0,
            98.52941176470588,
            92.3076923076923,
            88.13559322033898,
            52.23880597014925,
            96.15384615384616,
            98.11320754716981,
            81.81818181818183,
            94.66666666666667,
            95.1219512195122,
            100.0,
            98.0392156862745,
            81.81818181818183,
            98.7012987012987,
            100.0,
            88.88888888888889,
            96.29629629629629,
            90.74074074074075,
            91.52542372881356,
            100.0,
            98.82352941176471,
            91.04477611940298,
            86.41975308641975,
            49.056603773584904,
            97.95918367346938
        ]
    },
    "OSR Accuracy": null
}