{
    "OA": 85.92123132639203,
    "AA": 79.96373000859425,
    "OOD": 90.02375296912113,
    "NMI": 77.4439747601128,
    "H-score": 84.12790421733123,
    "H3-score": 81.77663764595609,
    "Recall-all": [
        83.78378378378379,
        80.48780487804879,
        88.88888888888889,
        100.0,
        80.0,
        28.28282828282828,
        80.0,
        81.81818181818183,
        90.0,
        76.31578947368422,
        90.02375296912113
    ],
    "Closed Set Accuracy": {
        "OA": 92.38095238095238,
        "AA": 93.14509683566166,
        "Recall-all": [
            95.94594594594594,
            90.2439024390244,
            92.5925925925926,
            100.0,
            92.0,
            86.86868686868688,
            92.5,
            87.87878787878788,
            100.0,
            93.42105263157895
        ]
    },
    "OSR Accuracy": {
        "TNR": 40.43942992874109,
        "AUROC": 89.15292387738944,
        "DTACC": 84.2853184028956,
        "AUIN": 79.65952729194548,
        "AUOUT": 94.7773847062049,
        "OSCR": 82.09642574369404,
        "AUPR": 94.812695355811
    }
}