{
    "OA": 84.46641944787804,
    "AA": 70.56505528807125,
    "OOD": 92.63657957244655,
    "NMI": 76.5984072615987,
    "H-score": 79.15104397686845,
    "H3-score": 78.2828022951398,
    "Recall-all": [
        89.1891891891892,
        78.04878048780488,
        85.18518518518519,
        92.5,
        74.66666666666667,
        28.28282828282828,
        75.0,
        81.81818181818183,
        90.0,
        64.47368421052632,
        84.05797101449275,
        80.0,
        18.181818181818183,
        52.5,
        42.5,
        92.63657957244655
    ],
    "Closed Set Accuracy": {
        "OA": 88.82907133243607,
        "AA": 88.61502997752183,
        "Recall-all": [
            98.64864864864865,
            95.1219512195122,
            96.29629629629629,
            97.5,
            89.33333333333333,
            90.9090909090909,
            95.0,
            87.87878787878788,
            100.0,
            88.1578947368421,
            95.65217391304348,
            92.0,
            47.72727272727273,
            70.0,
            85.0
        ]
    },
    "OSR Accuracy": {
        "TNR": 42.517814726840854,
        "AUROC": 89.78878079813812,
        "DTACC": 83.54575403688584,
        "AUIN": 83.42698431899792,
        "AUOUT": 93.95367606966754,
        "OSCR": 78.98086015799083,
        "AUPR": 93.98733165589701
    }
}