{
    "OA": 23.96694214876033,
    "AA": 32.36528141167757,
    "OOD": null,
    "NMI": null,
    "H-score": null,
    "H3-score": null,
    "Recall-all": [
        10.81081081081081,
        31.70731707317073,
        59.25925925925925,
        27.500000000000004,
        17.333333333333336,
        8.080808080808081,
        35.0,
        27.27272727272727,
        70.0,
        2.631578947368421,
        14.492753623188406,
        40.0,
        0.0,
        22.5,
        25.0,
        52.17391304347826,
        46.666666666666664,
        38.88888888888889,
        52.38095238095239,
        22.22222222222222,
        68.18181818181817,
        32.608695652173914,
        13.333333333333334,
        65.0,
        26.08695652173913
    ],
    "Closed Set Accuracy": {
        "OA": 40.58769513314967,
        "AA": 47.4649789050682,
        "Recall-all": [
            35.13513513513514,
            46.34146341463415,
            81.48148148148148,
            47.5,
            34.66666666666667,
            25.252525252525253,
            60.0,
            72.72727272727273,
            75.0,
            48.68421052631579,
            24.637681159420293,
            56.00000000000001,
            2.272727272727273,
            42.5,
            55.00000000000001,
            52.17391304347826,
            60.0,
            38.88888888888889,
            52.38095238095239,
            24.444444444444443,
            90.9090909090909,
            36.95652173913043,
            18.88888888888889,
            70.0,
            34.78260869565217
        ]
    },
    "OSR Accuracy": null
}