{
    "OA": 25.987144168962352,
    "AA": 33.931023319919895,
    "OOD": null,
    "NMI": null,
    "H-score": null,
    "H3-score": null,
    "Recall-all": [
        6.756756756756757,
        29.268292682926827,
        48.148148148148145,
        27.500000000000004,
        17.333333333333336,
        10.1010101010101,
        32.5,
        48.484848484848484,
        60.0,
        15.789473684210526,
        17.391304347826086,
        44.0,
        2.272727272727273,
        27.500000000000004,
        30.0,
        52.17391304347826,
        46.666666666666664,
        22.22222222222222,
        66.66666666666666,
        22.22222222222222,
        72.72727272727273,
        32.608695652173914,
        13.333333333333334,
        70.0,
        32.608695652173914
    ],
    "Closed Set Accuracy": {
        "OA": 40.12855831037649,
        "AA": 47.08355928696052,
        "Recall-all": [
            39.189189189189186,
            48.78048780487805,
            77.77777777777779,
            45.0,
            33.33333333333333,
            16.161616161616163,
            50.0,
            72.72727272727273,
            70.0,
            53.94736842105263,
            21.73913043478261,
            52.0,
            9.090909090909092,
            42.5,
            45.0,
            56.52173913043478,
            53.333333333333336,
            38.88888888888889,
            66.66666666666666,
            22.22222222222222,
            86.36363636363636,
            43.47826086956522,
            18.88888888888889,
            70.0,
            43.47826086956522
        ]
    },
    "OSR Accuracy": null
}