{
    "OA": 90.6100928948029,
    "AA": 91.86145389901162,
    "OOD": 90.1712111604312,
    "NMI": 88.65855601190731,
    "H-score": 91.09085832801243,
    "H3-score": 90.26672412034155,
    "Recall-all": [
        100.0,
        98.98989898989899,
        100.0,
        97.59036144578313,
        100.0,
        65.38461538461539,
        67.5,
        95.8904109589041,
        100.0,
        94.94949494949495,
        90.1712111604312
    ],
    "Closed Set Accuracy": {
        "OA": 98.19059107358264,
        "AA": 98.11884471500333,
        "Recall-all": [
            100.0,
            100.0,
            100.0,
            97.59036144578313,
            100.0,
            98.71794871794873,
            86.25,
            98.63013698630137,
            100.0,
            100.0
        ]
    },
    "OSR Accuracy": {
        "TNR": 86.87381103360812,
        "AUROC": 96.88633270941682,
        "DTACC": 91.4726202122948,
        "AUIN": 90.6881716640125,
        "AUOUT": 98.95970698622472,
        "OSCR": 95.08099696098951,
        "AUPR": 98.9759212281694
    }
}