{
    "OA": 34.897846493649915,
    "AA": 39.35030572775572,
    "OOD": null,
    "NMI": null,
    "H-score": null,
    "H3-score": null,
    "Recall-all": [
        22.093023255813954,
        3.0303030303030303,
        31.25,
        14.457831325301203,
        20.2020202020202,
        46.15384615384615,
        40.0,
        36.986301369863014,
        16.176470588235293,
        14.14141414141414,
        15.625,
        47.69230769230769,
        56.25,
        32.89473684210527,
        41.0958904109589,
        66.12903225806451,
        68.62745098039215,
        79.06976744186046,
        49.382716049382715,
        45.0,
        53.44827586206896,
        11.76470588235294,
        16.0,
        70.17543859649122,
        86.11111111111111
    ],
    "Closed Set Accuracy": {
        "OA": 69.5748205411375,
        "AA": 72.04689489782389,
        "Recall-all": [
            61.627906976744185,
            62.62626262626263,
            90.625,
            74.69879518072288,
            54.54545454545454,
            53.84615384615385,
            58.75,
            82.1917808219178,
            88.23529411764706,
            51.515151515151516,
            45.83333333333333,
            72.3076923076923,
            68.75,
            64.47368421052632,
            79.45205479452055,
            85.48387096774194,
            68.62745098039215,
            88.37209302325581,
            67.90123456790124,
            83.33333333333334,
            93.10344827586206,
            61.1764705882353,
            65.33333333333333,
            89.47368421052632,
            88.88888888888889
        ]
    },
    "OSR Accuracy": null
}