{
    "OA": 29.61194029850746,
    "AA": 33.117623685886024,
    "OOD": null,
    "NMI": null,
    "H-score": null,
    "H3-score": null,
    "Recall-all": [
        40.0,
        42.857142857142854,
        31.25,
        24.489795918367346,
        17.17171717171717,
        13.131313131313133,
        30.136986301369863,
        45.65217391304348,
        24.358974358974358,
        22.22222222222222,
        20.2020202020202,
        45.0,
        24.242424242424242,
        32.8125,
        47.61904761904761,
        39.02439024390244,
        50.0,
        17.5,
        43.90243902439025,
        42.0,
        62.5,
        32.5,
        15.151515151515152,
        23.232323232323232,
        40.98360655737705
    ],
    "Closed Set Accuracy": {
        "OA": 42.68656716417911,
        "AA": 48.19486788394339,
        "Recall-all": [
            51.66666666666667,
            64.28571428571429,
            42.1875,
            35.714285714285715,
            42.42424242424242,
            18.181818181818183,
            35.61643835616438,
            76.08695652173914,
            38.46153846153847,
            29.292929292929294,
            27.27272727272727,
            55.00000000000001,
            29.292929292929294,
            51.5625,
            83.33333333333334,
            48.78048780487805,
            64.58333333333334,
            25.0,
            70.73170731707317,
            50.0,
            85.0,
            85.0,
            20.2020202020202,
            29.292929292929294,
            45.90163934426229
        ]
    },
    "OSR Accuracy": null
}