{
    "OA": 90.70461326600872,
    "AA": 81.63000036110164,
    "OOD": 94.13443246670894,
    "NMI": 84.83264723592833,
    "H-score": 86.9564070888773,
    "H3-score": 86.23809975438246,
    "Recall-all": [
        93.02325581395348,
        100.0,
        100.0,
        92.7710843373494,
        74.74747474747475,
        46.15384615384615,
        72.5,
        100.0,
        100.0,
        86.86868686868688,
        84.375,
        46.15384615384615,
        31.25,
        86.8421052631579,
        97.26027397260275,
        94.13443246670894
    ],
    "Closed Set Accuracy": {
        "OA": 92.35245220282626,
        "AA": 91.58784589058529,
        "Recall-all": [
            98.83720930232558,
            100.0,
            100.0,
            95.18072289156626,
            90.9090909090909,
            84.61538461538461,
            88.75,
            100.0,
            100.0,
            96.96969696969697,
            97.91666666666666,
            73.84615384615385,
            54.6875,
            92.10526315789474,
            100.0
        ]
    },
    "OSR Accuracy": {
        "TNR": 56.2143310082435,
        "AUROC": 93.89723218902647,
        "DTACC": 89.15880084190286,
        "AUIN": 90.46339106150202,
        "AUOUT": 96.46665570288702,
        "OSCR": 86.3350764918187,
        "AUPR": 96.48384634912387
    }
}