{
    "OA": 35.720844811753906,
    "AA": 48.97328196274113,
    "OOD": null,
    "NMI": null,
    "H-score": null,
    "H3-score": null,
    "Recall-all": [
        13.513513513513514,
        51.21951219512195,
        92.5925925925926,
        45.0,
        14.666666666666666,
        21.21212121212121,
        55.00000000000001,
        63.63636363636363,
        100.0,
        0.0,
        26.08695652173913,
        64.0,
        38.63636363636363,
        40.0,
        42.5,
        56.52173913043478,
        66.66666666666666,
        66.66666666666666,
        95.23809523809523,
        31.11111111111111,
        90.9090909090909,
        21.73913043478261,
        1.1111111111111112,
        85.0,
        41.30434782608695
    ],
    "Closed Set Accuracy": {
        "OA": 64.83011937557393,
        "AA": 71.82888222252402,
        "Recall-all": [
            55.4054054054054,
            80.48780487804879,
            92.5925925925926,
            75.0,
            46.666666666666664,
            25.252525252525253,
            72.5,
            96.96969696969697,
            100.0,
            73.68421052631578,
            49.275362318840585,
            64.0,
            40.909090909090914,
            60.0,
            72.5,
            60.86956521739131,
            66.66666666666666,
            66.66666666666666,
            100.0,
            84.44444444444444,
            95.45454545454545,
            89.13043478260869,
            53.333333333333336,
            100.0,
            73.91304347826086
        ]
    },
    "OSR Accuracy": null
}