{
    "OA": 86.02337726933598,
    "AA": 85.31889921385533,
    "OOD": 86.67282240689444,
    "NMI": 75.13896090025864,
    "H-score": 85.92121144996528,
    "H3-score": 82.0003031922689,
    "Recall-all": [
        96.66666666666667,
        94.64285714285714,
        85.9375,
        92.85714285714286,
        94.94949494949495,
        45.45454545454545,
        67.12328767123287,
        100.0,
        97.43589743589743,
        76.76767676767676,
        86.67282240689444
    ],
    "Closed Set Accuracy": {
        "OA": 91.06217616580311,
        "AA": 92.03344783206575,
        "Recall-all": [
            96.66666666666667,
            96.42857142857143,
            85.9375,
            93.87755102040816,
            96.96969696969697,
            70.70707070707071,
            93.15068493150685,
            100.0,
            98.71794871794873,
            87.87878787878788
        ]
    },
    "OSR Accuracy": {
        "TNR": 50.230840258541086,
        "AUROC": 92.27091795482707,
        "DTACC": 87.49563436816749,
        "AUIN": 87.14622473393328,
        "AUOUT": 97.03669699918892,
        "OSCR": 83.70341531950027,
        "AUPR": 97.0550498314229
    }
}