{
    "OA": 32.69054178145087,
    "AA": 45.954773743596654,
    "OOD": null,
    "NMI": null,
    "H-score": null,
    "H3-score": null,
    "Recall-all": [
        0.0,
        58.536585365853654,
        81.48148148148148,
        60.0,
        5.333333333333334,
        17.17171717171717,
        52.5,
        63.63636363636363,
        75.0,
        0.0,
        13.043478260869565,
        60.0,
        27.27272727272727,
        37.5,
        47.5,
        52.17391304347826,
        73.33333333333333,
        61.111111111111114,
        71.42857142857143,
        31.11111111111111,
        86.36363636363636,
        32.608695652173914,
        1.1111111111111112,
        95.0,
        45.65217391304348
    ],
    "Closed Set Accuracy": {
        "OA": 64.2791551882461,
        "AA": 70.67486874950849,
        "Recall-all": [
            74.32432432432432,
            65.85365853658537,
            85.18518518518519,
            87.5,
            52.0,
            30.303030303030305,
            75.0,
            78.78787878787878,
            85.0,
            67.10526315789474,
            53.62318840579711,
            64.0,
            29.545454545454547,
            80.0,
            77.5,
            65.21739130434783,
            80.0,
            66.66666666666666,
            90.47619047619048,
            82.22222222222221,
            90.9090909090909,
            91.30434782608695,
            40.0,
            100.0,
            54.347826086956516
        ]
    },
    "OSR Accuracy": null
}