{
    "OA": 37.19402985074627,
    "AA": 43.052791079286195,
    "OOD": null,
    "NMI": null,
    "H-score": null,
    "H3-score": null,
    "Recall-all": [
        50.0,
        57.14285714285714,
        40.625,
        12.244897959183673,
        18.181818181818183,
        27.27272727272727,
        46.57534246575342,
        67.3913043478261,
        34.61538461538461,
        29.292929292929294,
        0.0,
        7.5,
        35.35353535353536,
        28.125,
        73.80952380952381,
        46.34146341463415,
        68.75,
        20.0,
        70.73170731707317,
        70.0,
        85.0,
        95.0,
        23.232323232323232,
        23.232323232323232,
        45.90163934426229
    ],
    "Closed Set Accuracy": {
        "OA": 55.701492537313435,
        "AA": 59.720263749904376,
        "Recall-all": [
            61.66666666666667,
            82.14285714285714,
            46.875,
            50.0,
            51.515151515151516,
            42.42424242424242,
            49.31506849315068,
            84.78260869565217,
            48.717948717948715,
            38.38383838383838,
            57.57575757575758,
            25.0,
            39.39393939393939,
            68.75,
            90.47619047619048,
            51.21951219512195,
            87.5,
            40.0,
            75.60975609756098,
            82.0,
            90.0,
            95.0,
            33.33333333333333,
            50.505050505050505,
            50.81967213114754
        ]
    },
    "OSR Accuracy": null
}