{
    "OA": 34.52708907254362,
    "AA": 47.777346560040094,
    "OOD": null,
    "NMI": null,
    "H-score": null,
    "H3-score": null,
    "Recall-all": [
        14.864864864864865,
        39.02439024390244,
        81.48148148148148,
        42.5,
        8.0,
        17.17171717171717,
        47.5,
        69.6969696969697,
        100.0,
        0.0,
        20.28985507246377,
        48.0,
        52.27272727272727,
        47.5,
        42.5,
        52.17391304347826,
        60.0,
        72.22222222222221,
        90.47619047619048,
        28.888888888888886,
        90.9090909090909,
        17.391304347826086,
        2.2222222222222223,
        95.0,
        54.347826086956516
    ],
    "Closed Set Accuracy": {
        "OA": 63.54453627180901,
        "AA": 70.93008412950033,
        "Recall-all": [
            56.75675675675676,
            68.29268292682927,
            92.5925925925926,
            75.0,
            49.333333333333336,
            24.242424242424242,
            75.0,
            90.9090909090909,
            100.0,
            65.78947368421053,
            43.47826086956522,
            56.00000000000001,
            54.54545454545454,
            72.5,
            65.0,
            60.86956521739131,
            66.66666666666666,
            72.22222222222221,
            100.0,
            75.55555555555556,
            95.45454545454545,
            86.95652173913044,
            50.0,
            100.0,
            76.08695652173914
        ]
    },
    "OSR Accuracy": null
}