{
    "OA": 37.25373134328358,
    "AA": 43.30594977179401,
    "OOD": null,
    "NMI": null,
    "H-score": null,
    "H3-score": null,
    "Recall-all": [
        61.66666666666667,
        21.428571428571427,
        35.9375,
        4.081632653061225,
        15.151515151515152,
        28.28282828282828,
        42.465753424657535,
        78.26086956521739,
        37.17948717948718,
        31.313131313131315,
        18.181818181818183,
        7.5,
        33.33333333333333,
        54.6875,
        80.95238095238095,
        31.70731707317073,
        75.0,
        12.5,
        80.48780487804879,
        60.0,
        90.0,
        97.5,
        14.14141414141414,
        15.151515151515152,
        55.73770491803278
    ],
    "Closed Set Accuracy": {
        "OA": 59.343283582089555,
        "AA": 63.56479089132828,
        "Recall-all": [
            81.66666666666667,
            89.28571428571429,
            71.875,
            52.04081632653062,
            46.464646464646464,
            45.45454545454545,
            50.68493150684932,
            100.0,
            55.12820512820513,
            47.474747474747474,
            45.45454545454545,
            47.5,
            43.43434343434344,
            64.0625,
            92.85714285714286,
            46.34146341463415,
            77.08333333333334,
            30.0,
            87.8048780487805,
            64.0,
            92.5,
            100.0,
            42.42424242424242,
            56.56565656565656,
            59.01639344262295
        ]
    },
    "OSR Accuracy": null
}