{
    "OA": 91.4093625498008,
    "AA": 94.40563442887434,
    "OOD": 90.69006543723974,
    "NMI": 91.70682384903631,
    "H-score": 92.68809480832645,
    "H3-score": 92.36001066967975,
    "Recall-all": [
        100.0,
        97.97979797979798,
        93.54838709677419,
        100.0,
        100.0,
        72.58064516129032,
        91.48936170212765,
        100.0,
        97.53086419753086,
        94.64285714285714,
        90.69006543723974
    ],
    "Closed Set Accuracy": {
        "OA": 98.92966360856269,
        "AA": 98.90032475510625,
        "Recall-all": [
            100.0,
            98.98989898989899,
            100.0,
            100.0,
            100.0,
            95.16129032258065,
            97.87234042553192,
            100.0,
            98.76543209876543,
            98.21428571428571
        ]
    },
    "OSR Accuracy": {
        "TNR": 91.04699583581201,
        "AUROC": 98.05798572642249,
        "DTACC": 93.60426933873278,
        "AUIN": 93.18219865455023,
        "AUOUT": 99.52410306239531,
        "OSCR": 96.98837702183192,
        "AUPR": 99.53908267356479
    }
}