{
    "OA": 92.20545167830593,
    "AA": 89.99563478415605,
    "OOD": 93.36704342653182,
    "NMI": 92.91481414396159,
    "H-score": 91.53315110600552,
    "H3-score": 91.99045385380616,
    "Recall-all": [
        100.0,
        97.97979797979798,
        91.93548387096774,
        100.0,
        100.0,
        67.74193548387096,
        91.48936170212765,
        100.0,
        97.53086419753086,
        94.64285714285714,
        86.86868686868688,
        87.6923076923077,
        37.5,
        93.18181818181817,
        100.0,
        93.36704342653182
    ],
    "Closed Set Accuracy": {
        "OA": 97.8644382544104,
        "AA": 98.06352619252033,
        "Recall-all": [
            100.0,
            100.0,
            100.0,
            100.0,
            100.0,
            93.54838709677419,
            97.87234042553192,
            100.0,
            98.76543209876543,
            98.21428571428571,
            93.93939393939394,
            98.46153846153847,
            95.83333333333334,
            94.31818181818183,
            100.0
        ]
    },
    "OSR Accuracy": {
        "TNR": 84.38429506246283,
        "AUROC": 96.76136203579578,
        "DTACC": 91.51544627070702,
        "AUIN": 93.29596015252936,
        "AUOUT": 98.58499632193315,
        "OSCR": 94.62629740775401,
        "AUPR": 98.60034000257055
    }
}