{
    "OA": 80.00497388709277,
    "AA": 85.48700133734872,
    "OOD": 78.94736842105263,
    "NMI": 73.44558460183944,
    "H-score": 82.38693978668951,
    "H3-score": 79.17533705622203,
    "UCR": 83.10512441452633,
    "Recall-all": [
        95.0,
        94.64285714285714,
        81.25,
        85.71428571428571,
        92.92929292929293,
        62.62626262626263,
        82.1917808219178,
        100.0,
        92.3076923076923,
        74.74747474747475,
        78.94736842105263
    ],
    "Closed Set Accuracy": {
        "OA": 92.74611398963731,
        "AA": 93.59082502624577,
        "Recall-all": [
            98.33333333333333,
            98.21428571428571,
            87.5,
            94.89795918367348,
            93.93939393939394,
            88.88888888888889,
            95.8904109589041,
            100.0,
            97.43589743589743,
            80.8080808080808
        ]
    },
    "OSR Accuracy": {
        "TNR": 36.31886734379809,
        "AUROC": 90.06465919366184,
        "DTACC": 85.27709602157378,
        "AUIN": 82.80311484933276,
        "AUOUT": 95.7223531853586,
        "OSCR": 83.10512441452633,
        "AUPR": 95.74184242940433
    }
}