{
    "OA": 93.016445145303,
    "AA": 92.6527811495631,
    "OOD": null,
    "NMI": null,
    "H-score": null,
    "H3-score": null,
    "UCR": 94.3230457310205,
    "Recall-all": [
        100.0,
        98.98989898989899,
        93.54838709677419,
        100.0,
        100.0,
        72.58064516129032,
        91.48936170212765,
        100.0,
        93.82716049382715,
        96.42857142857143,
        91.91919191919192,
        73.84615384615385,
        77.08333333333334,
        92.04545454545455,
        98.66666666666667,
        97.59036144578313,
        47.76119402985074,
        92.6829268292683,
        98.50746268656717,
        96.55172413793103,
        100.0,
        94.94949494949495,
        97.8021978021978,
        52.22222222222223,
        87.8048780487805,
        98.50746268656717,
        80.7017543859649,
        97.77777777777777,
        100.0,
        98.98989898989899,
        95.1219512195122,
        87.03703703703704,
        98.98989898989899,
        76.78571428571429,
        98.9795918367347,
        98.61111111111111,
        98.95833333333334,
        97.5609756097561,
        96.7741935483871,
        100.0,
        100.0,
        100.0,
        95.0,
        85.0,
        100.0,
        100.0,
        88.37209302325581,
        95.34883720930233,
        100.0,
        100.0,
        97.97979797979798,
        100.0,
        93.87755102040816,
        95.65217391304348,
        95.95959595959596,
        95.34883720930233,
        95.95959595959596,
        93.61702127659575,
        96.66666666666667,
        96.55172413793103,
        100.0,
        40.0,
        94.6236559139785,
        93.42105263157895,
        97.95918367346938
    ],
    "Closed Set Accuracy": {
        "OA": 94.3230457310205,
        "AA": 94.21634084059845,
        "Recall-all": [
            100.0,
            98.98989898989899,
            93.54838709677419,
            100.0,
            100.0,
            88.70967741935483,
            93.61702127659575,
            100.0,
            93.82716049382715,
            98.21428571428571,
            91.91919191919192,
            81.53846153846153,
            80.20833333333334,
            92.04545454545455,
            100.0,
            97.59036144578313,
            47.76119402985074,
            100.0,
            98.50746268656717,
            96.55172413793103,
            100.0,
            97.97979797979798,
            100.0,
            52.22222222222223,
            87.8048780487805,
            100.0,
            80.7017543859649,
            97.77777777777777,
            100.0,
            100.0,
            95.1219512195122,
            92.5925925925926,
            98.98989898989899,
            76.78571428571429,
            98.9795918367347,
            100.0,
            98.95833333333334,
            100.0,
            96.7741935483871,
            100.0,
            100.0,
            100.0,
            96.66666666666667,
            85.0,
            100.0,
            100.0,
            95.34883720930233,
            95.34883720930233,
            100.0,
            100.0,
            98.98989898989899,
            100.0,
            93.87755102040816,
            95.65217391304348,
            96.96969696969697,
            95.34883720930233,
            96.96969696969697,
            93.61702127659575,
            96.66666666666667,
            96.55172413793103,
            100.0,
            73.33333333333333,
            94.6236559139785,
            93.42105263157895,
            97.95918367346938
        ]
    },
    "OSR Accuracy": null
}