{
    "OA": 87.46849942726232,
    "AA": 74.17045361211395,
    "OOD": 92.305324715297,
    "NMI": 73.44558460183944,
    "H-score": 81.50083674558363,
    "H3-score": 78.62766698813773,
    "UCR": 82.29405573923442,
    "Recall-all": [
        93.33333333333333,
        91.07142857142857,
        78.125,
        79.59183673469387,
        90.9090909090909,
        49.494949494949495,
        58.9041095890411,
        93.47826086956522,
        84.61538461538461,
        61.61616161616161,
        87.87878787878788,
        25.0,
        65.65656565656566,
        60.9375,
        73.80952380952381,
        92.305324715297
    ],
    "Closed Set Accuracy": {
        "OA": 92.29390681003584,
        "AA": 92.73163587608303,
        "Recall-all": [
            98.33333333333333,
            98.21428571428571,
            87.5,
            94.89795918367348,
            93.93939393939394,
            88.88888888888889,
            95.8904109589041,
            100.0,
            97.43589743589743,
            80.8080808080808,
            93.93939393939394,
            87.5,
            93.93939393939394,
            79.6875,
            100.0
        ]
    },
    "OSR Accuracy": {
        "TNR": 34.65681748230225,
        "AUROC": 89.57421141989099,
        "DTACC": 83.91452953266017,
        "AUIN": 84.20640687906518,
        "AUOUT": 93.75756234486839,
        "OSCR": 82.29405573923442,
        "AUPR": 93.77992238535752
    }
}