{
    "OA": 61.49253731343284,
    "AA": 63.18165022922078,
    "OOD": null,
    "NMI": null,
    "H-score": null,
    "H3-score": null,
    "UCR": 81.61194029850746,
    "Recall-all": [
        93.33333333333333,
        91.07142857142857,
        75.0,
        78.57142857142857,
        88.88888888888889,
        40.4040404040404,
        49.31506849315068,
        93.47826086956522,
        84.61538461538461,
        58.58585858585859,
        84.84848484848484,
        15.0,
        19.19191919191919,
        60.9375,
        71.42857142857143,
        17.073170731707318,
        54.166666666666664,
        42.5,
        82.92682926829268,
        66.0,
        100.0,
        97.5,
        19.19191919191919,
        41.41414141414141,
        54.09836065573771
    ],
    "Closed Set Accuracy": {
        "OA": 81.61194029850746,
        "AA": 81.7574489419737,
        "Recall-all": [
            96.66666666666667,
            96.42857142857143,
            85.9375,
            89.79591836734694,
            93.93939393939394,
            78.78787878787878,
            68.4931506849315,
            100.0,
            94.87179487179486,
            74.74747474747475,
            91.91919191919192,
            72.5,
            49.494949494949495,
            79.6875,
            90.47619047619048,
            26.82926829268293,
            68.75,
            65.0,
            95.1219512195122,
            92.0,
            100.0,
            100.0,
            100.0,
            63.63636363636363,
            68.85245901639344
        ]
    },
    "OSR Accuracy": null
}