{
    "OA": 87.59015170355633,
    "AA": 81.99077072718019,
    "OOD": 89.50446291166513,
    "NMI": 73.44558460183944,
    "H-score": 85.1713932830361,
    "H3-score": 80.86910381802142,
    "UCR": 83.091588962406,
    "Recall-all": [
        93.33333333333333,
        91.07142857142857,
        78.125,
        82.6530612244898,
        91.91919191919192,
        56.56565656565656,
        63.013698630136986,
        97.82608695652173,
        87.17948717948718,
        70.70707070707071,
        89.50446291166513
    ],
    "Closed Set Accuracy": {
        "OA": 92.74611398963731,
        "AA": 93.59082502624577,
        "Recall-all": [
            98.33333333333333,
            98.21428571428571,
            87.5,
            94.89795918367348,
            93.93939393939394,
            88.88888888888889,
            95.8904109589041,
            100.0,
            97.43589743589743,
            80.8080808080808
        ]
    },
    "OSR Accuracy": {
        "TNR": 34.072022160664815,
        "AUROC": 90.0501469563373,
        "DTACC": 85.03728528666453,
        "AUIN": 82.89639088046597,
        "AUOUT": 95.70114117044982,
        "OSCR": 83.091588962406,
        "AUPR": 95.72077987971956
    }
}