{
    "OA": 84.79815122409185,
    "AA": 87.73868723029365,
    "OOD": 86.9026883756153,
    "NMI": 79.20274461798877,
    "H-score": 87.3871330610854,
    "H3-score": 84.47863511575949,
    "Recall-all": [
        99.04004388370818,
        93.72661870503597,
        92.79317697228146,
        62.65743678492453,
        98.03879769771903,
        81.01204819277108,
        86.9026883756153
    ],
    "Closed Set Accuracy": {
        "OA": 94.09897163365312,
        "AA": 96.54119646956835,
        "Recall-all": [
            99.69829950630829,
            98.10071942446044,
            97.10021321961621,
            86.00134602442073,
            99.74419100405031,
            98.6024096385542
        ]
    },
    "OSR Accuracy": {
        "TNR": 47.512305944717916,
        "AUROC": 91.61945362250944,
        "DTACC": 86.02525492383481,
        "AUIN": 93.53377263753457,
        "AUOUT": 87.24496629715668,
        "OSCR": 86.84671830193247,
        "AUPR": 87.24857454887811
    }
}