{
    "OA": 74.43298969072166,
    "AA": 6.25,
    "OOD": 100.0,
    "NMI": 73.44558460183944,
    "H-score": 0.0,
    "H3-score": 0.0029999291559620308,
    "Recall-all": [
        0.0,
        0.0,
        0.0,
        0.0,
        0.0,
        0.0,
        0.0,
        0.0,
        0.0,
        0.0,
        0.0,
        0.0,
        0.0,
        0.0,
        0.0,
        100.0
    ],
    "Closed Set Accuracy": {
        "OA": 92.29390681003584,
        "AA": 92.73163587608303,
        "Recall-all": [
            98.33333333333333,
            98.21428571428571,
            87.5,
            94.89795918367348,
            93.93939393939394,
            88.88888888888889,
            95.8904109589041,
            100.0,
            97.43589743589743,
            80.8080808080808,
            93.93939393939394,
            87.5,
            93.93939393939394,
            79.6875,
            100.0
        ]
    },
    "OSR Accuracy": {
        "TNR": 31.886734379809166,
        "AUROC": 89.1198670448365,
        "DTACC": 83.61096218191204,
        "AUIN": 83.58801300967738,
        "AUOUT": 93.55984055785586,
        "OSCR": 81.87439256192383,
        "AUPR": 93.58147690630668
    }
}