{
    "OA": 80.37911458714032,
    "AA": 85.33425293492046,
    "OOD": 84.17737256527144,
    "NMI": 73.53576400607461,
    "H-score": 84.84635228824041,
    "H3-score": 80.70971917378125,
    "UCR": 83.83550640486112,
    "Recall-all": [
        98.16236972024136,
        90.12949640287769,
        92.15351812366738,
        52.8218440534564,
        98.40119377531444,
        81.49397590361446,
        84.17737256527144
    ],
    "Closed Set Accuracy": {
        "OA": 92.42183725584925,
        "AA": 95.29155368231567,
        "Recall-all": [
            99.58859023587493,
            95.59712230215828,
            96.28997867803838,
            82.80934525526392,
            99.48838200810061,
            97.97590361445782
        ]
    },
    "OSR Accuracy": {
        "TNR": 40.472440944881896,
        "AUROC": 89.74394196526242,
        "DTACC": 83.14623720863223,
        "AUIN": 95.71635894739204,
        "AUOUT": 74.51925273218312,
        "OSCR": 83.83550640486112,
        "AUPR": 74.52638373487119
    }
}