{
    "OA": 88.68270332187858,
    "AA": 65.87124758195803,
    "OOD": 97.50692520775624,
    "NMI": 73.44558460183944,
    "H-score": 77.1036321869528,
    "H3-score": 75.84579392098736,
    "Recall-all": [
        90.0,
        85.71428571428571,
        75.0,
        63.26530612244898,
        85.85858585858585,
        34.34343434343434,
        53.42465753424658,
        93.47826086956522,
        80.76923076923077,
        48.484848484848484,
        74.74747474747475,
        15.0,
        37.37373737373738,
        54.6875,
        64.28571428571429,
        97.50692520775624
    ],
    "Closed Set Accuracy": {
        "OA": 92.29390681003584,
        "AA": 92.77502469625757,
        "Recall-all": [
            98.33333333333333,
            98.21428571428571,
            89.0625,
            92.85714285714286,
            93.93939393939394,
            89.8989898989899,
            95.8904109589041,
            100.0,
            97.43589743589743,
            80.8080808080808,
            93.93939393939394,
            90.0,
            93.93939393939394,
            79.6875,
            97.61904761904762
        ]
    },
    "OSR Accuracy": {
        "TNR": 33.456448137888586,
        "AUROC": 89.43667254661207,
        "DTACC": 83.85979805200607,
        "AUIN": 84.27191810145982,
        "AUOUT": 93.67094798683068,
        "OSCR": 82.16372890031768,
        "AUPR": 93.69284757971043
    }
}