{
    "OA": 94.90333919156416,
    "AA": 89.05666416407807,
    "OOD": 96.76601141407735,
    "NMI": 85.12541006991601,
    "H-score": 92.3310604664984,
    "H3-score": 89.79867170897737,
    "Recall-all": [
        100.0,
        98.98989898989899,
        100.0,
        67.46987951807229,
        70.70707070707071,
        88.46153846153845,
        63.74999999999999,
        100.0,
        98.52941176470588,
        94.94949494949495,
        96.76601141407735
    ],
    "Closed Set Accuracy": {
        "OA": 99.51749095295537,
        "AA": 99.5058310163732,
        "Recall-all": [
            100.0,
            100.0,
            100.0,
            97.59036144578313,
            100.0,
            98.71794871794873,
            98.75,
            100.0,
            100.0,
            100.0
        ]
    },
    "OSR Accuracy": {
        "TNR": 93.43690551680406,
        "AUROC": 98.55281707109053,
        "DTACC": 94.47336677036378,
        "AUIN": 94.95435843222467,
        "AUOUT": 99.58941344670761,
        "OSCR": 98.06923714157091,
        "AUPR": 99.6053332802605
    }
}