{
    "OA": 93.41289878356667,
    "AA": 84.9260586751766,
    "OOD": 96.73430564362714,
    "NMI": 85.12541006991601,
    "H-score": 89.99752120973508,
    "H3-score": 88.31400016843074,
    "Recall-all": [
        100.0,
        98.98989898989899,
        100.0,
        67.46987951807229,
        70.70707070707071,
        88.46153846153845,
        63.74999999999999,
        100.0,
        98.52941176470588,
        94.94949494949495,
        95.83333333333334,
        75.38461538461539,
        43.75,
        69.73684210526315,
        94.52054794520548,
        96.73430564362714
    ],
    "Closed Set Accuracy": {
        "OA": 99.08561928512053,
        "AA": 98.99713970592221,
        "Recall-all": [
            100.0,
            100.0,
            100.0,
            97.59036144578313,
            100.0,
            98.71794871794873,
            98.75,
            100.0,
            100.0,
            100.0,
            100.0,
            93.84615384615384,
            100.0,
            96.05263157894737,
            100.0
        ]
    },
    "OSR Accuracy": {
        "TNR": 91.28091312618896,
        "AUROC": 97.8499903274998,
        "DTACC": 93.23154278750387,
        "AUIN": 94.97163260723815,
        "AUOUT": 99.09198795936385,
        "OSCR": 96.93733590353122,
        "AUPR": 99.1080086962668
    }
}