{
    "OA": 88.75143184421535,
    "AA": 66.02326024633714,
    "OOD": 97.56848261003385,
    "NMI": 73.44558460183944,
    "H-score": 77.23836593066437,
    "H3-score": 75.93265386848243,
    "Recall-all": [
        90.0,
        85.71428571428571,
        75.0,
        62.244897959183675,
        85.85858585858585,
        35.35353535353536,
        53.42465753424658,
        93.47826086956522,
        80.76923076923077,
        48.484848484848484,
        74.74747474747475,
        15.0,
        37.37373737373738,
        54.6875,
        66.66666666666666,
        97.56848261003385
    ],
    "Closed Set Accuracy": {
        "OA": 92.29390681003584,
        "AA": 92.77502469625757,
        "Recall-all": [
            98.33333333333333,
            98.21428571428571,
            89.0625,
            92.85714285714286,
            93.93939393939394,
            89.8989898989899,
            95.8904109589041,
            100.0,
            97.43589743589743,
            80.8080808080808,
            93.93939393939394,
            90.0,
            93.93939393939394,
            79.6875,
            97.61904761904762
        ]
    },
    "OSR Accuracy": {
        "TNR": 33.333333333333336,
        "AUROC": 89.44985553867691,
        "DTACC": 83.80097101837787,
        "AUIN": 84.31278622958874,
        "AUOUT": 93.67948590028644,
        "OSCR": 82.17636030275641,
        "AUPR": 93.70129066079312
    }
}