{
    "OA": 49.200270331155664,
    "AA": 48.88389597341176,
    "OOD": null,
    "NMI": null,
    "H-score": null,
    "H3-score": null,
    "Recall-all": [
        82.27848101265823,
        84.84848484848484,
        64.51612903225806,
        13.953488372093023,
        0.0,
        1.6129032258064515,
        72.3404255319149,
        95.06172839506173,
        67.90123456790124,
        69.64285714285714,
        13.131313131313133,
        43.07692307692308,
        0.0,
        62.5,
        77.33333333333333,
        77.10843373493977,
        25.37313432835821,
        56.09756097560976,
        98.50746268656717,
        55.172413793103445,
        80.28169014084507,
        82.82828282828282,
        0.0,
        17.77777777777778,
        41.46341463414634,
        56.71641791044776,
        59.64912280701754,
        92.22222222222223,
        94.44444444444444,
        27.27272727272727,
        26.82926829268293,
        62.96296296296296,
        0.0,
        1.7857142857142856,
        31.63265306122449,
        50.0,
        9.375,
        7.317073170731707,
        69.89247311827957,
        83.82352941176471,
        80.0,
        74.46808510638297,
        10.0,
        10.0,
        76.31578947368422,
        91.91919191919192,
        32.55813953488372,
        60.46511627906976,
        94.91525423728814,
        84.48275862068965,
        89.8989898989899,
        77.5,
        28.57142857142857,
        60.86956521739131,
        0.0,
        25.581395348837212,
        32.323232323232325,
        76.59574468085107,
        10.0,
        6.896551724137931,
        76.19047619047619,
        0.0,
        9.67741935483871,
        42.10526315789473,
        69.38775510204081
    ],
    "Closed Set Accuracy": {
        "OA": 94.5032665014643,
        "AA": 94.42560220581075,
        "Recall-all": [
            100.0,
            98.98989898989899,
            93.54838709677419,
            100.0,
            100.0,
            88.70967741935483,
            93.61702127659575,
            100.0,
            93.82716049382715,
            98.21428571428571,
            91.91919191919192,
            83.07692307692308,
            79.16666666666666,
            90.9090909090909,
            100.0,
            97.59036144578313,
            55.223880597014926,
            97.5609756097561,
            98.50746268656717,
            96.55172413793103,
            100.0,
            97.97979797979798,
            100.0,
            53.333333333333336,
            90.2439024390244,
            100.0,
            82.45614035087719,
            97.77777777777777,
            100.0,
            100.0,
            95.1219512195122,
            92.5925925925926,
            98.98989898989899,
            78.57142857142857,
            98.9795918367347,
            100.0,
            98.95833333333334,
            100.0,
            96.7741935483871,
            100.0,
            100.0,
            100.0,
            96.66666666666667,
            85.0,
            100.0,
            100.0,
            95.34883720930233,
            95.34883720930233,
            100.0,
            100.0,
            98.98989898989899,
            100.0,
            93.87755102040816,
            95.65217391304348,
            96.96969696969697,
            95.34883720930233,
            96.96969696969697,
            95.74468085106383,
            96.66666666666667,
            96.55172413793103,
            100.0,
            73.33333333333333,
            94.6236559139785,
            93.42105263157895,
            97.95918367346938
        ]
    },
    "OSR Accuracy": null
}