{
    "OA": 91.91743347426014,
    "AA": 73.45169542808705,
    "OOD": 97.63004001231148,
    "NMI": 73.44558460183944,
    "H-score": 82.23452121124383,
    "H3-score": 79.08144043360605,
    "Recall-all": [
        90.0,
        85.71428571428571,
        75.0,
        63.26530612244898,
        85.85858585858585,
        34.34343434343434,
        53.42465753424658,
        93.47826086956522,
        80.76923076923077,
        48.484848484848484,
        97.63004001231148
    ],
    "Closed Set Accuracy": {
        "OA": 92.74611398963731,
        "AA": 93.64400349460281,
        "Recall-all": [
            98.33333333333333,
            98.21428571428571,
            89.0625,
            92.85714285714286,
            93.93939393939394,
            89.8989898989899,
            95.8904109589041,
            100.0,
            97.43589743589743,
            80.8080808080808
        ]
    },
    "OSR Accuracy": {
        "TNR": 31.332717759310558,
        "AUROC": 89.93432813922817,
        "DTACC": 84.85887247889747,
        "AUIN": 83.09485762191304,
        "AUOUT": 95.6438496698173,
        "OSCR": 82.97935833584386,
        "AUPR": 95.66343609978664
    }
}