{
    "OA": 93.27689243027888,
    "AA": 59.367914837589055,
    "OOD": 99.52409280190363,
    "NMI": 90.76659772279503,
    "H-score": 71.13868787567912,
    "H3-score": 76.66627261618251,
    "Recall-all": [
        81.0126582278481,
        81.81818181818183,
        69.35483870967742,
        0.0,
        6.8181818181818175,
        1.6129032258064515,
        85.1063829787234,
        96.29629629629629,
        65.4320987654321,
        66.07142857142857,
        99.52409280190363
    ],
    "Closed Set Accuracy": {
        "OA": 99.08256880733946,
        "AA": 99.00133485611636,
        "Recall-all": [
            100.0,
            100.0,
            100.0,
            100.0,
            100.0,
            95.16129032258065,
            97.87234042553192,
            100.0,
            98.76543209876543,
            98.21428571428571
        ]
    },
    "OSR Accuracy": {
        "TNR": 89.6192742415229,
        "AUROC": 97.80488714486609,
        "DTACC": 93.87451404162732,
        "AUIN": 93.16825853953831,
        "AUOUT": 99.48925467675795,
        "OSCR": 96.8849090482417,
        "AUPR": 99.50422380857572
    }
}