{
    "OA": 72.27738860402975,
    "AA": 76.0770131660809,
    "OOD": null,
    "NMI": null,
    "H-score": null,
    "H3-score": null,
    "UCR": 87.55867696974073,
    "Recall-all": [
        98.10751508502469,
        90.2158273381295,
        90.23454157782515,
        47.29352946832036,
        97.59113195480708,
        77.1566265060241,
        94.72049689440993,
        4.7,
        68.43262255440756,
        95.26523454625165,
        95.34938621340888,
        53.857245854361935
    ],
    "Closed Set Accuracy": {
        "OA": 87.55867696974073,
        "AA": 90.13740465802624,
        "Recall-all": [
            99.53373560065826,
            93.89928057553956,
            92.92110874200426,
            73.46408999134698,
            99.40311234278406,
            95.27710843373494,
            97.0151828847481,
            73.55000000000001,
            90.52539019564739,
            98.02718106093819,
            97.21435316336166,
            70.81831290555155
        ]
    },
    "OSR Accuracy": null
}