{
    "OA": 77.85005969349218,
    "AA": 82.02472668426725,
    "OOD": 89.01782014090344,
    "NMI": 84.91713401937025,
    "H-score": 84.74210182726341,
    "H3-score": 84.801700223261,
    "UCR": 82.3773646309325,
    "Recall-all": [
        96.79100383982447,
        86.73381294964028,
        91.19402985074628,
        42.034419767330064,
        96.54657855467917,
        71.855421686747,
        89.01782014090344
    ],
    "Closed Set Accuracy": {
        "OA": 91.37621644005797,
        "AA": 94.53116305424308,
        "Recall-all": [
            99.56116291826659,
            94.82014388489208,
            96.50319829424308,
            80.39611575810018,
            99.4244297591132,
            96.48192771084338
        ]
    },
    "OSR Accuracy": {
        "TNR": 39.79278905926233,
        "AUROC": 89.01920107046641,
        "DTACC": 82.53137074106006,
        "AUIN": 95.29566222884911,
        "AUOUT": 72.60199021613596,
        "OSCR": 82.3773646309325,
        "AUPR": 72.60975639046855
    }
}