{
    "OA": 80.18523008291713,
    "AA": 78.61410589792025,
    "OOD": 81.33660157199579,
    "NMI": 84.91982941842187,
    "H-score": 79.94229669323452,
    "H3-score": 81.5366953524681,
    "UCR": 80.16135399110979,
    "Recall-all": [
        99.63369963369964,
        78.94736842105263,
        91.20879120879121,
        97.01834862385321,
        57.14285714285714,
        93.54838709677419,
        96.2406015037594,
        90.08620689655173,
        91.8918918918919,
        3.6585365853658534,
        93.23144104803494,
        83.52059925093633,
        97.39413680781759,
        90.0,
        82.48175182481752,
        84.40366972477065,
        95.0,
        91.13924050632912,
        75.08090614886731,
        87.27272727272727,
        99.20318725099602,
        90.85872576177285,
        75.86206896551724,
        92.90953545232273,
        62.082514734774065,
        87.74703557312253,
        90.64516129032259,
        51.84381778741866,
        51.84381778741866,
        80.32454361054768,
        91.72661870503596,
        57.34767025089605,
        63.23529411764706,
        83.37531486146096,
        71.484375,
        44.77911646586345,
        39.26940639269406,
        43.84236453201971,
        82.5,
        88.35341365461848,
        79.51807228915662,
        81.374321880651,
        58.3955223880597,
        92.17758985200845,
        78.95927601809954,
        70.3056768558952,
        97.72209567198178,
        90.7869481765835,
        42.857142857142854,
        94.14414414414415,
        84.78260869565217,
        82.13627992633518,
        90.42145593869732,
        96.7479674796748,
        92.64705882352942,
        80.53892215568862,
        22.35294117647059,
        86.01190476190477,
        84.56221198156682,
        82.1256038647343,
        96.12244897959184,
        78.37150127226464,
        86.76844783715013,
        76.93920335429769,
        72.35188509874327,
        98.67549668874173,
        96.17834394904459,
        56.86813186813187,
        89.73214285714286,
        94.18181818181817,
        88.22269807280514,
        38.92215568862276,
        92.14285714285714,
        78.20823244552058,
        65.929203539823,
        50.0,
        85.63218390804597,
        50.8,
        88.77118644067797,
        62.19178082191781,
        81.42857142857143,
        93.63395225464191,
        95.35353535353536,
        77.8409090909091,
        96.19238476953907,
        82.52427184466019,
        100.0,
        32.945736434108525,
        87.01298701298701,
        92.91784702549575,
        68.60759493670886,
        60.73394495412844,
        95.80246913580247,
        92.06349206349206,
        65.47619047619048,
        84.56973293768546,
        97.53086419753086,
        76.32241813602015,
        95.91078066914498,
        86.83274021352312,
        94.02985074626866,
        76.98744769874477,
        42.33576642335766,
        94.89981785063752,
        82.31441048034934,
        53.84615384615385,
        61.05263157894737,
        90.19189765458422,
        7.628865979381444,
        61.23778501628665,
        72.83582089552239,
        81.56424581005587,
        16.70533642691415,
        91.4572864321608,
        92.63803680981594,
        82.32044198895028,
        74.77477477477478,
        92.11956521739131,
        91.5625,
        96.1218836565097,
        94.18604651162791,
        76.30522088353415,
        77.13178294573643,
        67.18346253229974,
        81.17154811715481,
        89.84962406015038,
        97.4910394265233,
        73.85964912280701,
        78.63013698630137,
        94.41747572815534,
        33.41902313624679,
        96.69421487603306,
        90.37328094302553,
        78.98832684824903,
        87.67123287671232,
        86.95652173913044,
        65.67796610169492,
        31.024930747922436,
        91.94630872483222,
        60.597826086956516,
        95.01312335958005,
        97.63313609467455,
        95.72192513368985,
        78.70370370370371,
        58.64661654135338,
        73.46153846153847,
        86.85258964143426,
        87.40920096852301,
        84.26724137931035,
        94.0711462450593,
        81.33660157199579
    ],
    "Closed Set Accuracy": {
        "OA": 91.10900262320702,
        "AA": 90.82805699712037,