{
    "OA": 73.77053247977769,
    "AA": 72.37167405546951,
    "OOD": null,
    "NMI": null,
    "H-score": null,
    "H3-score": null,
    "UCR": 85.24473557970656,
    "Recall-all": [
        99.63369963369964,
        80.92105263157895,
        81.86813186813187,
        94.26605504587155,
        71.42857142857143,
        91.93548387096774,
        94.73684210526315,
        65.94827586206897,
        97.2972972972973,
        20.121951219512198,
        89.08296943231441,
        68.91385767790263,
        91.53094462540716,
        90.0,
        71.8978102189781,
        86.69724770642202,
        95.0,
        83.54430379746836,
        69.57928802588997,
        91.51515151515152,
        96.01593625498009,
        81.99445983379502,
        69.88505747126436,
        88.26405867970661,
        57.95677799607073,
        83.20158102766798,
        91.93548387096774,
        44.46854663774403,
        29.934924078091107,
        79.5131845841785,
        85.97122302158273,
        46.59498207885305,
        66.66666666666666,
        78.33753148614609,
        69.53125,
        47.791164658634536,
        20.54794520547945,
        23.15270935960591,
        78.88888888888889,
        83.93574297188755,
        77.10843373493977,
        76.85352622061484,
        56.343283582089555,
        89.4291754756871,
        73.07692307692307,
        61.572052401746724,
        92.9384965831435,
        73.70441458733205,
        14.285714285714285,
        92.34234234234235,
        80.8695652173913,
        78.82136279926335,
        87.73946360153256,
        95.9349593495935,
        86.47058823529412,
        76.94610778443113,
        17.647058823529413,
        81.25,
        79.95391705069125,
        68.59903381642512,
        90.0,
        60.30534351145038,
        82.1882951653944,
        78.82599580712788,
        45.960502692998205,
        93.37748344370861,
        84.07643312101911,
        30.494505494505496,
        86.16071428571429,
        90.18181818181819,
        87.36616702355461,
        22.15568862275449,
        82.5,
        76.51331719128329,
        58.4070796460177,
        44.907407407407405,
        71.26436781609196,
        48.8,
        85.16949152542372,
        46.3013698630137,
        78.80952380952381,
        91.77718832891246,
        82.62626262626263,
        62.78409090909091,
        92.38476953907816,
        86.40776699029125,
        97.50566893424036,
        18.6046511627907,
        85.45454545454545,
        79.60339943342775,
        44.050632911392405,
        41.65137614678899,
        90.8641975308642,
        88.43537414965986,
        61.50793650793651,
        78.93175074183976,
        98.14814814814815,
        40.55415617128463,
        95.16728624535315,
        82.56227758007117,
        88.55721393034825,
        64.85355648535564,
        14.233576642335766,
        93.0783242258652,
        68.5589519650655,
        43.7246963562753,
        58.73684210526315,
        87.63326226012794,
        4.329896907216495,
        55.700325732899024,
        61.49253731343284,
        76.35009310986965,
        5.56844547563805,
        78.14070351758794,
        92.02453987730061,
        76.24309392265194,
        72.37237237237237,
        86.68478260869566,
        85.0,
        91.68975069252078,
        88.95348837209302,
        53.81526104417671,
        65.11627906976744,
        46.253229974160206,
        66.10878661087865,
        90.41353383458647,
        85.66308243727599,
        69.12280701754386,
        65.75342465753424,
        91.99029126213593,
        31.362467866323907,
        93.93939393939394,
        89.19449901768172,
        71.20622568093385,
        89.72602739726028,
        83.88746803069054,
        30.08474576271186,
        32.96398891966759,
        82.10290827740492,
        55.70652173913043,
        92.6509186351706,
        95.46351084812623,
        92.8698752228164,
        78.24074074074075,
        48.87218045112782,
        63.07692307692307,
        84.06374501992032,
        87.40920096852301,
        78.44827586206897,
        89.72332015810277,
        90.11235955056179,
        85.7685009487666,
        83.93782383419689,
        63.601532567049816,
        70.32640949554896,
        90.1360544217687,
        90.5701754385965,
        89.62264150943396,
        69.92665036674816,
        92.72300469483568,
        76.51006711409396,
        84.04558404558404,
        44.126074498567334,
        82.22222222222221,
        78.0327868852459,
        51.64835164835166,
        84.7328244274809,
        49.29577464788733,
        13.686534216335541,
        87.64044943820225,
        64.8780487804878,
        86.37274549098196,
        89.25831202046037,
        0.0,
        92.24376731301939,
        95.51282051282051,
        89.62472406181016,
        77.08830548926015,
        70.60240963855422,
        74.7159090909091,
        6.140350877192982,
        35.775862068965516,
        70.1086956521739,
        85.57692307692307,
        81.3953488372093,
        77.11864406779661,
        89.16155419222905,
        81.56565656565657,
        88.46153846153845,
        85.74074074074073,
        32.12341197822142,
        76.08695652173914,
        48.23943661971831,
        29.605263157894733,
        74.87046632124353,
        72.26277372262774,
        84.24507658643327,
        90.10309278350516,
        31.6,
        35.27980535279806,
        6.070287539936102,
        91.07142857142857,
        68.34532374100719,
        62.64705882352941,
        91.20458891013385,
        29.457364341085274,
        45.72192513368984,
        76.99115044247787,
        87.22358722358723,
        86.33093525179856,
        43.01675977653631,
        71.06481481481481,
        90.75785582255084,
        88.47184986595174,
        39.86254295532646,
        67.98679867986799,
        86.49789029535864,
        48.275862068965516,
        87.90983606557377,
        89.44723618090453,
        83.83371824480369,
        63.30935251798561,
        83.25,
        73.18681318681318,
        75.6989247311828,
        94.98806682577565,
        83.86075949367088,
        92.99610894941634,
        58.74769797421732,
        57.684210526315795,
        76.5375854214123,
        23.927765237020317,
        54.58823529411765,
        64.88372093023256,
        75.0,
        87.52598752598753,
        93.00847457627118,
        65.34296028880865,
        47.701149425287355,
        75.97402597402598,
        32.92978208232446,
        54.947916666666664,
        97.07112970711297,
        88.70523415977961,
        45.033112582781456,
        95.4954954954955,
        95.57522123893806,
        92.8082191780822,
        94.5273631840796,
        39.02439024390244,
        91.23867069486404,
        97.10610932475883,
        86.04060913705584,
        92.60450160771704,
        67.69759450171821,
        98.36448598130842,
        29.56989247311828,
        96.875,
        92.62589928057554,
        82.4390243902439,
        82.25806451612904,
        59.93589743589743,
        81.875,
        87.62886597938144,
        80.54298642533936,
        84.34343434343434,
        91.16607773851591,
        51.74825174825175,
        97.84615384615385,
        92.83667621776505,
        74.68879668049793,
        100.0,
        93.67088607594937,
        90.60773480662984,
        78.53260869565217,
        90.5311778290993,
        82.89156626506025,
        67.3076923076923,
        91.6030534351145,
        8.064516129032258,
        0.0,
        91.54639175257732,
        78.45528455284553,
        71.42857142857143,
        88.67924528301887,
        41.49659863945578,
        87.31117824773413,
        19.444444444444446,
        89.56521739130436,
        44.730679156908664,
        78.02547770700637,
        42.8125,
        0.8771929824561403,
        84.39716312056737,
        79.40199335548172,
        78.57142857142857,
        94.2982456140351,
