{
    "OA": 80.50429132521941,
    "AA": 79.15223918663924,
    "OOD": 81.16238554412122,
    "NMI": 85.66138305673925,
    "H-score": 80.1373399311516,
    "H3-score": 81.89913581953358,
    "UCR": 80.95281281918946,
    "Recall-all": [
        99.63369963369964,
        76.97368421052632,
        90.93406593406593,
        97.01834862385321,
        57.14285714285714,
        93.2258064516129,
        96.61654135338345,
        90.51724137931035,
        91.8918918918919,
        4.2682926829268295,
        93.23144104803494,
        85.39325842696628,
        96.74267100977198,
        91.66666666666666,
        82.48175182481752,
        88.07339449541286,
        95.0,
        88.60759493670885,
        75.72815533980582,
        86.66666666666667,
        99.20318725099602,
        89.75069252077562,
        76.55172413793103,
        93.15403422982885,
        66.60117878192534,
        89.13043478260869,
        90.96774193548387,
        52.7114967462039,
        53.36225596529284,
        83.77281947261663,
        92.08633093525181,
        59.13978494623656,
        68.13725490196079,
        85.3904282115869,
        73.4375,
        45.98393574297189,
        39.726027397260275,
        42.857142857142854,
        85.0,
        88.55421686746988,
        79.31726907630522,
        83.7251356238698,
        62.126865671641795,
        94.08033826638477,
        80.99547511312217,
        69.86899563318777,
        97.26651480637814,
        91.93857965451056,
        23.809523809523807,
        94.5945945945946,
        84.56521739130434,
        78.63720073664825,
        90.42145593869732,
        95.1219512195122,
        92.64705882352942,
        82.93413173652695,
        23.52941176470588,
        84.82142857142857,
        85.48387096774194,
        81.15942028985508,
        97.14285714285714,
        77.60814249363868,
        87.78625954198473,
        78.40670859538784,
        73.24955116696589,
        98.67549668874173,
        96.81528662420382,
        56.86813186813187,
        89.28571428571429,
        94.54545454545455,
        88.6509635974304,
        38.32335329341318,
        92.85714285714286,
        79.1767554479419,
        61.94690265486725,
        50.231481481481474,
        87.93103448275862,
        49.2,
        90.67796610169492,
        64.10958904109589,
        82.14285714285714,
        93.63395225464191,
        95.35353535353536,
        78.69318181818183,
        96.19238476953907,
        82.52427184466019,
        100.0,
        36.04651162790697,
        88.83116883116882,
        93.76770538243626,
        68.35443037974683,
        64.40366972477064,
        96.29629629629629,
        93.87755102040816,
        65.87301587301587,
        83.38278931750742,
        99.38271604938271,
        76.82619647355163,
        95.91078066914498,
        86.47686832740213,
        95.27363184079603,
        76.98744769874477,
        44.89051094890511,
        94.89981785063752,
        84.49781659388647,
        56.68016194331984,
        62.10526315789474,
        89.97867803837953,
        9.690721649484537,
        60.91205211726385,
        74.92537313432835,
        81.56424581005587,
        17.16937354988399,
        92.46231155778895,
        94.88752556237219,
        85.0828729281768,
        75.97597597597597,
        92.3913043478261,
        92.1875,
        95.84487534626038,
        94.76744186046511,
        78.3132530120482,
        76.74418604651163,
        68.73385012919897,
        79.07949790794979,
        90.78947368421053,
        95.6989247311828,
        75.96491228070175,
        80.0,
        95.3883495145631,
        34.19023136246786,
        96.96969696969697,
        91.15913555992141,
        80.1556420233463,
        87.21461187214612,
        87.7237851662404,
        67.37288135593221,
        31.301939058171747,
        92.17002237136465,
        59.2391304347826,
        95.8005249343832,
        97.83037475345168,
        95.90017825311944,
        80.32407407407408,
        61.904761904761905,
        75.38461538461539,
        88.04780876494024,
        88.13559322033898,
        86.20689655172413,
        94.0711462450593,
        81.16238554412122
    ],
    "Closed Set Accuracy": {
        "OA": 91.45690312738368,
        "AA": 91.16419375216061,