{
    "OA": 51.73307783351181,
    "AA": 50.02814442718729,
    "OOD": null,
    "NMI": null,
    "H-score": null,
    "H3-score": null,
    "UCR": 70.44468240996449,
    "Recall-all": [
        86.36363636363636,
        72.72727272727273,
        31.20567375886525,
        75.0,
        72.59615384615384,
        55.84415584415584,
        83.11688311688312,
        8.064516129032258,
        78.57142857142857,
        6.896551724137931,
        58.333333333333336,
        44.827586206896555,
        73.8562091503268,
        79.5774647887324,
        10.256410256410255,
        77.14285714285715,
        93.93939393939394,
        61.65413533834586,
        47.368421052631575,
        83.92857142857143,
        87.5,
        38.35616438356164,
        3.6363636363636362,
        52.41935483870967,
        50.14925373134328,
        74.80916030534351,
        94.0,
        19.54022988505747,
        19.473684210526315,
        95.41666666666667,
        35.869565217391305,
        69.1588785046729,
        65.6441717791411,
        28.57142857142857,
        26.96629213483146,
        39.21568627450981,
        3.614457831325301,
        10.309278350515463,
        53.333333333333336,
        40.0,
        89.94708994708994,
        60.9375,
        69.65811965811966,
        40.8,
        42.944785276073624,
        23.008849557522122,
        60.431654676258994,
        61.935483870967744,
        2.771362586605081,
        77.58620689655173,
        76.19047619047619,
        36.95652173913043,
        81.25,
        58.536585365853654,
        80.21978021978022,
        50.0,
        6.25,
        29.310344827586203,
        71.69811320754717,
        38.46153846153847,
        27.77777777777778,
        46.53465346534654,
        17.391304347826086,
        38.46153846153847,
        42.857142857142854,
        47.05882352941176,
        63.63636363636363,
        31.25,
        58.2089552238806,
        17.391304347826086,
        58.333333333333336,
        11.347517730496454,
        40.0,
        66.66666666666666,
        21.428571428571427,
        91.30434782608695,
        25.0,
        5.263157894736842,
        26.08695652173913,
        1.694915254237288,
        47.61904761904761,
        54.54545454545454,
        86.79245283018868,
        2.512562814070352,
        83.03571428571429,
        85.12396694214877,
        69.1588785046729,
        8.118081180811808,
        85.0,
        25.0,
        8.695652173913043,
        60.82949308755761,
        69.49152542372882,
        62.5,
        45.0199203187251,
        80.14705882352942,
        33.33333333333333,
        11.0,
        63.08724832214765,
        70.3125,
        62.01550387596899,
        82.73381294964028,
        15.887850467289718,
        96.23655913978494,
        68.8,
        9.090909090909092,
        83.04093567251462,
        40.0,
        3.205128205128205,
        42.857142857142854,
        62.857142857142854,
        25.510204081632654,
        17.67676767676768,
        28.57142857142857,
        46.42857142857143,
        38.427947598253276,
        77.99227799227799,
        89.8989898989899,
        7.8125,
        61.44578313253012,
        29.47368421052631,
        61.702127659574465,
        64.8936170212766,
        68.71508379888269,
        72.35772357723577,
        78.87323943661971,
        17.391304347826086,
        29.850746268656714,
        3.4482758620689653,
        77.6923076923077,
        6.451612903225806,
        26.293995859213247,
        78.5,
        10.0,
        82.53968253968253,
        90.5511811023622,
        24.489795918367346,
        69.87951807228916,
        80.64516129032258,
        37.735849056603776,
        83.07692307692308,
        71.05263157894737,
        76.64233576642336,
        52.054794520547944,
        42.5,
        1.6129032258064515,
        52.112676056338024,
        92.95774647887323,
        43.75,
        59.32203389830508
    ],
    "Closed Set Accuracy": {
        "OA": 70.44468240996449,
        "AA": 69.60743608952367,