{
    "OA": 82.08939175888706,
    "AA": 80.42888400067727,
    "OOD": 82.95584841039386,
    "NMI": 82.79849433955954,
    "H-score": 81.66363820197995,
    "H3-score": 82.03978765708757,
    "UCR": 82.86309451515656,
    "Recall-all": [
        99.63369963369964,
        81.57894736842105,
        90.93406593406593,
        97.01834862385321,
        57.14285714285714,
        92.58064516129032,
        97.74436090225564,
        90.51724137931035,
        91.8918918918919,
        2.4390243902439024,
        93.44978165938865,
        85.0187265917603,
        96.74267100977198,
        92.77777777777779,
        81.02189781021897,
        88.07339449541286,
        95.0,
        88.60759493670885,
        75.72815533980582,
        86.66666666666667,
        99.20318725099602,
        92.797783933518,
        81.14942528735632,
        92.90953545232273,
        69.54813359528488,
        89.52569169960475,
        91.29032258064517,
        54.229934924078094,
        53.579175704989154,
        84.78701825557809,
        91.36690647482014,
        59.85663082437276,
        69.11764705882352,
        84.88664987405542,
        73.4375,
        47.389558232931726,
        40.8675799086758,
        43.5960591133005,
        85.0,
        89.5582329317269,
        79.51807228915662,
        82.64014466546112,
        62.31343283582089,
        94.5031712473573,
        81.22171945701358,
        70.3056768558952,
        97.26651480637814,
        92.13051823416507,
        47.61904761904761,
        95.27027027027027,
        85.65217391304348,
        79.00552486187846,
        90.03831417624522,
        95.1219512195122,
        92.3529411764706,
        84.73053892215569,
        34.11764705882353,
        83.92857142857143,
        88.0184331797235,
        82.6086956521739,
        97.14285714285714,
        79.89821882951654,
        88.29516539440203,
        80.71278825995807,
        77.0197486535009,
        98.67549668874173,
        96.81528662420382,
        58.51648351648352,
        88.83928571428571,
        94.9090909090909,
        89.50749464668094,
        38.92215568862276,
        93.57142857142857,
        80.38740920096852,
        63.716814159292035,
        67.5925925925926,
        88.50574712643679,
        75.2,
        91.52542372881356,
        66.84931506849315,
        82.38095238095238,
        93.63395225464191,
        96.16161616161617,
        81.5340909090909,
        96.39278557114228,
        82.52427184466019,
        100.0,
        45.348837209302324,
        92.20779220779221,
        96.03399433427762,
        69.87341772151898,
        72.47706422018348,
        96.29629629629629,
        94.33106575963718,
        66.26984126984127,
        83.97626112759644,
        99.38271604938271,
        78.84130982367759,
        96.09665427509294,
        86.83274021352312,
        95.77114427860697,
        76.15062761506276,
        49.27007299270073,
        95.99271402550092,
        84.27947598253274,
        59.10931174089069,
        62.526315789473685,
        89.97867803837953,
        16.70103092783505,
        61.23778501628665,
        76.11940298507463,
        82.68156424581005,
        19.25754060324826,
        91.95979899497488,
        94.47852760736197,
        85.0828729281768,
        77.77777777777779,
        92.11956521739131,
        92.5,
        96.67590027700831,
        95.34883720930233,
        78.714859437751,
        76.35658914728683,
        74.16020671834626,
        80.75313807531381,
        91.54135338345864,
        96.415770609319,
        77.01754385964912,
        80.0,
        95.87378640776699,
        36.246786632390744,
        96.96969696969697,
        91.15913555992141,
        81.32295719844358,
        85.38812785388129,
        87.7237851662404,
        69.49152542372882,
        31.301939058171747,
        92.17002237136465,
        54.61956521739131,
        95.8005249343832,
        97.83037475345168,
        96.07843137254902,
        80.0925925925926,
        62.65664160401002,
        74.61538461538461,
        88.44621513944223,
        89.10411622276028,
        86.63793103448276,
        94.0711462450593,
        82.95584841039386
    ],
    "Closed Set Accuracy": {
        "OA": 92.2810738404867,
        "AA": 92.06456656419138,