{
    "OA": 78.22326391769684,
    "AA": 63.66303998076218,
    "OOD": 87.01631166103252,
    "NMI": 64.06274698093681,
    "H-score": 73.42551546020543,
    "H3-score": 70.01595126864521,
    "UCR": 68.8976010936146,
    "Recall-all": [
        95.45454545454545,
        79.22077922077922,
        84.39716312056737,
        85.0,
        86.53846153846155,
        29.87012987012987,
        96.1038961038961,
        59.67741935483871,
        96.03174603174604,
        16.091954022988507,
        83.33333333333334,
        71.03448275862068,
        81.69934640522875,
        85.2112676056338,
        23.076923076923077,
        82.14285714285714,
        90.9090909090909,
        61.65413533834586,
        54.88721804511278,
        81.25,
        86.60714285714286,
        71.91780821917808,
        65.45454545454545,
        87.09677419354838,
        55.52238805970149,
        79.38931297709924,
        94.0,
        26.436781609195403,
        41.05263157894737,
        94.16666666666667,
        62.5,
        76.63551401869158,
        71.77914110429448,
        64.28571428571429,
        29.213483146067414,
        33.33333333333333,
        8.433734939759036,
        23.711340206185564,
        48.0,
        46.19047619047619,
        93.12169312169311,
        77.60416666666666,
        68.37606837606837,
        72.8,
        61.34969325153374,
        35.39823008849557,
        94.24460431654677,
        89.03225806451613,
        5.542725173210162,
        82.18390804597702,
        95.23809523809523,
        50.0,
        91.66666666666666,
        70.73170731707317,
        96.7032967032967,
        65.78947368421053,
        10.416666666666668,
        60.3448275862069,
        81.13207547169812,
        46.15384615384615,
        60.0,
        88.11881188118812,
        60.86956521739131,
        46.15384615384615,
        59.34065934065934,
        58.82352941176471,
        93.18181818181817,
        37.5,
        59.70149253731343,
        26.08695652173913,
        58.333333333333336,
        27.659574468085108,
        75.0,
        63.33333333333333,
        32.857142857142854,
        91.30434782608695,
        62.5,
        52.63157894736842,
        13.043478260869565,
        13.559322033898304,
        64.28571428571429,
        63.63636363636363,
        96.22641509433963,
        3.5175879396984926,
        88.39285714285714,
        83.47107438016529,
        82.2429906542056,
        13.653136531365314,
        87.5,
        67.85714285714286,
        32.608695652173914,
        71.42857142857143,
        93.22033898305084,
        71.5909090909091,
        50.99601593625498,
        83.82352941176471,
        55.55555555555556,
        67.0,
        75.83892617449665,
        83.33333333333334,
        72.09302325581395,
        88.48920863309353,
        69.1588785046729,
        97.31182795698925,
        79.2,
        21.21212121212121,
        84.21052631578947,
        40.666666666666664,
        16.025641025641026,
        64.28571428571429,
        73.33333333333333,
        44.89795918367347,
        17.17171717171717,
        66.3265306122449,
        70.23809523809523,
        45.851528384279476,
        87.25868725868726,
        94.94949494949495,
        28.125,
        83.13253012048193,
        35.26315789473684,
        63.40425531914894,
        86.17021276595744,
        77.09497206703911,
        69.91869918699187,
        85.2112676056338,
        44.565217391304344,
        65.67164179104478,
        12.068965517241379,
        90.76923076923077,
        8.064516129032258,
        47.61904761904761,
        97.0,
        13.333333333333334,
        78.57142857142857,
        94.48818897637796,
        65.3061224489796,
        62.048192771084345,
        83.87096774193549,
        30.18867924528302,
        90.0,
        93.42105263157895,
        85.40145985401459,
        56.849315068493155,
        51.24999999999999,
        32.25806451612903,
        39.436619718309856,
        91.54929577464789,
        75.0,
        83.05084745762711,
        87.01631166103252
    ],
    "Closed Set Accuracy": {
        "OA": 82.85521050555148,
        "AA": 83.90358114537715,