{
    "OA": 76.06928243195476,
    "AA": 75.86304392653165,
    "OOD": null,
    "NMI": null,
    "H-score": null,
    "H3-score": null,
    "UCR": 86.93977786459787,
    "Recall-all": [
        99.63369963369964,
        83.55263157894737,
        83.79120879120879,
        95.41284403669725,
        85.71428571428571,
        96.12903225806451,
        96.2406015037594,
        75.43103448275862,
        97.2972972972973,
        29.878048780487802,
        91.92139737991266,
        75.28089887640449,
        95.43973941368078,
        93.33333333333333,
        75.91240875912408,
        89.90825688073394,
        95.0,
        89.87341772151899,
        79.28802588996764,
        93.93939393939394,
        96.81274900398407,
        86.70360110803324,
        71.72413793103448,
        91.19804400977995,
        59.921414538310415,
        87.15415019762845,
        92.90322580645162,
        49.0238611713666,
        33.40563991323211,
        83.16430020283975,
        89.92805755395683,
        50.7168458781362,
        67.15686274509804,
        79.84886649874056,
        73.6328125,
        53.81526104417671,
        28.31050228310502,
        29.55665024630542,
        82.77777777777777,
        88.35341365461848,
        77.91164658634538,
        80.6509945750452,
        62.126865671641795,
        92.60042283298098,
        75.56561085972851,
        70.3056768558952,
        96.35535307517085,
        75.23992322456814,
        33.33333333333333,
        94.36936936936937,
        85.0,
        79.55801104972376,
        89.65517241379311,
        97.5609756097561,
        89.11764705882354,
        80.83832335329342,
        28.235294117647058,
        85.41666666666666,
        83.17972350230414,
        73.42995169082126,
        92.85714285714286,
        65.9033078880407,
        86.00508905852418,
        81.76100628930818,
        48.29443447037702,
        95.36423841059603,
        91.40127388535032,
        37.08791208791209,
        87.94642857142857,
        91.27272727272727,
        88.86509635974305,
        29.34131736526946,
        86.78571428571429,
        79.66101694915254,
        68.14159292035397,
        49.53703703703704,
        78.16091954022988,
        48.0,
        87.71186440677965,
        53.42465753424658,
        81.9047619047619,
        93.36870026525199,
        89.4949494949495,
        67.61363636363636,
        94.18837675350701,
        90.29126213592234,
        97.95918367346938,
        25.1937984496124,
        85.97402597402596,
        85.55240793201133,
        53.16455696202531,
        47.88990825688074,
        93.58024691358024,
        91.15646258503402,
        69.44444444444444,
        82.19584569732937,
        98.76543209876543,
        44.83627204030227,
        96.28252788104089,
        86.47686832740213,
        90.29850746268657,
        67.78242677824268,
        17.153284671532848,
        95.44626593806922,
        72.48908296943232,
        49.797570850202426,
        61.68421052631579,
        90.6183368869936,
        5.360824742268041,
        57.32899022801303,
        68.65671641791045,
        81.56424581005587,
        11.1368909512761,
        85.92964824120602,
        95.50102249488752,
        81.76795580110497,
        75.97597597597597,
        90.76086956521739,
        87.1875,
        93.90581717451524,
        91.86046511627907,
        59.036144578313255,
        68.6046511627907,
        51.93798449612403,
        68.6192468619247,
        92.4812030075188,
        90.32258064516128,
        73.85964912280701,
        72.87671232876713,
        94.41747572815534,
        37.01799485861182,
        94.76584022038568,
        90.76620825147347,
        77.04280155642024,
        92.23744292237443,
        85.93350383631714,
        36.440677966101696,
        37.67313019390582,
        85.23489932885906,
        69.83695652173914,
        93.43832020997375,
        96.44970414201184,
        95.18716577540107,
        82.17592592592592,
        52.38095238095239,
        66.15384615384615,
        86.05577689243027,
        91.28329297820824,
        79.74137931034483,
        92.88537549407114
    ],
    "Closed Set Accuracy": {
        "OA": 86.93977786459787,
        "AA": 86.92113269302327,