{
    "OA": 76.07114286245837,
    "AA": 75.77380830834728,
    "OOD": null,
    "NMI": null,
    "H-score": null,
    "H3-score": null,
    "UCR": 86.93047571207978,
    "Recall-all": [
        99.63369963369964,
        83.55263157894737,
        83.79120879120879,
        95.18348623853211,
        76.19047619047619,
        96.12903225806451,
        96.2406015037594,
        76.29310344827587,
        97.2972972972973,
        29.268292682926827,
        91.92139737991266,
        73.78277153558052,
        95.43973941368078,
        93.33333333333333,
        75.91240875912408,
        89.90825688073394,
        95.0,
        89.87341772151899,
        78.96440129449837,
        93.93939393939394,
        96.81274900398407,
        86.70360110803324,
        72.41379310344827,
        91.19804400977995,
        60.90373280943025,
        87.15415019762845,
        92.90322580645162,
        48.590021691973966,
        33.40563991323211,
        83.16430020283975,
        90.28776978417267,
        50.7168458781362,
        67.15686274509804,
        79.84886649874056,
        73.6328125,
        53.81526104417671,
        28.31050228310502,
        29.310344827586203,
        83.33333333333334,
        88.35341365461848,
        77.91164658634538,
        80.6509945750452,
        62.126865671641795,
        92.60042283298098,
        75.3393665158371,
        70.3056768558952,
        96.35535307517085,
        75.43186180422265,
        28.57142857142857,
        94.36936936936937,
        85.0,
        79.55801104972376,
        89.65517241379311,
        97.5609756097561,
        89.11764705882354,
        80.53892215568862,
        28.235294117647058,
        85.41666666666666,
        83.41013824884793,
        73.91304347826086,
        92.85714285714286,
        65.9033078880407,
        85.75063613231552,
        81.9706498951782,
        48.29443447037702,
        95.36423841059603,
        91.40127388535032,
        36.81318681318682,
        87.94642857142857,
        91.27272727272727,
        88.86509635974305,
        29.94011976047904,
        86.78571428571429,
        79.66101694915254,
        68.14159292035397,
        49.53703703703704,
        78.73563218390804,
        48.0,
        87.28813559322035,
        53.15068493150685,
        81.9047619047619,
        93.36870026525199,
        89.4949494949495,
        67.61363636363636,
        94.98997995991984,
        90.29126213592234,
        97.95918367346938,
        25.581395348837212,
        85.71428571428571,
        85.55240793201133,
        53.417721518987335,
        48.07339449541285,
        93.33333333333333,
        91.38321995464852,
        69.44444444444444,
        82.49258160237389,
        98.76543209876543,
        44.08060453400503,
        96.28252788104089,
        86.47686832740213,
        90.29850746268657,
        67.78242677824268,
        17.153284671532848,
        95.62841530054644,
        72.92576419213974,
        49.797570850202426,
        61.89473684210526,
        90.6183368869936,
        5.360824742268041,
        57.32899022801303,
        68.95522388059702,
        81.75046554934823,
        11.1368909512761,
        85.92964824120602,
        95.50102249488752,
        81.76795580110497,
        75.97597597597597,
        90.76086956521739,
        87.1875,
        93.35180055401662,
        91.86046511627907,
        59.43775100401606,
        68.6046511627907,
        51.93798449612403,
        68.6192468619247,
        92.4812030075188,
        90.32258064516128,
        73.85964912280701,
        72.32876712328768,
        94.41747572815534,
        36.50385604113111,
        94.49035812672176,
        90.76620825147347,
        77.04280155642024,
        92.23744292237443,
        85.93350383631714,
        36.440677966101696,
        37.119113573407205,
        85.23489932885906,
        69.83695652173914,
        93.43832020997375,
        96.44970414201184,
        95.18716577540107,
        82.17592592592592,
        51.8796992481203,
        66.53846153846153,
        86.05577689243027,
        91.28329297820824,
        79.95689655172413,
        92.88537549407114
    ],
    "Closed Set Accuracy": {
        "OA": 86.93047571207978,
        "AA": 86.90510780267884,