{
    "OA": 80.53338505552054,
    "AA": 79.14662817912543,
    "OOD": 81.25759662912245,
    "NMI": 85.66138305673925,
    "H-score": 80.18049838062083,
    "H3-score": 81.92918085075658,
    "UCR": 80.93897781767457,
    "Recall-all": [
        99.63369963369964,
        76.97368421052632,
        91.75824175824175,
        97.01834862385321,
        57.14285714285714,
        93.2258064516129,
        96.99248120300751,
        91.37931034482759,
        91.8918918918919,
        4.2682926829268295,
        93.23144104803494,
        85.39325842696628,
        96.74267100977198,
        91.66666666666666,
        81.75182481751825,
        87.1559633027523,
        95.0,
        89.87341772151899,
        77.02265372168284,
        86.66666666666667,
        99.20318725099602,
        90.58171745152355,
        77.01149425287356,
        92.66503667481662,
        66.01178781925344,
        89.52569169960475,
        90.96774193548387,
        52.92841648590022,
        53.79609544468546,
        81.94726166328601,
        92.08633093525181,
        59.13978494623656,
        67.64705882352942,
        85.13853904282117,
        73.6328125,
        45.18072289156627,
        39.95433789954338,
        42.857142857142854,
        85.55555555555556,
        88.55421686746988,
        79.31726907630522,
        83.7251356238698,
        63.43283582089553,
        94.08033826638477,
        80.54298642533936,
        69.86899563318777,
        97.26651480637814,
        92.32245681381957,
        28.57142857142857,
        95.04504504504504,
        84.56521739130434,
        79.00552486187846,
        90.42145593869732,
        95.1219512195122,
        92.94117647058823,
        82.63473053892216,
        21.176470588235293,
        84.22619047619048,
        85.02304147465438,
        81.15942028985508,
        97.34693877551021,
        77.60814249363868,
        87.78625954198473,
        78.82599580712788,
        71.99281867145422,
        98.67549668874173,
        96.81528662420382,
        58.24175824175825,
        88.83928571428571,
        94.54545454545455,
        88.6509635974304,
        38.32335329341318,
        92.85714285714286,
        79.1767554479419,
        62.83185840707964,
        51.157407407407405,
        87.93103448275862,
        48.4,
        90.67796610169492,
        64.10958904109589,
        81.19047619047619,
        93.63395225464191,
        95.35353535353536,
        79.54545454545455,
        96.39278557114228,
        82.52427184466019,
        100.0,
        35.65891472868217,
        88.57142857142857,
        94.05099150141642,
        69.36708860759494,
        63.11926605504588,
        96.29629629629629,
        93.87755102040816,
        65.47619047619048,
        83.38278931750742,
        99.38271604938271,
        76.32241813602015,
        95.16728624535315,
        86.12099644128114,
        95.52238805970148,
        76.56903765690377,
        44.16058394160584,
        94.53551912568307,
        84.49781659388647,
        55.87044534412956,
        62.10526315789474,
        90.19189765458422,
        9.278350515463918,
        60.586319218241044,
        75.5223880597015,
        82.30912476722533,
        16.70533642691415,
        92.46231155778895,
        93.66053169734151,
        85.6353591160221,
        75.37537537537537,
        94.02173913043478,
        92.5,
        96.1218836565097,
        94.76744186046511,
        76.30522088353415,
        76.35658914728683,
        68.47545219638242,
        79.07949790794979,
        90.97744360902256,
        95.6989247311828,
        75.78947368421053,
        79.45205479452055,
        95.3883495145631,
        33.67609254498715,
        96.96969696969697,
        91.15913555992141,
        80.1556420233463,
        86.3013698630137,
        87.46803069053708,
        67.37288135593221,
        32.686980609418285,
        91.72259507829978,
        57.608695652173914,
        95.8005249343832,
        97.83037475345168,
        96.2566844919786,
        80.55555555555556,
        61.904761904761905,
        76.15384615384615,
        88.04780876494024,
        88.37772397094432,
        85.99137931034483,
        94.0711462450593,
        81.25759662912245
    ],
    "Closed Set Accuracy": {
        "OA": 91.44760097486558,
        "AA": 91.19685857449747,