{
    "OA": 80.54017359259079,
    "AA": 79.18202515518983,
    "OOD": 81.23531318369662,
    "NMI": 85.66138305673925,
    "H-score": 80.18800733398892,
    "H3-score": 81.93440719943179,
    "UCR": 80.94587555107458,
    "Recall-all": [
        99.63369963369964,
        76.97368421052632,
        90.93406593406593,
        97.01834862385321,
        57.14285714285714,
        93.2258064516129,
        96.61654135338345,
        91.37931034482759,
        91.8918918918919,
        3.048780487804878,
        93.44978165938865,
        85.76779026217228,
        96.74267100977198,
        91.66666666666666,
        81.75182481751825,
        86.69724770642202,
        95.0,
        89.87341772151899,
        75.40453074433657,
        86.06060606060606,
        99.20318725099602,
        90.02770083102493,
        76.7816091954023,
        92.66503667481662,
        66.2082514734774,
        89.32806324110672,
        90.96774193548387,
        53.14533622559653,
        53.79609544468546,
        82.96146044624746,
        92.08633093525181,
        59.318996415770606,
        68.62745098039215,
        85.13853904282117,
        73.2421875,
        46.787148594377506,
        39.95433789954338,
        42.364532019704434,
        85.55555555555556,
        88.75502008032129,
        79.31726907630522,
        83.54430379746836,
        63.61940298507462,
        93.86892177589851,
        80.99547511312217,
        69.86899563318777,
        97.26651480637814,
        91.74664107485604,
        28.57142857142857,
        94.81981981981981,
        84.78260869565217,
        79.00552486187846,
        90.42145593869732,
        95.1219512195122,
        92.94117647058823,
        82.93413173652695,
        22.35294117647059,
        84.52380952380952,
        85.25345622119815,
        81.15942028985508,
        97.14285714285714,
        77.86259541984732,
        87.78625954198473,
        78.40670859538784,
        72.17235188509873,
        98.67549668874173,
        96.81528662420382,
        56.59340659340659,
        89.28571428571429,
        94.18181818181817,
        88.6509635974304,
        40.119760479041915,
        93.21428571428572,
        78.69249394673123,
        64.60176991150442,
        50.69444444444444,
        87.93103448275862,
        48.4,
        90.46610169491525,
        64.93150684931507,
        81.42857142857143,
        93.89920424403184,
        95.55555555555556,
        78.97727272727273,
        96.39278557114228,
        82.52427184466019,
        100.0,
        35.65891472868217,
        88.57142857142857,
        94.05099150141642,
        69.36708860759494,
        65.13761467889908,
        96.29629629629629,
        93.87755102040816,
        65.47619047619048,
        83.67952522255193,
        99.38271604938271,
        76.82619647355163,
        95.72490706319702,
        86.83274021352312,
        95.27363184079603,
        76.56903765690377,
        44.16058394160584,
        95.26411657559198,
        84.27947598253274,
        56.2753036437247,
        62.10526315789474,
        89.97867803837953,
        9.072164948453608,
        60.91205211726385,
        75.22388059701493,
        81.56424581005587,
        17.633410672853827,
        92.46231155778895,
        93.86503067484662,
        83.70165745856355,
        76.27627627627628,
        92.66304347826086,
        92.5,
        96.1218836565097,
        94.18604651162791,
        77.10843373493977,
        77.13178294573643,
        68.73385012919897,
        79.07949790794979,
        90.78947368421053,
        95.3405017921147,
        75.96491228070175,
        80.0,
        95.3883495145631,
        34.447300771208226,
        96.96969696969697,
        90.96267190569745,
        80.1556420233463,
        86.0730593607306,
        87.21227621483376,
        67.37288135593221,
        31.855955678670362,
        91.2751677852349,
        58.42391304347826,
        95.8005249343832,
        97.83037475345168,
        96.07843137254902,
        80.55555555555556,
        61.904761904761905,
        75.76923076923077,
        88.44621513944223,
        88.61985472154964,
        86.20689655172413,
        94.0711462450593,
        81.23531318369662
    ],
    "Closed Set Accuracy": {
        "OA": 91.44201968335473,
        "AA": 91.17251115287225,