{
    "OA": 79.91107142192703,
    "AA": 79.93465143003176,
    "OOD": null,
    "NMI": null,
    "H-score": null,
    "H3-score": null,
    "UCR": 89.82158471470298,
    "Recall-all": [
        99.63369963369964,
        78.94736842105263,
        90.38461538461539,
        97.01834862385321,
        90.47619047619048,
        94.83870967741936,
        98.1203007518797,
        93.10344827586206,
        94.5945945945946,
        12.195121951219512,
        94.32314410480349,
        84.26966292134831,
        96.74267100977198,
        94.44444444444444,
        82.48175182481752,
        88.9908256880734,
        95.0,
        94.9367088607595,
        81.55339805825243,
        80.60606060606061,
        99.60159362549801,
        91.41274238227147,
        71.26436781609196,
        92.90953545232273,
        65.22593320235757,
        88.14229249011858,
        92.25806451612904,
        53.79609544468546,
        51.84381778741866,
        84.58417849898579,
        94.60431654676259,
        48.2078853046595,
        68.13725490196079,
        85.8942065491184,
        77.5390625,
        43.77510040160642,
        42.922374429223744,
        45.812807881773395,
        88.33333333333333,
        89.1566265060241,
        79.31726907630522,
        81.374321880651,
        66.4179104477612,
        94.5031712473573,
        79.63800904977376,
        71.61572052401746,
        97.26651480637814,
        74.28023032629558,
        47.61904761904761,
        96.17117117117117,
        88.04347826086956,
        80.11049723756905,
        92.72030651340997,
        95.1219512195122,
        94.70588235294117,
        82.33532934131736,
        32.94117647058823,
        86.90476190476191,
        88.0184331797235,
        84.54106280193237,
        96.3265306122449,
        66.66666666666666,
        90.33078880407125,
        79.87421383647799,
        54.039497307001795,
        99.33774834437085,
        92.99363057324841,
        53.2967032967033,
        91.96428571428571,
        96.36363636363636,
        88.86509635974305,
        47.30538922155689,
        92.14285714285714,
        77.72397094430993,
        70.35398230088495,
        53.93518518518518,
        89.65517241379311,
        52.800000000000004,
        91.10169491525424,
        69.31506849315069,
        82.61904761904762,
        94.6949602122016,
        96.36363636363636,
        77.8409090909091,
        96.59318637274549,
        91.2621359223301,
        100.0,
        35.65891472868217,
        88.83116883116882,
        93.48441926345609,
        64.30379746835443,
        46.788990825688074,
        95.30864197530863,
        95.01133786848072,
        72.61904761904762,
        85.7566765578635,
        100.0,
        68.26196473551637,
        97.76951672862454,
        88.61209964412812,
        95.77114427860697,
        78.24267782426779,
        46.715328467153284,
        97.26775956284153,
        82.53275109170306,
        60.72874493927125,
        61.05263157894737,
        92.75053304904051,
        7.010309278350515,
        61.88925081433225,
        78.2089552238806,
        86.03351955307262,
        19.02552204176334,
        95.22613065326632,
        94.47852760736197,
        86.1878453038674,
        73.87387387387388,
        95.65217391304348,
        92.8125,
        97.22991689750693,
        94.76744186046511,
        54.61847389558233,
        82.17054263565892,
        53.229974160206716,
        72.80334728033473,
        93.23308270676691,
        96.415770609319,
        74.91228070175438,
        83.56164383561644,
        96.84466019417476,
        38.303341902313626,
        96.69421487603306,
        91.94499017681729,
        83.26848249027238,
        90.8675799086758,
        87.21227621483376,
        67.79661016949152,
        34.62603878116344,
        92.61744966442953,
        71.73913043478261,
        97.11286089238845,
        98.22485207100591,
        96.79144385026738,
        84.72222222222221,
        56.64160401002506,
        77.6923076923077,
        89.64143426294821,
        88.86198547215496,
        86.63793103448276,
        95.65217391304348
    ],
    "Closed Set Accuracy": {
        "OA": 89.82158471470298,
        "AA": 89.67580951159452,