{
    "OA": 76.81008386680563,
    "AA": 78.16339440567032,
    "OOD": 75.17980790708063,
    "NMI": 80.82414280241309,
    "H-score": 76.65163645253585,
    "H3-score": 77.9951121583915,
    "UCR": 77.25846580063266,
    "Recall-all": [
        99.63369963369964,
        86.8421052631579,
        79.94505494505495,
        95.18348623853211,
        76.19047619047619,
        95.48387096774194,
        95.86466165413535,
        69.39655172413794,
        100.0,
        22.5609756097561,
        93.44978165938865,
        79.02621722846442,
        96.74267100977198,
        92.22222222222223,
        76.27737226277372,
        90.36697247706422,
        95.0,
        86.07594936708861,
        76.37540453074433,
        95.15151515151516,
        95.61752988047809,
        91.68975069252078,
        83.44827586206897,
        91.93154034229829,
        67.58349705304518,
        88.73517786561264,
        91.93548387096774,
        49.67462039045553,
        43.16702819956616,
        85.80121703853956,
        87.05035971223022,
        63.261648745519715,
        67.15686274509804,
        79.34508816120906,
        71.875,
        62.65060240963856,
        23.059360730593607,
        25.615763546798032,
        80.83333333333333,
        89.35742971887551,
        79.71887550200803,
        83.7251356238698,
        63.24626865671642,
        93.44608879492601,
        76.01809954751131,
        70.74235807860262,
        96.58314350797266,
        93.47408829174664,
        33.33333333333333,
        92.56756756756756,
        83.91304347826087,
        79.74217311233886,
        89.65517241379311,
        95.1219512195122,
        87.6470588235294,
        86.22754491017965,
        38.82352941176471,
        85.41666666666666,
        83.6405529953917,
        71.49758454106279,
        93.87755102040816,
        83.46055979643766,
        83.46055979643766,
        86.37316561844864,
        77.737881508079,
        92.71523178807946,
        96.4968152866242,
        51.92307692307693,
        87.5,
        89.81818181818181,
        90.14989293361884,
        28.74251497005988,
        89.28571428571429,
        80.87167070217917,
        67.69911504424779,
        81.48148148148148,
        78.73563218390804,
        79.2,
        89.61864406779661,
        54.52054794520548,
        80.47619047619048,
        94.16445623342176,
        93.73737373737374,
        78.4090909090909,
        92.98597194388778,
        88.3495145631068,
        99.09297052154194,
        37.5968992248062,
        88.31168831168831,
        92.06798866855524,
        65.31645569620254,
        76.5137614678899,
        95.55555555555556,
        89.79591836734694,
        67.46031746031747,
        84.56973293768546,
        98.76543209876543,
        62.72040302267003,
        95.53903345724906,
        86.12099644128114,
        90.29850746268657,
        66.52719665271967,
        25.547445255474454,
        94.89981785063752,
        74.235807860262,
        52.226720647773284,
        63.578947368421055,
        89.12579957356077,
        20.20618556701031,
        57.98045602605863,
        66.56716417910448,
        78.77094972067039,
        10.440835266821345,
        78.64321608040201,
        93.86503067484662,
        82.04419889502762,
        82.88288288288288,
        88.31521739130434,
        88.4375,
        94.73684210526315,
        93.6046511627907,
        81.52610441767068,
        64.72868217054264,
        68.9922480620155,
        75.31380753138075,
        91.72932330827066,
        91.39784946236558,
        78.0701754385965,
        68.4931506849315,
        92.23300970873787,
        40.102827763496144,
        95.59228650137742,
        90.76620825147347,
        76.26459143968872,
        93.60730593607306,
        88.49104859335038,
        43.64406779661017,
        37.396121883656505,
        85.23489932885906,
        54.61956521739131,
        93.96325459317585,
        96.44970414201184,
        95.18716577540107,
        79.16666666666666,
        56.14035087719298,
        64.61538461538461,
        84.06374501992032,
        92.49394673123487,
        84.05172413793103,
        92.88537549407114,
        75.17980790708063
    ],
    "Closed Set Accuracy": {
        "OA": 89.87925806031515,
        "AA": 89.79873951001177,