{
    "OA": 51.842668993970165,
    "AA": 46.94041518778987,
    "OOD": null,
    "NMI": null,
    "H-score": null,
    "H3-score": null,
    "UCR": 75.41058394160584,
    "Recall-all": [
        89.24731182795699,
        19.444444444444446,
        41.37931034482759,
        47.05882352941176,
        52.84090909090909,
        39.42307692307692,
        53.04878048780488,
        11.428571428571429,
        61.41479099678456,
        1.0169491525423728,
        62.544169611307424,
        15.032679738562091,
        79.45945945945945,
        59.199999999999996,
        11.11111111111111,
        70.13422818791946,
        55.952380952380956,
        50.0,
        6.25,
        53.125,
        53.051643192488264,
        26.666666666666668,
        39.82808022922636,
        65.66037735849056,
        10.424710424710424,
        15.625,
        81.7351598173516,
        27.27272727272727,
        8.620689655172415,
        51.470588235294116,
        14.563106796116504,
        25.161290322580644,
        49.39759036144578,
        77.77777777777779,
        75.43859649122807,
        2.272727272727273,
        57.14285714285714,
        44.50402144772118,
        30.96446700507614,
        48.57142857142857,
        78.52760736196319,
        26.027397260273972,
        21.580547112462007,
        70.0,
        8.620689655172415,
        16.666666666666664,
        75.0,
        23.076923076923077,
        4.3478260869565215,
        77.03703703703704,
        81.17647058823529,
        59.813084112149525,
        0.0,
        70.0,
        68.8118811881188,
        32.11009174311927,
        54.0,
        51.65562913907284,
        39.44444444444444,
        54.054054054054056,
        62.03007518796993,
        9.67741935483871,
        83.24324324324324,
        66.2420382165605,
        43.75,
        84.61538461538461,
        76.36363636363637,
        4.3478260869565215,
        0.0,
        76.92307692307693,
        70.70707070707071,
        5.392156862745098,
        38.70967741935484,
        37.362637362637365,
        22.68041237113402,
        65.89147286821705,
        66.66666666666666,
        0.0,
        51.35135135135135,
        0.0,
        11.11111111111111,
        91.74311926605505,
        89.7196261682243,
        33.33333333333333,
        67.85714285714286,
        50.90909090909091,
        85.62091503267973,
        11.84573002754821,
        36.36363636363637,
        55.4054054054054,
        30.58823529411765,
        46.71968190854871,
        87.5,
        87.73946360153256,
        52.892561983471076,
        85.71428571428571,
        96.93877551020408,
        7.142857142857142,
        56.33802816901409,
        77.81569965870307,
        79.54545454545455,
        49.23076923076923,
        5.084745762711865,
        91.55405405405406,
        23.15270935960591,
        36.36363636363637,
        47.76119402985074,
        5.172413793103448,
        0.0,
        9.090909090909092,
        57.49999999999999,
        23.52941176470588,
        7.6923076923076925,
        70.0,
        40.0,
        70.58823529411765,
        38.43283582089552,
        89.6103896103896,
        2.3972602739726026,
        81.94444444444444,
        57.14285714285714,
        5.3097345132743365,
        49.112426035502956,
        18.64406779661017,
        20.689655172413794,
        89.65517241379311,
        58.47457627118644,
        48.64864864864865,
        40.0,
        87.67123287671232,
        6.8493150684931505,
        52.370203160270876,
        73.85321100917432,
        4.8034934497816595,
        50.0,
        88.0,
        25.806451612903224,
        4.519774011299435,
        74.35897435897436,
        5.818181818181818,
        19.841269841269842,
        87.28323699421965,
        70.39106145251397,
        0.0,
        41.07142857142857,
        36.774193548387096,
        46.15384615384615,
        82.14285714285714,
        68.57142857142857,
        73.81703470031546,
        82.35294117647058,
        55.14705882352941,
        85.81560283687944,
        63.013698630136986,
        29.61672473867596,
        10.75268817204301,
        72.35023041474655,
        82.63157894736842,
        37.83783783783784,
        81.5068493150685,
        53.03030303030303,
        40.92664092664093,
        7.865168539325842,
        4.761904761904762,
        59.79381443298969,
        28.947368421052634,
        62.616822429906534,
        28.000000000000004,
        3.225806451612903,
        25.0,
        44.44444444444444,
        78.52112676056338,
        43.06569343065693,
        1.4245014245014245,
        79.26136363636364,
        72.26277372262774,
        76.70454545454545,
        52.87356321839081,
        41.42857142857143,
        51.35135135135135,
        0.0,
        12.82051282051282,
        62.03703703703704,
        76.81159420289855,
        51.9607843137255,
        0.0,
        62.72401433691756,
        11.11111111111111,
        60.0,
        67.56756756756756,
        13.004484304932735,
        42.810457516339866,
        8.934707903780069,
        2.857142857142857,
        53.25670498084292,
        69.88636363636364,
        50.0,
        64.73029045643153,
        7.303370786516854,
        29.051987767584098,
        0.0,
        82.09606986899564,
        82.67477203647417,
        14.285714285714285,
        88.72832369942196,
        45.41832669322709,
        72.80701754385966,
        59.756097560975604,
        91.30434782608695,
        56.60377358490566,
        55.12820512820513,
        53.84615384615385,
        93.16239316239316,
        69.56521739130434,
        40.35087719298245,
        83.92282958199357,
        81.9672131147541,
        0.7936507936507936,
        86.68831168831169,
        67.16417910447761,
        75.75757575757575,
        12.790697674418606,
        78.8546255506608,
        54.736842105263165,
        88.41201716738198,
        80.68181818181817,
        58.128078817733986,
        63.33333333333333,
        43.99038461538461,
        27.419354838709676,
        78.8135593220339,
        30.0,
        55.00000000000001,
        78.57142857142857,
        29.411764705882355,
        80.21390374331551,
        86.20689655172413,
        28.888888888888886,
        37.55102040816327,
        13.793103448275861,
        2.5,
        32.89473684210527,
        87.58169934640523,
        63.095238095238095,
        22.739018087855296,
        36.53846153846153,
        69.85645933014354,
        85.77777777777777,
        67.41573033707866,
        31.428571428571427,
        70.04048582995951,
        81.3953488372093,
        43.18181818181818,
        78.02197802197803,
        15.555555555555555,
        92.88256227758008,
        24.778761061946902,
        77.6595744680851,
        83.69098712446352,
        57.692307692307686,
        48.64864864864865,
        12.987012987012985,
        43.07692307692308,
        46.15384615384615,
        70.0,
        8.870967741935484,
        9.090909090909092,
        20.754716981132077,
        73.09417040358744,
        48.47457627118644,
        35.13513513513514,
        69.89247311827957,
        87.90697674418605,
        83.80281690140845,
        0.0,
        56.52173913043478,
        56.61764705882353,
        41.333333333333336,
        81.81818181818183,
        17.142857142857142,
        3.896103896103896,
        75.3315649867374,
        0.0,
        2.083333333333333,
        32.0,
        0.0,
        58.080808080808076,
        22.22222222222222,
        18.181818181818183,
        11.11111111111111,
        87.73946360153256,
        14.332247557003258,
        38.095238095238095,
        53.57142857142857,
        39.39393939393939,
        17.479674796747968,
        75.0,
        2.631578947368421,
        15.492957746478872,
        8.25242718446602,
        40.0,
        2.857142857142857,
        68.02973977695167,
        67.70833333333334,
        77.35849056603774,
