{
    "OA": 73.99110724469577,
    "AA": 53.61266976525438,
    "OOD": 92.45055110976898,
    "NMI": 70.71491972096287,
    "H-score": 67.65986677218928,
    "H3-score": 68.64982732258002,
    "UCR": 70.81449325368627,
    "Recall-all": [
        91.39784946236558,
        25.0,
        37.93103448275862,
        56.86274509803921,
        64.77272727272727,
        37.5,
        59.14634146341463,
        14.285714285714285,
        71.38263665594855,
        3.050847457627119,
        65.01766784452296,
        19.607843137254903,
        85.4054054054054,
        64.8,
        11.11111111111111,
        76.84563758389261,
        65.47619047619048,
        45.744680851063826,
        13.194444444444445,
        64.0625,
        56.8075117370892,
        33.33333333333333,
        60.458452722063036,
        75.84905660377359,
        18.53281853281853,
        25.0,
        85.38812785388129,
        36.36363636363637,
        13.793103448275861,
        60.29411764705882,
        19.41747572815534,
        47.096774193548384,
        56.62650602409639,
        77.77777777777779,
        79.82456140350878,
        11.363636363636363,
        60.71428571428571,
        53.35120643431635,
        34.01015228426396,
        53.333333333333336,
        85.2760736196319,
        43.83561643835616,
        40.121580547112465,
        77.14285714285715,
        18.96551724137931,
        28.57142857142857,
        85.0,
        58.97435897435898,
        4.3478260869565215,
        84.44444444444444,
        85.88235294117646,
        61.6822429906542,
        12.5,
        80.0,
        77.72277227722772,
        48.62385321100918,
        50.0,
        61.58940397350994,
        44.44444444444444,
        54.054054054054056,
        69.92481203007519,
        45.16129032258064,
        84.86486486486487,
        75.15923566878982,
        72.91666666666666,
        84.61538461538461,
        87.27272727272727,
        14.130434782608695,
        5.555555555555555,
        74.35897435897436,
        82.82828282828282,
        5.88235294117647,
        51.61290322580645,
        51.64835164835166,
        32.98969072164948,
        74.4186046511628,
        79.62962962962963,
        0.0,
        70.27027027027027,
        0.0,
        11.11111111111111,
        94.4954128440367,
        93.45794392523365,
        83.33333333333334,
        69.04761904761905,
        61.81818181818181,
        88.23529411764706,
        14.600550964187327,
        54.54545454545454,
        63.51351351351351,
        42.35294117647059,
        67.79324055666004,
        92.5,
        90.03831417624522,
        63.22314049586777,
        90.06211180124224,
        96.93877551020408,
        21.428571428571427,
        61.97183098591549,
        85.32423208191126,
        82.57575757575758,
        50.76923076923077,
        5.084745762711865,
        94.5945945945946,
        44.827586206896555,
        45.45454545454545,
        59.20398009950249,
        3.4482758620689653,
        0.0,
        18.181818181818183,
        63.33333333333333,
        38.23529411764706,
        10.256410256410255,
        70.0,
        70.0,
        75.63025210084034,
        69.02985074626866,
        93.5064935064935,
        3.4246575342465753,
        90.27777777777779,
        42.857142857142854,
        23.008849557522122,
        50.887573964497044,
        32.20338983050847,
        22.413793103448278,
        93.10344827586206,
        63.559322033898304,
        63.51351351351351,
        48.0,
        91.78082191780823,
        10.95890410958904,
        59.59367945823928,
        81.65137614678899,
        10.043668122270741,
        61.267605633802816,
        94.0,
        38.70967741935484,
        8.47457627118644,
        82.05128205128204,
        12.0,
        30.952380952380953,
        88.4393063583815,
        74.86033519553072,
        0.0,
        51.78571428571429,
        41.935483870967744,
        50.76923076923077,
        88.18681318681318,
        71.42857142857143,
        82.64984227129337,
        92.45055110976898
    ],
    "Closed Set Accuracy": {
        "OA": 82.51289917724168,
        "AA": 80.78560641492197,