{
    "OA": 73.9645256391668,
    "AA": 53.52589821965875,
    "OOD": 92.46061704162263,
    "NMI": 70.71491972096287,
    "H-score": 67.59222291122138,
    "H3-score": 68.60338936016457,
    "UCR": 70.77901006017026,
    "Recall-all": [
        90.32258064516128,
        25.0,
        37.93103448275862,
        56.86274509803921,
        65.05681818181817,
        37.980769230769226,
        59.14634146341463,
        13.333333333333334,
        71.38263665594855,
        2.711864406779661,
        66.78445229681978,
        19.607843137254903,
        84.86486486486487,
        64.8,
        11.851851851851853,
        77.18120805369128,
        64.28571428571429,
        44.680851063829785,
        13.194444444444445,
        64.0625,
        56.33802816901409,
        33.33333333333333,
        60.17191977077364,
        76.60377358490567,
        18.146718146718147,
        25.0,
        85.38812785388129,
        36.36363636363637,
        13.793103448275861,
        58.82352941176471,
        19.41747572815534,
        47.096774193548384,
        56.62650602409639,
        77.77777777777779,
        80.7017543859649,
        11.363636363636363,
        60.71428571428571,
        53.08310991957105,
        34.01015228426396,
        54.285714285714285,
        85.88957055214725,
        42.922374429223744,
        39.51367781155015,
        77.14285714285715,
        18.96551724137931,
        28.57142857142857,
        85.0,
        60.256410256410255,
        4.3478260869565215,
        84.81481481481481,
        85.88235294117646,
        61.6822429906542,
        12.5,
        80.0,
        77.22772277227723,
        48.62385321100918,
        50.0,
        61.58940397350994,
        43.888888888888886,
        54.054054054054056,
        69.92481203007519,
        45.16129032258064,
        84.86486486486487,
        75.15923566878982,
        71.66666666666667,
        84.61538461538461,
        87.27272727272727,
        13.043478260869565,
        5.555555555555555,
        74.35897435897436,
        82.82828282828282,
        5.88235294117647,
        53.2258064516129,
        52.197802197802204,
        34.02061855670103,
        75.1937984496124,
        79.62962962962963,
        0.0,
        70.27027027027027,
        0.0,
        11.11111111111111,
        94.4954128440367,
        93.45794392523365,
        75.0,
        69.04761904761905,
        61.81818181818181,
        88.23529411764706,
        14.325068870523417,
        54.54545454545454,
        64.86486486486487,
        42.35294117647059,
        67.19681908548708,
        92.5,
        89.272030651341,
        63.22314049586777,
        90.6832298136646,
        96.93877551020408,
        14.285714285714285,
        61.97183098591549,
        84.30034129692832,
        82.57575757575758,
        50.76923076923077,
        5.084745762711865,
        94.5945945945946,
        43.84236453201971,
        45.45454545454545,
        59.20398009950249,
        3.4482758620689653,
        0.0,
        18.181818181818183,
        63.33333333333333,
        32.35294117647059,
        10.256410256410255,
        70.0,
        70.0,
        75.63025210084034,
        68.65671641791045,
        93.5064935064935,
        3.0821917808219177,
        90.27777777777779,
        57.14285714285714,
        23.893805309734514,
        52.071005917159766,
        30.508474576271187,
        22.413793103448278,
        92.24137931034483,
        63.559322033898304,
        62.16216216216216,
        48.8,
        91.78082191780823,
        10.95890410958904,
        59.14221218961625,
        81.65137614678899,
        10.043668122270741,
        61.267605633802816,
        94.0,
        38.70967741935484,
        8.47457627118644,
        82.05128205128204,
        12.0,
        29.365079365079367,
        88.4393063583815,
        75.41899441340783,
        0.0,
        49.107142857142854,
        41.29032258064516,
        52.307692307692314,
        88.73626373626374,
        71.42857142857143,
        83.2807570977918,
        92.46061704162263
    ],
    "Closed Set Accuracy": {
        "OA": 82.50825082508251,
        "AA": 80.79191808278209,