{
    "OA": 74.11018003816477,
    "AA": 50.7130301586596,
    "OOD": 86.92441497915915,
    "NMI": 60.27082558793507,
    "H-score": 63.86187435804004,
    "H3-score": 62.61958083357469,
    "UCR": 59.265132735336664,
    "Recall-all": [
        90.9090909090909,
        75.32467532467533,
        25.53191489361702,
        72.5,
        72.59615384615384,
        46.75324675324675,
        90.9090909090909,
        4.838709677419355,
        88.09523809523809,
        7.471264367816093,
        56.25,
        44.827586206896555,
        75.16339869281046,
        78.87323943661971,
        7.6923076923076925,
        80.71428571428572,
        90.9090909090909,
        58.64661654135338,
        44.3609022556391,
        83.92857142857143,
        85.71428571428571,
        44.52054794520548,
        20.0,
        79.83870967741935,
        50.74626865671642,
        72.51908396946564,
        92.0,
        12.643678160919542,
        15.789473684210526,
        95.83333333333334,
        28.26086956521739,
        73.36448598130842,
        65.6441717791411,
        23.809523809523807,
        25.842696629213485,
        41.17647058823529,
        2.4096385542168677,
        7.216494845360824,
        46.22222222222222,
        38.095238095238095,
        90.47619047619048,
        60.416666666666664,
        67.09401709401709,
        40.0,
        44.785276073619634,
        25.663716814159294,
        71.22302158273382,
        89.6774193548387,
        1.8475750577367205,
        75.86206896551724,
        69.04761904761905,
        30.434782608695656,
        77.08333333333334,
        53.65853658536586,
        74.72527472527473,
        51.31578947368421,
        2.083333333333333,
        18.96551724137931,
        69.81132075471697,
        38.46153846153847,
        35.55555555555556,
        66.33663366336634,
        17.391304347826086,
        41.02564102564102,
        50.54945054945055,
        29.411764705882355,
        93.18181818181817,
        31.25,
        56.71641791044776,
        13.043478260869565,
        58.333333333333336,
        10.638297872340425,
        50.0,
        66.66666666666666,
        17.142857142857142,
        95.65217391304348,
        12.5,
        57.89473684210527,
        21.73913043478261,
        3.389830508474576,
        45.23809523809524,
        45.45454545454545,
        89.62264150943396,
        2.512562814070352,
        80.35714285714286,
        83.47107438016529,
        67.28971962616822,
        15.867158671586715,
        86.25,
        35.714285714285715,
        8.695652173913043,
        64.51612903225806,
        77.96610169491525,
        55.68181818181818,
        41.03585657370518,
        80.14705882352942,
        33.33333333333333,
        30.0,
        58.38926174496645,
        69.79166666666666,
        58.139534883720934,
        82.01438848920863,
        29.906542056074763,
        95.6989247311828,
        68.8,
        9.090909090909092,
        82.7485380116959,
        28.666666666666668,
        5.448717948717949,
        42.857142857142854,
        60.0,
        18.367346938775512,
        13.636363636363635,
        23.46938775510204,
        44.047619047619044,
        40.61135371179039,
        83.01158301158301,
        89.8989898989899,
        6.25,
        60.24096385542169,
        30.0,
        62.12765957446808,
        55.319148936170215,
        72.62569832402235,
        76.42276422764228,
        77.46478873239437,
        28.26086956521739,
        28.35820895522388,
        0.0,
        73.84615384615385,
        4.838709677419355,
        25.25879917184265,
        80.5,
        6.666666666666667,
        82.53968253968253,
        88.18897637795276,
        34.69387755102041,
        63.85542168674698,
        80.64516129032258,
        20.754716981132077,
        82.3076923076923,
        63.1578947368421,
        75.91240875912408,
        43.83561643835616,
        43.75,
        3.225806451612903,
        49.29577464788733,
        92.95774647887323,
        43.75,
        66.94915254237289,
        86.92441497915915
    ],
    "Closed Set Accuracy": {
        "OA": 76.10325198669898,
        "AA": 75.74889800054949,