{
    "OA": 73.7960171374167,
    "AA": 47.3986047313568,
    "OOD": 89.77614780472616,
    "NMI": 65.4294556665236,
    "H-score": 61.79853726599347,
    "H3-score": 62.96460365812246,
    "UCR": 63.6244194081026,
    "Recall-all": [
        91.39784946236558,
        35.41666666666667,
        5.172413793103448,
        52.94117647058824,
        54.82954545454546,
        55.04807692307693,
        46.34146341463415,
        2.857142857142857,
        62.37942122186495,
        1.3559322033898304,
        39.57597173144876,
        17.647058823529413,
        84.86486486486487,
        60.4,
        5.185185185185185,
        79.19463087248322,
        61.904761904761905,
        28.723404255319153,
        10.416666666666668,
        69.79166666666666,
        42.72300469483568,
        50.0,
        62.46418338108882,
        75.09433962264151,
        17.760617760617762,
        18.75,
        80.36529680365297,
        18.181818181818183,
        6.0344827586206895,
        69.11764705882352,
        0.0,
        55.483870967741936,
        50.602409638554214,
        11.11111111111111,
        60.526315789473685,
        13.636363636363635,
        17.857142857142858,
        20.64343163538874,
        29.441624365482234,
        39.04761904761905,
        79.14110429447852,
        39.26940639269406,
        49.848024316109424,
        54.285714285714285,
        13.793103448275861,
        14.285714285714285,
        67.5,
        73.07692307692307,
        0.0,
        81.48148148148148,
        95.29411764705881,
        59.813084112149525,
        37.5,
        80.0,
        57.920792079207914,
        42.201834862385326,
        34.0,
        54.966887417218544,
        41.11111111111111,
        48.64864864864865,
        63.53383458646616,
        45.16129032258064,
        80.0,
        80.89171974522293,
        70.0,
        88.46153846153845,
        86.36363636363636,
        6.521739130434782,
        25.0,
        41.02564102564102,
        81.81818181818183,
        2.941176470588235,
        54.83870967741935,
        40.65934065934066,
        31.958762886597935,
        76.74418604651163,
        61.111111111111114,
        0.0,
        56.75675675675676,
        0.0,
        5.555555555555555,
        94.4954128440367,
        84.11214953271028,
        58.333333333333336,
        60.71428571428571,
        69.0909090909091,
        86.9281045751634,
        15.426997245179063,
        45.45454545454545,
        70.27027027027027,
        17.647058823529413,
        71.57057654075547,
        89.64285714285715,
        77.39463601532567,
        59.50413223140496,
        90.6832298136646,
        98.9795918367347,
        7.142857142857142,
        54.22535211267606,
        80.2047781569966,
        82.57575757575758,
        41.53846153846154,
        1.694915254237288,
        91.55405405405406,
        39.40886699507389,
        45.45454545454545,
        58.70646766169154,
        3.4482758620689653,
        0.0,
        9.090909090909092,
        46.25,
        5.88235294117647,
        0.0,
        35.0,
        30.0,
        71.84873949579831,
        73.50746268656717,
        89.6103896103896,
        4.10958904109589,
        56.25,
        57.14285714285714,
        31.563421828908556,
        28.994082840236686,
        25.423728813559322,
        22.413793103448278,
        91.37931034482759,
        50.0,
        60.810810810810814,
        36.8,
        84.93150684931507,
        5.47945205479452,
        54.176072234762984,
        76.60550458715596,
        7.423580786026202,
        62.676056338028175,
        90.0,
        16.129032258064516,
        7.344632768361582,
        54.48717948717948,
        8.363636363636363,
        36.507936507936506,
        78.03468208092485,
        77.6536312849162,
        5.555555555555555,
        35.714285714285715,
        27.741935483870968,
        68.46153846153847,
        86.26373626373626,
        60.0,
        73.81703470031546,
        89.77614780472616
    ],
    "Closed Set Accuracy": {
        "OA": 77.97610746990192,
        "AA": 74.58547516977951,