{
    "OA": 52.9349539533726,
    "AA": 53.26665264325108,
    "OOD": null,
    "NMI": null,
    "H-score": null,
    "H3-score": null,
    "UCR": 74.55405293287978,
    "Recall-all": [
        90.9090909090909,
        61.471861471861466,
        85.81560283687944,
        81.25,
        75.0,
        33.76623376623377,
        93.5064935064935,
        51.61290322580645,
        83.33333333333334,
        11.494252873563218,
        77.77777777777779,
        56.55172413793104,
        71.89542483660131,
        80.28169014084507,
        20.51282051282051,
        63.57142857142857,
        90.9090909090909,
        65.41353383458647,
        43.609022556390975,
        72.32142857142857,
        83.92857142857143,
        44.52054794520548,
        16.363636363636363,
        50.0,
        39.40298507462687,
        65.64885496183206,
        88.0,
        17.24137931034483,
        28.421052631578945,
        88.33333333333333,
        57.608695652173914,
        45.794392523364486,
        66.87116564417178,
        64.28571428571429,
        23.595505617977526,
        21.568627450980394,
        4.819277108433735,
        20.618556701030926,
        43.55555555555555,
        42.38095238095238,
        88.88888888888889,
        67.70833333333334,
        45.72649572649573,
        68.0,
        48.466257668711656,
        23.008849557522122,
        82.01438848920863,
        65.16129032258064,
        3.4642032332563506,
        74.13793103448276,
        88.09523809523809,
        41.30434782608695,
        87.5,
        68.29268292682927,
        94.5054945054945,
        26.31578947368421,
        2.083333333333333,
        55.172413793103445,
        77.35849056603774,
        44.61538461538462,
        40.0,
        34.65346534653465,
        60.86956521739131,
        28.205128205128204,
        29.67032967032967,
        47.05882352941176,
        50.0,
        31.25,
        44.776119402985074,
        26.08695652173913,
        54.166666666666664,
        13.47517730496454,
        65.0,
        50.0,
        15.714285714285714,
        91.30434782608695,
        25.0,
        21.052631578947366,
        13.043478260869565,
        6.779661016949152,
        47.61904761904761,
        18.181818181818183,
        92.45283018867924,
        2.0100502512562812,
        79.46428571428571,
        76.85950413223141,
        75.70093457943925,
        4.797047970479705,
        82.5,
        57.14285714285714,
        21.73913043478261,
        28.110599078341014,
        83.05084745762711,
        57.95454545454546,
        40.23904382470119,
        83.08823529411765,
        33.33333333333333,
        31.0,
        69.79865771812081,
        72.91666666666666,
        65.89147286821705,
        85.61151079136691,
        46.728971962616825,
        95.6989247311828,
        73.6,
        9.090909090909092,
        73.39181286549707,
        39.33333333333333,
        3.205128205128205,
        64.28571428571429,
        67.14285714285714,
        35.714285714285715,
        5.555555555555555,
        61.224489795918366,
        57.14285714285714,
        41.04803493449782,
        68.72586872586872,
        91.91919191919192,
        12.5,
        78.3132530120482,
        28.421052631578945,
        23.829787234042556,
        79.7872340425532,
        63.128491620111724,
        65.04065040650406,
        79.5774647887324,
        38.04347826086957,
        46.26865671641791,
        8.620689655172415,
        83.07692307692308,
        6.451612903225806,
        33.33333333333333,
        83.0,
        8.333333333333332,
        70.63492063492063,
        84.25196850393701,
        34.69387755102041,
        53.01204819277109,
        87.09677419354838,
        32.075471698113205,
        80.0,
        82.89473684210526,
        83.21167883211679,
        47.26027397260274,
        30.0,
        27.419354838709676,
        46.478873239436616,
        84.50704225352112,
        50.0,
        77.11864406779661,
        83.33333333333334,
        30.303030303030305,
        95.65217391304348,
        75.0,
        47.706422018348626,
        14.925373134328357,
        76.37795275590551,
        85.45454545454545,
        43.07692307692308,
        89.41176470588236,
        73.68421052631578,
        22.727272727272727,
        48.421052631578945,
        60.0,
        33.92857142857143,
        30.76923076923077,
        48.858447488584474,
        38.78326996197718,
        15.789473684210526,
        69.6113074204947,
        43.90243902439025,
        77.15355805243446,
        50.0,
        0.0,
        90.43478260869566,
        54.54545454545454,
        80.67226890756302,
        40.54054054054054,
        50.476190476190474,
        66.66666666666666,
        60.71428571428571,
        18.421052631578945,
        77.27272727272727,
        93.71069182389937,
        75.70093457943925,
        55.932203389830505,
        75.86206896551724,
        34.25925925925926,
        85.85858585858585,
        82.87671232876713,
        42.22222222222222,
        54.54545454545454,
        53.125,
        71.42857142857143,
        2.564102564102564,
        76.13636363636364,
        60.0,
        62.0253164556962,
        84.28571428571429,
        2.0,
        16.25,
        96.15384615384616,
        92.72727272727272,
        27.884615384615387,
        91.42857142857143,
        34.61538461538461,
        31.818181818181817,
        71.68141592920354,
        85.18518518518519,
        71.57894736842105,
        22.22222222222222,
        56.79012345679012,
        75.80645161290323,
        53.84615384615385,
        62.637362637362635,
        81.10236220472441,
        78.18181818181819,
        16.666666666666664,
        80.82191780821918,
        74.69879518072288,
        89.31297709923665,
        25.31645569620253,
        77.07006369426752,
        75.0,
        94.5054945054945,
        85.71428571428571,
        61.40350877192983,
        65.85365853658537,
        20.0,
        8.333333333333332,
        54.32098765432099,
        26.47058823529412,
        54.385964912280706,
        21.53846153846154,
        47.13375796178344,
        87.3015873015873,
        84.64730290456431,
        53.04347826086957,
        21.73913043478261,
        25.0,
        32.30769230769231,
        53.125,
        100.0,
        83.52941176470588,
        1.4492753623188406,
        71.42857142857143,
        39.56043956043956,
        63.745019920318725,
        63.33333333333333,
        44.5945945945946,
        78.13953488372093,
        52.459016393442624,
        48.34437086092716,
        58.490566037735846,
        21.51394422310757,
        83.05084745762711,
        7.18232044198895,
        67.15116279069767,
        79.43037974683544,
        70.15590200445433,
        26.519337016574585,
        25.890736342042754,
        23.60248447204969,
        55.86206896551724,
        64.2156862745098,
        32.92307692307692,
        13.381995133819952,
        8.881578947368421,
        72.04301075268818,
        53.230769230769226,
        27.205882352941174,
        56.69781931464174,
        55.93561368209256,
        81.22605363984674,
        44.5859872611465,
        66.66666666666666,
        44.888888888888886,
        26.071428571428573,
        39.23240938166311,
        0.19960079840319359,
        6.862745098039216,
        65.18518518518519,
        31.147540983606557,
        33.098591549295776,
        45.73170731707317,
        3.3333333333333335,
        71.7948717948718,
        4.3478260869565215,
        37.333333333333336,
        15.469613259668508,
        73.72262773722628,
        46.96132596685083,
        11.627906976744185,
        53.52112676056338,
        50.92592592592593,
        39.8876404494382,
        83.43558282208589,
        49.137931034482754,
        33.33333333333333,
        37.93103448275862,
        70.06802721088435,
        25.870646766169152,
        83.18181818181817,
