{
    "OA": 77.32267534116154,
    "AA": 52.84326669672669,
    "OOD": 92.68242050998167,
    "NMI": 68.76777858617706,
    "H-score": 67.0933398823397,
    "H3-score": 67.64371647829697,
    "UCR": 71.20152982974083,
    "Recall-all": [
        90.32258064516128,
        34.72222222222222,
        37.93103448275862,
        52.94117647058824,
        64.77272727272727,
        44.230769230769226,
        59.14634146341463,
        13.333333333333334,
        70.09646302250803,
        5.762711864406779,
        65.37102473498233,
        18.954248366013072,
        83.78378378378379,
        66.0,
        11.851851851851853,
        77.18120805369128,
        54.761904761904766,
        48.93617021276596,
        11.11111111111111,
        59.895833333333336,
        56.8075117370892,
        46.666666666666664,
        66.189111747851,
        76.60377358490567,
        16.602316602316602,
        34.375,
        83.10502283105022,
        18.181818181818183,
        9.482758620689655,
        57.35294117647059,
        16.50485436893204,
        49.03225806451613,
        50.602409638554214,
        77.77777777777779,
        79.82456140350878,
        13.636363636363635,
        57.14285714285714,
        49.597855227882036,
        32.99492385786802,
        47.61904761904761,
        85.2760736196319,
        39.26940639269406,
        30.091185410334347,
        75.71428571428571,
        17.24137931034483,
        23.809523809523807,
        85.0,
        61.53846153846154,
        4.3478260869565215,
        82.22222222222221,
        87.05882352941177,
        66.35514018691589,
        12.5,
        73.33333333333333,
        70.79207920792079,
        47.706422018348626,
        56.00000000000001,
        62.913907284768214,
        45.0,
        56.75675675675676,
        72.18045112781954,
        45.16129032258064,
        87.02702702702703,
        75.79617834394905,
        77.08333333333334,
        84.61538461538461,
        84.54545454545455,
        14.130434782608695,
        5.555555555555555,
        71.7948717948718,
        79.7979797979798,
        6.862745098039216,
        53.2258064516129,
        50.0,
        35.56701030927835,
        75.1937984496124,
        75.92592592592592,
        0.0,
        56.75675675675676,
        0.0,
        16.666666666666664,
        94.4954128440367,
        92.5233644859813,
        83.33333333333334,
        70.23809523809523,
        58.18181818181818,
        89.54248366013073,
        22.865013774104685,
        45.45454545454545,
        59.45945945945946,
        43.529411764705884,
        71.17296222664015,
        91.78571428571428,
        89.272030651341,
        61.57024793388429,
        89.44099378881988,
        94.89795918367348,
        21.428571428571427,
        59.154929577464785,
        86.00682593856655,
        78.78787878787878,
        50.76923076923077,
        5.084745762711865,
        94.5945945945946,
        43.84236453201971,
        45.45454545454545,
        60.69651741293532,
        3.4482758620689653,
        7.142857142857142,
        18.181818181818183,
        66.66666666666666,
        17.647058823529413,
        7.6923076923076925,
        70.0,
        50.0,
        74.36974789915966,
        72.01492537313433,
        94.15584415584416,
        3.4246575342465753,
        86.80555555555556,
        57.14285714285714,
        23.59882005899705,
        54.437869822485204,
        33.89830508474576,
        22.413793103448278,
        94.82758620689656,
        62.71186440677966,
        61.48648648648649,
        40.0,
        90.41095890410958,
        8.21917808219178,
        59.14221218961625,
        81.19266055045871,
        9.170305676855897,
        54.22535211267606,
        92.0,
        35.483870967741936,
        10.734463276836157,
        78.2051282051282,
        10.909090909090908,
        30.158730158730158,
        89.01734104046243,
        73.18435754189943,
        0.0,
        46.42857142857143,
        39.35483870967742,
        54.61538461538461,
        88.46153846153845,
        68.57142857142857,
        79.49526813880126,
        92.68242050998167
    ],
    "Closed Set Accuracy": {
        "OA": 82.842932180542,
        "AA": 80.87301158845018,