{
    "OA": 45.13191736497137,
    "AA": 43.52584604730256,
    "OOD": null,
    "NMI": null,
    "H-score": null,
    "H3-score": null,
    "UCR": 66.43989048369701,
    "Recall-all": [
        81.81818181818183,
        62.77056277056276,
        29.078014184397162,
        65.0,
        63.46153846153846,
        48.05194805194805,
        75.32467532467533,
        3.225806451612903,
        71.42857142857143,
        4.597701149425287,
        54.861111111111114,
        38.62068965517241,
        68.62745098039215,
        74.64788732394366,
        2.564102564102564,
        69.28571428571428,
        90.9090909090909,
        56.390977443609025,
        36.09022556390977,
        79.46428571428571,
        85.71428571428571,
        24.65753424657534,
        1.8181818181818181,
        50.0,
        44.47761194029851,
        63.358778625954194,
        91.0,
        10.344827586206897,
        11.052631578947368,
        92.91666666666667,
        23.91304347826087,
        61.21495327102804,
        65.6441717791411,
        21.428571428571427,
        24.719101123595504,
        27.450980392156865,
        1.2048192771084338,
        5.154639175257731,
        41.333333333333336,
        33.33333333333333,
        88.88888888888889,
        51.5625,
        57.692307692307686,
        36.8,
        38.036809815950924,
        15.04424778761062,
        51.798561151079134,
        56.12903225806451,
        1.1547344110854503,
        72.98850574712644,
        66.66666666666666,
        26.08695652173913,
        72.91666666666666,
        53.65853658536586,
        73.62637362637363,
        39.473684210526315,
        2.083333333333333,
        10.344827586206897,
        64.15094339622641,
        36.92307692307693,
        21.11111111111111,
        31.683168316831683,
        13.043478260869565,
        30.76923076923077,
        29.67032967032967,
        17.647058823529413,
        59.09090909090909,
        31.25,
        46.26865671641791,
        13.043478260869565,
        54.166666666666664,
        2.8368794326241136,
        40.0,
        50.0,
        8.571428571428571,
        91.30434782608695,
        12.5,
        10.526315789473683,
        13.043478260869565,
        0.0,
        40.476190476190474,
        36.36363636363637,
        80.18867924528303,
        1.0050251256281406,
        78.57142857142857,
        80.16528925619835,
        62.616822429906534,
        5.166051660516605,
        81.25,
        21.428571428571427,
        6.521739130434782,
        46.08294930875576,
        67.79661016949152,
        48.86363636363637,
        34.66135458167331,
        75.0,
        33.33333333333333,
        5.0,
        55.033557046979865,
        60.9375,
        55.81395348837209,
        78.41726618705036,
        11.214953271028037,
        91.93548387096774,
        64.8,
        6.0606060606060606,
        76.60818713450293,
        25.333333333333336,
        1.9230769230769231,
        33.33333333333333,
        51.90476190476191,
        13.26530612244898,
        12.626262626262626,
        21.428571428571427,
        33.33333333333333,
        33.624454148471614,
        72.2007722007722,
        86.86868686868688,
        1.5625,
        54.21686746987952,
        24.736842105263158,
        38.297872340425535,
        52.12765957446809,
        63.128491620111724,
        69.91869918699187,
        73.94366197183099,
        8.695652173913043,
        17.91044776119403,
        0.0,
        70.76923076923077,
        4.032258064516129,
        22.981366459627328,
        73.5,
        5.0,
        77.77777777777779,
        86.61417322834646,
        18.367346938775512,
        59.036144578313255,
        74.19354838709677,
        18.867924528301888,
        76.92307692307693,
        57.89473684210527,
        72.26277372262774,
        39.04109589041096,
        32.5,
        1.6129032258064515,
        47.88732394366197,
        92.95774647887323,
        43.75,
        52.54237288135594,
        64.58333333333334,
        9.090909090909092,
        58.69565217391305,
        69.0,
        31.19266055045872,
        13.432835820895523,
        72.44094488188976,
        89.0909090909091,
        27.692307692307693,
        80.0,
        54.736842105263165,
        34.090909090909086,
        37.368421052631575,
        50.588235294117645,
        32.73809523809524,
        26.923076923076923,
        48.858447488584474,
        34.60076045627377,
        25.263157894736842,
        74.91166077738515,
        9.75609756097561,
        72.65917602996255,
        24.193548387096776,
        0.0,
        84.78260869565217,
        18.181818181818183,
        64.70588235294117,
        22.972972972972975,
        27.61904761904762,
        59.25925925925925,
        9.523809523809524,
        5.263157894736842,
        60.60606060606061,
        84.90566037735849,
        57.009345794392516,
        36.440677966101696,
        71.55172413793103,
        31.48148148148148,
        84.84848484848484,
        81.5068493150685,
        57.77777777777777,
        51.13636363636363,
        46.875,
        40.33613445378151,
        11.11111111111111,
        67.61363636363636,
        0.0,
        44.303797468354425,
        32.857142857142854,
        0.0,
        5.0,
        94.23076923076923,
        83.63636363636363,
        6.730769230769231,
        93.57142857142857,
        1.9230769230769231,
        0.0,
        65.48672566371681,
        88.88888888888889,
        68.42105263157895,
        7.4074074074074066,
        53.086419753086425,
        48.924731182795696,
        50.76923076923077,
        30.76923076923077,
        62.20472440944882,
        40.0,
        22.22222222222222,
        72.6027397260274,
        73.49397590361446,
        82.44274809160305,
        13.924050632911392,
        67.51592356687898,
        56.25,
        94.5054945054945,
        72.85714285714285,
        25.438596491228072,
        58.536585365853654,
        10.76923076923077,
        5.555555555555555,
        25.925925925925924,
        20.588235294117645,
        35.08771929824561,
        12.307692307692308,
        35.03184713375796,
        85.71428571428571,
        61.82572614107884,
        38.26086956521739,
        19.875776397515526,
        37.5,
        15.384615384615385,
        40.625,
        91.40625,
        85.88235294117646,
        1.4492753623188406,
        30.952380952380953,
        27.472527472527474,
        63.745019920318725,
        36.666666666666664,
        4.054054054054054,
        61.395348837209305,
        51.229508196721305,
        40.06622516556291,
        35.53459119496855,
        5.577689243027888,
        74.57627118644068,
        0.5524861878453038,
        53.19767441860465,
        70.88607594936708,
        69.93318485523386,
        30.11049723756906,
        6.88836104513064,
        14.285714285714285,
        42.758620689655174,
        66.17647058823529,
        40.61538461538461,
        7.785888077858881,
        13.157894736842104,
        56.98924731182796,
        45.84615384615385,
        10.294117647058822,
        54.82866043613706,
        48.692152917505034,
        78.9272030651341,
        40.12738853503185,
        62.079510703363916,
        41.55555555555556,
        23.57142857142857,
        39.44562899786781,
        0.19960079840319359,
        5.555555555555555,
        55.18518518518518,
        23.497267759562842,
        33.098591549295776,
        25.609756097560975,
        8.333333333333332,
        69.87179487179486,
        0.0,
        24.0,
        22.099447513812155,
        54.01459854014598,
        24.861878453038674,
        0.0,
        28.169014084507044,
        47.22222222222222,
        38.764044943820224,
        69.32515337423312,
        40.51724137931034,
        31.818181818181817,
        36.39846743295019,
        58.50340136054422,
        28.35820895522388,
        74.0909090909091,
