{
    "OA": 76.46562236187975,
    "AA": 57.9106904752025,
    "OOD": 90.17308541825629,
    "NMI": 61.82968486891275,
    "H-score": 70.36723833668616,
    "H3-score": 67.27226426209408,
    "UCR": 66.69546397817535,
    "Recall-all": [
        95.45454545454545,
        67.96536796536796,
        84.39716312056737,
        85.0,
        80.28846153846155,
        32.467532467532465,
        94.8051948051948,
        56.451612903225815,
        89.68253968253968,
        11.494252873563218,
        80.55555555555556,
        62.06896551724138,
        78.43137254901961,
        83.09859154929578,
        23.076923076923077,
        72.85714285714285,
        90.9090909090909,
        67.66917293233082,
        48.1203007518797,
        74.10714285714286,
        85.71428571428571,
        55.47945205479452,
        36.36363636363637,
        79.03225806451613,
        44.17910447761194,
        70.22900763358778,
        89.0,
        25.287356321839084,
        34.21052631578947,
        90.0,
        58.152173913043484,
        63.55140186915887,
        66.25766871165644,
        64.28571428571429,
        25.842696629213485,
        29.411764705882355,
        6.024096385542169,
        24.742268041237114,
        46.666666666666664,
        47.14285714285714,
        91.005291005291,
        76.5625,
        52.991452991452995,
        69.6,
        55.828220858895705,
        28.31858407079646,
        89.92805755395683,
        87.74193548387098,
        4.387990762124711,
        77.01149425287356,
        88.09523809523809,
        47.82608695652174,
        87.5,
        68.29268292682927,
        95.6043956043956,
        42.10526315789473,
        4.166666666666666,
        56.896551724137936,
        81.13207547169812,
        49.23076923076923,
        50.0,
        68.31683168316832,
        60.86956521739131,
        30.76923076923077,
        43.956043956043956,
        47.05882352941176,
        84.0909090909091,
        37.5,
        55.223880597014926,
        26.08695652173913,
        54.166666666666664,
        17.02127659574468,
        75.0,
        56.666666666666664,
        24.285714285714285,
        91.30434782608695,
        50.0,
        0.0,
        17.391304347826086,
        8.47457627118644,
        57.14285714285714,
        45.45454545454545,
        95.28301886792453,
        2.512562814070352,
        84.82142857142857,
        80.99173553719008,
        78.50467289719626,
        8.118081180811808,
        86.25,
        60.71428571428571,
        28.26086956521739,
        46.54377880184332,
        86.4406779661017,
        60.22727272727273,
        44.223107569721115,
        83.82352941176471,
        33.33333333333333,
        62.0,
        73.8255033557047,
        77.08333333333334,
        68.21705426356588,
        87.76978417266187,
        49.532710280373834,
        96.7741935483871,
        73.6,
        15.151515151515152,
        78.3625730994152,
        41.333333333333336,
        5.769230769230769,
        64.28571428571429,
        70.95238095238095,
        36.734693877551024,
        9.595959595959595,
        61.224489795918366,
        60.71428571428571,
        44.54148471615721,
        79.15057915057915,
        93.93939393939394,
        17.1875,
        80.72289156626506,
        28.947368421052634,
        38.72340425531915,
        80.85106382978722,
        72.06703910614524,
        70.73170731707317,
        83.09859154929578,
        42.391304347826086,
        50.74626865671642,
        12.068965517241379,
        84.61538461538461,
        5.64516129032258,
        36.43892339544513,
        91.5,
        8.333333333333332,
        75.39682539682539,
        88.9763779527559,
        51.02040816326531,
        56.024096385542165,
        87.09677419354838,
        30.18867924528302,
        84.61538461538461,
        90.78947368421053,
        85.40145985401459,
        49.31506849315068,
        45.0,
        25.806451612903224,
        42.25352112676056,
        90.14084507042254,
        62.5,
        79.66101694915254,
        90.17308541825629
    ],
    "Closed Set Accuracy": {
        "OA": 80.92205376768304,
        "AA": 82.01981855051747,