{
    "OA": 54.66896208412844,
    "AA": 54.99920798854559,
    "OOD": null,
    "NMI": null,
    "H-score": null,
    "H3-score": null,
    "UCR": 75.49157886003485,
    "Recall-all": [
        88.63636363636364,
        64.5021645021645,
        85.1063829787234,
        83.75,
        76.4423076923077,
        31.16883116883117,
        90.9090909090909,
        50.0,
        89.68253968253968,
        12.068965517241379,
        80.55555555555556,
        62.06896551724138,
        77.77777777777779,
        83.09859154929578,
        23.076923076923077,
        67.14285714285714,
        87.87878787878788,
        65.41353383458647,
        46.616541353383454,
        74.10714285714286,
        84.82142857142857,
        47.26027397260274,
        20.0,
        53.2258064516129,
        42.38805970149254,
        67.17557251908397,
        90.0,
        22.988505747126435,
        32.10526315789474,
        90.41666666666667,
        60.32608695652174,
        49.532710280373834,
        68.71165644171779,
        61.904761904761905,
        25.842696629213485,
        19.607843137254903,
        6.024096385542169,
        22.68041237113402,
        45.33333333333333,
        37.142857142857146,
        89.94708994708994,
        69.27083333333334,
        54.27350427350427,
        70.39999999999999,
        47.85276073619632,
        23.893805309734514,
        84.17266187050359,
        66.45161290322581,
        4.387990762124711,
        74.71264367816092,
        90.47619047619048,
        34.78260869565217,
        91.66666666666666,
        65.85365853658537,
        94.5054945054945,
        30.263157894736842,
        2.083333333333333,
        53.44827586206896,
        79.24528301886792,
        41.53846153846154,
        40.0,
        37.62376237623762,
        60.86956521739131,
        35.8974358974359,
        36.26373626373626,
        58.82352941176471,
        59.09090909090909,
        25.0,
        46.26865671641791,
        26.08695652173913,
        54.166666666666664,
        14.893617021276595,
        60.0,
        50.0,
        17.142857142857142,
        91.30434782608695,
        50.0,
        21.052631578947366,
        13.043478260869565,
        5.084745762711865,
        52.38095238095239,
        45.45454545454545,
        93.39622641509435,
        2.0100502512562812,
        84.82142857142857,
        78.51239669421489,
        75.70093457943925,
        5.166051660516605,
        81.25,
        60.71428571428571,
        21.73913043478261,
        34.56221198156682,
        83.05084745762711,
        62.5,
        42.62948207171315,
        80.14705882352942,
        44.44444444444444,
        35.0,
        73.8255033557047,
        75.0,
        67.44186046511628,
        85.61151079136691,
        48.598130841121495,
        97.31182795698925,
        73.6,
        12.121212121212121,
        73.9766081871345,
        39.33333333333333,
        2.8846153846153846,
        64.28571428571429,
        68.57142857142857,
        41.83673469387755,
        7.07070707070707,
        63.26530612244898,
        61.904761904761905,
        41.48471615720524,
        71.42857142857143,
        92.92929292929293,
        18.75,
        80.72289156626506,
        31.05263157894737,
        23.404255319148938,
        80.85106382978722,
        64.24581005586593,
        64.22764227642277,
        80.98591549295774,
        35.869565217391305,
        50.74626865671642,
        10.344827586206897,
        87.6923076923077,
        5.64516129032258,
        38.923395445134574,
        84.5,
        8.333333333333332,
        73.01587301587301,
        85.03937007874016,
        46.93877551020408,
        53.6144578313253,
        87.09677419354838,
        28.30188679245283,
        85.38461538461539,
        90.78947368421053,
        83.94160583941606,
        53.42465753424658,
        36.25,
        30.64516129032258,
        47.88732394366197,
        90.14084507042254,
        68.75,
        80.50847457627118,
        85.41666666666666,
        36.36363636363637,
        92.3913043478261,
        74.0,
        48.62385321100918,
        14.925373134328357,
        79.52755905511812,
        83.63636363636363,
        41.53846153846154,
        92.94117647058823,
        74.73684210526315,
        25.0,
        50.0,
        58.82352941176471,
        33.92857142857143,
        26.923076923076923,
        47.94520547945205,
        42.585551330798474,
        17.894736842105264,
        70.6713780918728,
        47.5609756097561,
        82.02247191011236,
        53.2258064516129,
        0.0,
        93.04347826086956,
        48.05194805194805,
        82.35294117647058,
        39.189189189189186,
        57.14285714285714,
        62.96296296296296,
        58.333333333333336,
        28.947368421052634,
        79.54545454545455,
        94.33962264150944,
        78.50467289719626,
        52.54237288135594,
        76.72413793103449,
        39.81481481481482,
        86.86868686868688,
        86.3013698630137,
        45.925925925925924,
        55.68181818181818,
        51.5625,
        73.10924369747899,
        4.273504273504273,
        78.4090909090909,
        60.0,
        65.82278481012658,
        82.85714285714286,
        2.0,
        16.25,
        95.1923076923077,
        90.9090909090909,
        27.884615384615387,
        95.0,
        36.53846153846153,
        18.181818181818183,
        79.64601769911505,
        90.74074074074075,
        71.57894736842105,
        18.51851851851852,
        61.72839506172839,
        77.41935483870968,
        58.46153846153847,
        71.42857142857143,
        81.88976377952756,
        81.81818181818183,
        5.555555555555555,
        80.82191780821918,
        74.69879518072288,
        90.83969465648855,
        30.37974683544304,
        77.07006369426752,
        75.0,
        97.8021978021978,
        88.57142857142857,
        63.1578947368421,
        65.85365853658537,
        23.076923076923077,
        12.5,
        55.55555555555556,
        38.23529411764706,
        54.385964912280706,
        30.76923076923077,
        44.5859872611465,
        87.3015873015873,
        86.30705394190872,
        53.91304347826087,
        25.465838509316768,
        31.25,
        32.30769230769231,
        43.75,
        98.4375,
        88.23529411764706,
        5.797101449275362,
        69.04761904761905,
        36.26373626373626,
        71.31474103585657,
        62.22222222222222,
        39.189189189189186,
        80.46511627906978,
        52.459016393442624,
        49.00662251655629,
        60.691823899371066,
        19.9203187250996,
        84.18079096045197,
        9.668508287292818,
        68.6046511627907,
        81.64556962025317,
        71.93763919821826,
        28.176795580110497,
        26.60332541567696,
        24.53416149068323,
        56.896551724137936,
        65.68627450980392,
        35.38461538461539,
        13.62530413625304,
        10.855263157894738,
        72.04301075268818,
        59.692307692307686,
        30.88235294117647,
        58.25545171339564,
        57.3440643863179,
        81.22605363984674,
        44.26751592356688,
        68.19571865443424,
        49.333333333333336,
        27.142857142857142,
        40.298507462686565,
        0.7984031936127743,
        7.516339869281046,
        67.4074074074074,
        35.51912568306011,
        38.028169014084504,
        45.73170731707317,
        1.6666666666666667,
        74.35897435897436,
        4.3478260869565215,
        37.333333333333336,
        16.022099447513813,
        78.1021897810219,
        49.171270718232044,
        6.976744186046512,
        52.112676056338024,
        54.166666666666664,
        46.62921348314607,
        84.04907975460122,
        52.58620689655172,
        40.909090909090914,
        37.16475095785441,
        70.06802721088435,
        27.363184079601986,
        83.63636363636363,
