{
    "OA": 73.43047701899377,
    "AA": 52.01104171168299,
    "OOD": 92.78272686093915,
    "NMI": 70.30883608992593,
    "H-score": 66.43244751958306,
    "H3-score": 67.6775691210224,
    "UCR": 69.45503424879159,
    "Recall-all": [
        90.32258064516128,
        24.305555555555554,
        39.6551724137931,
        52.94117647058824,
        62.5,
        47.355769230769226,
        58.536585365853654,
        14.285714285714285,
        69.45337620578779,
        3.728813559322034,
        64.66431095406361,
        18.954248366013072,
        83.78378378378379,
        63.6,
        11.851851851851853,
        75.83892617449665,
        59.523809523809526,
        51.06382978723404,
        11.805555555555555,
        58.854166666666664,
        56.33802816901409,
        30.0,
        57.879656160458445,
        74.71698113207546,
        14.671814671814673,
        34.375,
        82.64840182648402,
        36.36363636363637,
        12.068965517241379,
        58.08823529411765,
        14.563106796116504,
        47.096774193548384,
        51.80722891566265,
        77.77777777777779,
        79.82456140350878,
        13.636363636363635,
        60.71428571428571,
        50.134048257372655,
        33.50253807106599,
        52.38095238095239,
        82.82208588957054,
        38.35616438356164,
        28.87537993920973,
        72.85714285714285,
        18.96551724137931,
        23.809523809523807,
        85.0,
        58.97435897435898,
        4.3478260869565215,
        82.96296296296296,
        83.52941176470588,
        66.35514018691589,
        12.5,
        70.0,
        71.28712871287128,
        46.788990825688074,
        52.0,
        62.251655629139066,
        42.77777777777778,
        56.75675675675676,
        71.05263157894737,
        45.16129032258064,
        86.48648648648648,
        71.97452229299363,
        67.91666666666667,
        84.61538461538461,
        83.63636363636363,
        14.130434782608695,
        8.333333333333332,
        76.92307692307693,
        75.75757575757575,
        7.352941176470589,
        53.2258064516129,
        47.8021978021978,
        32.47422680412371,
        72.86821705426357,
        70.37037037037037,
        0.0,
        54.054054054054056,
        0.0,
        16.666666666666664,
        93.57798165137615,
        90.65420560747664,
        58.333333333333336,
        69.04761904761905,
        56.36363636363636,
        88.23529411764706,
        15.426997245179063,
        45.45454545454545,
        59.45945945945946,
        43.529411764705884,
        66.99801192842942,
        91.07142857142857,
        89.272030651341,
        61.98347107438017,
        88.19875776397515,
        95.91836734693877,
        21.428571428571427,
        58.45070422535211,
        84.64163822525597,
        80.3030303030303,
        50.0,
        5.084745762711865,
        94.25675675675676,
        37.93103448275862,
        45.45454545454545,
        58.2089552238806,
        3.4482758620689653,
        0.0,
        18.181818181818183,
        64.16666666666667,
        23.52941176470588,
        7.6923076923076925,
        70.0,
        50.0,
        75.21008403361344,
        68.65671641791045,
        92.85714285714286,
        3.0821917808219177,
        86.11111111111111,
        57.14285714285714,
        19.469026548672566,
        54.437869822485204,
        27.11864406779661,
        22.413793103448278,
        94.82758620689656,
        63.559322033898304,
        60.810810810810814,
        42.4,
        90.41095890410958,
        9.58904109589041,
        57.78781038374717,
        81.19266055045871,
        8.296943231441048,
        54.929577464788736,
        91.0,
        35.483870967741936,
        9.03954802259887,
        79.48717948717949,
        10.909090909090908,
        30.158730158730158,
        88.4393063583815,
        73.18435754189943,
        0.0,
        48.214285714285715,
        40.64516129032258,
        56.92307692307692,
        88.46153846153845,
        68.57142857142857,
        80.12618296529969,
        92.78272686093915
    ],
    "Closed Set Accuracy": {
        "OA": 81.74592107098034,
        "AA": 79.8525427065656,