{
    "OA": 54.38551253570295,
    "AA": 49.02224764272628,
    "OOD": null,
    "NMI": null,
    "H-score": null,
    "H3-score": null,
    "UCR": 76.408283084735,
    "Recall-all": [
        90.32258064516128,
        23.61111111111111,
        39.6551724137931,
        56.86274509803921,
        59.09090909090909,
        34.375,
        57.92682926829268,
        13.333333333333334,
        63.9871382636656,
        1.3559322033898304,
        63.25088339222616,
        15.686274509803921,
        80.0,
        61.6,
        11.11111111111111,
        72.81879194630872,
        65.47619047619048,
        43.61702127659575,
        7.291666666666667,
        58.854166666666664,
        54.929577464788736,
        33.33333333333333,
        44.126074498567334,
        69.81132075471697,
        15.057915057915059,
        12.5,
        84.47488584474885,
        27.27272727272727,
        13.793103448275861,
        55.88235294117647,
        18.446601941747574,
        30.967741935483872,
        54.21686746987952,
        77.77777777777779,
        78.0701754385965,
        6.8181818181818175,
        60.71428571428571,
        49.32975871313673,
        32.48730964467005,
        46.666666666666664,
        82.82208588957054,
        29.68036529680365,
        31.00303951367781,
        74.28571428571429,
        13.793103448275861,
        14.285714285714285,
        75.0,
        28.205128205128204,
        6.521739130434782,
        81.11111111111111,
        81.17647058823529,
        57.943925233644855,
        0.0,
        70.0,
        74.25742574257426,
        44.03669724770643,
        54.0,
        54.3046357615894,
        41.11111111111111,
        51.35135135135135,
        63.53383458646616,
        16.129032258064516,
        81.08108108108108,
        67.51592356687898,
        49.583333333333336,
        84.61538461538461,
        78.18181818181819,
        7.608695652173914,
        2.7777777777777777,
        71.7948717948718,
        72.72727272727273,
        3.9215686274509802,
        41.935483870967744,
        43.956043956043956,
        27.835051546391753,
        72.09302325581395,
        75.92592592592592,
        0.0,
        56.75675675675676,
        0.0,
        5.555555555555555,
        93.57798165137615,
        93.45794392523365,
        58.333333333333336,
        66.66666666666666,
        49.09090909090909,
        87.58169934640523,
        12.121212121212121,
        54.54545454545454,
        56.75675675675676,
        31.76470588235294,
        54.47316103379721,
        87.85714285714286,
        87.35632183908046,
        54.132231404958674,
        88.19875776397515,
        96.93877551020408,
        7.142857142857142,
        59.859154929577464,
        79.5221843003413,
        82.57575757575758,
        49.23076923076923,
        5.084745762711865,
        93.24324324324324,
        29.55665024630542,
        36.36363636363637,
        51.741293532338304,
        6.896551724137931,
        0.0,
        9.090909090909092,
        59.583333333333336,
        35.294117647058826,
        10.256410256410255,
        70.0,
        60.0,
        73.10924369747899,
        46.64179104477612,
        89.6103896103896,
        2.73972602739726,
        87.5,
        57.14285714285714,
        6.1946902654867255,
        46.74556213017752,
        20.33898305084746,
        20.689655172413794,
        91.37931034482759,
        56.779661016949156,
        54.729729729729726,
        45.6,
        90.41095890410958,
        12.32876712328767,
        55.53047404063205,
        76.14678899082568,
        7.860262008733625,
        57.04225352112676,
        88.0,
        32.25806451612903,
        5.649717514124294,
        78.2051282051282,
        8.363636363636363,
        21.428571428571427,
        88.4393063583815,
        74.86033519553072,
        0.0,
        43.75,
        40.0,
        43.84615384615385,
        85.43956043956044,
        68.57142857142857,
        79.49526813880126,
        86.27450980392157,
        55.88235294117647,
        87.94326241134752,
        60.273972602739725,
        29.61672473867596,
        8.60215053763441,
        72.81105990783409,
        85.26315789473684,
        37.83783783783784,
        83.56164383561644,
        57.57575757575758,
        40.54054054054054,
        10.112359550561797,
        4.761904761904762,
        65.63573883161511,
        36.18421052631579,
        64.48598130841121,
        31.71428571428571,
        2.4193548387096775,
        25.0,
        55.55555555555556,
        83.45070422535211,
        48.175182481751825,
        2.2792022792022792,
        78.97727272727273,
        70.07299270072993,
        75.56818181818183,
        53.44827586206896,
        45.714285714285715,
        54.054054054054056,
        0.0,
        12.82051282051282,
        65.74074074074075,
        79.71014492753623,
        50.98039215686274,
        0.0,
        67.02508960573476,
        14.666666666666666,
        60.0,
        66.21621621621621,
        21.076233183856502,
        43.790849673202615,
        9.965635738831615,
        8.571428571428571,
        66.66666666666666,
        72.72727272727273,
        55.460750853242324,
        67.21991701244814,
        7.865168539325842,
        33.94495412844037,
        0.0,
        84.27947598253274,
        83.89057750759878,
        14.285714285714285,
        90.7514450867052,
        51.79282868525896,
        74.56140350877193,
        67.31707317073172,
        95.1086956521739,
        63.39622641509434,
        57.692307692307686,
        54.94505494505495,
        95.2991452991453,
        73.91304347826086,
        45.614035087719294,
        85.20900321543408,
        83.60655737704919,
        0.0,
        89.6103896103896,
        74.12935323383084,
        78.78787878787878,
        15.11627906976744,
        81.05726872246696,
        51.578947368421055,
        89.27038626609442,
        78.4090909090909,
        55.172413793103445,
        65.0,
        47.83653846153847,
        25.806451612903224,
        80.50847457627118,
        33.33333333333333,
        55.00000000000001,
        85.71428571428571,
        29.411764705882355,
        79.67914438502673,
        87.93103448275862,
        35.55555555555556,
        44.48979591836735,
        24.137931034482758,
        2.5,
        31.57894736842105,
        90.19607843137256,
        63.69047619047619,
        27.39018087855297,
        42.30769230769231,
        74.64114832535886,
        89.77777777777777,
        71.91011235955057,
        33.33333333333333,
        72.06477732793523,
        76.74418604651163,
        40.909090909090914,
        82.41758241758241,
        15.555555555555555,
        92.88256227758008,
        28.31858407079646,
        79.25531914893617,
        86.26609442060087,
        58.24175824175825,
        48.64864864864865,
        14.285714285714285,
        43.07692307692308,
        54.807692307692314,
        76.15384615384615,
        9.67741935483871,
        9.090909090909092,
        24.528301886792452,
        74.43946188340807,
        52.20338983050847,
        37.83783783783784,
        70.43010752688173,
        88.13953488372093,
        85.2112676056338,
        0.0,
        55.072463768115945,
        61.029411764705884,
        45.33333333333333,
        86.36363636363636,
        18.571428571428573,
        5.194805194805195,
        79.04509283819628,
        0.0,
        4.166666666666666,
        36.0,
        0.0,
        59.59595959595959,
        11.11111111111111,
        21.818181818181817,
        0.0,
        87.73946360153256,
        15.309446254071663,
        30.952380952380953,
        57.14285714285714,
        42.42424242424242,
        17.88617886178862,
        76.27118644067797,
        1.3157894736842104,
        21.12676056338028,
        11.165048543689322,
        20.0,
        4.285714285714286,
        71.37546468401487,
        70.3125,
