{
    "OA": 73.87557275900286,
    "AA": 72.53136160150943,
    "OOD": null,
    "NMI": null,
    "H-score": null,
    "H3-score": null,
    "UCR": 85.41098043107868,
    "Recall-all": [
        99.63369963369964,
        80.92105263157895,
        81.86813186813187,
        94.03669724770643,
        71.42857142857143,
        92.25806451612904,
        94.3609022556391,
        65.51724137931035,
        97.2972972972973,
        20.73170731707317,
        89.30131004366812,
        70.0374531835206,
        91.85667752442997,
        90.0,
        71.8978102189781,
        85.77981651376146,
        95.0,
        83.54430379746836,
        68.93203883495146,
        90.9090909090909,
        96.01593625498009,
        81.99445983379502,
        69.42528735632185,
        88.26405867970661,
        57.95677799607073,
        83.20158102766798,
        91.93548387096774,
        44.251626898047725,
        29.50108459869848,
        79.10750507099391,
        86.6906474820144,
        46.236559139784944,
        67.64705882352942,
        78.33753148614609,
        69.140625,
        47.99196787148594,
        21.00456621004566,
        22.906403940886698,
        78.88888888888889,
        83.73493975903614,
        76.90763052208835,
        76.85352622061484,
        55.223880597014926,
        89.4291754756871,
        73.30316742081448,
        62.00873362445415,
        93.16628701594533,
        73.70441458733205,
        14.285714285714285,
        92.34234234234235,
        80.65217391304348,
        78.45303867403315,
        87.73946360153256,
        95.1219512195122,
        86.47058823529412,
        77.24550898203593,
        16.470588235294116,
        81.54761904761905,
        79.95391705069125,
        69.08212560386472,
        90.0,
        61.57760814249363,
        81.42493638676844,
        78.61635220125787,
        44.52423698384201,
        93.37748344370861,
        83.43949044585987,
        31.043956043956044,
        86.16071428571429,
        89.81818181818181,
        86.50963597430406,
        19.760479041916167,
        82.14285714285714,
        76.27118644067797,
        57.52212389380531,
        45.13888888888889,
        71.83908045977012,
        48.8,
        85.38135593220339,
        46.3013698630137,
        77.85714285714286,
        91.77718832891246,
        82.22222222222221,
        62.21590909090909,
        92.38476953907816,
        86.40776699029125,
        97.73242630385488,
        18.217054263565892,
        85.19480519480518,
        79.88668555240793,
        44.050632911392405,
        41.284403669724774,
        90.8641975308642,
        88.43537414965986,
        61.111111111111114,
        78.33827893175074,
        98.14814814814815,
        40.80604534005038,
        95.16728624535315,
        82.56227758007117,
        88.55721393034825,
        64.43514644351464,
        14.233576642335766,
        93.26047358834244,
        68.5589519650655,
        43.7246963562753,
        58.73684210526315,
        87.63326226012794,
        4.329896907216495,
        55.37459283387622,
        61.791044776119406,
        76.35009310986965,
        6.2645011600928076,
        77.88944723618091,
        91.8200408997955,
        75.96685082872928,
        71.77177177177178,
        87.22826086956522,
        85.0,
        91.68975069252078,
        89.53488372093024,
        51.80722891566265,
        64.34108527131784,
        45.21963824289406,
        66.52719665271967,
        90.6015037593985,
        84.94623655913979,
        69.47368421052632,
        64.65753424657534,
        92.23300970873787,
        31.876606683804624,
        94.21487603305785,
        89.19449901768172,
        71.59533073929961,
        89.49771689497716,
        83.63171355498721,
        28.8135593220339,
        33.2409972299169,
        82.32662192393735,
        57.065217391304344,
        92.38845144356955,
        95.46351084812623,
        93.04812834224599,
        78.70370370370371,
        48.370927318295735,
        63.84615384615384,
        84.06374501992032,
        87.65133171912834,
        77.80172413793103,
        89.9209486166008,
        90.56179775280899,
        85.95825426944972,
        83.41968911917098,
        63.601532567049816,
        70.32640949554896,
        90.1360544217687,
        91.00877192982456,
        90.25157232704403,
        70.17114914425427,
        92.72300469483568,
        76.51006711409396,
        84.04558404558404,
        44.69914040114613,
        82.22222222222221,
        78.36065573770492,
        52.197802197802204,
        84.7328244274809,
        49.29577464788733,
        13.90728476821192,
        87.64044943820225,
        63.90243902439025,
        86.37274549098196,
        89.25831202046037,
        0.0,
        91.41274238227147,
        95.1923076923077,
        89.62472406181016,
        77.32696897374701,
        69.39759036144578,
        74.7159090909091,
        6.140350877192982,
        34.05172413793103,
        69.02173913043478,
        85.25641025641025,
        81.65374677002583,
        77.54237288135593,
        89.36605316973414,
        81.31313131313132,
        88.46153846153845,
        85.74074074074073,
        31.941923774954628,
        76.08695652173914,
        48.59154929577465,
        29.605263157894733,
        74.35233160621762,
        72.62773722627736,
        84.02625820568927,
        89.69072164948454,
        31.2,
        35.03649635036496,
        6.070287539936102,
        91.46825396825396,
        68.10551558752998,
        63.23529411764706,
        91.20458891013385,
        28.294573643410853,
        44.919786096256686,
        77.43362831858407,
        86.97788697788698,
        85.97122302158273,
        42.45810055865922,
        71.29629629629629,
        90.75785582255084,
        88.47184986595174,
        39.86254295532646,
        67.98679867986799,
        86.91983122362869,
        48.275862068965516,
        87.90983606557377,
        89.44723618090453,
        84.06466512702079,
        62.589928057553955,
        83.25,
        73.18681318681318,
        75.6989247311828,
        94.98806682577565,
        84.17721518987342,
        92.99610894941634,
        57.826887661141804,
        57.684210526315795,
        76.76537585421413,
        23.927765237020317,
        54.58823529411765,
        64.88372093023256,
        74.73684210526315,
        87.52598752598753,
        93.00847457627118,
        65.34296028880865,
        48.275862068965516,
        74.67532467532467,
        33.171912832929785,
        55.208333333333336,
        97.07112970711297,
        88.70523415977961,
        43.92935982339956,
        95.27027027027027,
        95.28023598820059,
        92.8082191780822,
        94.5273631840796,
        39.02439024390244,
        91.23867069486404,
        97.10610932475883,
        85.78680203045685,
        92.60450160771704,
        67.35395189003437,
        98.5981308411215,
        29.03225806451613,
        96.875,
        92.80575539568345,
        82.68292682926828,
        82.58064516129032,
        59.61538461538461,
        81.875,
        87.62886597938144,
        80.54298642533936,
        82.82828282828282,
        91.16607773851591,
        52.44755244755245,
        97.84615384615385,
        92.83667621776505,
        74.68879668049793,
        100.0,
        93.67088607594937,
        90.60773480662984,
        78.26086956521739,
        90.5311778290993,
        82.89156626506025,
        67.58241758241759,
        91.6030534351145,
        8.064516129032258,
        0.0,
        91.1340206185567,
        78.45528455284553,
        71.42857142857143,
        88.67924528301887,
        41.49659863945578,
        87.31117824773413,
        18.75,
        89.56521739130436,
        44.26229508196721,
        78.02547770700637,
        42.8125,
        0.8771929824561403,
        84.39716312056737,
        78.7375415282392,
