{
    "OA": 75.46836337928596,
    "AA": 75.25193067007255,
    "OOD": null,
    "NMI": null,
    "H-score": null,
    "H3-score": null,
    "UCR": 86.88396494948931,
    "Recall-all": [
        99.63369963369964,
        83.55263157894737,
        83.79120879120879,
        95.18348623853211,
        76.19047619047619,
        96.12903225806451,
        96.2406015037594,
        75.0,
        97.2972972972973,
        29.268292682926827,
        91.26637554585153,
        73.03370786516854,
        95.43973941368078,
        93.33333333333333,
        75.54744525547446,
        89.90825688073394,
        95.0,
        89.87341772151899,
        78.96440129449837,
        93.33333333333333,
        96.81274900398407,
        86.42659279778393,
        70.80459770114943,
        90.70904645476773,
        59.13555992141454,
        86.36363636363636,
        92.90322580645162,
        48.15618221258134,
        33.40563991323211,
        82.75862068965517,
        89.92805755395683,
        48.924731182795696,
        67.15686274509804,
        79.59697732997482,
        73.2421875,
        51.80722891566265,
        27.62557077625571,
        28.32512315270936,
        83.05555555555556,
        88.15261044176707,
        76.70682730923694,
        80.10849909584087,
        59.70149253731343,
        92.60042283298098,
        75.1131221719457,
        69.43231441048034,
        96.35535307517085,
        75.04798464491363,
        28.57142857142857,
        94.14414414414415,
        84.56521739130434,
        79.37384898710866,
        89.65517241379311,
        97.5609756097561,
        88.8235294117647,
        80.23952095808383,
        25.882352941176475,
        85.11904761904762,
        82.48847926267281,
        73.42995169082126,
        92.65306122448979,
        62.849872773536894,
        85.49618320610686,
        81.76100628930818,
        42.010771992818675,
        95.36423841059603,
        91.0828025477707,
        34.065934065934066,
        87.94642857142857,
        91.27272727272727,
        88.43683083511777,
        29.34131736526946,
        86.42857142857143,
        79.66101694915254,
        65.929203539823,
        49.074074074074076,
        78.16091954022988,
        47.599999999999994,
        87.5,
        52.87671232876713,
        81.9047619047619,
        93.36870026525199,
        89.29292929292929,
        67.32954545454545,
        94.18837675350701,
        89.32038834951457,
        97.95918367346938,
        25.581395348837212,
        85.71428571428571,
        85.26912181303116,
        53.16455696202531,
        42.201834862385326,
        93.33333333333333,
        91.15646258503402,
        69.04761904761905,
        81.30563798219585,
        98.76543209876543,
        43.57682619647355,
        96.28252788104089,
        86.12099644128114,
        90.29850746268657,
        67.78242677824268,
        17.153284671532848,
        95.44626593806922,
        71.61572052401746,
        49.392712550607285,
        60.21052631578947,
        90.6183368869936,
        3.917525773195876,
        57.32899022801303,
        68.05970149253731,
        80.8193668528864,
        9.51276102088167,
        85.678391959799,
        95.50102249488752,
        81.76795580110497,
        75.67567567567568,
        90.21739130434783,
        86.875,
        93.35180055401662,
        91.86046511627907,
        59.43775100401606,
        67.82945736434108,
        51.42118863049095,
        68.6192468619247,
        92.29323308270678,
        89.96415770609319,
        72.80701754385966,
        71.5068493150685,
        94.41747572815534,
        33.933161953727506,
        93.93939393939394,
        90.76620825147347,
        77.04280155642024,
        91.55251141552512,
        85.93350383631714,
        36.440677966101696,
        37.119113573407205,
        84.78747203579418,
        69.29347826086956,
        93.43832020997375,
        96.25246548323472,
        95.00891265597147,
        81.71296296296296,
        51.37844611528822,
        66.53846153846153,
        85.65737051792829,
        91.0411622276029,
        79.09482758620689,
        92.88537549407114
    ],
    "Closed Set Accuracy": {
        "OA": 86.88396494948931,
        "AA": 86.84266049906691,