{
    "OA": 80.77098385297968,
    "AA": 77.83718646210694,
    "OOD": 83.39680739000082,
    "NMI": 84.91982941842187,
    "H-score": 80.5008082650165,
    "H3-score": 81.92315838463813,
    "UCR": 80.61334666360975,
    "Recall-all": [
        99.63369963369964,
        73.68421052631578,
        91.48351648351648,
        97.01834862385321,
        52.38095238095239,
        92.90322580645162,
        96.2406015037594,
        90.08620689655173,
        91.8918918918919,
        4.2682926829268295,
        92.57641921397381,
        83.52059925093633,
        97.39413680781759,
        88.88888888888889,
        82.11678832116789,
        83.94495412844036,
        95.0,
        91.13924050632912,
        74.4336569579288,
        78.78787878787878,
        99.20318725099602,
        90.85872576177285,
        71.49425287356321,
        92.1760391198044,
        59.72495088408645,
        87.15415019762845,
        90.64516129032259,
        51.84381778741866,
        50.759219088937094,
        79.71602434077079,
        91.72661870503596,
        54.659498207885306,
        63.23529411764706,
        83.6272040302267,
        71.2890625,
        43.17269076305221,
        38.81278538812785,
        43.103448275862064,
        82.22222222222221,
        88.15261044176707,
        78.91566265060241,
        80.47016274864376,
        56.156716417910445,
        91.33192389006342,
        78.95927601809954,
        69.86899563318777,
        97.72209567198178,
        90.21113243761995,
        38.095238095238095,
        93.91891891891892,
        84.34782608695653,
        81.95211786372008,
        90.42145593869732,
        95.9349593495935,
        92.3529411764706,
        76.34730538922156,
        22.35294117647059,
        86.01190476190477,
        83.87096774193549,
        81.64251207729468,
        96.3265306122449,
        73.79134860050891,
        86.76844783715013,
        76.31027253668763,
        64.09335727109516,
        98.67549668874173,
        96.17834394904459,
        52.472527472527474,
        89.28571428571429,
        94.18181818181817,
        87.58029978586723,
        37.12574850299401,
        92.14285714285714,
        78.4503631961259,
        64.15929203539822,
        50.0,
        85.63218390804597,
        49.2,
        88.5593220338983,
        62.19178082191781,
        80.95238095238095,
        93.10344827586206,
        95.15151515151516,
        76.98863636363636,
        96.19238476953907,
        81.55339805825243,
        100.0,
        32.945736434108525,
        86.49350649350649,
        92.63456090651559,
        68.60759493670886,
        55.779816513761475,
        95.55555555555556,
        92.06349206349206,
        65.47619047619048,
        83.67952522255193,
        96.91358024691358,
        75.56675062972292,
        95.91078066914498,
        85.05338078291815,
        94.02985074626866,
        76.98744769874477,
        40.87591240875913,
        94.89981785063752,
        81.87772925764192,
        53.84615384615385,
        59.78947368421053,
        90.19189765458422,
        5.979381443298969,
        60.91205211726385,
        72.83582089552239,
        81.3780260707635,
        15.31322505800464,
        91.20603015075378,
        92.22903885480572,
        82.32044198895028,
        72.67267267267268,
        91.84782608695652,
        91.5625,
        96.1218836565097,
        94.18604651162791,
        73.49397590361446,
        76.35658914728683,
        66.40826873385012,
        80.75313807531381,
        90.0375939849624,
        97.4910394265233,
        72.63157894736842,
        78.35616438356165,
        94.1747572815534,
        29.82005141388175,
        96.69421487603306,
        90.37328094302553,
        78.59922178988327,
        86.98630136986301,
        86.70076726342711,
        64.83050847457628,
        29.6398891966759,
        91.94630872483222,
        58.96739130434783,
        95.01312335958005,
        97.63313609467455,
        95.54367201426025,
        78.70370370370371,
        57.89473684210527,
        73.46153846153847,
        86.85258964143426,
        86.92493946731234,
        83.1896551724138,
        93.87351778656127,
        83.39680739000082
    ],
    "Closed Set Accuracy": {
        "OA": 91.13132778925043,
        "AA": 90.86487595602784,