{
    "OA": 78.56784059831445,
    "AA": 78.59294379840613,
    "OOD": null,
    "NMI": null,
    "H-score": null,
    "H3-score": null,
    "UCR": 89.41787129541777,
    "Recall-all": [
        99.63369963369964,
        75.0,
        90.93406593406593,
        97.01834862385321,
        85.71428571428571,
        95.80645161290322,
        97.36842105263158,
        90.94827586206897,
        94.5945945945946,
        8.536585365853659,
        93.23144104803494,
        83.14606741573034,
        96.74267100977198,
        92.77777777777779,
        82.84671532846716,
        87.1559633027523,
        95.0,
        93.67088607594937,
        79.6116504854369,
        77.57575757575758,
        99.20318725099602,
        91.41274238227147,
        66.66666666666666,
        92.90953545232273,
        59.13555992141454,
        85.96837944664031,
        92.90322580645162,
        53.36225596529284,
        50.97613882863341,
        82.1501014198783,
        94.60431654676259,
        44.982078853046595,
        64.2156862745098,
        84.63476070528966,
        74.8046875,
        42.570281124497996,
        41.78082191780822,
        45.073891625615765,
        86.94444444444444,
        89.5582329317269,
        78.5140562248996,
        79.02350813743219,
        60.26119402985075,
        93.86892177589851,
        78.05429864253394,
        72.0524017467249,
        97.49430523917995,
        74.4721689059501,
        52.38095238095239,
        95.94594594594594,
        87.39130434782608,
        81.95211786372008,
        91.95402298850574,
        95.9349593495935,
        94.11764705882352,
        75.74850299401199,
        23.52941176470588,
        87.20238095238095,
        87.09677419354838,
        82.1256038647343,
        95.71428571428572,
        61.32315521628499,
        87.53180661577609,
        77.14884696016772,
        45.062836624775585,
        98.67549668874173,
        91.0828025477707,
        52.472527472527474,
        91.07142857142857,
        96.0,
        88.0085653104925,
        44.31137724550898,
        91.78571428571428,
        76.75544794188862,
        68.14159292035397,
        53.93518518518518,
        87.93103448275862,
        50.4,
        90.04237288135593,
        66.3013698630137,
        81.9047619047619,
        93.63395225464191,
        96.16161616161617,
        76.98863636363636,
        96.59318637274549,
        89.32038834951457,
        99.77324263038548,
        33.72093023255814,
        87.27272727272727,
        93.20113314447592,
        65.82278481012658,
        40.550458715596335,
        95.06172839506173,
        94.7845804988662,
        69.44444444444444,
        86.35014836795251,
        98.76543209876543,
        61.712846347607055,
        97.58364312267658,
        87.90035587188612,
        94.27860696517413,
        76.98744769874477,
        43.79562043795621,
        96.53916211293262,
        81.6593886462882,
        58.70445344129555,
        60.631578947368425,
        92.96375266524521,
        4.948453608247423,
        61.563517915309454,
        77.31343283582089,
        85.6610800744879,
        18.793503480278424,
        94.72361809045226,
        93.4560327198364,
        83.97790055248619,
        73.87387387387388,
        94.83695652173914,
        93.125,
        96.95290858725761,
        94.76744186046511,
        51.40562248995983,
        81.3953488372093,
        50.64599483204134,
        74.89539748953975,
        92.66917293233082,
        96.05734767025089,
        72.63157894736842,
        81.91780821917808,
        96.84466019417476,
        35.732647814910024,
        95.86776859504133,
        91.55206286836936,
        80.1556420233463,
        89.95433789954338,
        86.18925831202046,
        66.52542372881356,
        32.686980609418285,
        92.84116331096197,
        71.46739130434783,
        97.11286089238845,
        98.22485207100591,
        96.6131907308378,
        84.72222222222221,
        52.38095238095239,
        75.38461538461539,
        88.04780876494024,
        86.68280871670703,
        83.1896551724138,
        95.0592885375494
    ],
    "Closed Set Accuracy": {
        "OA": 89.41787129541777,
        "AA": 89.26584145254938,