{
    "OA": 77.67177086639163,
    "AA": 56.189662743522774,
    "OOD": 90.56153340483687,
    "NMI": 68.53397081229535,
    "H-score": 69.17505760680113,
    "H3-score": 68.96138325713532,
    "UCR": 72.0611846079487,
    "Recall-all": [
        94.6236559139785,
        47.22222222222222,
        37.93103448275862,
        58.82352941176471,
        67.61363636363636,
        40.86538461538461,
        61.58536585365854,
        13.333333333333334,
        72.34726688102894,
        6.779661016949152,
        66.78445229681978,
        19.607843137254903,
        84.32432432432432,
        68.4,
        11.851851851851853,
        79.19463087248322,
        67.85714285714286,
        48.93617021276596,
        14.930555555555555,
        69.79166666666666,
        58.68544600938967,
        53.333333333333336,
        74.49856733524355,
        79.24528301886792,
        24.324324324324326,
        28.125,
        87.21461187214612,
        36.36363636363637,
        13.793103448275861,
        67.64705882352942,
        19.41747572815534,
        59.354838709677416,
        56.62650602409639,
        77.77777777777779,
        81.57894736842105,
        13.636363636363635,
        60.71428571428571,
        53.61930294906166,
        32.48730964467005,
        50.476190476190474,
        87.11656441717791,
        46.57534246575342,
        46.504559270516715,
        77.14285714285715,
        20.689655172413794,
        30.952380952380953,
        82.5,
        64.1025641025641,
        6.521739130434782,
        86.29629629629629,
        88.23529411764706,
        62.616822429906534,
        12.5,
        76.66666666666667,
        78.21782178217822,
        58.71559633027523,
        52.0,
        64.23841059602648,
        50.0,
        56.75675675675676,
        73.68421052631578,
        51.61290322580645,
        84.86486486486487,
        80.2547770700637,
        85.0,
        84.61538461538461,
        89.0909090909091,
        23.91304347826087,
        2.7777777777777777,
        71.7948717948718,
        85.85858585858585,
        8.823529411764707,
        58.06451612903226,
        60.43956043956044,
        40.72164948453608,
        79.06976744186046,
        81.48148148148148,
        0.0,
        70.27027027027027,
        0.0,
        11.11111111111111,
        94.4954128440367,
        94.39252336448598,
        83.33333333333334,
        70.23809523809523,
        61.81818181818181,
        90.84967320261438,
        29.201101928374655,
        54.54545454545454,
        64.86486486486487,
        43.529411764705884,
        78.72763419483101,
        94.64285714285714,
        90.42145593869732,
        64.46280991735537,
        92.54658385093167,
        96.93877551020408,
        21.428571428571427,
        63.38028169014085,
        87.03071672354949,
        82.57575757575758,
        50.76923076923077,
        5.084745762711865,
        95.27027027027027,
        50.73891625615764,
        45.45454545454545,
        66.66666666666666,
        1.7241379310344827,
        14.285714285714285,
        18.181818181818183,
        67.91666666666667,
        26.47058823529412,
        7.6923076923076925,
        70.0,
        70.0,
        76.47058823529412,
        78.73134328358209,
        93.5064935064935,
        3.4246575342465753,
        89.58333333333334,
        57.14285714285714,
        33.33333333333333,
        53.84615384615385,
        37.28813559322034,
        22.413793103448278,
        93.96551724137932,
        62.71186440677966,
        67.56756756756756,
        47.199999999999996,
        93.15068493150685,
        16.43835616438356,
        62.75395033860045,
        81.19266055045871,
        12.663755458515283,
        62.676056338028175,
        95.0,
        38.70967741935484,
        11.864406779661017,
        83.97435897435898,
        13.818181818181818,
        41.269841269841265,
        89.01734104046243,
        76.53631284916202,
        0.0,
        50.89285714285714,
        41.935483870967744,
        53.84615384615385,
        90.38461538461539,
        74.28571428571429,
        83.2807570977918,
        90.56153340483687
    ],
    "Closed Set Accuracy": {
        "OA": 83.61920699112166,
        "AA": 81.68280951050717,