{
    "OA": 76.80842968918003,
    "AA": 75.63792982925368,
    "OOD": null,
    "NMI": null,
    "H-score": null,
    "H3-score": null,
    "UCR": 88.87648255669693,
    "Recall-all": [
        99.26739926739927,
        67.76315789473685,
        90.65934065934066,
        96.3302752293578,
        57.14285714285714,
        91.29032258064517,
        96.2406015037594,
        89.22413793103449,
        91.8918918918919,
        4.878048780487805,
        90.17467248908298,
        79.7752808988764,
        95.76547231270358,
        87.22222222222223,
        79.1970802919708,
        82.11009174311926,
        95.0,
        89.87341772151899,
        70.22653721682848,
        67.27272727272727,
        99.20318725099602,
        84.48753462603878,
        60.91954022988506,
        88.50855745721272,
        55.0098231827112,
        81.02766798418972,
        90.0,
        49.0238611713666,
        43.600867678958785,
        75.25354969574036,
        92.44604316546763,
        41.21863799283154,
        63.725490196078425,
        83.6272040302267,
        69.3359375,
        34.93975903614458,
        36.5296803652968,
        40.14778325123153,
        81.94444444444444,
        84.13654618473896,
        77.10843373493977,
        75.04520795660035,
        50.93283582089553,
        89.64059196617336,
        76.47058823529412,
        67.24890829694323,
        96.12756264236903,
        71.20921305182341,
        33.33333333333333,
        93.01801801801803,
        83.04347826086956,
        79.18968692449356,
        86.97318007662835,
        95.9349593495935,
        91.47058823529412,
        72.15568862275448,
        11.76470588235294,
        81.25,
        82.48847926267281,
        79.22705314009661,
        92.85714285714286,
        49.87277353689568,
        84.98727735368958,
        72.95597484276729,
        42.010771992818675,
        98.67549668874173,
        83.7579617834395,
        42.857142857142854,
        87.05357142857143,
        93.0909090909091,
        84.58244111349036,
        34.73053892215569,
        87.5,
        73.8498789346247,
        55.309734513274336,
        50.231481481481474,
        86.20689655172413,
        45.6,
        86.86440677966102,
        60.54794520547945,
        75.71428571428571,
        91.24668435013263,
        93.33333333333333,
        74.7159090909091,
        95.79158316633266,
        83.49514563106796,
        99.54648526077098,
        30.23255813953488,
        84.93506493506493,
        89.80169971671388,
        58.734177215189874,
        32.6605504587156,
        93.33333333333333,
        90.702947845805,
        63.49206349206349,
        81.30563798219585,
        97.53086419753086,
        57.17884130982368,
        95.35315985130111,
        82.56227758007117,
        93.03482587064677,
        74.89539748953975,
        39.416058394160586,
        92.71402550091075,
        77.9475982532751,
        53.441295546558706,
        55.78947368421052,
        89.97867803837953,
        4.536082474226804,
        59.934853420195445,
        72.23880597014926,
        81.3780260707635,
        12.993039443155451,
        91.95979899497488,
        90.1840490797546,
        79.55801104972376,
        60.96096096096096,
        91.84782608695652,
        91.5625,
        94.45983379501385,
        93.6046511627907,
        41.76706827309237,
        75.5813953488372,
        44.44444444444444,
        71.96652719665272,
        89.47368421052632,
        93.54838709677419,
        64.03508771929825,
        76.98630136986301,
        93.20388349514563,
        27.506426735218508,
        94.49035812672176,
        89.19449901768172,
        74.70817120622569,
        85.84474885844749,
        83.63171355498721,
        57.6271186440678,
        27.146814404432135,
        91.94630872483222,
        58.42391304347826,
        92.91338582677166,
        97.43589743589743,
        94.6524064171123,
        78.24074074074075,
        45.614035087719294,
        71.92307692307692,
        86.45418326693228,
        84.50363196125909,
        81.03448275862068,
        92.4901185770751,
        94.15730337078652,
        92.22011385199241,
        90.15544041450777,
        58.23754789272031,
        75.66765578635015,
        90.1360544217687,
        90.78947368421053,
        83.01886792452831,
        77.01711491442543,
        94.36619718309859,
        85.23489932885906,
        84.33048433048434,
        50.1432664756447,
        84.93827160493828,
        81.9672131147541,
        58.24175824175825,
        86.64122137404581,
        49.647887323943664,
        16.55629139072848,
        87.64044943820225,
        76.34146341463415,
        85.77154308617234,
        86.95652173913044,
        0.0,
        91.96675900277008,
        97.43589743589743,
        95.14348785871964,
        84.00954653937947,
        75.18072289156626,
        72.72727272727273,
        59.64912280701754,
        69.82758620689656,
        79.61956521739131,
        91.98717948717949,
        87.08010335917312,
        81.77966101694916,
        85.68507157464212,
        76.76767676767676,
        94.1025641025641,
        84.81481481481481,
        24.863883847549907,
        79.34782608695652,
        50.0,
        28.289473684210524,
        62.95336787564767,
        79.56204379562044,
        77.24288840262582,
        92.78350515463917,
        52.400000000000006,
        32.60340632603406,
        22.364217252396166,
        93.05555555555556,
        73.38129496402878,
        69.11764705882352,
        93.11663479923517,
        49.224806201550386,
        64.43850267379679,
        71.68141592920354,
        85.995085995086,
        83.09352517985612,
        57.54189944134078,
        76.1574074074074,
        92.79112754158965,
        88.20375335120644,
        45.36082474226804,
        72.27722772277228,
        90.71729957805907,
        46.39498432601881,
        89.75409836065575,
        88.19095477386935,
        88.91454965357968,
        70.50359712230215,
        84.75,
        81.31868131868131,
        83.44086021505376,
        95.22673031026252,
        98.10126582278481,
        94.55252918287937,
        63.72007366482505,
        54.52631578947369,
        87.92710706150342,
        28.216704288939056,
        61.882352941176464,
        69.76744186046511,
        78.6842105263158,
        87.31808731808732,
        97.03389830508475,
        72.56317689530685,
        51.14942528735632,
        72.07792207792207,
        54.72154963680388,
        55.989583333333336,
        98.32635983263597,
        87.87878787878788,
        37.52759381898454,
        96.84684684684684,
        95.28023598820059,
        92.8082191780822,
        92.28855721393035,
        63.41463414634146,
        93.95770392749245,
        96.46302250803859,
        90.86294416243655,
        97.10610932475883,
        87.97250859106529,
        99.29906542056075,
        67.20430107526882,
        100.0,
        92.44604316546763,
        80.73170731707317,
        80.64516129032258,
        75.64102564102564,
        91.25,
        89.94845360824742,
        80.09049773755656,
        64.14141414141415,
        93.28621908127208,
        41.95804195804196,
        99.07692307692308,
        95.70200573065902,
        80.29045643153528,
        97.82608695652173,
        93.67088607594937,
        91.71270718232044,
        75.27173913043478,
        90.5311778290993,
        86.26506024096385,
        75.54945054945054,
        92.74809160305344,
        4.838709677419355,
        2.127659574468085,
        92.78350515463917,
        81.70731707317073,
        45.23809523809524,
        87.9245283018868,
        40.816326530612244,
        90.33232628398792,
        23.61111111111111,
        91.30434782608695,
        52.459016393442624,
        79.93630573248409,
        57.8125,
        55.84795321637427,
        89.36170212765957,
        79.40199335548172,
