{
    "OA": 76.7902337352985,
    "AA": 75.60955481192366,
    "OOD": null,
    "NMI": null,
    "H-score": null,
    "H3-score": null,
    "UCR": 88.89137015532728,
    "Recall-all": [
        99.26739926739927,
        69.07894736842105,
        90.10989010989012,
        96.10091743119266,
        57.14285714285714,
        91.61290322580645,
        96.2406015037594,
        89.22413793103449,
        91.8918918918919,
        4.2682926829268295,
        90.17467248908298,
        79.7752808988764,
        95.43973941368078,
        87.22222222222223,
        79.56204379562044,
        82.56880733944955,
        95.0,
        89.87341772151899,
        69.57928802588997,
        68.48484848484848,
        99.20318725099602,
        84.7645429362881,
        60.229885057471265,
        88.50855745721272,
        55.40275049115914,
        81.02766798418972,
        89.6774193548387,
        48.590021691973966,
        44.03470715835141,
        75.65922920892496,
        92.44604316546763,
        41.57706093189964,
        63.725490196078425,
        83.6272040302267,
        69.53125,
        34.13654618473896,
        36.07305936073059,
        41.37931034482759,
        82.5,
        84.13654618473896,
        77.10843373493977,
        75.5877034358047,
        51.11940298507462,
        89.85200845665962,
        75.7918552036199,
        67.68558951965066,
        96.12756264236903,
        71.40115163147792,
        28.57142857142857,
        93.01801801801803,
        83.69565217391305,
        79.37384898710866,
        86.97318007662835,
        95.9349593495935,
        91.17647058823529,
        71.8562874251497,
        10.588235294117647,
        81.25,
        82.02764976958525,
        78.74396135265701,
        92.85714285714286,
        51.908396946564885,
        84.98727735368958,
        72.53668763102725,
        40.754039497307005,
        98.67549668874173,
        83.7579617834395,
        42.30769230769231,
        87.05357142857143,
        92.72727272727272,
        84.58244111349036,
        35.92814371257485,
        87.85714285714286,
        73.8498789346247,
        55.309734513274336,
        49.76851851851852,
        85.0574712643678,
        45.6,
        86.86440677966102,
        61.369863013698634,
        76.42857142857142,
        91.24668435013263,
        93.33333333333333,
        74.14772727272727,
        95.59118236472945,
        84.46601941747572,
        99.54648526077098,
        31.007751937984494,
        84.93506493506493,
        89.80169971671388,
        59.24050632911393,
        31.926605504587158,
        93.33333333333333,
        90.702947845805,
        63.49206349206349,
        80.71216617210682,
        97.53086419753086,
        58.94206549118388,
        95.53903345724906,
        82.91814946619218,
        93.03482587064677,
        74.89539748953975,
        39.05109489051095,
        93.0783242258652,
        77.9475982532751,
        53.036437246963565,
        54.94736842105263,
        90.19189765458422,
        4.536082474226804,
        59.934853420195445,
        71.64179104477611,
        81.19180633147114,
        12.761020881670534,
        91.4572864321608,
        90.1840490797546,
        80.11049723756905,
        60.96096096096096,
        91.84782608695652,
        91.5625,
        95.01385041551247,
        93.6046511627907,
        40.963855421686745,
        75.96899224806202,
        45.47803617571059,
        71.54811715481172,
        89.28571428571429,
        93.1899641577061,
        64.3859649122807,
        77.26027397260275,
        93.20388349514563,
        26.99228791773779,
        94.76584022038568,
        89.19449901768172,
        75.09727626459144,
        85.38812785388129,
        83.63171355498721,
        57.20338983050848,
        26.869806094182824,
        91.94630872483222,
        57.065217391304344,
        92.91338582677166,
        97.43589743589743,
        94.11764705882352,
        78.24074074074075,
        45.614035087719294,
        71.92307692307692,
        86.45418326693228,
        83.7772397094431,
        81.25,
        92.4901185770751,
        93.93258426966293,
        92.22011385199241,
        90.15544041450777,
        58.23754789272031,
        75.66765578635015,
        90.1360544217687,
        90.5701754385965,
        83.33333333333334,
        77.01711491442543,
        94.36619718309859,
        85.90604026845638,
        84.61538461538461,
        50.429799426934096,
        84.69135802469135,
        81.9672131147541,
        57.96703296703297,
        87.02290076335878,
        48.59154929577465,
        16.55629139072848,
        87.64044943820225,
        76.58536585365854,
        85.77154308617234,
        86.70076726342711,
        0.0,
        91.96675900277008,
        97.43589743589743,
        95.14348785871964,
        83.7708830548926,
        75.42168674698794,
        72.44318181818183,
        59.210526315789465,
        69.82758620689656,
        79.61956521739131,
        92.3076923076923,
        87.33850129198967,
        81.77966101694916,
        86.09406952965234,
        77.02020202020202,
        94.1025641025641,
        85.37037037037038,
        24.682395644283122,
        78.26086956521739,
        50.352112676056336,
        28.618421052631575,
        63.47150259067358,
        79.01459854014598,
        77.24288840262582,
        92.98969072164948,
        53.2,
        32.60340632603406,
        21.405750798722046,
        92.85714285714286,
        73.38129496402878,
        69.41176470588235,
        93.11663479923517,
        50.0,
        64.1711229946524,
        71.68141592920354,
        85.74938574938575,
        84.53237410071942,
        57.821229050279335,
        76.1574074074074,
        92.97597042513863,
        88.73994638069705,
        45.70446735395189,
        72.27722772277228,
        91.35021097046413,
        48.589341692789965,
        89.75409836065575,
        87.43718592964824,
        88.91454965357968,
        71.22302158273382,
        84.0,
        81.31868131868131,
        83.65591397849462,
        94.98806682577565,
        98.10126582278481,
        94.55252918287937,
        64.08839779005525,
        54.315789473684205,
        88.15489749430525,
        28.216704288939056,
        61.882352941176464,
        69.30232558139535,
        78.94736842105263,
        86.48648648648648,
        97.03389830508475,
        72.20216606498195,
        51.14942528735632,
        71.42857142857143,
        54.72154963680388,
        55.989583333333336,
        98.32635983263597,
        88.1542699724518,
        36.64459161147903,
        96.84684684684684,
        95.28023598820059,
        92.8082191780822,
        92.28855721393035,
        63.41463414634146,
        93.95770392749245,
        96.46302250803859,
        90.86294416243655,
        97.10610932475883,
        87.97250859106529,
        99.29906542056075,
        66.66666666666666,
        100.0,
        92.44604316546763,
        79.26829268292683,
        80.0,
        75.96153846153845,
        90.625,
        89.69072164948454,
        78.73303167420815,
        63.13131313131313,
        93.99293286219081,
        41.95804195804196,
        99.07692307692308,
        95.12893982808023,
        80.08298755186722,
        97.82608695652173,
        93.67088607594937,
        91.71270718232044,
        75.54347826086956,
        90.5311778290993,
        86.02409638554217,
        75.82417582417582,
        92.93893129770993,
        4.838709677419355,
        2.127659574468085,
        92.78350515463917,
        80.89430894308943,
        45.23809523809524,
        87.9245283018868,
        40.816326530612244,
        90.33232628398792,
        23.61111111111111,
        91.30434782608695,
        53.39578454332553,
        79.93630573248409,
        56.25,
        54.97076023391813,
        89.36170212765957,
        79.734219269103,
        80.35714285714286,
