{
    "OA": 75.44198225282452,
    "AA": 75.92153019176922,
    "OOD": 74.16943521594685,
    "NMI": 82.07718078072446,
    "H-score": 75.04046050267408,
    "H3-score": 77.24938307462287,
    "UCR": 74.85077891850297,
    "Recall-all": [
        99.63369963369964,
        83.55263157894737,
        80.4945054945055,
        95.18348623853211,
        71.42857142857143,
        95.48387096774194,
        95.48872180451127,
        72.41379310344827,
        100.0,
        21.341463414634145,
        93.01310043668121,
        77.52808988764045,
        96.74267100977198,
        91.66666666666666,
        75.91240875912408,
        88.9908256880734,
        95.0,
        87.34177215189874,
        75.40453074433657,
        95.15151515151516,
        95.2191235059761,
        88.64265927977839,
        78.16091954022988,
        89.97555012224939,
        61.8860510805501,
        87.74703557312253,
        91.93548387096774,
        49.0238611713666,
        41.431670281995665,
        84.38133874239351,
        85.97122302158273,
        61.648745519713266,
        65.19607843137256,
        78.84130982367759,
        70.703125,
        58.43373493975904,
        22.831050228310502,
        24.876847290640395,
        80.83333333333333,
        87.95180722891565,
        79.31726907630522,
        82.27848101265823,
        63.059701492537314,
        92.81183932346723,
        75.56561085972851,
        70.74235807860262,
        96.35535307517085,
        93.09021113243762,
        23.809523809523807,
        92.7927927927928,
        81.95652173913044,
        79.92633517495395,
        88.50574712643679,
        95.1219512195122,
        87.05882352941177,
        83.23353293413174,
        24.705882352941178,
        84.22619047619048,
        81.33640552995391,
        71.49758454106279,
        93.26530612244898,
        77.35368956743002,
        83.20610687022901,
        82.18029350104821,
        66.24775583482945,
        94.03973509933775,
        96.4968152866242,
        41.75824175824176,
        87.5,
        89.0909090909091,
        89.29336188436831,
        28.143712574850298,
        88.57142857142857,
        79.41888619854721,
        65.929203539823,
        46.2962962962963,
        75.86206896551724,
        52.400000000000006,
        86.65254237288136,
        52.32876712328767,
        80.47619047619048,
        93.89920424403184,
        89.6969696969697,
        73.29545454545455,
        92.58517034068137,
        87.37864077669903,
        98.63945578231292,
        26.744186046511626,
        85.71428571428571,
        89.51841359773371,
        60.25316455696203,
        63.48623853211009,
        95.06172839506173,
        89.79591836734694,
        63.49206349206349,
        83.08605341246292,
        98.76543209876543,
        60.70528967254408,
        95.16728624535315,
        84.69750889679716,
        89.55223880597015,
        64.85355648535564,
        17.88321167883212,
        94.71766848816029,
        73.36244541484717,
        46.963562753036435,
        60.631578947368425,
        88.91257995735607,
        7.628865979381444,
        57.65472312703584,
        65.3731343283582,
        77.28119180633148,
        7.424593967517401,
        76.88442211055276,
        92.63803680981594,
        80.38674033149171,
        78.37837837837837,
        87.22826086956522,
        85.625,
        93.07479224376732,
        91.86046511627907,
        77.10843373493977,
        65.50387596899225,
        63.565891472868216,
        72.38493723849372,
        91.72932330827066,
        90.68100358422939,
        74.56140350877193,
        67.67123287671232,
        92.47572815533981,
        34.19023136246786,
        94.76584022038568,
        90.56974459724951,
        73.92996108949417,
        92.46575342465754,
        87.21227621483376,
        38.13559322033898,
        36.011080332409975,
        84.78747203579418,
        56.25,
        93.43832020997375,
        96.05522682445759,
        94.6524064171123,
        79.39814814814815,
        55.639097744360896,
        64.61538461538461,
        84.4621513944223,
        91.0411622276029,
        82.32758620689656,
        92.68774703557312,
        74.16943521594685
    ],
    "Closed Set Accuracy": {
        "OA": 88.66625737195587,
        "AA": 88.4794945690804,