{
    "OA": 48.09385909235163,
    "AA": 41.64367395440581,
    "OOD": null,
    "NMI": null,
    "H-score": null,
    "H3-score": null,
    "UCR": 70.34671532846716,
    "Recall-all": [
        90.32258064516128,
        20.833333333333336,
        6.896551724137931,
        52.94117647058824,
        49.43181818181818,
        51.442307692307686,
        42.073170731707314,
        0.9523809523809524,
        51.12540192926045,
        0.3389830508474576,
        36.74911660777385,
        11.76470588235294,
        77.29729729729729,
        56.39999999999999,
        4.444444444444445,
        72.81879194630872,
        61.904761904761905,
        31.914893617021278,
        5.902777777777778,
        66.14583333333334,
        38.497652582159624,
        36.666666666666664,
        39.25501432664756,
        67.9245283018868,
        15.057915057915059,
        15.625,
        78.53881278538812,
        18.181818181818183,
        4.310344827586207,
        62.5,
        0.0,
        34.193548387096776,
        48.19277108433735,
        11.11111111111111,
        59.64912280701754,
        4.545454545454546,
        17.857142857142858,
        17.962466487935657,
        26.39593908629442,
        35.23809523809524,
        76.68711656441718,
        25.570776255707763,
        39.81762917933131,
        51.42857142857142,
        10.344827586206897,
        4.761904761904762,
        47.5,
        38.46153846153847,
        0.0,
        78.51851851851852,
        92.94117647058823,
        53.271028037383175,
        37.5,
        76.66666666666667,
        53.960396039603964,
        34.862385321100916,
        34.0,
        47.019867549668874,
        33.88888888888889,
        40.54054054054054,
        54.88721804511278,
        6.451612903225806,
        76.21621621621621,
        71.97452229299363,
        52.083333333333336,
        88.46153846153845,
        71.81818181818181,
        4.3478260869565215,
        19.444444444444446,
        43.58974358974359,
        74.74747474747475,
        0.9803921568627451,
        32.25806451612903,
        29.67032967032967,
        24.22680412371134,
        63.565891472868216,
        48.148148148148145,
        0.0,
        45.94594594594595,
        0.0,
        5.555555555555555,
        93.57798165137615,
        82.2429906542056,
        16.666666666666664,
        60.71428571428571,
        61.81818181818181,
        83.66013071895425,
        3.8567493112947657,
        36.36363636363637,
        58.108108108108105,
        8.235294117647058,
        56.2624254473161,
        82.14285714285714,
        74.32950191570882,
        55.371900826446286,
        81.36645962732919,
        98.9795918367347,
        0.0,
        50.70422535211267,
        74.06143344709898,
        79.54545454545455,
        40.0,
        1.694915254237288,
        90.87837837837837,
        22.660098522167488,
        36.36363636363637,
        51.741293532338304,
        0.0,
        0.0,
        0.0,
        40.833333333333336,
        11.76470588235294,
        0.0,
        45.0,
        30.0,
        68.4873949579832,
        60.820895522388064,
        85.71428571428571,
        2.3972602739726026,
        50.0,
        57.14285714285714,
        15.929203539823009,
        26.627218934911244,
        16.94915254237288,
        15.517241379310345,
        87.93103448275862,
        45.76271186440678,
        50.0,
        34.4,
        82.1917808219178,
        2.73972602739726,
        51.69300225733634,
        69.26605504587155,
        4.8034934497816595,
        57.04225352112676,
        84.0,
        6.451612903225806,
        5.084745762711865,
        46.15384615384615,
        5.454545454545454,
        25.396825396825395,
        73.41040462427746,
        73.18435754189943,
        5.555555555555555,
        33.035714285714285,
        27.741935483870968,
        61.53846153846154,
        81.86813186813187,
        57.14285714285714,
        71.29337539432177,
        67.64705882352942,
        51.470588235294116,
        67.37588652482269,
        58.9041095890411,
        29.61672473867596,
        5.376344086021505,
        70.04608294930875,
        78.94736842105263,
        37.83783783783784,
        68.4931506849315,
        45.45454545454545,
        39.768339768339764,
        5.617977528089887,
        4.761904761904762,
        63.230240549828174,
        5.921052631578947,
        62.616822429906534,
        26.857142857142858,
        4.032258064516129,
        19.642857142857142,
        11.11111111111111,
        82.74647887323944,
        42.33576642335766,
        0.0,
        78.69318181818183,
        54.74452554744526,
        63.63636363636363,
        35.05747126436782,
        17.142857142857142,
        47.2972972972973,
        0.0,
        0.0,
        47.22222222222222,
        65.21739130434783,
        37.254901960784316,
        0.0,
        51.971326164874554,
        16.0,
        46.666666666666664,
        67.56756756756756,
        29.596412556053814,
        30.392156862745097,
        10.996563573883162,
        5.714285714285714,
        70.49808429118774,
        69.31818181818183,
        59.72696245733788,
        62.655601659751035,
        3.3707865168539324,
        27.217125382262996,
        0.0,
        70.74235807860262,
        68.08510638297872,
        0.0,
        84.39306358381504,
        23.50597609561753,
        48.24561403508772,
        63.41463414634146,
        96.19565217391305,
        60.37735849056604,
        37.17948717948718,
        52.74725274725275,
        88.88888888888889,
        69.56521739130434,
        3.508771929824561,
        74.91961414790997,
        62.295081967213115,
        0.7936507936507936,
        84.0909090909091,
        66.66666666666666,
        69.6969696969697,
        12.4031007751938,
        70.04405286343612,
        53.68421052631579,
        84.12017167381974,
        72.72727272727273,
        42.364532019704434,
        65.0,
        36.53846153846153,
        25.806451612903224,
        53.38983050847458,
        33.33333333333333,
        37.5,
        70.0,
        26.47058823529412,
        81.28342245989305,
        79.3103448275862,
        28.888888888888886,
        30.20408163265306,
        24.137931034482758,
        0.0,
        36.84210526315789,
        82.35294117647058,
        64.88095238095238,
        34.366925064599485,
        38.46153846153847,
        56.9377990430622,
        83.55555555555556,
        60.67415730337079,
        0.0,
        41.70040485829959,
        83.72093023255815,
        18.181818181818183,
        45.05494505494506,
        2.2222222222222223,
        90.39145907473309,
        0.8849557522123894,
        71.80851063829788,
        86.69527896995707,
        67.03296703296702,
        47.74774774774775,
        2.5974025974025974,
        33.84615384615385,
        43.269230769230774,
        70.0,
        16.129032258064516,
        9.090909090909092,
        32.075471698113205,
        56.05381165919282,
        40.67796610169492,
        22.972972972972975,
        61.29032258064516,
        84.41860465116278,
        78.16901408450704,
        0.0,
        68.11594202898551,
        50.73529411764706,
        36.0,
        77.27272727272727,
        5.714285714285714,
        1.6233766233766231,
        70.29177718832891,
        0.0,
        4.166666666666666,
        28.000000000000004,
        0.0,
        53.03030303030303,
        22.22222222222222,
        23.636363636363637,
        11.11111111111111,
        81.60919540229885,
        12.37785016286645,
        2.380952380952381,
        47.14285714285714,
        24.242424242424242,
        15.447154471544716,
        64.40677966101694,
        1.3157894736842104,
        18.30985915492958,
        6.796116504854369,
        20.0,
        5.714285714285714,
        59.85130111524164,
        69.27083333333334,
        64.15094339622641,
        35.294117647058826,
