{
    "OA": 74.17959499299212,
    "AA": 55.231332242101885,
    "OOD": 90.57325481906487,
    "NMI": 70.71491972096287,
    "H-score": 68.43638374329136,
    "H3-score": 69.18076474765392,
    "UCR": 70.38740305969743,
    "Recall-all": [
        92.47311827956989,
        29.86111111111111,
        37.93103448275862,
        58.82352941176471,
        66.47727272727273,
        42.06730769230769,
        59.756097560975604,
        15.238095238095239,
        71.70418006430869,
        4.745762711864407,
        66.43109540636041,
        20.26143790849673,
        85.4054054054054,
        65.60000000000001,
        11.851851851851853,
        78.18791946308725,
        67.85714285714286,
        51.06382978723404,
        17.36111111111111,
        69.27083333333334,
        56.8075117370892,
        40.0,
        61.891117478510026,
        78.8679245283019,
        23.552123552123554,
        34.375,
        85.84474885844749,
        36.36363636363637,
        15.517241379310345,
        64.70588235294117,
        19.41747572815534,
        56.774193548387096,
        56.62650602409639,
        77.77777777777779,
        81.57894736842105,
        13.636363636363635,
        60.71428571428571,
        54.6916890080429,
        35.025380710659896,
        55.23809523809524,
        86.50306748466258,
        44.74885844748858,
        48.02431610942249,
        77.14285714285715,
        18.96551724137931,
        28.57142857142857,
        85.0,
        61.53846153846154,
        6.521739130434782,
        85.92592592592592,
        87.05882352941177,
        61.6822429906542,
        12.5,
        73.33333333333333,
        78.21782178217822,
        55.04587155963303,
        50.0,
        64.23841059602648,
        45.55555555555556,
        54.054054054054056,
        72.93233082706767,
        51.61290322580645,
        84.86486486486487,
        75.79617834394905,
        80.83333333333333,
        84.61538461538461,
        87.27272727272727,
        21.73913043478261,
        5.555555555555555,
        74.35897435897436,
        83.83838383838383,
        7.8431372549019605,
        53.2258064516129,
        54.94505494505495,
        37.11340206185567,
        76.74418604651163,
        79.62962962962963,
        0.0,
        70.27027027027027,
        0.0,
        11.11111111111111,
        94.4954128440367,
        93.45794392523365,
        83.33333333333334,
        69.04761904761905,
        63.63636363636363,
        88.88888888888889,
        15.702479338842975,
        54.54545454545454,
        64.86486486486487,
        42.35294117647059,
        74.75149105367794,
        93.57142857142857,
        90.42145593869732,
        64.46280991735537,
        91.30434782608695,
        96.93877551020408,
        21.428571428571427,
        61.97183098591549,
        87.03071672354949,
        84.0909090909091,
        50.76923076923077,
        5.084745762711865,
        94.93243243243244,
        46.79802955665024,
        45.45454545454545,
        62.68656716417911,
        6.896551724137931,
        0.0,
        18.181818181818183,
        67.08333333333333,
        38.23529411764706,
        10.256410256410255,
        70.0,
        70.0,
        76.05042016806722,
        75.3731343283582,
        93.5064935064935,
        3.767123287671233,
        89.58333333333334,
        57.14285714285714,
        30.08849557522124,
        53.84615384615385,
        32.20338983050847,
        22.413793103448278,
        92.24137931034483,
        65.2542372881356,
        66.21621621621621,
        48.8,
        91.78082191780823,
        12.32876712328767,
        61.8510158013544,
        82.56880733944955,
        13.100436681222707,
        64.08450704225352,
        94.0,
        38.70967741935484,
        10.734463276836157,
        82.05128205128204,
        13.090909090909092,
        34.12698412698413,
        89.01734104046243,
        75.97765363128491,
        0.0,
        53.57142857142857,
        41.935483870967744,
        55.38461538461539,
        89.83516483516483,
        71.42857142857143,
        83.91167192429022,
        90.57325481906487
    ],
    "Closed Set Accuracy": {
        "OA": 82.50360247292335,
        "AA": 80.78168744235384,