{
    "OA": 74.12159876274708,
    "AA": 55.12468569399559,
    "OOD": 90.57325481906487,
    "NMI": 70.71491972096287,
    "H-score": 68.35319893304937,
    "H3-score": 69.12407546464638,
    "UCR": 70.38288022170208,
    "Recall-all": [
        91.39784946236558,
        29.86111111111111,
        37.93103448275862,
        58.82352941176471,
        66.76136363636364,
        42.06730769230769,
        59.756097560975604,
        14.285714285714285,
        71.38263665594855,
        4.406779661016949,
        67.13780918727915,
        19.607843137254903,
        85.4054054054054,
        65.2,
        12.592592592592592,
        78.52348993288591,
        67.85714285714286,
        48.93617021276596,
        16.666666666666664,
        69.27083333333334,
        56.8075117370892,
        40.0,
        62.46418338108882,
        79.62264150943396,
        22.779922779922778,
        31.25,
        85.84474885844749,
        36.36363636363637,
        14.655172413793101,
        62.5,
        19.41747572815534,
        56.774193548387096,
        56.62650602409639,
        77.77777777777779,
        81.57894736842105,
        11.363636363636363,
        60.71428571428571,
        54.42359249329759,
        35.025380710659896,
        56.19047619047619,
        86.50306748466258,
        44.74885844748858,
        47.11246200607903,
        77.14285714285715,
        18.96551724137931,
        30.952380952380953,
        85.0,
        61.53846153846154,
        6.521739130434782,
        86.66666666666667,
        89.41176470588236,
        61.6822429906542,
        12.5,
        73.33333333333333,
        78.21782178217822,
        55.04587155963303,
        50.0,
        63.576158940397356,
        45.0,
        54.054054054054056,
        72.18045112781954,
        48.38709677419355,
        84.86486486486487,
        76.43312101910828,
        79.16666666666666,
        84.61538461538461,
        89.0909090909091,
        20.652173913043477,
        5.555555555555555,
        74.35897435897436,
        83.83838383838383,
        7.8431372549019605,
        53.2258064516129,
        54.94505494505495,
        37.628865979381445,
        76.74418604651163,
        79.62962962962963,
        0.0,
        72.97297297297297,
        0.0,
        11.11111111111111,
        94.4954128440367,
        93.45794392523365,
        83.33333333333334,
        70.23809523809523,
        63.63636363636363,
        88.88888888888889,
        15.977961432506888,
        54.54545454545454,
        64.86486486486487,
        43.529411764705884,
        73.75745526838966,
        93.57142857142857,
        90.03831417624522,
        64.46280991735537,
        91.30434782608695,
        97.95918367346938,
        21.428571428571427,
        62.676056338028175,
        86.68941979522185,
        84.0909090909091,
        50.76923076923077,
        5.084745762711865,
        94.93243243243244,
        46.30541871921182,
        45.45454545454545,
        62.68656716417911,
        6.896551724137931,
        0.0,
        18.181818181818183,
        66.25,
        35.294117647058826,
        10.256410256410255,
        70.0,
        70.0,
        76.47058823529412,
        75.3731343283582,
        93.5064935064935,
        3.4246575342465753,
        89.58333333333334,
        57.14285714285714,
        30.08849557522124,
        54.437869822485204,
        30.508474576271187,
        22.413793103448278,
        92.24137931034483,
        64.40677966101694,
        66.21621621621621,
        48.8,
        93.15068493150685,
        12.32876712328767,
        61.6252821670429,
        82.56880733944955,
        13.100436681222707,
        65.49295774647888,
        94.0,
        38.70967741935484,
        10.734463276836157,
        82.05128205128204,
        13.090909090909092,
        30.952380952380953,
        89.01734104046243,
        75.97765363128491,
        0.0,
        50.89285714285714,
        41.29032258064516,
        56.15384615384615,
        89.83516483516483,
        71.42857142857143,
        83.91167192429022,
        90.57325481906487
    ],
    "Closed Set Accuracy": {
        "OA": 82.53149258587831,
        "AA": 80.76678927550202,