{
    "OA": 72.92892711634224,
    "AA": 91.31142555343058,
    "OOD": 66.33016627078385,
    "NMI": 69.55331038381244,
    "H-score": 77.71169300222742,
    "H3-score": 74.78889844875064,
    "Recall-all": [
        97.2972972972973,
        90.2439024390244,
        92.5925925925926,
        87.5,
        96.0,
        93.93939393939394,
        87.5,
        96.96969696969697,
        100.0,
        96.05263157894737,
        66.33016627078385
    ],
    "Closed Set Accuracy": {
        "OA": 98.09523809523809,
        "AA": 98.16744790653648,
        "Recall-all": [
            100.0,
            97.5609756097561,
            100.0,
            95.0,
            100.0,
            95.95959595959596,
            97.5,
            96.96969696969697,
            100.0,
            98.68421052631578
        ]
    },
    "OSR Accuracy": {
        "TNR": 62.47030878859859,
        "AUROC": 90.86166723221355,
        "DTACC": 83.43886438185724,
        "AUIN": 74.13432480327725,
        "AUOUT": 96.82806186768485,
        "OSCR": 89.03189684424903,
        "AUPR": 96.859061400794
    }
}