{
    "OA": 44.820717131474105,
    "AA": 92.4701089249859,
    "OOD": 34.41403926234384,
    "NMI": 90.76659772279503,
    "H-score": 50.976638746257464,
    "H3-score": 59.70201339638065,
    "Recall-all": [
        100.0,
        98.98989898989899,
        100.0,
        100.0,
        100.0,
        91.93548387096774,
        97.87234042553192,
        100.0,
        97.53086419753086,
        96.42857142857143,
        34.41403926234384
    ],
    "Closed Set Accuracy": {
        "OA": 99.08256880733946,
        "AA": 99.00133485611636,
        "Recall-all": [
            100.0,
            100.0,
            100.0,
            100.0,
            100.0,
            95.16129032258065,
            97.87234042553192,
            100.0,
            98.76543209876543,
            98.21428571428571
        ]
    },
    "OSR Accuracy": {
        "TNR": 59.51814396192743,
        "AUROC": 82.66349759044692,
        "DTACC": 79.78226699921956,
        "AUIN": 35.16622030433288,
        "AUOUT": 96.38421683796498,
        "OSCR": 81.83372992266544,
        "AUPR": 96.39977780678828
    }
}