{
    "OA": 60.93396936982174,
    "AA": 94.08057330536721,
    "OOD": 51.07799619530755,
    "NMI": 85.12541006991601,
    "H-score": 67.24342997169983,
    "H3-score": 72.30791707209843,
    "Recall-all": [
        100.0,
        100.0,
        100.0,
        97.59036144578313,
        100.0,
        98.71794871794873,
        87.5,
        100.0,
        100.0,
        100.0,
        51.07799619530755
    ],
    "Closed Set Accuracy": {
        "OA": 99.51749095295537,
        "AA": 99.50131294408402,
        "Recall-all": [
            100.0,
            100.0,
            100.0,
            98.79518072289156,
            100.0,
            98.71794871794873,
            97.5,
            100.0,
            100.0,
            100.0
        ]
    },
    "OSR Accuracy": {
        "TNR": 70.48192771084338,
        "AUROC": 90.74631329584734,
        "DTACC": 84.1398480723733,
        "AUIN": 67.23790690009609,
        "AUOUT": 97.4775336495137,
        "OSCR": 90.28042205008165,
        "AUPR": 97.49382428387402
    }
}