{
    "OA": 60.80843585237259,
    "AA": 94.0661615915262,
    "OOD": 50.91946734305643,
    "NMI": 85.12541006991601,
    "H-score": 67.10590687645652,
    "H3-score": 72.20184855581759,
    "Recall-all": [
        100.0,
        100.0,
        100.0,
        97.59036144578313,
        100.0,
        98.71794871794873,
        87.5,
        100.0,
        100.0,
        100.0,
        50.91946734305643
    ],
    "Closed Set Accuracy": {
        "OA": 99.51749095295537,
        "AA": 99.50131294408402,
        "Recall-all": [
            100.0,
            100.0,
            100.0,
            98.79518072289156,
            100.0,
            98.71794871794873,
            97.5,
            100.0,
            100.0,
            100.0
        ]
    },
    "OSR Accuracy": {
        "TNR": 70.76727964489538,
        "AUROC": 90.69999762876023,
        "DTACC": 84.164994687658,
        "AUIN": 66.99292635802165,
        "AUOUT": 97.46532348806906,
        "OSCR": 90.23462270133096,
        "AUPR": 97.48161667440579
    }
}