{
    "OA": 59.78612285501119,
    "AA": 84.27630788864619,
    "OOD": 53.554939981532776,
    "NMI": 73.44558460183944,
    "H-score": 66.3987955171369,
    "H3-score": 68.5938931585979,
    "Recall-all": [
        96.66666666666667,
        91.07142857142857,
        82.8125,
        87.75510204081633,
        92.92929292929293,
        70.70707070707071,
        87.67123287671232,
        97.82608695652173,
        92.3076923076923,
        73.73737373737373,
        53.554939981532776
    ],
    "Closed Set Accuracy": {
        "OA": 92.48704663212435,
        "AA": 93.39161699221631,
        "Recall-all": [
            98.33333333333333,
            96.42857142857143,
            89.0625,
            92.85714285714286,
            93.93939393939394,
            91.91919191919192,
            95.8904109589041,
            100.0,
            98.71794871794873,
            76.76767676767676
        ]
    },
    "OSR Accuracy": {
        "TNR": 18.31332717759311,
        "AUROC": 78.51004773090804,
        "DTACC": 74.22606716773754,
        "AUIN": 41.942736779137824,
        "AUOUT": 92.1725751426129,
        "OSCR": 72.08256187236559,
        "AUPR": 92.19478149509317
    }
}