{
    "OA": 50.43928812795675,
    "AA": 92.6166034142393,
    "OOD": 35.812016656751936,
    "NMI": 90.76659772279503,
    "H-score": 52.22349780459379,
    "H3-score": 60.83599941636999,
    "Recall-all": [
        100.0,
        98.98989898989899,
        100.0,
        100.0,
        100.0,
        90.32258064516128,
        97.87234042553192,
        100.0,
        97.53086419753086,
        96.42857142857143,
        87.87878787878788,
        90.76923076923077,
        98.95833333333334,
        88.63636363636364,
        98.66666666666667,
        35.812016656751936
    ],
    "Closed Set Accuracy": {
        "OA": 98.14298978644382,
        "AA": 98.33253973572741,
        "Recall-all": [
            100.0,
            100.0,
            100.0,
            100.0,
            100.0,
            95.16129032258065,
            97.87234042553192,
            100.0,
            98.76543209876543,
            98.21428571428571,
            92.92929292929293,
            100.0,
            100.0,
            92.04545454545455,
            100.0
        ]
    },
    "OSR Accuracy": {
        "TNR": 50.92207019631172,
        "AUROC": 81.10008798980579,
        "DTACC": 77.83873451547886,
        "AUIN": 50.499710288315484,
        "AUOUT": 93.63399086068777,
        "OSCR": 79.4392320749073,
        "AUPR": 93.65011905212184
    }
}