{
    "OA": 47.87234042553192,
    "AA": 9.404388714733543,
    "OOD": 100.0,
    "NMI": 96.3557371233247,
    "H-score": 0.6872783742017692,
    "H3-score": 1.0302224972910228,
    "Recall-all": [
        3.4482758620689653,
        0.0,
        0.0,
        0.0,
        0.0,
        0.0,
        0.0,
        0.0,
        0.0,
        0.0,
        100.0
    ],
    "Closed Set Accuracy": {
        "OA": 97.96610169491525,
        "AA": 98.20155038759691,
        "Recall-all": [
            100.0,
            100.0,
            100.0,
            100.0,
            100.0,
            90.0,
            95.34883720930233,
            100.0,
            100.0,
            96.66666666666667
        ]
    },
    "OSR Accuracy": {
        "TNR": 71.74721189591078,
        "AUROC": 93.32619242643815,
        "DTACC": 87.1797618297524,
        "AUIN": 92.8087321605493,
        "AUOUT": 93.32477220180554,
        "OSCR": 91.2998550815954,
        "AUPR": 93.52352802333766
    }
}