{
    "OA": 65.50378700941015,
    "AA": 66.24259558125341,
    "OOD": null,
    "NMI": null,
    "H-score": null,
    "H3-score": null,
    "Recall-all": [
        90.69767441860465,
        58.58585858585859,
        96.875,
        44.57831325301205,
        9.090909090909092,
        50.0,
        52.5,
        97.26027397260275,
        72.05882352941177,
        81.81818181818183,
        61.458333333333336,
        69.23076923076923,
        34.375,
        55.26315789473685,
        84.93150684931507,
        79.03225806451613,
        41.17647058823529,
        86.04651162790698,
        96.29629629629629,
        80.0,
        98.27586206896551,
        85.88235294117646,
        10.666666666666668,
        64.91228070175438,
        80.55555555555556,
        53.333333333333336,
        88.46153846153845,
        70.0,
        86.11111111111111,
        89.33333333333333,
        55.42168674698795,
        60.256410256410255,
        70.1492537313433,
        43.47826086956522,
        60.56338028169014,
        82.6086956521739,
        78.33333333333333,
        27.586206896551722,
        55.88235294117647,
        60.9375,
        60.0,
        63.23529411764706,
        75.38461538461539,
        59.32203389830508,
        86.56716417910447,
        90.38461538461539,
        67.9245283018868,
        75.75757575757575,
        90.66666666666666,
        90.2439024390244,
        98.7012987012987,
        90.19607843137256,
        43.93939393939394,
        68.83116883116884,
        7.954545454545454,
        49.2063492063492,
        29.629629629629626,
        72.22222222222221,
        27.11864406779661,
        85.36585365853658,
        82.35294117647058,
        13.432835820895523,
        71.60493827160494,
        64.15094339622641,
        77.55102040816327
    ],
    "Closed Set Accuracy": {
        "OA": 94.51457424833602,
        "AA": 93.91284426477925,
        "Recall-all": [
            100.0,
            100.0,
            100.0,
            97.59036144578313,
            98.98989898989899,
            87.17948717948718,
            87.5,
            100.0,
            100.0,
            100.0,
            100.0,
            89.23076923076924,
            57.8125,
            93.42105263157895,
            100.0,
            95.16129032258065,
            76.47058823529412,
            90.69767441860465,
            100.0,
            95.0,
            100.0,
            100.0,
            100.0,
            80.7017543859649,
            88.88888888888889,
            100.0,
            90.38461538461539,
            98.33333333333333,
            98.61111111111111,
            98.66666666666667,
            97.59036144578313,
            93.58974358974359,
            95.52238805970148,
            82.6086956521739,
            81.69014084507043,
            89.13043478260869,
            98.33333333333333,
            94.82758620689656,
            91.17647058823529,
            95.3125,
            90.0,
            85.29411764705883,
            89.23076923076924,
            86.4406779661017,
            98.50746268656717,
            100.0,
            90.56603773584906,
            90.9090909090909,
            97.33333333333334,
            100.0,
            98.7012987012987,
            94.11764705882352,
            98.48484848484848,
            98.7012987012987,
            98.86363636363636,
            93.65079365079364,
            92.5925925925926,
            98.14814814814815,
            96.61016949152543,
            98.78048780487805,
            95.29411764705881,
            92.53731343283582,
            92.5925925925926,
            88.67924528301887,
            93.87755102040816
        ]
    },
    "OSR Accuracy": null
}