{
    "OA": 88.91635764318087,
    "AA": 86.82221231857109,
    "OOD": null,
    "NMI": null,
    "H-score": null,
    "H3-score": null,
    "UCR": 88.91635764318087,
    "Recall-all": [
        100.0,
        97.5609756097561,
        96.29629629629629,
        95.0,
        94.66666666666667,
        87.87878787878788,
        82.5,
        96.96969696969697,
        95.0,
        96.05263157894737,
        94.20289855072464,
        76.0,
        50.0,
        92.5,
        97.5,
        69.56521739130434,
        53.333333333333336,
        50.0,
        95.23809523809523,
        82.22222222222221,
        95.45454545454545,
        100.0,
        98.88888888888889,
        90.0,
        93.47826086956522,
        100.0,
        80.0,
        100.0,
        97.82608695652173,
        100.0,
        97.22222222222221,
        77.55102040816327,
        78.43137254901961,
        40.0,
        30.952380952380953,
        84.375,
        77.77777777777779,
        95.91836734693877,
        95.23809523809523,
        95.0,
        89.47368421052632,
        73.68421052631578,
        75.0,
        84.61538461538461,
        84.21052631578947,
        94.44444444444444,
        83.33333333333334,
        93.61702127659575,
        95.91836734693877,
        73.33333333333333,
        95.0,
        80.0,
        71.42857142857143,
        97.5609756097561,
        97.82608695652173,
        95.0,
        95.0,
        89.13043478260869,
        93.75,
        97.72727272727273,
        95.34883720930233,
        90.0,
        76.19047619047619,
        97.5,
        93.75
    ],
    "Closed Set Accuracy": {
        "OA": 88.91635764318087,
        "AA": 86.82221231857109,
        "Recall-all": [
            100.0,
            97.5609756097561,
            96.29629629629629,
            95.0,
            94.66666666666667,
            87.87878787878788,
            82.5,
            96.96969696969697,
            95.0,
            96.05263157894737,
            94.20289855072464,
            76.0,
            50.0,
            92.5,
            97.5,
            69.56521739130434,
            53.333333333333336,
            50.0,
            95.23809523809523,
            82.22222222222221,
            95.45454545454545,
            100.0,
            98.88888888888889,
            90.0,
            93.47826086956522,
            100.0,
            80.0,
            100.0,
            97.82608695652173,
            100.0,
            97.22222222222221,
            77.55102040816327,
            78.43137254901961,
            40.0,
            30.952380952380953,
            84.375,
            77.77777777777779,
            95.91836734693877,
            95.23809523809523,
            95.0,
            89.47368421052632,
            73.68421052631578,
            75.0,
            84.61538461538461,
            84.21052631578947,
            94.44444444444444,
            83.33333333333334,
            93.61702127659575,
            95.91836734693877,
            73.33333333333333,
            95.0,
            80.0,
            71.42857142857143,
            97.5609756097561,
            97.82608695652173,
            95.0,
            95.0,
            89.13043478260869,
            93.75,
            97.72727272727273,
            95.34883720930233,
            90.0,
            76.19047619047619,
            97.5,
            93.75
        ]
    },
    "OSR Accuracy": null
}