{
    "OA": 94.09166206515737,
    "AA": 92.98990722990737,
    "OOD": null,
    "NMI": null,
    "H-score": null,
    "H3-score": null,
    "UCR": 94.09166206515737,
    "Recall-all": [
        100.0,
        100.0,
        98.4375,
        97.59036144578313,
        98.98989898989899,
        88.46153846153845,
        87.5,
        100.0,
        100.0,
        100.0,
        100.0,
        86.15384615384616,
        53.125,
        94.73684210526315,
        100.0,
        95.16129032258065,
        74.50980392156863,
        86.04651162790698,
        100.0,
        91.66666666666666,
        100.0,
        100.0,
        100.0,
        80.7017543859649,
        91.66666666666666
    ],
    "Closed Set Accuracy": {
        "OA": 94.09166206515737,
        "AA": 92.98990722990737,
        "Recall-all": [
            100.0,
            100.0,
            98.4375,
            97.59036144578313,
            98.98989898989899,
            88.46153846153845,
            87.5,
            100.0,
            100.0,
            100.0,
            100.0,
            86.15384615384616,
            53.125,
            94.73684210526315,
            100.0,
            95.16129032258065,
            74.50980392156863,
            86.04651162790698,
            100.0,
            91.66666666666666,
            100.0,
            100.0,
            100.0,
            80.7017543859649,
            91.66666666666666
        ]
    },
    "OSR Accuracy": null
}