{
    "OA": 91.93815571507454,
    "AA": 90.43566277575809,
    "OOD": null,
    "NMI": null,
    "H-score": null,
    "H3-score": null,
    "UCR": 91.93815571507454,
    "Recall-all": [
        98.83720930232558,
        100.0,
        100.0,
        95.18072289156626,
        100.0,
        83.33333333333334,
        85.0,
        98.63013698630137,
        100.0,
        100.0,
        97.91666666666666,
        75.38461538461539,
        67.1875,
        86.8421052631579,
        100.0,
        88.70967741935483,
        47.05882352941176,
        86.04651162790698,
        100.0,
        93.33333333333333,
        93.10344827586206,
        100.0,
        100.0,
        75.43859649122807,
        88.88888888888889
    ],
    "Closed Set Accuracy": {
        "OA": 91.93815571507454,
        "AA": 90.43566277575809,
        "Recall-all": [
            98.83720930232558,
            100.0,
            100.0,
            95.18072289156626,
            100.0,
            83.33333333333334,
            85.0,
            98.63013698630137,
            100.0,
            100.0,
            97.91666666666666,
            75.38461538461539,
            67.1875,
            86.8421052631579,
            100.0,
            88.70967741935483,
            47.05882352941176,
            86.04651162790698,
            100.0,
            93.33333333333333,
            93.10344827586206,
            100.0,
            100.0,
            75.43859649122807,
            88.88888888888889
        ]
    },
    "OSR Accuracy": null
}