{
    "OA": 84.38401318500206,
    "AA": 80.91787886907869,
    "OOD": null,
    "NMI": null,
    "H-score": null,
    "H3-score": null,
    "UCR": 84.38401318500206,
    "Recall-all": [
        94.5945945945946,
        87.8048780487805,
        81.48148148148148,
        95.0,
        100.0,
        84.84848484848484,
        75.0,
        96.96969696969697,
        100.0,
        93.42105263157895,
        94.20289855072464,
        60.0,
        61.36363636363637,
        82.5,
        92.5,
        65.21739130434783,
        46.666666666666664,
        44.44444444444444,
        100.0,
        75.55555555555556,
        90.9090909090909,
        100.0,
        98.88888888888889,
        65.0,
        78.26086956521739,
        97.5,
        70.0,
        98.73417721518987,
        97.82608695652173,
        100.0,
        94.44444444444444,
        71.42857142857143,
        74.50980392156863,
        25.0,
        38.095238095238095,
        68.75,
        72.22222222222221,
        97.95918367346938,
        95.23809523809523,
        90.0,
        47.368421052631575,
        57.89473684210527,
        65.0,
        73.07692307692307,
        94.73684210526315,
        61.111111111111114,
        66.66666666666666,
        85.1063829787234,
        95.91836734693877,
        80.0,
        95.0,
        73.33333333333333,
        66.66666666666666,
        85.36585365853658,
        97.82608695652173,
        87.5,
        95.0,
        91.30434782608695,
        75.0,
        88.63636363636364,
        88.37209302325581,
        80.0,
        76.19047619047619,
        95.0,
        81.25
    ],
    "Closed Set Accuracy": {
        "OA": 84.38401318500206,
        "AA": 80.91787886907869,
        "Recall-all": [
            94.5945945945946,
            87.8048780487805,
            81.48148148148148,
            95.0,
            100.0,
            84.84848484848484,
            75.0,
            96.96969696969697,
            100.0,
            93.42105263157895,
            94.20289855072464,
            60.0,
            61.36363636363637,
            82.5,
            92.5,
            65.21739130434783,
            46.666666666666664,
            44.44444444444444,
            100.0,
            75.55555555555556,
            90.9090909090909,
            100.0,
            98.88888888888889,
            65.0,
            78.26086956521739,
            97.5,
            70.0,
            98.73417721518987,
            97.82608695652173,
            100.0,
            94.44444444444444,
            71.42857142857143,
            74.50980392156863,
            25.0,
            38.095238095238095,
            68.75,
            72.22222222222221,
            97.95918367346938,
            95.23809523809523,
            90.0,
            47.368421052631575,
            57.89473684210527,
            65.0,
            73.07692307692307,
            94.73684210526315,
            61.111111111111114,
            66.66666666666666,
            85.1063829787234,
            95.91836734693877,
            80.0,
            95.0,
            73.33333333333333,
            66.66666666666666,
            85.36585365853658,
            97.82608695652173,
            87.5,
            95.0,
            91.30434782608695,
            75.0,
            88.63636363636364,
            88.37209302325581,
            80.0,
            76.19047619047619,
            95.0,
            81.25
        ]
    },
    "OSR Accuracy": null
}