{
    "OA": 90.17447199265382,
    "AA": 87.21234067795322,
    "OOD": null,
    "NMI": null,
    "H-score": null,
    "H3-score": null,
    "UCR": 90.17447199265382,
    "Recall-all": [
        100.0,
        97.5609756097561,
        96.29629629629629,
        95.0,
        94.66666666666667,
        87.87878787878788,
        82.5,
        96.96969696969697,
        95.0,
        96.05263157894737,
        94.20289855072464,
        76.0,
        50.0,
        92.5,
        97.5,
        69.56521739130434,
        53.333333333333336,
        50.0,
        95.23809523809523,
        82.22222222222221,
        95.45454545454545,
        100.0,
        98.88888888888889,
        90.0,
        93.47826086956522
    ],
    "Closed Set Accuracy": {
        "OA": 90.17447199265382,
        "AA": 87.21234067795322,
        "Recall-all": [
            100.0,
            97.5609756097561,
            96.29629629629629,
            95.0,
            94.66666666666667,
            87.87878787878788,
            82.5,
            96.96969696969697,
            95.0,
            96.05263157894737,
            94.20289855072464,
            76.0,
            50.0,
            92.5,
            97.5,
            69.56521739130434,
            53.333333333333336,
            50.0,
            95.23809523809523,
            82.22222222222221,
            95.45454545454545,
            100.0,
            98.88888888888889,
            90.0,
            93.47826086956522
        ]
    },
    "OSR Accuracy": null
}