{
    "OA": 83.82588774341352,
    "AA": 72.06165318980912,
    "OOD": 88.76577408433364,
    "NMI": 73.44558460183944,
    "H-score": 78.86253982846554,
    "H3-score": 76.97155756887682,
    "Recall-all": [
        91.66666666666666,
        92.85714285714286,
        71.875,
        72.44897959183673,
        70.70707070707071,
        53.535353535353536,
        64.38356164383562,
        93.47826086956522,
        75.64102564102564,
        42.42424242424242,
        82.82828282828282,
        45.0,
        61.61616161616161,
        67.1875,
        78.57142857142857,
        88.76577408433364
    ],
    "Closed Set Accuracy": {
        "OA": 92.29390681003584,
        "AA": 92.73163587608303,
        "Recall-all": [
            98.33333333333333,
            98.21428571428571,
            87.5,
            94.89795918367348,
            93.93939393939394,
            88.88888888888889,
            95.8904109589041,
            100.0,
            97.43589743589743,
            80.8080808080808,
            93.93939393939394,
            87.5,
            93.93939393939394,
            79.6875,
            100.0
        ]
    },
    "OSR Accuracy": {
        "TNR": 40.227762388427216,
        "AUROC": 87.52557996891241,
        "DTACC": 80.2676257707086,
        "AUIN": 75.98735051457443,
        "AUOUT": 94.33912659361403,
        "OSCR": 80.42205707628801,
        "AUPR": 94.35660172776663
    }
}