{
    "OA": 95.64243027888446,
    "AA": 84.00738008565578,
    "OOD": 98.12611540749555,
    "NMI": 90.76659772279503,
    "H-score": 89.69299050958884,
    "H3-score": 90.04936492857716,
    "UCR": 94.88188278056471,
    "Recall-all": [
        77.21518987341773,
        92.92929292929293,
        91.93548387096774,
        97.67441860465115,
        90.9090909090909,
        12.903225806451612,
        87.2340425531915,
        100.0,
        87.65432098765432,
        87.5,
        98.12611540749555
    ],
    "Closed Set Accuracy": {
        "OA": 98.1651376146789,
        "AA": 98.00266971223273,
        "Recall-all": [
            100.0,
            100.0,
            100.0,
            100.0,
            100.0,
            90.32258064516128,
            95.74468085106383,
            100.0,
            97.53086419753086,
            96.42857142857143
        ]
    },
    "OSR Accuracy": {
        "TNR": 76.85901249256395,
        "AUROC": 96.71967865348826,
        "DTACC": 91.28999776236296,
        "AUIN": 92.08374383914582,
        "AUOUT": 99.18500786020842,
        "OSCR": 94.88188278056471,
        "AUPR": 99.2000561874364
    }
}