{
    "OA": 91.14069313747993,
    "AA": 75.55922280490694,
    "OOD": 97.17818642993025,
    "NMI": 85.12541006991601,
    "H-score": 84.09537468183122,
    "H3-score": 84.43728105442078,
    "Recall-all": [
        96.51162790697676,
        98.98989898989899,
        100.0,
        83.13253012048193,
        90.9090909090909,
        41.02564102564102,
        60.0,
        94.52054794520548,
        98.52941176470588,
        90.9090909090909,
        71.875,
        49.23076923076923,
        60.9375,
        36.84210526315789,
        38.35616438356164,
        97.17818642993025
    ],
    "Closed Set Accuracy": {
        "OA": 98.91936824605155,
        "AA": 98.84555482945221,
        "Recall-all": [
            100.0,
            100.0,
            100.0,
            98.79518072289156,
            100.0,
            98.71794871794873,
            96.25,
            98.63013698630137,
            100.0,
            100.0,
            100.0,
            96.92307692307692,
            100.0,
            94.73684210526315,
            98.63013698630137
        ]
    },
    "OSR Accuracy": {
        "TNR": 85.22511097019658,
        "AUROC": 96.89164849448983,
        "DTACC": 90.76521336692089,
        "AUIN": 93.22449722900569,
        "AUOUT": 98.69903966345905,
        "OSCR": 95.812927520555,
        "AUPR": 98.71513893537862
    }
}