{
    "OA": 18.453064034886392,
    "AA": 17.50946275826551,
    "OOD": null,
    "NMI": null,
    "H-score": null,
    "H3-score": null,
    "Recall-all": [
        46.51162790697674,
        21.21212121212121,
        85.9375,
        3.614457831325301,
        3.0303030303030303,
        0.0,
        16.25,
        42.465753424657535,
        26.47058823529412,
        56.56565656565656,
        0.0,
        6.153846153846154,
        0.0,
        0.0,
        4.10958904109589,
        4.838709677419355,
        15.686274509803921,
        13.953488372093023,
        80.24691358024691,
        23.333333333333332,
        34.48275862068966,
        54.11764705882353,
        28.000000000000004,
        0.0,
        0.0,
        11.666666666666666,
        0.0,
        16.666666666666664,
        18.055555555555554,
        0.0,
        31.32530120481928,
        3.8461538461538463,
        5.970149253731343,
        0.0,
        0.0,
        0.0,
        53.333333333333336,
        3.4482758620689653,
        2.941176470588235,
        9.375,
        6.666666666666667,
        4.411764705882353,
        0.0,
        1.694915254237288,
        0.0,
        63.46153846153846,
        15.09433962264151,
        13.636363636363635,
        36.0,
        14.634146341463413,
        41.55844155844156,
        13.725490196078432,
        0.0,
        7.792207792207792,
        7.954545454545454,
        42.857142857142854,
        6.172839506172839,
        7.4074074074074066,
        1.694915254237288,
        30.48780487804878,
        48.23529411764706,
        0.0,
        0.0,
        0.0,
        51.02040816326531
    ],
    "Closed Set Accuracy": {
        "OA": 93.57355978884554,
        "AA": 92.7930671011399,
        "Recall-all": [
            100.0,
            100.0,
            100.0,
            98.79518072289156,
            100.0,
            61.53846153846154,
            92.5,
            98.63013698630137,
            100.0,
            100.0,
            100.0,
            81.53846153846153,
            70.3125,
            96.05263157894737,
            97.26027397260275,
            91.93548387096774,
            80.3921568627451,
            83.72093023255815,
            100.0,
            98.33333333333333,
            98.27586206896551,
            100.0,
            100.0,
            87.71929824561403,
            88.88888888888889,
            100.0,
            88.46153846153845,
            98.33333333333333,
            100.0,
            96.0,
            98.79518072289156,
            93.58974358974359,
            98.50746268656717,
            65.21739130434783,
            63.38028169014085,
            91.30434782608695,
            98.33333333333333,
            98.27586206896551,
            89.70588235294117,
            92.1875,
            80.0,
            91.17647058823529,
            87.6923076923077,
            88.13559322033898,
            95.52238805970148,
            100.0,
            98.11320754716981,
            90.9090909090909,
            97.33333333333334,
            100.0,
            97.40259740259741,
            98.0392156862745,
            89.39393939393939,
            100.0,
            100.0,
            98.4126984126984,
            88.88888888888889,
            98.14814814814815,
            96.61016949152543,
            98.78048780487805,
            94.11764705882352,
            80.59701492537313,
            92.5925925925926,
            71.69811320754717,
            100.0
        ]
    },
    "OSR Accuracy": null
}