{
    "OA": 90.9213786888939,
    "AA": 72.33565121759075,
    "OOD": 98.12611540749555,
    "NMI": 90.76659772279503,
    "H-score": 82.12827079964387,
    "H3-score": 84.82040219595912,
    "Recall-all": [
        77.21518987341773,
        92.92929292929293,
        91.93548387096774,
        97.67441860465115,
        90.9090909090909,
        12.903225806451612,
        87.2340425531915,
        100.0,
        87.65432098765432,
        87.5,
        46.464646464646464,
        76.92307692307693,
        43.75,
        56.81818181818182,
        9.333333333333334,
        98.12611540749555
    ],
    "Closed Set Accuracy": {
        "OA": 97.30733519034355,
        "AA": 97.46474277111813,
        "Recall-all": [
            100.0,
            100.0,
            100.0,
            100.0,
            100.0,
            90.32258064516128,
            95.74468085106383,
            100.0,
            97.53086419753086,
            96.42857142857143,
            89.8989898989899,
            100.0,
            100.0,
            92.04545454545455,
            100.0
        ]
    },
    "OSR Accuracy": {
        "TNR": 78.82212968471148,
        "AUROC": 95.99287354379081,
        "DTACC": 89.44601496765698,
        "AUIN": 91.12370106266546,
        "AUOUT": 98.52155783956118,
        "OSCR": 93.30838355601423,
        "AUPR": 98.53672071706438
    }
}