{
    "OA": 17.53501400560224,
    "AA": 17.839375513780464,
    "OOD": null,
    "NMI": null,
    "H-score": null,
    "H3-score": null,
    "UCR": 91.87675070028011,
    "Recall-all": [
        11.39240506329114,
        16.161616161616163,
        58.06451612903226,
        0.0,
        0.0,
        0.0,
        29.78723404255319,
        70.37037037037037,
        27.160493827160494,
        53.57142857142857,
        0.0,
        7.6923076923076925,
        0.0,
        0.0,
        0.0,
        0.0,
        19.402985074626866,
        0.0,
        70.1492537313433,
        3.4482758620689653,
        54.929577464788736,
        16.161616161616163,
        7.6923076923076925,
        0.0,
        0.0
    ],
    "Closed Set Accuracy": {
        "OA": 91.87675070028011,
        "AA": 92.36567078802744,
        "Recall-all": [
            100.0,
            100.0,
            93.54838709677419,
            100.0,
            100.0,
            59.67741935483871,
            93.61702127659575,
            100.0,
            95.06172839506173,
            96.42857142857143,
            88.88888888888889,
            93.84615384615384,
            55.208333333333336,
            92.04545454545455,
            100.0,
            97.59036144578313,
            100.0,
            90.2439024390244,
            98.50746268656717,
            96.55172413793103,
            98.59154929577466,
            97.97979797979798,
            100.0,
            71.11111111111111,
            90.2439024390244
        ]
    },
    "OSR Accuracy": null
}