{
    "OA": 6.8059701492537314,
    "AA": 9.829910894204971,
    "OOD": null,
    "NMI": null,
    "H-score": null,
    "H3-score": null,
    "Recall-all": [
        21.666666666666668,
        0.0,
        12.5,
        0.0,
        0.0,
        0.0,
        12.32876712328767,
        26.08695652173913,
        0.0,
        2.0202020202020203,
        0.0,
        0.0,
        0.0,
        0.0,
        2.380952380952381,
        2.4390243902439024,
        4.166666666666666,
        0.0,
        53.65853658536586,
        6.0,
        32.5,
        70.0,
        0.0,
        0.0,
        0.0
    ],
    "Closed Set Accuracy": {
        "OA": 83.1044776119403,
        "AA": 83.23992800361935,
        "Recall-all": [
            96.66666666666667,
            94.64285714285714,
            85.9375,
            91.83673469387756,
            92.92929292929293,
            62.62626262626263,
            78.08219178082192,
            100.0,
            89.74358974358975,
            74.74747474747475,
            87.87878787878788,
            75.0,
            63.63636363636363,
            81.25,
            95.23809523809523,
            46.34146341463415,
            77.08333333333334,
            55.00000000000001,
            95.1219512195122,
            94.0,
            100.0,
            100.0,
            97.97979797979798,
            87.87878787878788,
            57.377049180327866
        ]
    },
    "OSR Accuracy": null
}