{
    "OA": 17.198879551820728,
    "AA": 17.46209091644771,
    "OOD": null,
    "NMI": null,
    "H-score": null,
    "H3-score": null,
    "UCR": 91.42857142857143,
    "Recall-all": [
        10.126582278481013,
        13.131313131313133,
        58.06451612903226,
        0.0,
        0.0,
        0.0,
        23.404255319148938,
        74.07407407407408,
        27.160493827160494,
        53.57142857142857,
        0.0,
        9.230769230769232,
        0.0,
        0.0,
        0.0,
        0.0,
        19.402985074626866,
        0.0,
        67.16417910447761,
        3.4482758620689653,
        54.929577464788736,
        15.151515151515152,
        7.6923076923076925,
        0.0,
        0.0
    ],
    "Closed Set Accuracy": {
        "OA": 91.42857142857143,
        "AA": 92.07156190044834,
        "Recall-all": [
            97.46835443037975,
            100.0,
            93.54838709677419,
            100.0,
            100.0,
            59.67741935483871,
            93.61702127659575,
            100.0,
            95.06172839506173,
            96.42857142857143,
            88.88888888888889,
            93.84615384615384,
            48.95833333333333,
            92.04545454545455,
            100.0,
            97.59036144578313,
            100.0,
            92.6829268292683,
            98.50746268656717,
            96.55172413793103,
            98.59154929577466,
            96.96969696969697,
            100.0,
            71.11111111111111,
            90.2439024390244
        ]
    },
    "OSR Accuracy": null
}