{
    "OA": 6.746268656716419,
    "AA": 9.751927544165993,
    "OOD": null,
    "NMI": null,
    "H-score": null,
    "H3-score": null,
    "Recall-all": [
        23.333333333333332,
        0.0,
        14.0625,
        0.0,
        0.0,
        0.0,
        9.58904109589041,
        26.08695652173913,
        0.0,
        2.0202020202020203,
        0.0,
        2.5,
        0.0,
        0.0,
        2.380952380952381,
        2.4390243902439024,
        4.166666666666666,
        0.0,
        51.21951219512195,
        6.0,
        30.0,
        70.0,
        0.0,
        0.0,
        0.0
    ],
    "Closed Set Accuracy": {
        "OA": 83.04477611940298,
        "AA": 83.18323611070721,
        "Recall-all": [
            96.66666666666667,
            94.64285714285714,
            85.9375,
            91.83673469387756,
            92.92929292929293,
            64.64646464646465,
            76.71232876712328,
            100.0,
            89.74358974358975,
            74.74747474747475,
            87.87878787878788,
            75.0,
            63.63636363636363,
            79.6875,
            95.23809523809523,
            43.90243902439025,
            79.16666666666666,
            57.49999999999999,
            95.1219512195122,
            94.0,
            100.0,
            100.0,
            97.97979797979798,
            86.86868686868688,
            55.73770491803278
        ]
    },
    "OSR Accuracy": null
}