{
    "OA": 15.611624239693626,
    "AA": 14.79073207681483,
    "OOD": null,
    "NMI": null,
    "H-score": null,
    "H3-score": null,
    "UCR": 92.97138995269205,
    "Recall-all": [
        11.39240506329114,
        17.17171717171717,
        59.67741935483871,
        0.0,
        0.0,
        0.0,
        21.27659574468085,
        72.8395061728395,
        27.160493827160494,
        53.57142857142857,
        0.0,
        10.76923076923077,
        0.0,
        0.0,
        0.0,
        0.0,
        19.402985074626866,
        0.0,
        67.16417910447761,
        5.172413793103448,
        54.929577464788736,
        16.161616161616163,
        7.6923076923076925,
        0.0,
        0.0,
        31.343283582089555,
        0.0,
        0.0,
        23.61111111111111,
        0.0,
        2.4390243902439024,
        0.0,
        0.0,
        0.0,
        0.0,
        0.0,
        48.95833333333333,
        2.4390243902439024,
        1.0752688172043012,
        0.0,
        35.714285714285715,
        21.27659574468085,
        0.0,
        0.0,
        0.0,
        75.75757575757575,
        16.27906976744186,
        11.627906976744185,
        67.79661016949152,
        3.4482758620689653,
        20.2020202020202,
        15.0,
        0.0,
        2.1739130434782608,
        0.0,
        16.27906976744186,
        9.090909090909092,
        21.27659574468085,
        0.0,
        5.172413793103448,
        23.809523809523807,
        0.0,
        0.0,
        0.0,
        62.244897959183675
    ],
    "Closed Set Accuracy": {
        "OA": 92.97138995269205,
        "AA": 92.85859874049636,
        "Recall-all": [
            98.73417721518987,
            100.0,
            93.54838709677419,
            100.0,
            100.0,
            59.67741935483871,
            93.61702127659575,
            100.0,
            95.06172839506173,
            96.42857142857143,
            88.88888888888889,
            93.84615384615384,
            54.166666666666664,
            92.04545454545455,
            100.0,
            97.59036144578313,
            100.0,
            92.6829268292683,
            98.50746268656717,
            96.55172413793103,
            98.59154929577466,
            97.97979797979798,
            100.0,
            70.0,
            90.2439024390244,
            100.0,
            84.21052631578947,
            92.22222222222223,
            98.61111111111111,
            93.93939393939394,
            100.0,
            88.88888888888889,
            98.98989898989899,
            58.92857142857143,
            100.0,
            98.61111111111111,
            98.95833333333334,
            100.0,
            91.39784946236558,
            100.0,
            97.14285714285714,
            100.0,
            81.66666666666667,
            82.5,
            100.0,
            100.0,
            97.67441860465115,
            88.37209302325581,
            100.0,
            100.0,
            97.97979797979798,
            95.0,
            77.55102040816327,
            95.65217391304348,
            97.97979797979798,
            100.0,
            89.8989898989899,
            97.87234042553192,
            100.0,
            96.55172413793103,
            100.0,
            60.0,
            95.6989247311828,
            72.36842105263158,
            98.9795918367347
        ]
    },
    "OSR Accuracy": null
}