{
    "OA": 4.673539518900344,
    "AA": 5.828411514102248,
    "OOD": null,
    "NMI": null,
    "H-score": null,
    "H3-score": null,
    "UCR": 76.21993127147766,
    "Recall-all": [
        23.333333333333332,
        0.0,
        14.0625,
        0.0,
        0.0,
        0.0,
        9.58904109589041,
        26.08695652173913,
        0.0,
        2.0202020202020203,
        0.0,
        2.5,
        0.0,
        0.0,
        2.380952380952381,
        2.4390243902439024,
        4.166666666666666,
        0.0,
        51.21951219512195,
        6.0,
        30.0,
        70.0,
        0.0,
        0.0,
        0.0,
        0.0,
        0.0,
        0.0,
        17.5,
        0.0,
        1.8867924528301887,
        0.0,
        0.0,
        0.0,
        0.0,
        0.0,
        5.263157894736842,
        0.0,
        0.0,
        0.0,
        5.88235294117647,
        12.5,
        0.0,
        0.0,
        0.0,
        1.1494252873563218,
        7.5,
        2.1739130434782608,
        2.5,
        0.0,
        47.474747474747474,
        1.3333333333333335,
        0.0,
        2.380952380952381,
        0.0,
        0.0,
        0.0,
        1.6666666666666667,
        0.0,
        8.080808080808081,
        10.256410256410255,
        0.0,
        0.0,
        0.0,
        7.5
    ],
    "Closed Set Accuracy": {
        "OA": 76.21993127147766,
        "AA": 77.01182724467952,
        "Recall-all": [
            96.66666666666667,
            94.64285714285714,
            85.9375,
            91.83673469387756,
            92.92929292929293,
            64.64646464646465,
            76.71232876712328,
            100.0,
            89.74358974358975,
            74.74747474747475,
            87.87878787878788,
            75.0,
            63.63636363636363,
            79.6875,
            95.23809523809523,
            43.90243902439025,
            79.16666666666666,
            57.49999999999999,
            95.1219512195122,
            94.0,
            100.0,
            100.0,
            97.97979797979798,
            86.86868686868688,
            55.73770491803278,
            92.3076923076923,
            95.95959595959596,
            75.36231884057972,
            97.5,
            72.72727272727273,
            62.264150943396224,
            60.0,
            92.92929292929293,
            7.042253521126761,
            55.55555555555556,
            75.0,
            84.21052631578947,
            91.91919191919192,
            59.036144578313255,
            82.5,
            88.23529411764706,
            95.0,
            46.464646464646464,
            47.474747474747474,
            39.02439024390244,
            89.65517241379311,
            85.0,
            91.30434782608695,
            72.5,
            86.56716417910447,
            94.94949494949495,
            80.0,
            76.19047619047619,
            71.42857142857143,
            97.67441860465115,
            49.18032786885246,
            75.55555555555556,
            40.0,
            83.75,
            77.77777777777779,
            76.92307692307693,
            22.22222222222222,
            94.33962264150944,
            65.65656565656566,
            75.0
        ]
    },
    "OSR Accuracy": null
}