{
    "OA": 9.867087181797702,
    "AA": 9.674129972846387,
    "OOD": null,
    "NMI": null,
    "H-score": null,
    "H3-score": null,
    "Recall-all": [
        1.2658227848101267,
        14.14141414141414,
        1.6129032258064515,
        0.0,
        13.636363636363635,
        0.0,
        12.76595744680851,
        49.382716049382715,
        18.51851851851852,
        0.0,
        0.0,
        0.0,
        0.0,
        0.0,
        0.0,
        0.0,
        41.7910447761194,
        0.0,
        52.23880597014925,
        37.93103448275862,
        30.985915492957744,
        10.1010101010101,
        0.0,
        0.0,
        0.0,
        0.0,
        14.035087719298245,
        2.2222222222222223,
        19.444444444444446,
        5.05050505050505,
        0.0,
        0.0,
        1.0101010101010102,
        0.0,
        4.081632653061225,
        0.0,
        0.0,
        0.0,
        3.225806451612903,
        7.352941176470589,
        48.57142857142857,
        6.382978723404255,
        3.3333333333333335,
        0.0,
        2.631578947368421,
        47.474747474747474,
        0.0,
        2.3255813953488373,
        23.728813559322035,
        29.310344827586203,
        10.1010101010101,
        17.5,
        0.0,
        0.0,
        0.0,
        2.3255813953488373,
        21.21212121212121,
        40.42553191489361,
        1.6666666666666667,
        31.03448275862069,
        0.0,
        0.0,
        0.0,
        0.0,
        0.0
    ],
    "Closed Set Accuracy": {
        "OA": 92.36314485244425,
        "AA": 92.04306269313973,
        "Recall-all": [
            94.9367088607595,
            98.98989898989899,
            91.93548387096774,
            100.0,
            100.0,
            67.74193548387096,
            93.61702127659575,
            100.0,
            92.5925925925926,
            94.64285714285714,
            94.94949494949495,
            52.307692307692314,
            79.16666666666666,
            92.04545454545455,
            100.0,
            91.56626506024097,
            100.0,
            73.17073170731707,
            98.50746268656717,
            98.27586206896551,
            98.59154929577466,
            89.8989898989899,
            100.0,
            23.333333333333332,
            60.97560975609756,
            98.50746268656717,
            80.7017543859649,
            96.66666666666667,
            98.61111111111111,
            100.0,
            100.0,
            83.33333333333334,
            98.98989898989899,
            92.85714285714286,
            98.9795918367347,
            95.83333333333334,
            98.95833333333334,
            100.0,
            97.84946236559139,
            100.0,
            100.0,
            100.0,
            75.0,
            87.5,
            100.0,
            100.0,
            88.37209302325581,
            79.06976744186046,
            100.0,
            100.0,
            95.95959595959596,
            97.5,
            85.71428571428571,
            95.65217391304348,
            100.0,
            95.34883720930233,
            100.0,
            100.0,
            96.66666666666667,
            100.0,
            97.61904761904762,
            86.66666666666667,
            95.6989247311828,
            81.57894736842105,
            95.91836734693877
        ]
    },
    "OSR Accuracy": null
}