{
    "OA": 95.86653386454184,
    "AA": 80.20101908610393,
    "OOD": 99.1076740035693,
    "NMI": 90.76659772279503,
    "H-score": 87.48956749692512,
    "H3-score": 88.55664520634004,
    "UCR": 96.72656893832206,
    "Recall-all": [
        75.9493670886076,
        91.91919191919192,
        79.03225806451613,
        90.69767441860465,
        97.72727272727273,
        17.741935483870968,
        85.1063829787234,
        100.0,
        91.35802469135803,
        53.57142857142857,
        99.1076740035693
    ],
    "Closed Set Accuracy": {
        "OA": 98.77675840978594,
        "AA": 98.71658774341228,
        "Recall-all": [
            100.0,
            100.0,
            96.7741935483871,
            100.0,
            100.0,
            96.7741935483871,
            97.87234042553192,
            100.0,
            97.53086419753086,
            98.21428571428571
        ]
    },
    "OSR Accuracy": {
        "TNR": 87.98334324806663,
        "AUROC": 97.95142508372948,
        "DTACC": 92.65732134833095,
        "AUIN": 93.83118068423026,
        "AUOUT": 99.5276718095197,
        "OSCR": 96.72656893832206,
        "AUPR": 99.54263296055048
    }
}