{
    "OA": 5.253731343283582,
    "AA": 7.400579436472459,
    "OOD": null,
    "NMI": null,
    "H-score": null,
    "H3-score": null,
    "UCR": 81.85074626865672,
    "Recall-all": [
        0.0,
        0.0,
        0.0,
        0.0,
        1.0101010101010102,
        0.0,
        1.36986301369863,
        15.217391304347828,
        17.94871794871795,
        0.0,
        0.0,
        0.0,
        0.0,
        0.0,
        0.0,
        2.4390243902439024,
        0.0,
        0.0,
        63.41463414634146,
        18.0,
        2.5,
        50.0,
        0.0,
        0.0,
        13.114754098360656
    ],
    "Closed Set Accuracy": {
        "OA": 81.85074626865672,
        "AA": 80.84187409276598,
        "Recall-all": [
            93.33333333333333,
            92.85714285714286,
            84.375,
            86.73469387755102,
            93.93939393939394,
            80.8080808080808,
            61.64383561643836,
            100.0,
            98.71794871794873,
            73.73737373737373,
            93.93939393939394,
            87.5,
            83.83838383838383,
            71.875,
            92.85714285714286,
            36.58536585365854,
            58.333333333333336,
            30.0,
            95.1219512195122,
            74.0,
            100.0,
            100.0,
            100.0,
            63.63636363636363,
            67.21311475409836
        ]
    },
    "OSR Accuracy": null
}