{
    "OA": 88.26162646107933,
    "AA": 48.28958242464245,
    "OOD": 99.38442597722376,
    "NMI": 73.44558460183944,
    "H-score": 60.2029037379755,
    "H3-score": 64.05403720400317,
    "Recall-all": [
        23.333333333333332,
        33.92857142857143,
        42.1875,
        11.224489795918368,
        81.81818181818183,
        12.121212121212121,
        34.24657534246575,
        84.78260869565217,
        71.7948717948718,
        36.36363636363637,
        99.38442597722376
    ],
    "Closed Set Accuracy": {
        "OA": 90.80310880829016,
        "AA": 91.49501503470438,
        "Recall-all": [
            95.0,
            92.85714285714286,
            82.8125,
            88.77551020408163,
            93.93939393939394,
            90.9090909090909,
            93.15068493150685,
            100.0,
            98.71794871794873,
            78.78787878787878
        ]
    },
    "OSR Accuracy": {
        "TNR": 35.64173591874423,
        "AUROC": 89.20748034070267,
        "DTACC": 83.82391871871297,
        "AUIN": 79.61488039097114,
        "AUOUT": 95.81504710290562,
        "OSCR": 80.7996721191203,
        "AUPR": 95.83610378555882
    }
}