{
    "OA": 88.2118875901517,
    "AA": 47.58504176861589,
    "OOD": 99.44598337950139,
    "NMI": 73.44558460183944,
    "H-score": 59.45048983424258,
    "H3-score": 63.48416192126029,
    "UCR": 80.75137108747624,
    "Recall-all": [
        23.333333333333332,
        28.57142857142857,
        40.625,
        11.224489795918368,
        79.7979797979798,
        13.131313131313133,
        34.24657534246575,
        82.6086956521739,
        73.07692307692307,
        37.37373737373738,
        99.44598337950139
    ],
    "Closed Set Accuracy": {
        "OA": 90.67357512953367,
        "AA": 91.39297421837783,
        "Recall-all": [
            95.0,
            92.85714285714286,
            82.8125,
            87.75510204081633,
            93.93939393939394,
            90.9090909090909,
            93.15068493150685,
            100.0,
            98.71794871794873,
            78.78787878787878
        ]
    },
    "OSR Accuracy": {
        "TNR": 34.68759618344106,
        "AUROC": 89.29770339857461,
        "DTACC": 84.07409533742548,
        "AUIN": 79.79574360144359,
        "AUOUT": 95.8417995677196,
        "OSCR": 80.75137108747624,
        "AUPR": 95.86156590758907
    }
}