{
    "OA": 5.074626865671641,
    "AA": 7.076931504340962,
    "OOD": null,
    "NMI": null,
    "H-score": null,
    "H3-score": null,
    "UCR": 82.2089552238806,
    "Recall-all": [
        0.0,
        0.0,
        0.0,
        0.0,
        1.0101010101010102,
        0.0,
        1.36986301369863,
        19.565217391304348,
        17.94871794871795,
        0.0,
        0.0,
        0.0,
        0.0,
        0.0,
        0.0,
        2.4390243902439024,
        0.0,
        0.0,
        60.97560975609756,
        18.0,
        2.5,
        40.0,
        0.0,
        0.0,
        13.114754098360656
    ],
    "Closed Set Accuracy": {
        "OA": 82.2089552238806,
        "AA": 81.38767481031327,
        "Recall-all": [
            93.33333333333333,
            94.64285714285714,
            85.9375,
            86.73469387755102,
            93.93939393939394,
            80.8080808080808,
            60.273972602739725,
            100.0,
            98.71794871794873,
            73.73737373737373,
            93.93939393939394,
            92.5,
            83.83838383838383,
            71.875,
            92.85714285714286,
            36.58536585365854,
            62.5,
            32.5,
            95.1219512195122,
            74.0,
            100.0,
            100.0,
            100.0,
            63.63636363636363,
            67.21311475409836
        ]
    },
    "OSR Accuracy": null
}