{
    "OA": 27.128758319944918,
    "AA": 26.17873270380503,
    "OOD": null,
    "NMI": null,
    "H-score": null,
    "H3-score": null,
    "Recall-all": [
        31.3953488372093,
        30.303030303030305,
        54.6875,
        8.433734939759036,
        18.181818181818183,
        0.0,
        17.5,
        80.82191780821918,
        69.11764705882352,
        44.44444444444444,
        11.458333333333332,
        10.76923076923077,
        0.0,
        2.631578947368421,
        54.794520547945204,
        35.483870967741936,
        35.294117647058826,
        11.627906976744185,
        79.01234567901234,
        16.666666666666664,
        27.586206896551722,
        50.588235294117645,
        34.66666666666667,
        0.0,
        16.666666666666664,
        28.333333333333332,
        44.230769230769226,
        18.333333333333332,
        40.27777777777778,
        34.66666666666667,
        48.19277108433735,
        14.102564102564102,
        1.4925373134328357,
        4.3478260869565215,
        7.042253521126761,
        26.08695652173913,
        10.0,
        32.758620689655174,
        7.352941176470589,
        17.1875,
        13.333333333333334,
        39.705882352941174,
        6.153846153846154,
        10.16949152542373,
        2.9850746268656714,
        36.53846153846153,
        30.18867924528302,
        16.666666666666664,
        24.0,
        26.82926829268293,
        58.44155844155844,
        25.49019607843137,
        6.0606060606060606,
        9.090909090909092,
        35.22727272727273,
        63.49206349206349,
        35.80246913580247,
        22.22222222222222,
        1.694915254237288,
        29.268292682926827,
        38.82352941176471,
        1.4925373134328357,
        34.5679012345679,
        3.7735849056603774,
        53.06122448979592
    ],
    "Closed Set Accuracy": {
        "OA": 92.33417489098004,
        "AA": 91.56436446896485,
        "Recall-all": [
            100.0,
            100.0,
            100.0,
            97.59036144578313,
            100.0,
            66.66666666666666,
            83.75,
            100.0,
            100.0,
            100.0,
            100.0,
            86.15384615384616,
            78.125,
            90.78947368421053,
            100.0,
            93.54838709677419,
            74.50980392156863,
            65.11627906976744,
            100.0,
            88.33333333333333,
            98.27586206896551,
            100.0,
            100.0,
            87.71929824561403,
            94.44444444444444,
            98.33333333333333,
            94.23076923076923,
            96.66666666666667,
            98.61111111111111,
            98.66666666666667,
            97.59036144578313,
            93.58974358974359,
            38.80597014925373,
            73.91304347826086,
            40.845070422535215,
            91.30434782608695,
            100.0,
            94.82758620689656,
            89.70588235294117,
            93.75,
            76.66666666666667,
            86.76470588235294,
            89.23076923076924,
            94.91525423728814,
            82.08955223880598,
            98.07692307692307,
            96.22641509433963,
            90.9090909090909,
            97.33333333333334,
            100.0,
            98.7012987012987,
            88.23529411764706,
            92.42424242424242,
            100.0,
            98.86363636363636,
            98.4126984126984,
            93.82716049382715,
            96.29629629629629,
            96.61016949152543,
            98.78048780487805,
            91.76470588235294,
            95.52238805970148,
            97.53086419753086,
            88.67924528301887,
            97.95918367346938
        ]
    },
    "OSR Accuracy": null
}