{
    "OA": 83.8487972508591,
    "AA": 57.60018941156411,
    "OOD": 93.38257925515543,
    "NMI": 73.44558460183944,
    "H-score": 69.39637436224146,
    "H3-score": 70.69694257878444,
    "UCR": 79.58888094599851,
    "Recall-all": [
        78.33333333333333,
        41.07142857142857,
        48.4375,
        59.183673469387756,
        80.8080808080808,
        29.292929292929294,
        57.534246575342465,
        86.95652173913044,
        70.51282051282051,
        55.55555555555556,
        36.36363636363637,
        7.5,
        72.72727272727273,
        51.5625,
        52.38095238095239,
        93.38257925515543
    ],
    "Closed Set Accuracy": {
        "OA": 91.57706093189965,
        "AA": 92.43459627547199,
        "Recall-all": [
            95.0,
            94.64285714285714,
            84.375,
            91.83673469387756,
            93.93939393939394,
            86.86868686868688,
            95.8904109589041,
            100.0,
            94.87179487179486,
            76.76767676767676,
            90.9090909090909,
            97.5,
            97.97979797979798,
            85.9375,
            100.0
        ]
    },
    "OSR Accuracy": {
        "TNR": 34.59526008002462,
        "AUROC": 87.03461004268202,
        "DTACC": 81.32216860771057,
        "AUIN": 72.13854361498409,
        "AUOUT": 93.57282415989403,
        "OSCR": 79.58888094599851,
        "AUPR": 93.59737926663433
    }
}