{
    "OA": 94.99501992031873,
    "AA": 89.36151616196416,
    "OOD": 96.16299821534801,
    "NMI": 90.76659772279503,
    "H-score": 92.27027331173227,
    "H3-score": 91.76487313237948,
    "UCR": 96.60793324200819,
    "Recall-all": [
        96.20253164556962,
        96.96969696969697,
        91.93548387096774,
        100.0,
        97.72727272727273,
        45.16129032258064,
        91.48936170212765,
        100.0,
        85.18518518518519,
        82.14285714285714,
        96.16299821534801
    ],
    "Closed Set Accuracy": {
        "OA": 98.77675840978594,
        "AA": 98.77133469875406,
        "Recall-all": [
            100.0,
            100.0,
            100.0,
            100.0,
            100.0,
            96.7741935483871,
            100.0,
            100.0,
            96.29629629629629,
            94.64285714285714
        ]
    },
    "OSR Accuracy": {
        "TNR": 87.95359904818561,
        "AUROC": 97.83367625576008,
        "DTACC": 93.0333080462154,
        "AUIN": 93.99897756050413,
        "AUOUT": 99.48035608406887,
        "OSCR": 96.60793324200819,
        "AUPR": 99.49533183427516
    }
}