{
    "OA": 86.89380751056952,
    "AA": 63.73351537392402,
    "OOD": 93.38257925515543,
    "NMI": 73.44558460183944,
    "H-score": 73.62502614587466,
    "H3-score": 73.56646263838816,
    "UCR": 78.77146734666842,
    "Recall-all": [
        78.33333333333333,
        41.07142857142857,
        48.4375,
        59.183673469387756,
        80.8080808080808,
        29.292929292929294,
        57.534246575342465,
        86.95652173913044,
        70.51282051282051,
        55.55555555555556,
        93.38257925515543
    ],
    "Closed Set Accuracy": {
        "OA": 90.5440414507772,
        "AA": 91.41925552431913,
        "Recall-all": [
            95.0,
            94.64285714285714,
            84.375,
            91.83673469387756,
            93.93939393939394,
            86.86868686868688,
            95.8904109589041,
            100.0,
            94.87179487179486,
            76.76767676767676
        ]
    },
    "OSR Accuracy": {
        "TNR": 31.640504770698673,
        "AUROC": 87.36095761629326,
        "DTACC": 82.45311032330395,
        "AUIN": 67.49630932021739,
        "AUOUT": 95.27900677668192,
        "OSCR": 78.77146734666842,
        "AUPR": 95.30307485178325
    }
}