{
    "OA": 11.164179104477611,
    "AA": 13.560233021566443,
    "OOD": null,
    "NMI": null,
    "H-score": null,
    "H3-score": null,
    "UCR": 84.71641791044776,
    "Recall-all": [
        6.666666666666667,
        1.7857142857142856,
        12.5,
        6.122448979591836,
        1.0101010101010102,
        0.0,
        17.80821917808219,
        8.695652173913043,
        28.205128205128204,
        13.131313131313133,
        0.0,
        0.0,
        0.0,
        0.0,
        0.0,
        2.4390243902439024,
        16.666666666666664,
        0.0,
        48.78048780487805,
        26.0,
        27.500000000000004,
        87.5,
        0.0,
        16.161616161616163,
        18.0327868852459
    ],
    "Closed Set Accuracy": {
        "OA": 84.71641791044776,
        "AA": 82.89997164715085,
        "Recall-all": [
            95.0,
            94.64285714285714,
            84.375,
            91.83673469387756,
            91.91919191919192,
            81.81818181818183,
            76.71232876712328,
            100.0,
            92.3076923076923,
            75.75757575757575,
            91.91919191919192,
            45.0,
            77.77777777777779,
            81.25,
            92.85714285714286,
            26.82926829268293,
            77.08333333333334,
            52.5,
            92.6829268292683,
            88.0,
            92.5,
            100.0,
            97.97979797979798,
            97.97979797979798,
            73.77049180327869
        ]
    },
    "OSR Accuracy": null
}