{
    "OA": 87.06789355881621,
    "AA": 64.07728004170043,
    "OOD": 93.53647276084949,
    "NMI": 73.44558460183944,
    "H-score": 73.93877267903683,
    "H3-score": 73.77498876889919,
    "UCR": 78.99244008120547,
    "Recall-all": [
        78.33333333333333,
        46.42857142857143,
        48.4375,
        59.183673469387756,
        80.8080808080808,
        29.292929292929294,
        54.794520547945204,
        86.95652173913044,
        70.51282051282051,
        56.56565656565656,
        93.53647276084949
    ],
    "Closed Set Accuracy": {
        "OA": 90.67357512953367,
        "AA": 91.52026562532922,
        "Recall-all": [
            95.0,
            94.64285714285714,
            84.375,
            91.83673469387756,
            93.93939393939394,
            86.86868686868688,
            95.8904109589041,
            100.0,
            94.87179487179486,
            77.77777777777779
        ]
    },
    "OSR Accuracy": {
        "TNR": 31.702062172976298,
        "AUROC": 87.45241660646481,
        "DTACC": 82.30176841977683,
        "AUIN": 67.57007003112253,
        "AUOUT": 95.35453745287641,
        "OSCR": 78.99244008120547,
        "AUPR": 95.37716400242556
    }
}