{
    "OA": 29.463731106356544,
    "AA": 34.755061863946835,
    "OOD": null,
    "NMI": null,
    "H-score": null,
    "H3-score": null,
    "Recall-all": [
        99.01261656609984,
        1.0359712230215827,
        2.068230277185501,
        0.9902893952504568,
        95.73651673417181,
        9.686746987951807
    ],
    "Closed Set Accuracy": {
        "OA": 78.09027538132376,
        "AA": 79.2834360316767,
        "Recall-all": [
            99.25946242457488,
            86.61870503597122,
            62.49466950959488,
            70.20478800115374,
            95.82178639948839,
            61.30120481927711
        ]
    },
    "OSR Accuracy": null
}