{
    "OA": 53.54140779182808,
    "AA": 62.22219373339792,
    "OOD": 55.6402818068794,
    "NMI": 87.96565957052388,
    "H-score": 59.23139404238815,
    "H3-score": 66.47026235482262,
    "Recall-all": [
        96.10532089961602,
        53.064748201438846,
        82.28144989339019,
        9.287568503028556,
        84.13984225111916,
        55.03614457831325,
        55.6402818068794
    ],
    "Closed Set Accuracy": {
        "OA": 71.64745669128304,
        "AA": 76.49597427822742,
        "Recall-all": [
            97.06527701590785,
            80.43165467625899,
            94.20042643923242,
            46.77434862032497,
            85.22703048390535,
            55.277108433734945
        ]
    },
    "OSR Accuracy": {
        "TNR": 8.818897637795276,
        "AUROC": 59.971894593886724,
        "DTACC": 57.440169467630206,
        "AUIN": 78.51285195133222,
        "AUOUT": 36.25809832751391,
        "OSCR": 46.58887458731197,
        "AUPR": 36.266359809018326
    }
}