{
    "OA": 61.74803206470716,
    "AA": 43.39460674727534,
    "OOD": 96.83453237410072,
    "NMI": 65.0826276936319,
    "H-score": 50.86104369489621,
    "H3-score": 54.85821916407561,
    "Recall-all": [
        87.52057048820625,
        9.899280575539567,
        8.464818763326226,
        2.7016633016056146,
        90.7269238968237,
        7.614457831325301,
        96.83453237410072
    ],
    "Closed Set Accuracy": {
        "OA": 87.49741182966389,
        "AA": 88.76578539929069,
        "Recall-all": [
            95.41963795940757,
            86.99280575539568,
            80.8955223880597,
            83.28045380251898,
            96.99424429759114,
            89.01204819277109
        ]
    },
    "OSR Accuracy": {
        "TNR": 11.749337372207503,
        "AUROC": 70.5746894541862,
        "DTACC": 65.46263432058514,
        "AUIN": 76.85322848044768,
        "AUOUT": 63.29708830530125,
        "OSCR": 62.559502503158804,
        "AUPR": 63.3031318680112
    }
}