{
    "OA": 60.88502924821261,
    "AA": 45.89442658110542,
    "OOD": 90.88602801968952,
    "NMI": 65.0826276936319,
    "H-score": 53.98463958651818,
    "H3-score": 57.23952471517529,
    "Recall-all": [
        88.48052660449808,
        11.280575539568344,
        29.701492537313435,
        2.8554946639746177,
        90.8761458111277,
        7.1807228915662655,
        90.88602801968952
    ],
    "Closed Set Accuracy": {
        "OA": 87.60093864310856,
        "AA": 88.9916433122523,
        "Recall-all": [
            95.50191991223258,
            87.28057553956835,
            82.15351812366738,
            82.85741755600424,
            96.95160946493286,
            89.20481927710844
        ]
    },
    "OSR Accuracy": {
        "TNR": 11.847784929950777,
        "AUROC": 69.31115521472124,
        "DTACC": 63.96855502727799,
        "AUIN": 74.62416402165245,
        "AUOUT": 62.91696584864038,
        "OSCR": 61.60271829033008,
        "AUPR": 62.92317606322084
    }
}