{
    "OA": 56.74694879757348,
    "AA": 34.63942851804839,
    "OOD": 99.15562287012494,
    "NMI": 79.20274461798877,
    "H-score": 38.498683480784095,
    "H3-score": 46.45888978674593,
    "Recall-all": [
        98.93033461327482,
        0.8920863309352519,
        24.904051172707888,
        0.5864820690318239,
        0.12790449797484546,
        17.87951807228916,
        99.15562287012494
    ],
    "Closed Set Accuracy": {
        "OA": 90.12009110359584,
        "AA": 93.89242644402573,
        "Recall-all": [
            99.75315414152496,
            97.06474820143885,
            95.01066098081023,
            77.55023555427363,
            97.78298870176934,
            96.19277108433735
        ]
    },
    "OSR Accuracy": {
        "TNR": 13.494888299886409,
        "AUROC": 71.42652945219588,
        "DTACC": 65.63657583111072,
        "AUIN": 76.37389676320106,
        "AUOUT": 64.6280432267856,
        "OSCR": 66.65969142293342,
        "AUPR": 64.65279508202678
    }
}