{
    "OA": 57.089983389903956,
    "AA": 35.28698325048372,
    "OOD": 99.20863309352518,
    "NMI": 79.20274461798877,
    "H-score": 39.466797445346394,
    "H3-score": 47.39410262467122,
    "Recall-all": [
        98.84805266044981,
        1.20863309352518,
        27.867803837953094,
        0.615325449476012,
        0.12790449797484546,
        19.132530120481928,
        99.20863309352518
    ],
    "Closed Set Accuracy": {
        "OA": 87.949478915039,
        "AA": 93.23751298435545,
        "Recall-all": [
            99.6434448710916,
            96.28776978417267,
            95.54371002132196,
            71.012402653591,
            97.61244937113622,
            99.32530120481927
        ]
    },
    "OSR Accuracy": {
        "TNR": 19.01552442256721,
        "AUROC": 72.08762243976281,
        "DTACC": 65.3411684781224,
        "AUIN": 76.75336196963998,
        "AUOUT": 67.61277872656402,
        "OSCR": 66.41681122048317,
        "AUPR": 67.61914398555649
    }
}