{
    "OA": 50.427910828904686,
    "AA": 60.96079557846012,
    "OOD": null,
    "NMI": null,
    "H-score": null,
    "H3-score": null,
    "Recall-all": [
        92.92375205704883,
        53.84172661870503,
        80.72494669509595,
        8.26843572733391,
        76.84928586655298,
        53.1566265060241
    ],
    "Closed Set Accuracy": {
        "OA": 66.98529919249086,
        "AA": 73.03611705354416,
        "Recall-all": [
            93.49972572682391,
            79.19424460431654,
            89.01918976545842,
            38.3905393712143,
            84.71541249200597,
            53.39759036144578
        ]
    },
    "OSR Accuracy": null
}