{
    "OA": 48.48573447360086,
    "AA": 56.31474942106804,
    "OOD": 49.43224202237878,
    "NMI": 87.96565957052388,
    "H-score": 53.14496028718326,
    "H3-score": 61.224741634698574,
    "Recall-all": [
        89.57761930883159,
        29.9568345323741,
        93.8592750533049,
        6.085953273723681,
        76.23108079300789,
        49.06024096385542,
        49.43224202237878
    ],
    "Closed Set Accuracy": {
        "OA": 65.97073642073296,
        "AA": 70.20742757970618,
        "Recall-all": [
            90.23587493143171,
            68.5179856115108,
            94.22174840085287,
            42.4382270935487,
            76.52952462161586,
            49.3012048192771
        ]
    },
    "OSR Accuracy": {
        "TNR": 4.542063820969744,
        "AUROC": 56.626859589124265,
        "DTACC": 55.81586050803735,
        "AUIN": 75.1160085634403,
        "AUOUT": 32.923288410960986,
        "OSCR": 40.52912126743943,
        "AUPR": 32.947627362347845
    }
}