{
    "OA": 60.27117787246334,
    "AA": 58.249090247258984,
    "OOD": 73.15032184778492,
    "NMI": 70.28405912120826,
    "H-score": 63.28524638273131,
    "H3-score": 65.459357865078,
    "Recall-all": [
        95.44706527701591,
        63.7410071942446,
        79.61620469083157,
        7.5569656763772715,
        77.14772969516095,
        11.08433734939759,
        73.15032184778492
    ],
    "Closed Set Accuracy": {
        "OA": 76.58568569259438,
        "AA": 80.56079737588432,
        "Recall-all": [
            96.70872188699946,
            92.69064748201438,
            95.41577825159915,
            55.581194115950396,
            84.9925389042848,
            57.975903614457835
        ]
    },
    "OSR Accuracy": {
        "TNR": 10.579326012873913,
        "AUROC": 65.13132552031469,
        "DTACC": 62.42216797194775,
        "AUIN": 65.99213432223561,
        "AUOUT": 59.880572311595756,
        "OSCR": 53.32348413055359,
        "AUPR": 59.885817480811966
    }
}