{
    "OA": 28.711436261991857,
    "AA": 33.11303034973053,
    "OOD": null,
    "NMI": null,
    "H-score": null,
    "H3-score": null,
    "Recall-all": [
        89.16620954470653,
        10.676258992805755,
        3.0063965884861408,
        1.6536871454667819,
        92.92261777872521,
        1.253012048192771
    ],
    "Closed Set Accuracy": {
        "OA": 74.11484574504796,
        "AA": 72.51462155816756,
        "Recall-all": [
            93.36258913878223,
            72.5179856115108,
            72.49466950959487,
            66.83972694933179,
            95.80046898315923,
            34.0722891566265
        ]
    },
    "OSR Accuracy": null
}