{
    "OA": 57.24705712428685,
    "AA": 59.21586574632768,
    "OOD": 52.22642938280955,
    "NMI": 70.28405912120826,
    "H-score": 56.00785878002487,
    "H3-score": 60.07678854940776,
    "Recall-all": [
        90.40043883708174,
        54.848920863309345,
        82.87846481876333,
        47.00509566387847,
        81.36857812833085,
        5.783132530120482,
        52.22642938280955
    ],
    "Closed Set Accuracy": {
        "OA": 74.64283249361586,
        "AA": 78.38813925767744,
        "Recall-all": [
            91.41524958859023,
            90.58992805755396,
            95.28784648187634,
            54.26401307566581,
            82.4344489447879,
            56.337349397590366
        ]
    },
    "OSR Accuracy": {
        "TNR": 6.826959485043549,
        "AUROC": 56.996553731801235,
        "DTACC": 58.81492492091234,
        "AUIN": 53.630493006788384,
        "AUOUT": 54.27622344805467,
        "OSCR": 45.18869470210689,
        "AUPR": 54.336767271136246
    }
}