{
    "OA": 47.009234217771606,
    "AA": 46.14565655014893,
    "OOD": 72.38292581848322,
    "NMI": 69.20545791194897,
    "H-score": 52.97342697563422,
    "H3-score": 57.46773880062543,
    "Recall-all": [
        88.75479978058146,
        14.359712230215827,
        43.17697228144989,
        2.5959042399769254,
        92.4962694521424,
        9.25301204819277,
        72.38292581848322
    ],
    "Closed Set Accuracy": {
        "OA": 81.5273655876872,
        "AA": 83.61755443084692,
        "Recall-all": [
            94.81623697202414,
            70.33093525179856,
            83.15565031982942,
            72.7141620997981,
            96.01364314645066,
            84.67469879518073
        ]
    },
    "OSR Accuracy": {
        "TNR": 5.486945710733526,
        "AUROC": 56.69794657089704,
        "DTACC": 57.147327021768255,
        "AUIN": 78.59512953328537,
        "AUOUT": 32.22189525586119,
        "OSCR": 47.5031420580947,
        "AUPR": 32.23087184615846
    }
}