{
    "OA": 33.356339291876594,
    "AA": 39.11660545468206,
    "OOD": null,
    "NMI": null,
    "H-score": null,
    "H3-score": null,
    "Recall-all": [
        98.93033461327482,
        6.158273381294964,
        20.8955223880597,
        1.0095183155465821,
        96.52526113835003,
        11.180722891566266
    ],
    "Closed Set Accuracy": {
        "OA": 80.18496790668783,
        "AA": 84.45937409329781,
        "Recall-all": [
            99.47888096544159,
            90.12949640287769,
            87.10021321961621,
            61.14796654167869,
            96.61053080366659,
            72.28915662650603
        ]
    },
    "OSR Accuracy": null
}