{
    "OA": 39.0896945186683,
    "AA": 43.5984387887343,
    "OOD": null,
    "NMI": null,
    "H-score": null,
    "H3-score": null,
    "Recall-all": [
        98.4092155787164,
        15.424460431654676,
        24.733475479744136,
        1.778675127391597,
        96.05627797910893,
        13.63855421686747,
        90.97653554175294,
        0.0,
        3.143548032534623,
        83.95440596229724,
        92.39848914069877,
        2.6676279740447004
    ],
    "Closed Set Accuracy": {
        "OA": 77.0383476565321,
        "AA": 80.5240502800753,
        "Recall-all": [
            99.47888096544159,
            90.12949640287769,
            87.10021321961621,
            61.14796654167869,
            96.61053080366659,
            72.28915662650603,
            95.0655624568668,
            63.6,
            80.17146625632007,
            98.59710653222271,
            98.32389046270066,
            23.77433309300649
        ]
    },
    "OSR Accuracy": null
}