{
    "OA": 32.84560701221616,
    "AA": 40.20750085909661,
    "OOD": null,
    "NMI": null,
    "H-score": null,
    "H3-score": null,
    "Recall-all": [
        37.54799780581459,
        33.20863309352518,
        63.85927505330491,
        0.33650610518219404,
        67.25644851843956,
        39.036144578313255
    ],
    "Closed Set Accuracy": {
        "OA": 88.11512181655048,
        "AA": 92.4475087770113,
        "Recall-all": [
            99.53373560065826,
            93.89928057553956,
            92.87846481876333,
            73.47370445149505,
            99.38179492645492,
            95.51807228915663
        ]
    },
    "OSR Accuracy": null
}