{
    "OA": 77.9216912312044,
    "AA": 62.5142656861442,
    "OOD": 90.9001563547018,
    "NMI": 85.26732804912132,
    "H-score": 73.94760534432324,
    "H3-score": 77.37282004030513,
    "Recall-all": [
        95.6043956043956,
        35.526315789473685,
        40.934065934065934,
        13.302752293577983,
        71.42857142857143,
        85.16129032258064,
        93.98496240601504,
        96.12068965517241,
        97.2972972972973,
        19.51219512195122,
        93.01310043668121,
        88.76404494382022,
        96.74267100977198,
        89.44444444444444,
        43.43065693430657,
        65.13761467889908,
        91.66666666666666,
        97.46835443037975,
        25.5663430420712,
        97.57575757575758,
        99.20318725099602,
        46.81440443213297,
        68.73563218390805,
        94.62102689486552,
        44.79371316306484,
        2.371541501976284,
        53.5483870967742,
        47.288503253796094,
        25.379609544468547,
        70.79107505070994,
        96.76258992805755,
        8.781362007168457,
        14.215686274509803,
        9.319899244332493,
        45.3125,
        29.71887550200803,
        34.01826484018265,
        52.463054187192114,
        85.27777777777777,
        71.285140562249,
        76.30522088353415,
        66.00361663652802,
        23.88059701492537,
        67.23044397463002,
        43.43891402714932,
        64.19213973799127,
        96.58314350797266,
        63.14779270633397,
        0.0,
        56.75675675675676,
        72.3913043478261,
        72.74401473296501,
        82.75862068965517,
        6.504065040650407,
        94.70588235294117,
        65.5688622754491,
        55.294117647058826,
        72.32142857142857,
        51.843317972350235,
        81.64251207729468,
        92.44897959183673,
        24.93638676844784,
        74.04580152671755,
        49.895178197064986,
        45.24236983842011,
        98.67549668874173,
        93.94904458598727,
        57.417582417582416,
        42.857142857142854,
        70.9090909090909,
        20.12847965738758,
        41.91616766467065,
        93.92857142857143,
        75.54479418886199,
        56.63716814159292,
        16.89814814814815,
        83.33333333333334,
        39.2,
        75.63559322033898,
        17.26027397260274,
        51.90476190476191,
        89.92042440318302,
        77.97979797979798,
        62.78409090909091,
        94.58917835671342,
        79.6116504854369,
        97.73242630385488,
        49.224806201550386,
        49.35064935064935,
        43.342776203966004,
        76.70886075949367,
        2.385321100917431,
        94.5679012345679,
        89.34240362811792,
        75.39682539682539,
        76.55786350148368,
        78.39506172839506,
        48.614609571788414,
        98.3271375464684,
        82.20640569395017,
        97.01492537313433,
        55.64853556485355,
        1.4598540145985401,
        94.71766848816029,
        74.0174672489083,
        43.31983805668016,
        55.1578947368421,
        56.28997867803838,
        8.041237113402062,
        2.2801302931596092,
        78.50746268656717,
        49.162011173184354,
        0.0,
        84.67336683417085,
        80.16359918200409,
        84.80662983425414,
        21.62162162162162,
        87.77173913043478,
        3.75,
        88.9196675900277,
        83.13953488372093,
        4.819277108433735,
        50.3875968992248,
        57.88113695090439,
        69.8744769874477,
        90.0375939849624,
        97.4910394265233,
        25.438596491228072,
        79.72602739726027,
        92.96116504854369,
        2.313624678663239,
        97.52066115702479,
        87.03339882121807,
        48.249027237354085,
        95.4337899543379,
        87.21227621483376,
        64.40677966101694,
        37.67313019390582,
        93.28859060402685,
        41.84782608695652,
        76.64041994750657,
        97.63313609467455,
        96.6131907308378,
        59.95370370370371,
        52.63157894736842,
        83.84615384615385,
        64.9402390438247,
        83.53510895883777,
        21.551724137931032,
        95.8498023715415,
        90.9001563547018
    ],
    "Closed Set Accuracy": {
        "OA": 81.34360290971331,
        "AA": 81.57146489054384,