{
    "OA": 54.31154769213597,
    "AA": 54.90987858074254,
    "OOD": null,
    "NMI": null,
    "H-score": null,
    "H3-score": null,
    "Recall-all": [
        95.97069597069597,
        17.763157894736842,
        41.75824175824176,
        4.81651376146789,
        61.904761904761905,
        75.16129032258064,
        91.72932330827066,
        95.6896551724138,
        97.2972972972973,
        11.585365853658537,
        89.95633187772926,
        88.38951310861424,
        91.53094462540716,
        86.66666666666667,
        35.76642335766424,
        55.04587155963303,
        91.66666666666666,
        96.20253164556962,
        11.650485436893204,
        96.96969696969697,
        98.00796812749005,
        31.024930747922436,
        44.827586206896555,
        90.70904645476773,
        28.094302554027507,
        1.9762845849802373,
        50.645161290322584,
        44.90238611713666,
        22.99349240780911,
        68.76267748478702,
        96.0431654676259,
        2.1505376344086025,
        13.725490196078432,
        8.564231738035264,
        42.96875,
        21.88755020080321,
        31.7351598173516,
        49.75369458128079,
        83.61111111111111,
        44.77911646586345,
        73.49397590361446,
        57.86618444846293,
        16.23134328358209,
        61.31078224101479,
        39.81900452488688,
        50.65502183406113,
        92.71070615034168,
        41.074856046065264,
        0.0,
        47.97297297297297,
        47.391304347826086,
        69.24493554327809,
        79.6934865900383,
        2.4390243902439024,
        94.11764705882352,
        62.874251497005986,
        34.11764705882353,
        63.988095238095234,
        36.86635944700461,
        80.19323671497585,
        88.36734693877551,
        11.450381679389313,
        70.99236641221374,
        38.15513626834382,
        27.468581687612208,
        93.37748344370861,
        36.94267515923567,
        36.53846153846153,
        26.339285714285715,
        61.09090909090909,
        15.203426124197003,
        14.37125748502994,
        89.64285714285715,
        69.24939467312349,
        48.67256637168141,
        16.435185185185187,
        79.88505747126436,
        33.2,
        70.33898305084746,
        13.424657534246576,
        34.523809523809526,
        85.94164456233422,
        74.94949494949495,
        52.27272727272727,
        91.78356713426854,
        76.69902912621359,
        96.14512471655328,
        29.844961240310074,
        41.81818181818181,
        34.56090651558073,
        51.89873417721519,
        0.9174311926605505,
        90.8641975308642,
        88.20861678004536,
        70.23809523809523,
        62.61127596439169,
        73.4567901234568,
        36.523929471032744,
        96.84014869888475,
        74.73309608540926,
        95.27363184079603,
        51.46443514644351,
        0.36496350364963503,
        93.6247723132969,
        62.882096069869,
        36.84210526315789,
        44.8421052631579,
        44.136460554371006,
        1.6494845360824744,
        2.2801302931596092,
        77.01492537313432,
        40.78212290502793,
        0.0,
        79.89949748743719,
        69.32515337423312,
        74.03314917127072,
        13.513513513513514,
        86.41304347826086,
        1.25,
        82.54847645429363,
        80.23255813953489,
        1.6064257028112447,
        41.08527131782946,
        36.95090439276486,
        25.94142259414226,
        89.47368421052632,
        94.26523297491039,
        20.350877192982455,
        76.98630136986301,
        91.74757281553399,
        0.0,
        96.14325068870524,
        84.87229862475442,
        27.626459143968873,
        87.44292237442922,
        84.39897698209718,
        56.355932203389834,
        27.70083102493075,
        92.84116331096197,
        35.32608695652174,
        60.892388451443566,
        97.63313609467455,
        94.4741532976827,
        35.41666666666667,
        45.11278195488722,
        81.15384615384616,
        60.1593625498008,
        69.73365617433413,
        19.181034482758623,
        90.51383399209486
    ],
    "Closed Set Accuracy": {
        "OA": 73.9967628509237,
        "AA": 73.89209004889999,