{
    "OA": 73.99602385685886,
    "AA": 59.62081259443372,
    "OOD": 90.71793209626449,
    "NMI": 86.8982428203833,
    "H-score": 71.80153813760087,
    "H3-score": 76.21651796308171,
    "Recall-all": [
        95.97069597069597,
        23.026315789473685,
        42.582417582417584,
        5.963302752293578,
        71.42857142857143,
        79.6774193548387,
        92.4812030075188,
        96.55172413793103,
        97.2972972972973,
        12.804878048780488,
        91.92139737991266,
        89.51310861423221,
        96.41693811074919,
        87.22222222222223,
        48.175182481751825,
        60.550458715596335,
        91.66666666666666,
        96.20253164556962,
        22.006472491909385,
        97.57575757575758,
        98.80478087649402,
        26.869806094182824,
        67.35632183908045,
        93.64303178484109,
        32.61296660117878,
        2.1739130434782608,
        52.58064516129032,
        46.637744034707154,
        24.728850325379607,
        71.19675456389453,
        96.0431654676259,
        4.838709677419355,
        16.666666666666664,
        9.06801007556675,
        43.359375,
        26.706827309236946,
        31.963470319634702,
        51.231527093596064,
        83.88888888888889,
        48.99598393574297,
        74.69879518072288,
        59.6745027124774,
        19.029850746268657,
        64.48202959830867,
        40.723981900452486,
        58.515283842794766,
        96.12756264236903,
        61.80422264875239,
        0.0,
        55.18018018018018,
        51.73913043478261,
        71.8232044198895,
        80.84291187739464,
        4.878048780487805,
        94.70588235294117,
        64.97005988023952,
        47.05882352941176,
        66.66666666666666,
        41.244239631336406,
        81.15942028985508,
        91.02040816326532,
        23.66412213740458,
        73.02798982188295,
        43.81551362683438,
        35.00897666068223,
        98.67549668874173,
        93.31210191082803,
        44.230769230769226,
        29.464285714285715,
        65.0909090909091,
        17.987152034261243,
        37.12574850299401,
        93.21428571428572,
        72.63922518159806,
        53.53982300884957,
        16.89814814814815,
        83.33333333333334,
        36.4,
        73.09322033898306,
        13.972602739726028,
        42.61904761904762,
        88.59416445623343,
        76.36363636363637,
        58.23863636363637,
        94.78957915831663,
        79.6116504854369,
        96.5986394557823,
        38.759689922480625,
        43.37662337662337,
        38.243626062322946,
        70.37974683544303,
        1.651376146788991,
        93.58024691358024,
        88.66213151927438,
        71.42857142857143,
        70.02967359050444,
        77.77777777777779,
        44.08060453400503,
        97.95539033457248,
        80.42704626334519,
        95.77114427860697,
        52.719665271966534,
        1.824817518248175,
        95.08196721311475,
        67.90393013100436,
        40.89068825910931,
        47.578947368421055,
        56.929637526652456,
        2.0618556701030926,
        2.2801302931596092,
        77.61194029850746,
        45.2513966480447,
        0.0,
        81.65829145728644,
        78.11860940695297,
        83.14917127071824,
        15.915915915915916,
        87.5,
        2.8125,
        86.98060941828255,
        82.55813953488372,
        3.2128514056224895,
        45.73643410852713,
        43.15245478036176,
        68.20083682008368,
        90.22556390977444,
        96.415770609319,
        24.035087719298247,
        78.9041095890411,
        92.47572815533981,
        0.5141388174807198,
        96.96969696969697,
        87.22986247544205,
        47.081712062256805,
        93.83561643835617,
        87.21227621483376,
        63.983050847457626,
        32.13296398891966,
        93.51230425055928,
        39.94565217391305,
        70.60367454068242,
        97.63313609467455,
        96.4349376114082,
        48.379629629629626,
        51.127819548872175,
        83.46153846153847,
        65.73705179282868,
        81.1138014527845,
        20.689655172413794,
        95.0592885375494,
        90.71793209626449
    ],
    "Closed Set Accuracy": {
        "OA": 78.00785101672527,
        "AA": 78.29084120402149,