{
    "OA": 76.8688293370945,
    "AA": 58.60914787958561,
    "OOD": 87.82697167612984,
    "NMI": 69.89403061875899,
    "H-score": 70.16239974205645,
    "H3-score": 70.07406060317597,
    "Recall-all": [
        90.9090909090909,
        73.16017316017316,
        87.94326241134752,
        53.75,
        70.67307692307693,
        77.92207792207793,
        98.7012987012987,
        91.93548387096774,
        90.47619047619048,
        9.195402298850574,
        95.83333333333334,
        90.3448275862069,
        84.31372549019608,
        93.66197183098592,
        69.23076923076923,
        76.42857142857142,
        93.93939393939394,
        84.9624060150376,
        57.14285714285714,
        91.96428571428571,
        94.64285714285714,
        66.43835616438356,
        52.72727272727272,
        73.38709677419355,
        21.791044776119403,
        2.2900763358778624,
        92.0,
        25.287356321839084,
        64.21052631578948,
        97.91666666666666,
        73.91304347826086,
        58.87850467289719,
        73.61963190184049,
        50.0,
        44.9438202247191,
        37.254901960784316,
        26.506024096385545,
        28.865979381443296,
        66.22222222222223,
        38.095238095238095,
        93.65079365079364,
        75.52083333333334,
        71.36752136752136,
        77.60000000000001,
        49.079754601226995,
        41.5929203539823,
        88.48920863309353,
        81.29032258064515,
        0.9237875288683602,
        89.65517241379311,
        78.57142857142857,
        23.91304347826087,
        81.25,
        7.317073170731707,
        97.8021978021978,
        82.89473684210526,
        12.5,
        32.758620689655174,
        81.13207547169812,
        50.76923076923077,
        53.333333333333336,
        45.54455445544555,
        65.21739130434783,
        41.02564102564102,
        29.67032967032967,
        76.47058823529412,
        88.63636363636364,
        56.25,
        31.343283582089555,
        34.78260869565217,
        70.83333333333334,
        27.659574468085108,
        75.0,
        50.0,
        30.0,
        86.95652173913044,
        87.5,
        42.10526315789473,
        26.08695652173913,
        3.389830508474576,
        78.57142857142857,
        45.45454545454545,
        95.28301886792453,
        0.0,
        97.32142857142857,
        81.81818181818183,
        81.30841121495327,
        21.771217712177123,
        5.0,
        0.0,
        19.565217391304348,
        25.806451612903224,
        91.52542372881356,
        53.40909090909091,
        41.03585657370518,
        64.70588235294117,
        33.33333333333333,
        70.0,
        85.23489932885906,
        57.291666666666664,
        74.4186046511628,
        69.06474820143885,
        2.803738317757009,
        95.16129032258065,
        43.2,
        6.0606060606060606,
        88.30409356725146,
        42.0,
        0.0,
        0.0,
        82.85714285714286,
        41.83673469387755,
        1.5151515151515151,
        66.3265306122449,
        65.47619047619048,
        55.895196506550214,
        85.71428571428571,
        92.92929292929293,
        0.0,
        83.13253012048193,
        23.157894736842106,
        31.06382978723404,
        39.361702127659576,
        77.6536312849162,
        82.11382113821138,
        64.08450704225352,
        39.130434782608695,
        13.432835820895523,
        24.137931034482758,
        83.07692307692308,
        25.0,
        24.43064182194617,
        92.0,
        29.166666666666668,
        89.68253968253968,
        98.4251968503937,
        75.51020408163265,
        87.34939759036145,
        90.32258064516128,
        39.62264150943396,
        96.92307692307692,
        93.42105263157895,
        89.78102189781022,
        60.273972602739725,
        50.0,
        62.903225806451616,
        45.07042253521127,
        88.73239436619718,
        0.0,
        89.83050847457628,
        87.82697167612984
    ],
    "Closed Set Accuracy": {
        "OA": 71.91568505889646,
        "AA": 73.04764785912158,