{
    "OA": 48.2929561105119,
    "AA": 48.34101627825042,
    "OOD": null,
    "NMI": null,
    "H-score": null,
    "H3-score": null,
    "Recall-all": [
        88.63636363636364,
        60.17316017316018,
        86.52482269503547,
        32.5,
        57.692307692307686,
        70.12987012987013,
        97.40259740259741,
        85.48387096774194,
        82.53968253968253,
        6.321839080459771,
        93.05555555555556,
        87.58620689655172,
        72.54901960784314,
        89.43661971830986,
        43.58974358974359,
        64.28571428571429,
        93.93939393939394,
        84.21052631578947,
        52.63157894736842,
        89.28571428571429,
        95.53571428571429,
        55.47945205479452,
        7.2727272727272725,
        58.87096774193549,
        14.328358208955224,
        0.7633587786259541,
        89.0,
        22.988505747126435,
        55.78947368421052,
        96.25,
        66.30434782608695,
        35.046728971962615,
        71.16564417177914,
        40.476190476190474,
        35.95505617977528,
        25.49019607843137,
        19.27710843373494,
        25.773195876288657,
        60.88888888888889,
        25.71428571428571,
        92.5925925925926,
        62.5,
        52.991452991452995,
        72.8,
        38.036809815950924,
        32.743362831858406,
        84.17266187050359,
        48.38709677419355,
        0.23094688221709006,
        83.33333333333334,
        66.66666666666666,
        23.91304347826087,
        70.83333333333334,
        4.878048780487805,
        97.8021978021978,
        81.57894736842105,
        8.333333333333332,
        12.068965517241379,
        77.35849056603774,
        44.61538461538462,
        47.77777777777778,
        22.772277227722775,
        65.21739130434783,
        35.8974358974359,
        20.87912087912088,
        58.82352941176471,
        40.909090909090914,
        31.25,
        16.417910447761194,
        21.73913043478261,
        58.333333333333336,
        15.602836879432624,
        60.0,
        53.333333333333336,
        17.142857142857142,
        82.6086956521739,
        75.0,
        21.052631578947366,
        13.043478260869565,
        0.0,
        61.904761904761905,
        36.36363636363637,
        89.62264150943396,
        0.0,
        95.53571428571429,
        80.16528925619835,
        71.96261682242991,
        14.391143911439114,
        0.0,
        0.0,
        17.391304347826086,
        16.589861751152075,
        88.13559322033898,
        50.0,
        31.872509960159363,
        35.294117647058826,
        22.22222222222222,
        54.0,
        82.5503355704698,
        51.5625,
        68.21705426356588,
        67.62589928057554,
        0.0,
        88.17204301075269,
        32.800000000000004,
        3.0303030303030303,
        76.0233918128655,
        29.333333333333332,
        0.0,
        0.0,
        79.52380952380952,
        32.6530612244898,
        1.5151515151515151,
        57.14285714285714,
        46.42857142857143,
        39.737991266375545,
        64.47876447876449,
        90.9090909090909,
        0.0,
        78.3132530120482,
        14.736842105263156,
        7.659574468085106,
        26.595744680851062,
        69.83240223463687,
        45.52845528455284,
        59.859154929577464,
        29.347826086956523,
        7.462686567164178,
        17.24137931034483,
        82.3076923076923,
        9.67741935483871,
        23.395445134575567,
        84.5,
        25.0,
        84.12698412698413,
        93.7007874015748,
        69.38775510204081,
        65.06024096385542,
        90.32258064516128,
        37.735849056603776,
        94.61538461538461,
        93.42105263157895,
        86.13138686131386,
        49.31506849315068,
        37.5,
        54.83870967741935,
        46.478873239436616,
        83.09859154929578,
        0.0,
        83.89830508474576,
        80.20833333333334,
        36.36363636363637,
        95.65217391304348,
        30.0,
        27.522935779816514,
        7.462686567164178,
        76.37795275590551,
        29.09090909090909,
        26.153846153846157,
        89.41176470588236,
        77.89473684210526,
        38.63636363636363,
        14.736842105263156,
        3.5294117647058822,
        47.61904761904761,
        42.30769230769231,
        54.794520547945204,
        57.03422053231939,
        11.578947368421053,
        79.50530035335689,
        52.4390243902439,
        77.52808988764045,
        3.225806451612903,
        0.0,
        93.47826086956522,
        66.23376623376623,
        92.43697478991596,
        62.16216216216216,
        40.95238095238095,
        94.07407407407408,
        0.0,
        55.26315789473685,
        91.66666666666666,
        37.10691823899371,
        74.76635514018692,
        31.35593220338983,
        64.65517241379311,
        20.37037037037037,
        86.86868686868688,
        94.52054794520548,
        48.888888888888886,
        77.27272727272727,
        32.8125,
        34.45378151260504,
        5.982905982905983,
        77.8409090909091,
        0.0,
        46.835443037974684,
        51.42857142857142,
        12.0,
        5.0,
        97.11538461538461,
        89.0909090909091,
        3.8461538461538463,
        94.28571428571428,
        28.846153846153843,
        59.09090909090909,
        72.56637168141593,
        90.74074074074075,
        14.736842105263156,
        35.80246913580247,
        67.28395061728395,
        60.215053763440864,
        1.5384615384615385,
        58.24175824175825,
        72.44094488188976,
        85.45454545454545,
        0.0,
        69.86301369863014,
        84.33734939759037,
        51.14503816793893,
        0.0,
        77.70700636942675,
        43.75,
        93.4065934065934,
        44.285714285714285,
        85.96491228070175,
        70.73170731707317,
        7.6923076923076925,
        12.5,
        66.66666666666666,
        8.823529411764707,
        52.63157894736842,
        15.384615384615385,
        28.02547770700637,
        84.12698412698413,
        51.45228215767634,
        41.73913043478261,
        1.2422360248447204,
        15.625,
        10.76923076923077,
        81.25,
        100.0,
        92.94117647058823,
        14.492753623188406,
        64.28571428571429,
        59.34065934065934,
        42.23107569721115,
        60.0,
        50.0,
        78.13953488372093,
        48.36065573770492,
        56.29139072847682,
        57.861635220125784,
        43.42629482071713,
        82.48587570621469,
        10.220994475138122,
        60.17441860465116,
        67.08860759493672,
        65.47884187082406,
        21.54696132596685,
        23.990498812351543,
        27.95031055900621,
        44.48275862068966,
        61.76470588235294,
        55.38461538461539,
        1.70316301703163,
        20.723684210526315,
        68.10035842293907,
        65.53846153846153,
        23.52941176470588,
        55.140186915887845,
        20.72434607645875,
        80.07662835249042,
        0.0,
        66.05504587155964,
        46.88888888888889,
        46.07142857142857,
        40.72494669509595,
        0.998003992015968,
        16.666666666666664,
        66.2962962962963,
        12.295081967213115,
        16.19718309859155,
        26.21951219512195,
        11.666666666666666,
        78.84615384615384,
        13.043478260869565,
        12.0,
        4.972375690607735,
        78.1021897810219,
        55.24861878453039,
        41.86046511627907,
        45.774647887323944,
        37.96296296296296,
        2.8089887640449436,
        79.75460122699386,
        6.0344827586206895,
        69.6969696969697,
        46.36015325670498,
        10.204081632653061,
        0.4975124378109453,
        77.27272727272727,
        45.714285714285715,
        65.9090909090909,
        45.348837209302324,
        87.94326241134752,
        47.63948497854077,
