{
    "OA": 73.87673956262425,
    "AA": 59.750758122842484,
    "OOD": 90.2439024390244,
    "NMI": 86.8982428203833,
    "H-score": 71.74992975320126,
    "H3-score": 76.17774412299715,
    "Recall-all": [
        95.6043956043956,
        29.605263157894733,
        43.40659340659341,
        7.79816513761468,
        71.42857142857143,
        80.96774193548387,
        92.10526315789474,
        96.55172413793103,
        91.8918918918919,
        11.585365853658537,
        91.92139737991266,
        88.38951310861424,
        96.09120521172639,
        87.22222222222223,
        39.05109489051095,
        61.46788990825688,
        91.66666666666666,
        96.20253164556962,
        24.59546925566343,
        97.57575757575758,
        98.80478087649402,
        30.193905817174517,
        64.13793103448275,
        92.90953545232273,
        34.577603143418465,
        1.9762845849802373,
        52.58064516129032,
        46.85466377440347,
        24.295010845986983,
        74.0365111561866,
        96.76258992805755,
        4.838709677419355,
        16.176470588235293,
        9.319899244332493,
        44.53125,
        27.510040160642568,
        32.87671232876712,
        51.724137931034484,
        84.16666666666667,
        45.78313253012048,
        75.30120481927712,
        65.82278481012658,
        20.149253731343283,
        65.11627906976744,
        40.95022624434389,
        56.76855895196506,
        95.8997722095672,
        58.34932821497121,
        0.0,
        52.702702702702695,
        53.04347826086957,
        70.71823204419888,
        80.45977011494253,
        4.878048780487805,
        94.70588235294117,
        65.5688622754491,
        49.411764705882355,
        73.21428571428571,
        44.70046082949309,
        80.19323671497585,
        91.63265306122449,
        24.173027989821882,
        74.04580152671755,
        47.58909853249476,
        37.34290843806104,
        98.01324503311258,
        94.26751592356688,
        46.7032967032967,
        32.589285714285715,
        68.0,
        19.48608137044968,
        28.143712574850298,
        93.21428571428572,
        73.12348668280872,
        53.53982300884957,
        16.435185185185187,
        83.9080459770115,
        36.0,
        72.88135593220339,
        14.520547945205479,
        41.66666666666667,
        87.53315649867373,
        77.17171717171716,
        58.23863636363637,
        94.38877755511022,
        79.6116504854369,
        96.3718820861678,
        36.82170542635659,
        44.675324675324674,
        38.81019830028329,
        71.64556962025317,
        1.4678899082568808,
        93.33333333333333,
        88.88888888888889,
        71.42857142857143,
        70.91988130563797,
        75.92592592592592,
        45.08816120906801,
        97.76951672862454,
        80.42704626334519,
        96.01990049751244,
        52.719665271966534,
        0.7299270072992701,
        94.53551912568307,
        68.77729257641921,
        42.51012145748988,
        47.78947368421053,
        51.385927505330486,
        2.0618556701030926,
        2.2801302931596092,
        77.61194029850746,
        45.81005586592179,
        0.46403712296983757,
        81.90954773869346,
        76.68711656441718,
        83.14917127071824,
        18.61861861861862,
        87.77173913043478,
        2.8125,
        88.08864265927978,
        83.13953488372093,
        3.2128514056224895,
        49.224806201550386,
        43.41085271317829,
        68.20083682008368,
        89.84962406015038,
        96.415770609319,
        23.859649122807017,
        79.17808219178082,
        91.74757281553399,
        0.2570694087403599,
        96.96969696969697,
        87.22986247544205,
        41.63424124513619,
        93.60730593607306,
        87.21227621483376,
        63.559322033898304,
        29.6398891966759,
        93.51230425055928,
        41.57608695652174,
        69.02887139107612,
        97.63313609467455,
        95.90017825311944,
        48.61111111111111,
        51.37844611528822,
        82.3076923076923,
        69.7211155378486,
        82.08232445520581,
        20.689655172413794,
        94.66403162055336,
        90.2439024390244
    ],
    "Closed Set Accuracy": {
        "OA": 78.04878048780488,
        "AA": 78.29577162057029,