{
    "OA": 57.432220071791306,
    "AA": 56.79639115741226,
    "OOD": null,
    "NMI": null,
    "H-score": null,
    "H3-score": null,
    "Recall-all": [
        95.23809523809523,
        19.736842105263158,
        42.032967032967036,
        4.128440366972478,
        61.904761904761905,
        71.61290322580646,
        91.72932330827066,
        95.25862068965517,
        97.2972972972973,
        12.804878048780488,
        88.64628820960698,
        91.01123595505618,
        91.20521172638436,
        86.11111111111111,
        36.496350364963504,
        55.04587155963303,
        90.0,
        96.20253164556962,
        15.210355987055015,
        96.96969696969697,
        98.00796812749005,
        26.869806094182824,
        42.5287356321839,
        92.66503667481662,
        29.469548133595286,
        1.9762845849802373,
        51.29032258064517,
        45.119305856832966,
        22.99349240780911,
        64.50304259634888,
        93.88489208633094,
        2.3297491039426523,
        15.196078431372548,
        8.564231738035264,
        43.1640625,
        21.686746987951807,
        31.963470319634702,
        50.24630541871922,
        83.33333333333334,
        41.365461847389554,
        73.09236947791165,
        53.52622061482821,
        13.619402985074627,
        62.15644820295984,
        39.81900452488688,
        52.838427947598255,
        92.9384965831435,
        46.257197696737045,
        0.0,
        49.0990990990991,
        45.0,
        69.79742173112339,
        78.544061302682,
        3.2520325203252036,
        94.11764705882352,
        62.874251497005986,
        35.294117647058826,
        65.47619047619048,
        36.63594470046083,
        79.71014492753623,
        87.34693877551021,
        13.994910941475828,
        70.22900763358778,
        37.735849056603776,
        29.80251346499102,
        94.03973509933775,
        35.6687898089172,
        36.81318681318682,
        28.57142857142857,
        62.18181818181818,
        14.5610278372591,
        13.17365269461078,
        89.28571428571429,
        72.63922518159806,
        50.0,
        15.74074074074074,
        80.45977011494253,
        32.0,
        68.22033898305084,
        11.78082191780822,
        35.476190476190474,
        84.88063660477454,
        74.94949494949495,
        50.85227272727273,
        90.78156312625251,
        75.72815533980582,
        95.91836734693877,
        24.8062015503876,
        41.2987012987013,
        34.27762039660057,
        50.63291139240506,
        0.5504587155963303,
        90.12345679012346,
        87.75510204081633,
        69.44444444444444,
        58.160237388724035,
        75.30864197530865,
        36.775818639798494,
        96.6542750929368,
        75.08896797153025,
        95.27363184079603,
        52.719665271966534,
        0.36496350364963503,
        93.80692167577413,
        64.41048034934498,
        37.65182186234818,
        44.42105263157895,
        36.88699360341152,
        1.6494845360824744,
        2.2801302931596092,
        77.01492537313432,
        40.22346368715084,
        0.0,
        77.88944723618091,
        64.82617586912065,
        75.41436464088397,
        12.912912912912914,
        86.1413043478261,
        1.25,
        81.7174515235457,
        81.97674418604652,
        1.6064257028112447,
        41.47286821705426,
        40.82687338501292,
        26.359832635983267,
        89.66165413533834,
        92.1146953405018,
        20.350877192982455,
        75.61643835616438,
        91.99029126213593,
        0.0,
        96.41873278236915,
        85.46168958742632,
        36.57587548638132,
        78.31050228310502,
        84.65473145780051,
        58.47457627118644,
        24.930747922437675,
        92.84116331096197,
        36.41304347826087,
        54.06824146981627,
        97.63313609467455,
        94.8306595365419,
        32.870370370370374,
        44.3609022556391,
        80.38461538461539,
        63.34661354581673,
        73.36561743341404,
        18.75,
        91.89723320158103,
        85.61797752808988,
        94.11764705882352,
        96.37305699481865,
        46.36015325670498,
        27.002967359050444,
        17.346938775510203,
        83.99122807017544,
        60.062893081761004,
        28.117359413202937,
        95.53990610328638,
        82.5503355704698,
        87.17948717948718,
        4.297994269340974,
        1.9753086419753085,
        79.67213114754098,
        10.714285714285714,
        80.1526717557252,
        30.28169014084507,
        16.777041942604857,
        93.82022471910112,
        60.731707317073166,
        80.7615230460922,
        88.49104859335038,
        0.0,
        91.96675900277008,
        87.5,
        83.44370860927152,
        84.00954653937947,
        60.0,
        92.61363636363636,
        0.0,
        65.94827586206897,
        84.51086956521739,
        32.05128205128205,
        73.38501291989664,
        75.42372881355932,
        17.38241308793456,
        49.74747474747475,
        89.23076923076924,
        79.81481481481481,
        5.807622504537205,
        56.52173913043478,
        19.718309859154928,
        12.5,
        53.10880829015544,
        51.82481751824818,
        87.96498905908096,
        89.89690721649485,
        32.4,
        15.815085158150852,
        0.9584664536741214,
        91.66666666666666,
        66.42685851318944,
        15.0,
        81.26195028680688,
        53.100775193798455,
        64.70588235294117,
        66.3716814159292,
        83.04668304668304,
        89.20863309352518,
        70.94972067039106,
        68.51851851851852,
        82.80961182994456,
        68.90080428954424,
        27.491408934707906,
        61.71617161716172,
        54.219409282700425,
        0.3134796238244514,
        87.09016393442623,
        33.66834170854271,
        22.170900692840647,
        28.05755395683453,
        80.0,
        52.74725274725275,
        76.55913978494624,
        93.07875894988067,
        96.83544303797468,
        43.190661478599225,
        22.65193370165746,
        44.0,
        85.87699316628702,
        2.2573363431151243,
        48.0,
        64.4186046511628,
        21.578947368421055,
        85.23908523908524,
        96.61016949152543,
        45.84837545126354,
        4.022988505747127,
        31.818181818181817,
        3.389830508474576,
        57.8125,
        98.5355648535565,
        95.86776859504133,
        11.479028697571744,
        98.64864864864865,
        97.05014749262537,
        68.15068493150685,
        88.05970149253731,
        46.34146341463415,
        98.48942598187311,
        39.87138263665595,
        93.4010152284264,
        97.10610932475883,
        72.85223367697594,
        97.19626168224299,
        27.956989247311824,
        94.53125,
        93.34532374100719,
        85.85365853658537,
        50.645161290322584,
        59.294871794871796,
        77.5,
        86.5979381443299,
        85.52036199095022,
        63.13131313131313,
        58.303886925795055,
        88.81118881118881,
        90.15384615384615,
        11.74785100286533,
        49.37759336099585,
        93.47826086956522,
        58.22784810126582,
        87.84530386740332,
        0.0,
        81.75519630484989,
        74.93975903614458,
        78.02197802197803,
        82.82442748091603,
        1.6129032258064515,
        8.51063829787234,
        90.10309278350516,
        24.796747967479675,
        50.0,
        12.641509433962264,
        0.6802721088435374,
        91.54078549848943,
        4.861111111111112,
        83.47826086956522,
        6.323185011709602,
        69.10828025477707,
        27.8125,
        83.33333333333334,
        86.28841607565012,
        66.44518272425249,
        0.8928571428571428,
        92.10526315789474,
        6.172839506172839,
        89.43298969072166,
        73.17073170731707,
