{
    "OA": 48.501315071212346,
    "AA": 47.33009906496494,
    "OOD": null,
    "NMI": null,
    "H-score": null,
    "H3-score": null,
    "Recall-all": [
        98.9010989010989,
        23.026315789473685,
        40.65934065934066,
        61.23853211009175,
        71.42857142857143,
        67.41935483870968,
        96.2406015037594,
        25.862068965517242,
        91.8918918918919,
        0.0,
        66.8122270742358,
        48.31460674157304,
        78.82736156351791,
        88.33333333333333,
        32.11678832116788,
        32.56880733944954,
        65.0,
        79.74683544303798,
        0.0,
        79.39393939393939,
        99.20318725099602,
        9.695290858725762,
        32.64367816091954,
        81.90709046454768,
        14.538310412573674,
        0.0,
        76.77419354838709,
        23.210412147505423,
        0.21691973969631237,
        25.963488843813387,
        44.60431654676259,
        22.759856630824373,
        49.01960784313725,
        6.297229219143577,
        38.28125,
        0.6024096385542169,
        12.785388127853881,
        26.108374384236456,
        73.33333333333333,
        58.43373493975904,
        74.69879518072288,
        64.376130198915,
        24.62686567164179,
        54.33403805496829,
        8.144796380090497,
        0.8733624454148471,
        88.8382687927107,
        45.68138195777352,
        0.0,
        64.41441441441441,
        22.82608695652174,
        72.92817679558011,
        42.911877394636015,
        55.28455284552846,
        74.70588235294117,
        32.634730538922156,
        29.411764705882355,
        36.01190476190476,
        25.34562211981567,
        51.20772946859904,
        33.46938775510204,
        8.396946564885496,
        75.57251908396947,
        60.58700209643606,
        46.14003590664273,
        92.05298013245033,
        55.095541401273884,
        3.571428571428571,
        0.0,
        25.818181818181817,
        52.24839400428265,
        3.592814371257485,
        87.85714285714286,
        51.57384987893463,
        35.84070796460177,
        23.14814814814815,
        71.83908045977012,
        4.8,
        75.0,
        0.273972602739726,
        0.0,
        63.660477453580896,
        53.13131313131313,
        22.443181818181817,
        93.5871743486974,
        74.75728155339806,
        98.4126984126984,
        25.1937984496124,
        40.519480519480524,
        67.70538243626062,
        38.48101265822785,
        35.04587155963303,
        91.85185185185185,
        85.71428571428571,
        65.07936507936508,
        49.554896142433236,
        87.65432098765432,
        40.55415617128463,
        93.3085501858736,
        62.989323843416365,
        94.27860696517413,
        56.48535564853556,
        0.0,
        88.88888888888889,
        13.100436681222707,
        20.242914979757085,
        14.736842105263156,
        0.0,
        0.0,
        0.6514657980456027,
        44.47761194029851,
        5.027932960893855,
        0.0,
        23.869346733668344,
        5.316973415132924,
        80.38674033149171,
        21.92192192192192,
        70.38043478260869,
        0.0,
        17.174515235457065,
        73.25581395348837,
        1.2048192771084338,
        60.46511627906976,
        23.772609819121445,
        5.857740585774058,
        83.45864661654136,
        95.3405017921147,
        5.7894736842105265,
        76.71232876712328,
        80.33980582524272,
        5.3984575835475574,
        97.7961432506887,
        54.420432220039295,
        19.06614785992218,
        43.60730593607306,
        81.32992327365729,
        12.288135593220339,
        2.4930747922437675,
        76.95749440715883,
        0.0,
        0.26246719160104987,
        94.47731755424064,
        91.44385026737967,
        0.6944444444444444,
        19.298245614035086,
        78.84615384615384,
        60.95617529880478,
        56.17433414043583,
        43.75,
        71.54150197628458,
        91.68539325842696,
        95.06641366223909,
        82.90155440414507,
        53.25670498084292,
        70.02967359050444,
        75.17006802721087,
        71.9298245614035,
        43.710691823899374,
        70.6601466992665,
        90.3755868544601,
        76.51006711409396,
        88.31908831908832,
        11.74785100286533,
        0.0,
        74.75409836065575,
        12.637362637362637,
        90.45801526717557,
        22.183098591549296,
        18.543046357615893,
        44.38202247191011,
        5.609756097560976,
        67.73547094188376,
        86.95652173913044,
        0.0,
        81.16343490304709,
        55.769230769230774,
        81.01545253863135,
        67.06443914081146,
        44.096385542168676,
        43.18181818181818,
        0.0,
        2.586206896551724,
        78.80434782608695,
        68.26923076923077,
        52.4547803617571,
        0.0,
        65.23517382413088,
        64.64646464646465,
        90.76923076923077,
        27.77777777777778,
        9.074410163339383,
        33.69565217391305,
        23.591549295774648,
        0.0,
        40.41450777202073,
        68.61313868613139,
        91.02844638949672,
        84.74226804123711,
        14.799999999999999,
        7.2992700729927,
        1.5974440894568689,
        82.34126984126983,
        50.11990407673861,
        3.2352941176470593,
        71.89292543021033,
        30.23255813953488,
        43.04812834224599,
        34.070796460176986,
        72.97297297297297,
        82.01438848920863,
        53.910614525139664,
        58.56481481481482,
        79.66728280961183,
        86.59517426273459,
        33.67697594501718,
        46.864686468646866,
        31.856540084388186,
        0.0,
        84.01639344262296,
        2.763819095477387,
        61.662817551963045,
        3.597122302158273,
        72.5,
        34.285714285714285,
        63.655913978494624,
        94.03341288782816,
        98.73417721518987,
        83.65758754863813,
        4.051565377532229,
        8.0,
        81.77676537585421,
        10.835214446952596,
        32.470588235294116,
        70.0,
        15.0,
        63.82536382536382,
        93.64406779661016,
        33.935018050541515,
        1.7241379310344827,
        28.57142857142857,
        0.0,
        67.96875,
        96.44351464435147,
        87.32782369146005,
        14.1280353200883,
        94.36936936936937,
        96.7551622418879,
        51.369863013698634,
        88.80597014925374,
        2.4390243902439024,
        88.51963746223565,
        74.27652733118971,
        45.68527918781726,
        90.9967845659164,
        45.36082474226804,
        95.7943925233645,
        5.913978494623656,
        99.21875,
        78.05755395683454,
        20.73170731707317,
        51.61290322580645,
        14.743589743589745,
        78.125,
        75.25773195876289,
        57.01357466063348,
        69.1919191919192,
        37.455830388692576,
        71.32867132867133,
        90.46153846153845,
        83.3810888252149,
        55.18672199170125,
        95.65217391304348,
        46.835443037974684,
        86.1878453038674,
        0.0,
        75.05773672055427,
        86.50602409638554,
        71.97802197802197,
        71.94656488549617,
        0.0,
        4.25531914893617,
        76.70103092783506,
        0.40650406504065045,
        21.428571428571427,
        71.50943396226414,
        0.0,
        88.51963746223565,
        1.3888888888888888,
        70.43478260869566,
        0.0,
        63.69426751592356,
        20.3125,
        82.7485380116959,
        85.34278959810875,
        27.57475083056478,
        5.357142857142857,
        86.40350877192982,
        0.24691358024691357,
        64.94845360824742,
        46.09756097560976,
        0.0,
        0.7653061224489796,
        87.1264367816092,
        49.31880108991826,
        65.16516516516516,
        35.76642335766424,
