{
    "OA": 73.89807496484508,
    "AA": 59.48613496768688,
    "OOD": 90.5943602625395,
    "NMI": 86.8982428203833,
    "H-score": 71.66441553801359,
    "H3-score": 76.1134621876715,
    "Recall-all": [
        95.6043956043956,
        26.973684210526315,
        44.78021978021978,
        9.63302752293578,
        71.42857142857143,
        79.35483870967742,
        92.10526315789474,
        96.55172413793103,
        97.2972972972973,
        11.585365853658537,
        92.35807860262008,
        90.63670411985018,
        96.09120521172639,
        88.88888888888889,
        30.656934306569344,
        59.174311926605505,
        91.66666666666666,
        96.20253164556962,
        20.06472491909385,
        96.36363636363636,
        98.40637450199203,
        31.024930747922436,
        64.59770114942529,
        93.39853300733496,
        32.61296660117878,
        1.9762845849802373,
        52.903225806451616,
        46.420824295010846,
        24.728850325379607,
        68.76267748478702,
        95.68345323741008,
        5.555555555555555,
        14.705882352941178,
        9.319899244332493,
        44.7265625,
        26.305220883534137,
        33.10502283105023,
        51.724137931034484,
        84.72222222222221,
        47.18875502008032,
        75.70281124497991,
        63.29113924050633,
        20.149253731343283,
        64.69344608879493,
        40.95022624434389,
        57.20524017467249,
        96.35535307517085,
        60.65259117082533,
        0.0,
        54.27927927927928,
        52.17391304347826,
        72.37569060773481,
        80.84291187739464,
        4.878048780487805,
        94.70588235294117,
        65.26946107784431,
        49.411764705882355,
        70.23809523809523,
        42.857142857142854,
        81.15942028985508,
        91.63265306122449,
        22.646310432569976,
        73.02798982188295,
        45.28301886792453,
        36.44524236983842,
        98.01324503311258,
        93.31210191082803,
        44.78021978021978,
        30.357142857142854,
        65.0909090909091,
        19.05781584582441,
        31.736526946107784,
        93.21428571428572,
        70.46004842615012,
        53.53982300884957,
        17.12962962962963,
        83.33333333333334,
        36.0,
        72.45762711864407,
        15.068493150684931,
        41.42857142857143,
        87.0026525198939,
        76.96969696969697,
        57.95454545454546,
        94.38877755511022,
        79.6116504854369,
        97.05215419501134,
        29.844961240310074,
        45.19480519480519,
        38.81019830028329,
        69.62025316455697,
        1.834862385321101,
        93.33333333333333,
        88.66213151927438,
        71.03174603174604,
        74.4807121661721,
        77.77777777777779,
        45.08816120906801,
        96.84014869888475,
        77.58007117437722,
        96.26865671641791,
        53.97489539748954,
        1.824817518248175,
        94.89981785063752,
        67.24890829694323,
        42.51012145748988,
        46.73684210526316,
        46.05543710021322,
        2.268041237113402,
        2.2801302931596092,
        77.01492537313432,
        44.134078212290504,
        0.0,
        81.90954773869346,
        77.91411042944786,
        83.42541436464089,
        18.01801801801802,
        87.77173913043478,
        5.0,
        87.53462603878116,
        81.97674418604652,
        2.0080321285140563,
        48.06201550387597,
        43.927648578811365,
        68.20083682008368,
        90.0375939849624,
        96.415770609319,
        24.561403508771928,
        80.0,
        92.47572815533981,
        0.5141388174807198,
        97.2451790633609,
        87.62278978388997,
        44.74708171206226,
        95.8904109589041,
        87.21227621483376,
        63.13559322033898,
        32.40997229916898,
        93.51230425055928,
        40.21739130434783,
        69.29133858267717,
        97.63313609467455,
        95.90017825311944,
        48.61111111111111,
        51.127819548872175,
        82.3076923076923,
        63.34661354581673,
        82.08232445520581,
        20.905172413793103,
        94.0711462450593,
        90.5943602625395
    ],
    "Closed Set Accuracy": {
        "OA": 77.82552882737065,
        "AA": 78.11355281060584,