{
    "OA": 48.400410236051144,
    "AA": 47.238941996054635,
    "OOD": null,
    "NMI": null,
    "H-score": null,
    "H3-score": null,
    "Recall-all": [
        98.9010989010989,
        18.421052631578945,
        42.30769230769231,
        57.3394495412844,
        71.42857142857143,
        61.29032258064516,
        95.86466165413535,
        28.879310344827587,
        91.8918918918919,
        1.2195121951219512,
        72.0524017467249,
        61.04868913857678,
        77.52442996742671,
        87.22222222222223,
        26.277372262773724,
        27.06422018348624,
        65.0,
        84.81012658227847,
        0.3236245954692557,
        80.60606060606061,
        98.80478087649402,
        6.3711911357340725,
        24.137931034482758,
        83.86308068459658,
        21.021611001964637,
        0.0,
        78.70967741935485,
        20.390455531453362,
        0.21691973969631237,
        24.543610547667345,
        32.014388489208635,
        22.401433691756274,
        49.50980392156863,
        6.54911838790932,
        36.5234375,
        0.2008032128514056,
        11.643835616438356,
        27.586206896551722,
        63.05555555555556,
        54.21686746987952,
        75.1004016064257,
        66.54611211573237,
        25.55970149253731,
        53.276955602537,
        8.823529411764707,
        1.3100436681222707,
        87.47152619589977,
        46.449136276391556,
        0.0,
        68.69369369369369,
        19.565217391304348,
        72.55985267034991,
        42.1455938697318,
        56.91056910569105,
        75.29411764705883,
        33.83233532934132,
        29.411764705882355,
        40.17857142857143,
        27.188940092165897,
        42.028985507246375,
        28.367346938775512,
        10.178117048346055,
        76.08142493638677,
        55.34591194968554,
        49.371633752244165,
        91.3907284768212,
        51.27388535031847,
        3.296703296703297,
        0.0,
        27.636363636363637,
        56.74518201284796,
        3.592814371257485,
        87.5,
        45.036319612590795,
        38.05309734513274,
        19.675925925925927,
        71.26436781609196,
        4.8,
        72.45762711864407,
        0.273972602739726,
        0.0,
        66.04774535809018,
        57.97979797979798,
        21.306818181818183,
        93.18637274549098,
        74.75728155339806,
        98.4126984126984,
        39.53488372093023,
        35.064935064935064,
        71.95467422096317,
        39.74683544303797,
        43.853211009174316,
        91.60493827160494,
        85.71428571428571,
        63.095238095238095,
        48.367952522255194,
        89.50617283950618,
        39.29471032745592,
        93.86617100371747,
        57.29537366548043,
        94.02985074626866,
        49.7907949790795,
        0.0,
        88.88888888888889,
        14.628820960698691,
        21.45748987854251,
        14.736842105263156,
        0.0,
        0.0,
        0.6514657980456027,
        40.59701492537313,
        5.027932960893855,
        0.0,
        24.623115577889447,
        4.703476482617587,
        83.14917127071824,
        16.216216216216218,
        73.6413043478261,
        0.3125,
        17.451523545706372,
        72.67441860465115,
        0.4016064257028112,
        62.4031007751938,
        22.22222222222222,
        6.2761506276150625,
        83.45864661654136,
        96.415770609319,
        4.912280701754386,
        73.15068493150685,
        77.9126213592233,
        5.912596401028278,
        97.7961432506887,
        53.43811394891945,
        23.73540856031128,
        42.00913242009132,
        80.81841432225065,
        13.983050847457626,
        3.0470914127423825,
        77.62863534675614,
        0.0,
        0.5249343832020997,
        95.06903353057199,
        92.15686274509804,
        0.9259259259259258,
        21.052631578947366,
        80.76923076923077,
        59.76095617529881,
        54.23728813559322,
        46.33620689655172,
        73.12252964426878,
        91.91011235955057,
        94.68690702087287,
        82.38341968911918,
        49.042145593869726,
        64.39169139465875,
        64.96598639455783,
        68.64035087719299,
        43.710691823899374,
        71.88264058679707,
        89.43661971830986,
        77.18120805369128,
        86.8945868945869,
        8.595988538681947,
        0.0,
        74.75409836065575,
        12.362637362637363,
        91.6030534351145,
        20.422535211267608,
        13.686534216335541,
        56.74157303370787,
        5.609756097560976,
        70.14028056112225,
        86.70076726342711,
        0.0,
        78.94736842105263,
        56.08974358974359,
        79.02869757174393,
        64.20047732696898,
        37.83132530120482,
        41.19318181818182,
        0.0,
        5.172413793103448,
        76.3586956521739,
        69.55128205128204,
        57.105943152454785,
        0.0,
        69.12065439672801,
        65.65656565656566,
        91.28205128205128,
        24.444444444444443,
        11.796733212341199,
        44.565217391304344,
        21.830985915492956,
        0.0,
        32.38341968911917,
        70.07299270072993,
        90.59080962800876,
        83.50515463917526,
        5.6000000000000005,
        7.785888077858881,
        1.5974440894568689,
        81.54761904761905,
        48.92086330935252,
        2.3529411764705883,
        75.1434034416826,
        29.844961240310074,
        41.17647058823529,
        34.070796460176986,
        73.46437346437347,
        81.65467625899281,
        55.865921787709496,
        61.57407407407407,
        82.99445471349352,
        86.8632707774799,
        33.33333333333333,
        45.54455445544555,
        33.755274261603375,
        0.0,
        84.42622950819673,
        4.773869346733668,
        54.50346420323326,
        5.755395683453238,
        72.25,
        40.43956043956044,
        61.505376344086024,
        94.98806682577565,
        99.36708860759494,
        82.87937743190662,
        7.366482504604052,
        6.7368421052631575,
        82.6879271070615,
        10.835214446952596,
        30.352941176470587,
        68.6046511627907,
        14.210526315789473,
        61.74636174636174,
        93.64406779661016,
        26.353790613718413,
        1.7241379310344827,
        42.857142857142854,
        0.0,
        71.875,
        96.02510460251045,
        86.50137741046832,
        17.660044150110377,
        93.69369369369369,
        97.05014749262537,
        50.68493150684932,
        89.55223880597015,
        2.4390243902439024,
        87.61329305135952,
        74.59807073954984,
        36.80203045685279,
        92.60450160771704,
        49.140893470790374,
        95.32710280373831,
        6.989247311827956,
        99.21875,
        75.35971223021582,
        28.04878048780488,
        49.03225806451613,
        18.58974358974359,
        80.0,
        74.74226804123711,
        61.53846153846154,
        69.1919191919192,
        28.975265017667844,
        70.62937062937063,
        91.6923076923077,
        84.5272206303725,
        61.20331950207469,
        91.30434782608695,
        44.303797468354425,
        86.1878453038674,
        0.0,
        75.28868360277137,
        86.26506024096385,
        67.3076923076923,
        69.08396946564885,
        0.0,
        4.25531914893617,
        77.5257731958763,
        0.40650406504065045,
        21.428571428571427,
        74.52830188679245,
        0.0,
        87.91540785498489,
        1.3888888888888888,
        80.0,
        0.0,
        62.42038216560509,
        14.0625,
        82.16374269005848,
        84.63356973995272,
        20.930232558139537,
        3.571428571428571,
        85.08771929824562,
        0.24691358024691357,
        74.74226804123711,
        56.58536585365853,
        0.0,
        0.5102040816326531,
        85.28735632183908,
        50.40871934604905,
