{
    "OA": 32.75658005974187,
    "AA": 34.583377549622405,
    "OOD": null,
    "NMI": null,
    "H-score": null,
    "H3-score": null,
    "Recall-all": [
        50.0,
        18.181818181818183,
        19.148936170212767,
        22.5,
        27.884615384615387,
        15.584415584415584,
        62.33766233766234,
        41.935483870967744,
        27.77777777777778,
        0.0,
        53.47222222222222,
        35.86206896551724,
        15.032679738562091,
        39.436619718309856,
        10.256410256410255,
        26.42857142857143,
        72.72727272727273,
        16.541353383458645,
        9.022556390977442,
        43.75,
        42.857142857142854,
        12.32876712328767,
        0.0,
        36.29032258064516,
        17.91044776119403,
        15.267175572519085,
        92.0,
        3.4482758620689653,
        8.947368421052632,
        74.16666666666667,
        36.95652173913043,
        36.44859813084112,
        55.828220858895705,
        2.380952380952381,
        8.98876404494382,
        34.31372549019608,
        6.024096385542169,
        17.525773195876287,
        30.666666666666664,
        20.476190476190474,
        91.53439153439153,
        21.354166666666664,
        33.76068376068376,
        13.600000000000001,
        27.607361963190186,
        18.58407079646018,
        66.90647482014388,
        47.74193548387097,
        0.4618937644341801,
        70.6896551724138,
        83.33333333333334,
        6.521739130434782,
        87.5,
        56.09756097560976,
        91.20879120879121,
        35.526315789473685,
        8.333333333333332,
        32.758620689655174,
        37.735849056603776,
        41.53846153846154,
        13.333333333333334,
        25.742574257425744,
        26.08695652173913,
        10.256410256410255,
        17.582417582417584,
        11.76470588235294,
        52.27272727272727,
        12.5,
        2.9850746268656714,
        21.73913043478261,
        45.83333333333333,
        9.929078014184398,
        55.00000000000001,
        53.333333333333336,
        17.142857142857142,
        86.95652173913044,
        50.0,
        10.526315789473683,
        13.043478260869565,
        6.779661016949152,
        16.666666666666664,
        36.36363636363637,
        87.73584905660378,
        2.0100502512562812,
        53.57142857142857,
        66.94214876033058,
        42.05607476635514,
        2.952029520295203,
        27.500000000000004,
        50.0,
        15.217391304347828,
        9.67741935483871,
        64.40677966101694,
        26.136363636363637,
        15.139442231075698,
        78.67647058823529,
        0.0,
        13.0,
        44.966442953020135,
        62.5,
        46.51162790697674,
        66.90647482014388,
        29.906542056074763,
        83.33333333333334,
        28.000000000000004,
        9.090909090909092,
        46.49122807017544,
        16.0,
        0.0,
        69.04761904761905,
        73.33333333333333,
        10.204081632653061,
        1.5151515151515151,
        60.204081632653065,
        13.095238095238097,
        35.37117903930131,
        47.87644787644788,
        80.8080808080808,
        1.5625,
        67.46987951807229,
        11.578947368421053,
        0.0,
        85.1063829787234,
        61.452513966480446,
        60.97560975609756,
        54.929577464788736,
        6.521739130434782,
        19.402985074626866,
        0.0,
        73.07692307692307,
        5.64516129032258,
        11.801242236024844,
        35.5,
        2.5,
        43.65079365079365,
        51.181102362204726,
        48.97959183673469,
        13.855421686746988,
        83.87096774193549,
        16.9811320754717,
        23.846153846153847,
        60.526315789473685,
        60.58394160583942,
        15.753424657534246,
        52.5,
        30.64516129032258,
        47.88732394366197,
        71.83098591549296,
        31.25,
        27.11864406779661
    ],
    "Closed Set Accuracy": {
        "OA": 70.83920419320296,
        "AA": 71.76045243973171,