{
    "OA": 76.38347299427528,
    "AA": 50.913702308594864,
    "OOD": 92.55965079260888,
    "NMI": 64.06274698093681,
    "H-score": 65.46038891314119,
    "H3-score": 64.98913798287063,
    "Recall-all": [
        56.81818181818182,
        38.961038961038966,
        23.404255319148938,
        31.25,
        48.55769230769231,
        24.675324675324674,
        76.62337662337663,
        50.0,
        51.587301587301596,
        8.045977011494253,
        62.5,
        45.51724137931035,
        39.21568627450981,
        70.4225352112676,
        12.82051282051282,
        50.0,
        84.84848484848484,
        33.08270676691729,
        20.30075187969925,
        61.60714285714286,
        55.35714285714286,
        30.136986301369863,
        7.2727272727272725,
        50.806451612903224,
        32.83582089552239,
        51.14503816793893,
        96.0,
        26.436781609195403,
        15.263157894736842,
        92.91666666666667,
        46.73913043478261,
        67.28971962616822,
        71.77914110429448,
        11.904761904761903,
        19.101123595505616,
        49.01960784313725,
        14.457831325301203,
        36.08247422680412,
        44.44444444444444,
        26.190476190476193,
        93.12169312169311,
        45.3125,
        61.53846153846154,
        36.0,
        45.39877300613497,
        27.43362831858407,
        86.33093525179856,
        78.06451612903226,
        0.6928406466512702,
        81.60919540229885,
        90.47619047619048,
        13.043478260869565,
        91.66666666666666,
        58.536585365853654,
        94.5054945054945,
        53.94736842105263,
        12.5,
        55.172413793103445,
        73.58490566037736,
        52.307692307692314,
        34.44444444444444,
        48.51485148514851,
        56.52173913043478,
        30.76923076923077,
        39.56043956043956,
        35.294117647058826,
        90.9090909090909,
        25.0,
        25.37313432835821,
        26.08695652173913,
        58.333333333333336,
        23.404255319148938,
        80.0,
        70.0,
        37.142857142857146,
        91.30434782608695,
        62.5,
        52.63157894736842,
        17.391304347826086,
        11.864406779661017,
        52.38095238095239,
        63.63636363636363,
        92.45283018867924,
        2.512562814070352,
        71.42857142857143,
        78.51239669421489,
        43.925233644859816,
        5.535055350553505,
        67.5,
        60.71428571428571,
        34.78260869565217,
        51.61290322580645,
        83.05084745762711,
        46.590909090909086,
        28.286852589641438,
        84.55882352941177,
        22.22222222222222,
        45.0,
        59.73154362416108,
        73.4375,
        61.240310077519375,
        79.13669064748201,
        42.99065420560748,
        95.6989247311828,
        69.6,
        12.121212121212121,
        73.68421052631578,
        26.0,
        13.461538461538462,
        69.04761904761905,
        80.0,
        30.612244897959183,
        20.707070707070706,
        70.40816326530613,
        35.714285714285715,
        45.414847161572055,
        66.79536679536679,
        93.93939393939394,
        9.375,
        79.51807228915662,
        20.0,
        6.808510638297872,
        89.36170212765957,
        75.41899441340783,
        70.73170731707317,
        82.3943661971831,
        27.173913043478258,
        44.776119402985074,
        6.896551724137931,
        86.92307692307692,
        18.548387096774192,
        20.082815734989648,
        67.5,
        6.666666666666667,
        76.98412698412699,
        78.74015748031496,
        65.3061224489796,
        44.57831325301205,
        87.09677419354838,
        35.84905660377358,
        57.692307692307686,
        88.1578947368421,
        77.37226277372264,
        32.19178082191781,
        67.5,
        35.483870967741936,
        67.6056338028169,
        87.32394366197182,
        56.25,
        66.94915254237289,
        92.55965079260888
    ],
    "Closed Set Accuracy": {
        "OA": 77.73769937440117,
        "AA": 79.12424845294316,