{
    "OA": 47.86152825022816,
    "AA": 49.96787738590131,
    "OOD": null,
    "NMI": null,
    "H-score": null,
    "H3-score": null,
    "Recall-all": [
        81.81818181818183,
        40.25974025974026,
        16.312056737588655,
        3.75,
        26.442307692307693,
        32.467532467532465,
        80.51948051948052,
        83.87096774193549,
        19.841269841269842,
        2.2988505747126435,
        85.41666666666666,
        40.689655172413794,
        63.39869281045751,
        76.76056338028168,
        7.6923076923076925,
        72.14285714285714,
        75.75757575757575,
        53.383458646616546,
        39.097744360902254,
        34.82142857142857,
        50.89285714285714,
        54.794520547945204,
        21.818181818181817,
        50.806451612903224,
        15.522388059701491,
        77.86259541984732,
        87.0,
        27.586206896551722,
        24.736842105263158,
        96.25,
        53.80434782608695,
        14.018691588785046,
        70.5521472392638,
        21.428571428571427,
        3.3707865168539324,
        54.90196078431373,
        34.93975903614458,
        42.2680412371134,
        51.55555555555556,
        34.285714285714285,
        94.70899470899471,
        45.3125,
        50.427350427350426,
        48.8,
        39.263803680981596,
        39.823008849557525,
        80.57553956834532,
        62.58064516129033,
        0.4618937644341801,
        81.60919540229885,
        76.19047619047619,
        6.521739130434782,
        93.75,
        43.90243902439025,
        97.8021978021978,
        53.94736842105263,
        14.583333333333334,
        36.206896551724135,
        52.83018867924528,
        53.84615384615385,
        45.55555555555556,
        66.33663366336634,
        56.52173913043478,
        28.205128205128204,
        25.274725274725274,
        23.52941176470588,
        72.72727272727273,
        50.0,
        58.2089552238806,
        30.434782608695656,
        54.166666666666664,
        28.368794326241137,
        65.0,
        56.666666666666664,
        22.857142857142858,
        78.26086956521739,
        75.0,
        63.1578947368421,
        26.08695652173913,
        15.254237288135593,
        66.66666666666666,
        54.54545454545454,
        95.28301886792453,
        2.512562814070352,
        86.60714285714286,
        76.03305785123968,
        60.747663551401864,
        9.22509225092251,
        18.75,
        78.57142857142857,
        13.043478260869565,
        4.6082949308755765,
        77.96610169491525,
        39.77272727272727,
        31.47410358565737,
        86.76470588235294,
        33.33333333333333,
        62.0,
        67.11409395973155,
        58.333333333333336,
        52.71317829457365,
        63.30935251798561,
        17.75700934579439,
        96.7741935483871,
        45.6,
        9.090909090909092,
        75.73099415204678,
        35.333333333333336,
        35.8974358974359,
        64.28571428571429,
        84.76190476190476,
        38.775510204081634,
        62.62626262626263,
        76.53061224489795,
        58.333333333333336,
        42.35807860262008,
        74.13127413127413,
        95.95959595959596,
        40.625,
        75.90361445783132,
        18.947368421052634,
        0.851063829787234,
        57.446808510638306,
        67.59776536312849,
        75.60975609756098,
        76.05633802816901,
        18.478260869565215,
        28.35820895522388,
        12.068965517241379,
        86.15384615384616,
        26.61290322580645,
        7.453416149068323,
        72.0,
        3.3333333333333335,
        88.09523809523809,
        79.52755905511812,
        79.59183673469387,
        39.75903614457831,
        90.32258064516128,
        49.056603773584904,
        79.23076923076923,
        82.89473684210526,
        81.75182481751825,
        62.328767123287676,
        56.25,
        24.193548387096776,
        54.929577464788736,
        95.77464788732394,
        18.75,
        57.6271186440678,
        67.70833333333334,
        18.181818181818183,
        94.56521739130434,
        66.0,
        21.100917431192663,
        8.955223880597014,
        56.69291338582677,
        70.9090909090909,
        21.53846153846154,
        81.17647058823529,
        81.05263157894737,
        50.0,
        13.684210526315791,
        60.0,
        51.19047619047619,
        53.84615384615385,
        23.74429223744292,
        46.00760456273764,
        44.21052631578947,
        73.4982332155477,
        62.19512195121951,
        82.02247191011236,
        1.6129032258064515,
        18.75,
        78.26086956521739,
        37.66233766233766,
        85.71428571428571,
        47.2972972972973,
        47.61904761904761,
        81.48148148148148,
        76.78571428571429,
        76.31578947368422,
        90.15151515151516,
        88.0503144654088,
        65.42056074766354,
        42.3728813559322,
        62.93103448275862,
        34.25925925925926,
        89.8989898989899,
        95.2054794520548,
        27.40740740740741,
        35.22727272727273,
        45.3125,
        64.70588235294117,
        8.547008547008547,
        70.45454545454545,
        0.0,
        50.63291139240506,
        55.714285714285715,
        10.0,
        36.25,
        97.11538461538461,
        83.63636363636363,
        8.653846153846153,
        96.42857142857143,
        59.61538461538461,
        54.54545454545454,
        77.87610619469027,
        96.29629629629629,
        66.3157894736842,
        43.20987654320987,
        66.66666666666666,
        79.03225806451613,
        6.153846153846154,
        29.67032967032967,
        92.1259842519685,
        50.90909090909091,
        72.22222222222221,
        76.02739726027397,
        91.56626506024097,
        73.2824427480916,
        15.18987341772152,
        77.07006369426752,
        75.0,
        94.5054945054945,
        7.142857142857142,
        72.80701754385966,
        47.5609756097561,
        20.0,
        9.722222222222223,
        29.629629629629626,
        23.52941176470588,
        45.614035087719294,
        30.76923076923077,
        45.85987261146497,
        92.06349206349206,
        49.79253112033195,
        49.56521739130435,
        2.484472049689441,
        53.125,
        41.53846153846154,
        65.625,
        100.0,
        94.11764705882352,
        14.492753623188406,
        45.23809523809524,
        30.76923076923077,
        54.18326693227091,
        46.666666666666664,
        58.108108108108105,
        71.62790697674419,
        15.573770491803279,
        53.64238410596026,
        55.0314465408805,
        21.91235059760956,
        64.97175141242938,
        4.696132596685083,
        38.372093023255815,
        64.87341772151899,
        69.04231625835189,
        12.98342541436464,
        19.002375296912113,
        32.608695652173914,
        50.3448275862069,
        72.54901960784314,
        29.230769230769234,
        5.839416058394161,
        8.881578947368421,
        51.25448028673835,
        44.30769230769231,
        18.014705882352942,
        38.31775700934579,
        6.841046277665996,
        68.5823754789272,
        45.85987261146497,
        57.798165137614674,
        32.22222222222222,
        35.35714285714286,
        37.3134328358209,
        3.592814371257485,
        7.516339869281046,
        50.74074074074074,
        40.43715846994536,
        0.0,
        7.317073170731707,
        3.3333333333333335,
        63.46153846153846,
        0.0,
        9.333333333333334,
        33.14917127071823,
        66.42335766423358,
        50.27624309392266,
        51.162790697674424,
        37.32394366197183,
        56.018518518518526,
        0.5617977528089888,
        74.23312883435584,
        53.44827586206896,
        53.03030303030303,
        52.87356321839081,
        63.26530612244898,
        26.368159203980102,
        82.72727272727273,
