{
    "OA": 72.84729387487103,
    "AA": 45.3166575904593,
    "OOD": 94.22513152082246,
    "NMI": 61.213914141364924,
    "H-score": 60.90137623385967,
    "H3-score": 61.00657663394109,
    "Recall-all": [
        54.54545454545454,
        35.4978354978355,
        21.27659574468085,
        28.749999999999996,
        36.05769230769231,
        24.675324675324674,
        75.32467532467533,
        50.0,
        45.23809523809524,
        5.747126436781609,
        61.111111111111114,
        40.0,
        29.411764705882355,
        64.08450704225352,
        10.256410256410255,
        44.285714285714285,
        84.84848484848484,
        27.819548872180448,
        16.541353383458645,
        50.89285714285714,
        45.535714285714285,
        23.972602739726025,
        1.8181818181818181,
        45.16129032258064,
        20.8955223880597,
        41.98473282442748,
        95.0,
        14.942528735632186,
        16.842105263157894,
        88.33333333333333,
        42.934782608695656,
        62.616822429906534,
        65.6441717791411,
        4.761904761904762,
        14.606741573033707,
        40.19607843137255,
        13.253012048192772,
        30.927835051546392,
        40.88888888888889,
        25.238095238095237,
        93.12169312169311,
        35.9375,
        56.41025641025641,
        30.4,
        39.263803680981596,
        25.663716814159294,
        82.73381294964028,
        74.83870967741936,
        0.6928406466512702,
        76.4367816091954,
        90.47619047619048,
        8.695652173913043,
        89.58333333333334,
        58.536585365853654,
        94.5054945054945,
        47.368421052631575,
        12.5,
        50.0,
        54.71698113207547,
        47.69230769230769,
        24.444444444444443,
        42.57425742574257,
        47.82608695652174,
        30.76923076923077,
        31.868131868131865,
        17.647058823529413,
        90.9090909090909,
        25.0,
        7.462686567164178,
        21.73913043478261,
        58.333333333333336,
        16.312056737588655,
        80.0,
        63.33333333333333,
        30.0,
        91.30434782608695,
        62.5,
        26.31578947368421,
        13.043478260869565,
        10.16949152542373,
        45.23809523809524,
        54.54545454545454,
        88.67924528301887,
        2.0100502512562812,
        66.07142857142857,
        77.68595041322314,
        43.925233644859816,
        3.3210332103321036,
        38.75,
        60.71428571428571,
        23.91304347826087,
        26.72811059907834,
        74.57627118644068,
        40.909090909090914,
        23.50597609561753,
        83.82352941176471,
        11.11111111111111,
        36.0,
        53.691275167785236,
        67.70833333333334,
        55.03875968992248,
        75.53956834532374,
        33.64485981308411,
        90.86021505376344,
        48.0,
        12.121212121212121,
        63.74269005847953,
        20.0,
        3.8461538461538463,
        69.04761904761905,
        77.61904761904762,
        23.46938775510204,
        12.121212121212121,
        63.26530612244898,
        21.428571428571427,
        43.66812227074236,
        60.61776061776062,
        92.92929292929293,
        9.375,
        77.10843373493977,
        18.947368421052634,
        1.702127659574468,
        88.29787234042553,
        67.0391061452514,
        68.29268292682927,
        75.35211267605634,
        18.478260869565215,
        32.83582089552239,
        6.896551724137931,
        83.84615384615385,
        13.709677419354838,
        18.84057971014493,
        59.0,
        6.666666666666667,
        69.84126984126983,
        66.92913385826772,
        65.3061224489796,
        24.096385542168676,
        87.09677419354838,
        28.30188679245283,
        43.07692307692308,
        81.57894736842105,
        70.8029197080292,
        28.08219178082192,
        66.25,
        38.70967741935484,
        49.29577464788733,
        80.28169014084507,
        56.25,
        53.38983050847458,
        94.22513152082246
    ],
    "Closed Set Accuracy": {
        "OA": 75.48328918446711,
        "AA": 76.88041672082942,