{
    "OA": 73.70874325610917,
    "AA": 57.77413309615944,
    "OOD": 85.99799328789399,
    "NMI": 74.03585466887408,
    "H-score": 68.98045527360223,
    "H3-score": 70.5884547422556,
    "Recall-all": [
        77.41935483870968,
        64.58333333333334,
        37.93103448275862,
        13.725490196078432,
        29.829545454545453,
        42.78846153846153,
        47.5609756097561,
        30.476190476190478,
        41.47909967845659,
        20.33898305084746,
        69.6113074204947,
        23.52941176470588,
        66.48648648648648,
        66.4,
        12.592592592592592,
        84.8993288590604,
        39.285714285714285,
        24.46808510638298,
        3.125,
        59.375,
        34.74178403755869,
        63.33333333333333,
        79.65616045845272,
        79.62264150943396,
        45.173745173745175,
        40.625,
        66.21004566210046,
        54.54545454545454,
        2.586206896551724,
        81.61764705882352,
        22.330097087378643,
        38.064516129032256,
        51.80722891566265,
        77.77777777777779,
        71.9298245614035,
        52.27272727272727,
        82.14285714285714,
        57.37265415549599,
        38.578680203045685,
        35.23809523809524,
        86.50306748466258,
        37.89954337899543,
        42.24924012158054,
        61.42857142857143,
        31.03448275862069,
        59.523809523809526,
        90.0,
        71.7948717948718,
        0.0,
        85.92592592592592,
        91.76470588235294,
        36.44859813084112,
        62.5,
        6.666666666666667,
        87.12871287128714,
        67.88990825688074,
        42.0,
        47.682119205298015,
        45.55555555555556,
        78.37837837837837,
        61.65413533834586,
        19.35483870967742,
        83.78378378378379,
        85.35031847133759,
        92.5,
        84.61538461538461,
        89.0909090909091,
        41.30434782608695,
        50.0,
        92.3076923076923,
        52.52525252525253,
        16.176470588235293,
        80.64516129032258,
        41.208791208791204,
        51.546391752577314,
        72.86821705426357,
        88.88888888888889,
        81.81818181818183,
        56.75675675675676,
        88.88888888888889,
        66.66666666666666,
        99.08256880733946,
        99.06542056074767,
        83.33333333333334,
        73.80952380952381,
        49.09090909090909,
        85.62091503267973,
        19.834710743801654,
        36.36363636363637,
        66.21621621621621,
        64.70588235294117,
        17.892644135188867,
        98.57142857142858,
        77.77777777777779,
        70.24793388429752,
        93.16770186335404,
        88.77551020408163,
        42.857142857142854,
        59.154929577464785,
        93.85665529010238,
        82.57575757575758,
        52.307692307692314,
        6.779661016949152,
        99.32432432432432,
        24.137931034482758,
        63.63636363636363,
        66.16915422885572,
        13.793103448275861,
        71.42857142857143,
        9.090909090909092,
        86.25,
        38.23529411764706,
        7.6923076923076925,
        80.0,
        60.0,
        81.5126050420168,
        80.59701492537313,
        98.7012987012987,
        2.73972602739726,
        62.5,
        100.0,
        20.64896755162242,
        46.15384615384615,
        52.54237288135594,
        43.103448275862064,
        99.13793103448276,
        67.79661016949152,
        59.45945945945946,
        58.4,
        100.0,
        23.28767123287671,
        47.40406320541761,
        69.72477064220183,
        17.03056768558952,
        85.91549295774648,
        86.0,
        58.06451612903226,
        19.774011299435028,
        87.82051282051282,
        17.454545454545457,
        20.634920634920633,
        91.90751445086705,
        84.35754189944134,
        33.33333333333333,
        60.71428571428571,
        42.58064516129032,
        75.38461538461539,
        97.52747252747253,
        22.857142857142858,
        80.12618296529969,
        85.99799328789399
    ],
    "Closed Set Accuracy": {
        "OA": 72.76065634732487,
        "AA": 71.78814504794204,