{
    "OA": 33.73773997118021,
    "AA": 32.38693231427035,
    "OOD": null,
    "NMI": null,
    "H-score": null,
    "H3-score": null,
    "UCR": 68.58643610839957,
    "Recall-all": [
        67.74193548387096,
        22.22222222222222,
        8.620689655172415,
        11.76470588235294,
        45.45454545454545,
        11.057692307692307,
        28.65853658536585,
        3.8095238095238098,
        10.610932475884244,
        1.0169491525423728,
        26.855123674911663,
        9.803921568627452,
        39.45945945945946,
        27.6,
        8.88888888888889,
        26.174496644295303,
        19.047619047619047,
        10.638297872340425,
        0.6944444444444444,
        32.29166666666667,
        19.718309859154928,
        6.666666666666667,
        3.4383954154727796,
        45.28301886792453,
        4.633204633204633,
        0.0,
        79.45205479452055,
        18.181818181818183,
        0.0,
        27.941176470588236,
        7.766990291262135,
        33.5483870967742,
        42.168674698795186,
        33.33333333333333,
        62.28070175438597,
        20.454545454545457,
        53.57142857142857,
        41.55495978552279,
        21.31979695431472,
        14.285714285714285,
        81.59509202453987,
        9.58904109589041,
        13.677811550151976,
        35.714285714285715,
        5.172413793103448,
        4.761904761904762,
        50.0,
        12.82051282051282,
        0.0,
        77.03703703703704,
        72.94117647058823,
        26.168224299065418,
        37.5,
        40.0,
        69.80198019801979,
        22.93577981651376,
        46.0,
        35.099337748344375,
        22.22222222222222,
        54.054054054054056,
        21.804511278195488,
        0.0,
        63.78378378378379,
        49.681528662420384,
        51.24999999999999,
        50.0,
        50.0,
        1.0869565217391304,
        0.0,
        12.82051282051282,
        55.55555555555556,
        8.333333333333332,
        32.25806451612903,
        29.67032967032967,
        20.618556701030926,
        48.837209302325576,
        61.111111111111114,
        0.0,
        32.432432432432435,
        0.0,
        0.0,
        87.1559633027523,
        85.04672897196261,
        58.333333333333336,
        40.476190476190474,
        32.72727272727273,
        69.28104575163398,
        3.3057851239669422,
        36.36363636363637,
        50.0,
        25.882352941176475,
        20.87475149105368,
        58.57142857142858,
        68.19923371647509,
        45.04132231404959,
        65.83850931677019,
        73.46938775510205,
        21.428571428571427,
        47.183098591549296,
        75.42662116040955,
        58.333333333333336,
        34.61538461538461,
        3.389830508474576,
        68.24324324324324,
        7.389162561576355,
        36.36363636363637,
        39.800995024875625,
        5.172413793103448,
        7.142857142857142,
        9.090909090909092,
        59.583333333333336,
        11.76470588235294,
        0.0,
        70.0,
        20.0,
        71.42857142857143,
        17.537313432835823,
        86.36363636363636,
        2.054794520547945,
        52.77777777777778,
        57.14285714285714,
        6.1946902654867255,
        50.29585798816568,
        15.254237288135593,
        15.517241379310345,
        82.75862068965517,
        38.983050847457626,
        16.89189189189189,
        32.0,
        63.013698630136986,
        2.73972602739726,
        34.31151241534989,
        37.15596330275229,
        3.4934497816593884,
        38.028169014084504,
        49.0,
        12.903225806451612,
        0.5649717514124294,
        47.43589743589743,
        0.36363636363636365,
        3.968253968253968,
        61.849710982658955,
        57.54189944134078,
        11.11111111111111,
        42.857142857142854,
        40.0,
        20.76923076923077,
        69.78021978021978,
        28.57142857142857,
        37.53943217665615
    ],
    "Closed Set Accuracy": {
        "OA": 68.58643610839957,
        "AA": 66.61580753827893,