{
    "OA": 76.55770347631295,
    "AA": 51.143672206896376,
    "OOD": 92.59903508484032,
    "NMI": 64.06274698093681,
    "H-score": 65.66321289961081,
    "H3-score": 65.12226801042114,
    "Recall-all": [
        59.09090909090909,
        42.857142857142854,
        15.602836879432624,
        33.75,
        48.55769230769231,
        24.675324675324674,
        80.51948051948052,
        50.0,
        53.17460317460318,
        9.195402298850574,
        61.111111111111114,
        46.89655172413793,
        41.17647058823529,
        72.53521126760563,
        15.384615384615385,
        49.28571428571429,
        84.84848484848484,
        36.09022556390977,
        21.804511278195488,
        62.5,
        54.46428571428571,
        28.08219178082192,
        14.545454545454545,
        50.806451612903224,
        37.014925373134325,
        51.14503816793893,
        96.0,
        21.839080459770116,
        18.947368421052634,
        92.5,
        47.82608695652174,
        70.56074766355141,
        72.39263803680981,
        14.285714285714285,
        16.853932584269664,
        47.05882352941176,
        13.253012048192772,
        30.927835051546392,
        40.88888888888889,
        25.71428571428571,
        93.12169312169311,
        41.66666666666667,
        64.1025641025641,
        39.2,
        41.104294478527606,
        31.858407079646017,
        84.17266187050359,
        79.35483870967742,
        0.6928406466512702,
        79.88505747126436,
        90.47619047619048,
        13.043478260869565,
        89.58333333333334,
        60.97560975609756,
        94.5054945054945,
        56.57894736842105,
        12.5,
        58.620689655172406,
        69.81132075471697,
        52.307692307692314,
        33.33333333333333,
        47.524752475247524,
        56.52173913043478,
        35.8974358974359,
        45.05494505494506,
        29.411764705882355,
        93.18181818181817,
        25.0,
        31.343283582089555,
        26.08695652173913,
        58.333333333333336,
        24.113475177304963,
        80.0,
        76.66666666666667,
        40.0,
        91.30434782608695,
        62.5,
        52.63157894736842,
        17.391304347826086,
        13.559322033898304,
        52.38095238095239,
        63.63636363636363,
        92.45283018867924,
        3.015075376884422,
        71.42857142857143,
        78.51239669421489,
        47.66355140186916,
        4.428044280442804,
        66.25,
        60.71428571428571,
        34.78260869565217,
        46.08294930875576,
        84.7457627118644,
        45.45454545454545,
        31.47410358565737,
        85.29411764705883,
        11.11111111111111,
        48.0,
        60.40268456375839,
        76.5625,
        62.7906976744186,
        78.41726618705036,
        48.598130841121495,
        95.6989247311828,
        64.0,
        12.121212121212121,
        76.90058479532163,
        26.666666666666668,
        18.91025641025641,
        69.04761904761905,
        80.95238095238095,
        30.612244897959183,
        22.727272727272727,
        69.38775510204081,
        38.095238095238095,
        47.161572052401745,
        70.27027027027027,
        93.93939393939394,
        10.9375,
        79.51807228915662,
        22.105263157894736,
        9.361702127659575,
        90.42553191489363,
        74.30167597765363,
        71.54471544715447,
        80.98591549295774,
        23.91304347826087,
        46.26865671641791,
        6.896551724137931,
        87.6923076923077,
        11.29032258064516,
        19.047619047619047,
        68.0,
        7.5,
        77.77777777777779,
        77.16535433070865,
        61.224489795918366,
        40.963855421686745,
        87.09677419354838,
        35.84905660377358,
        53.84615384615385,
        84.21052631578947,
        76.64233576642336,
        34.24657534246575,
        66.25,
        37.096774193548384,
        64.7887323943662,
        85.91549295774648,
        56.25,
        62.71186440677966,
        92.59903508484032
    ],
    "Closed Set Accuracy": {
        "OA": 77.95750436791974,
        "AA": 79.33226638746727,