{
    "OA": 74.7679308156141,
    "AA": 47.03754209190144,
    "OOD": 93.77919247136975,
    "NMI": 68.53397081229535,
    "H-score": 62.37336813494567,
    "H3-score": 64.30143376232765,
    "Recall-all": [
        79.56989247311827,
        43.05555555555556,
        10.344827586206897,
        17.647058823529413,
        57.95454545454546,
        21.153846153846153,
        40.243902439024396,
        11.428571428571429,
        27.009646302250808,
        1.694915254237288,
        46.28975265017668,
        14.37908496732026,
        69.1891891891892,
        43.2,
        11.851851851851853,
        48.99328859060403,
        32.142857142857146,
        13.829787234042554,
        1.7361111111111112,
        54.166666666666664,
        27.699530516431924,
        20.0,
        30.945558739255013,
        67.9245283018868,
        11.96911196911197,
        0.0,
        85.38812785388129,
        27.27272727272727,
        0.8620689655172413,
        52.94117647058824,
        10.679611650485436,
        63.87096774193548,
        48.19277108433735,
        77.77777777777779,
        75.43859649122807,
        38.63636363636363,
        57.14285714285714,
        62.466487935656836,
        31.472081218274113,
        26.666666666666668,
        88.34355828220859,
        24.65753424657534,
        34.954407294832826,
        52.85714285714286,
        15.517241379310345,
        19.047619047619047,
        75.0,
        52.56410256410257,
        0.0,
        87.77777777777777,
        91.76470588235294,
        44.85981308411215,
        37.5,
        53.333333333333336,
        73.26732673267327,
        42.201834862385326,
        56.00000000000001,
        54.3046357615894,
        38.333333333333336,
        62.16216216216216,
        46.99248120300752,
        6.451612903225806,
        77.83783783783784,
        66.2420382165605,
        88.75,
        65.38461538461539,
        81.81818181818183,
        7.608695652173914,
        2.7777777777777777,
        51.28205128205128,
        74.74747474747475,
        13.23529411764706,
        43.54838709677419,
        53.2967032967033,
        41.75257731958763,
        79.06976744186046,
        70.37037037037037,
        45.45454545454545,
        45.94594594594595,
        0.0,
        27.77777777777778,
        93.57798165137615,
        89.7196261682243,
        91.66666666666666,
        57.14285714285714,
        45.45454545454545,
        75.16339869281046,
        8.539944903581267,
        36.36363636363637,
        66.21621621621621,
        54.11764705882353,
        59.64214711729622,
        85.0,
        82.75862068965517,
        67.76859504132231,
        87.5776397515528,
        89.79591836734694,
        28.57142857142857,
        56.33802816901409,
        87.37201365187714,
        66.66666666666666,
        45.38461538461539,
        8.47457627118644,
        91.21621621621621,
        26.60098522167488,
        54.54545454545454,
        59.20398009950249,
        5.172413793103448,
        28.57142857142857,
        9.090909090909092,
        71.66666666666667,
        26.47058823529412,
        0.0,
        75.0,
        30.0,
        76.47058823529412,
        41.04477611940299,
        94.8051948051948,
        2.3972602739726026,
        70.83333333333334,
        57.14285714285714,
        33.6283185840708,
        62.1301775147929,
        44.06779661016949,
        18.96551724137931,
        93.10344827586206,
        42.3728813559322,
        45.27027027027027,
        42.4,
        91.78082191780823,
        15.068493150684931,
        45.146726862302486,
        60.09174311926605,
        6.986899563318777,
        67.6056338028169,
        79.0,
        35.483870967741936,
        2.2598870056497176,
        64.1025641025641,
        2.181818181818182,
        6.349206349206349,
        80.92485549132948,
        68.15642458100558,
        11.11111111111111,
        63.39285714285714,
        39.35483870967742,
        25.384615384615383,
        86.53846153846155,
        42.857142857142854,
        71.60883280757098,
        93.77919247136975
    ],
    "Closed Set Accuracy": {
        "OA": 76.88374471249942,
        "AA": 75.15909319027062,