{
    "OA": 76.44362399402638,
    "AA": 50.97177200181542,
    "OOD": 92.60231710919295,
    "NMI": 64.06274698093681,
    "H-score": 65.51966252098089,
    "H3-score": 65.02807300232152,
    "Recall-all": [
        56.81818181818182,
        41.125541125541126,
        20.56737588652482,
        35.0,
        46.63461538461539,
        24.675324675324674,
        79.22077922077922,
        48.38709677419355,
        54.761904761904766,
        12.068965517241379,
        62.5,
        46.89655172413793,
        41.17647058823529,
        67.6056338028169,
        10.256410256410255,
        49.28571428571429,
        84.84848484848484,
        35.338345864661655,
        21.052631578947366,
        58.03571428571429,
        54.46428571428571,
        27.397260273972602,
        7.2727272727272725,
        50.806451612903224,
        31.044776119402982,
        54.19847328244275,
        96.0,
        26.436781609195403,
        17.894736842105264,
        94.16666666666667,
        46.19565217391305,
        74.29906542056075,
        68.09815950920245,
        14.285714285714285,
        21.34831460674157,
        47.05882352941176,
        13.253012048192772,
        30.927835051546392,
        43.111111111111114,
        25.71428571428571,
        93.12169312169311,
        41.66666666666667,
        60.68376068376068,
        38.4,
        44.171779141104295,
        30.973451327433626,
        84.89208633093526,
        81.29032258064515,
        0.6928406466512702,
        82.18390804597702,
        90.47619047619048,
        10.869565217391305,
        91.66666666666666,
        58.536585365853654,
        94.5054945054945,
        52.63157894736842,
        12.5,
        60.3448275862069,
        73.58490566037736,
        50.76923076923077,
        32.22222222222222,
        43.56435643564357,
        56.52173913043478,
        33.33333333333333,
        40.65934065934066,
        29.411764705882355,
        93.18181818181817,
        25.0,
        29.850746268656714,
        26.08695652173913,
        58.333333333333336,
        24.822695035460992,
        80.0,
        73.33333333333333,
        38.57142857142858,
        91.30434782608695,
        62.5,
        52.63157894736842,
        17.391304347826086,
        13.559322033898304,
        50.0,
        63.63636363636363,
        93.39622641509435,
        3.015075376884422,
        71.42857142857143,
        78.51239669421489,
        48.598130841121495,
        8.118081180811808,
        66.25,
        60.71428571428571,
        32.608695652173914,
        49.30875576036866,
        84.7457627118644,
        48.86363636363637,
        28.68525896414343,
        84.55882352941177,
        22.22222222222222,
        43.0,
        60.40268456375839,
        75.52083333333334,
        61.240310077519375,
        78.41726618705036,
        45.794392523364486,
        95.6989247311828,
        67.2,
        12.121212121212121,
        68.71345029239765,
        24.666666666666668,
        15.064102564102564,
        69.04761904761905,
        75.71428571428571,
        30.612244897959183,
        25.252525252525253,
        72.44897959183673,
        38.095238095238095,
        46.288209606986904,
        69.4980694980695,
        93.93939393939394,
        12.5,
        78.3132530120482,
        18.947368421052634,
        14.042553191489363,
        88.29787234042553,
        74.30167597765363,
        70.73170731707317,
        79.5774647887324,
        19.565217391304348,
        40.298507462686565,
        6.896551724137931,
        88.46153846153845,
        13.709677419354838,
        21.325051759834366,
        65.0,
        7.5,
        84.92063492063492,
        83.46456692913385,
        65.3061224489796,
        36.144578313253014,
        87.09677419354838,
        39.62264150943396,
        54.61538461538461,
        84.21052631578947,
        74.45255474452554,
        32.19178082191781,
        68.75,
        38.70967741935484,
        63.38028169014085,
        88.73239436619718,
        56.25,
        66.94915254237289,
        92.60231710919295
    ],
    "Closed Set Accuracy": {
        "OA": 78.18294538691315,
        "AA": 79.50584340722351,