{
    "OA": 72.90741034592193,
    "AA": 54.939734003106075,
    "OOD": 84.78358647891223,
    "NMI": 74.03585466887408,
    "H-score": 66.52724897109549,
    "H3-score": 68.85634780322103,
    "Recall-all": [
        84.94623655913979,
        84.02777777777779,
        63.793103448275865,
        21.568627450980394,
        54.82954545454546,
        62.019230769230774,
        50.609756097560975,
        31.428571428571427,
        63.9871382636656,
        9.152542372881356,
        80.21201413427562,
        43.13725490196079,
        63.78378378378379,
        70.39999999999999,
        18.51851851851852,
        85.23489932885906,
        45.23809523809524,
        81.91489361702128,
        19.444444444444446,
        78.125,
        61.03286384976526,
        66.66666666666666,
        55.30085959885387,
        81.88679245283019,
        60.61776061776062,
        43.75,
        61.18721461187214,
        63.63636363636363,
        61.206896551724135,
        81.61764705882352,
        44.66019417475729,
        41.29032258064516,
        49.39759036144578,
        66.66666666666666,
        62.28070175438597,
        15.909090909090908,
        78.57142857142857,
        26.541554959785525,
        43.65482233502538,
        51.42857142857142,
        79.75460122699386,
        33.789954337899545,
        77.81155015197568,
        75.71428571428571,
        43.103448275862064,
        50.0,
        95.0,
        79.48717948717949,
        2.1739130434782608,
        82.5925925925926,
        90.58823529411765,
        39.25233644859813,
        62.5,
        6.666666666666667,
        83.16831683168317,
        87.1559633027523,
        34.0,
        17.218543046357617,
        43.888888888888886,
        78.37837837837837,
        65.41353383458647,
        12.903225806451612,
        78.37837837837837,
        57.324840764331206,
        28.749999999999996,
        61.53846153846154,
        91.81818181818183,
        5.434782608695652,
        44.44444444444444,
        97.43589743589743,
        49.494949494949495,
        13.725490196078432,
        85.48387096774194,
        24.175824175824175,
        60.824742268041234,
        28.68217054263566,
        83.33333333333334,
        36.36363636363637,
        40.54054054054054,
        77.77777777777779,
        77.77777777777779,
        72.47706422018348,
        98.13084112149532,
        0.0,
        85.71428571428571,
        52.72727272727272,
        89.54248366013073,
        44.0771349862259,
        9.090909090909092,
        12.162162162162163,
        35.294117647058826,
        19.681908548707753,
        98.57142857142858,
        82.37547892720306,
        54.54545454545454,
        68.32298136645963,
        27.55102040816326,
        50.0,
        75.35211267605634,
        56.655290102389074,
        89.39393939393939,
        51.53846153846153,
        3.389830508474576,
        97.97297297297297,
        14.77832512315271,
        9.090909090909092,
        74.6268656716418,
        34.48275862068966,
        35.714285714285715,
        0.0,
        85.83333333333333,
        17.647058823529413,
        12.82051282051282,
        80.0,
        70.0,
        81.9327731092437,
        76.86567164179104,
        98.7012987012987,
        2.73972602739726,
        72.91666666666666,
        100.0,
        25.368731563421832,
        21.893491124260358,
        44.06779661016949,
        48.275862068965516,
        99.13793103448276,
        63.559322033898304,
        46.62162162162162,
        16.0,
        100.0,
        12.32876712328767,
        64.55981941309255,
        71.10091743119266,
        36.24454148471616,
        91.54929577464789,
        93.0,
        48.38709677419355,
        6.214689265536723,
        70.51282051282051,
        8.0,
        30.952380952380953,
        94.79768786127167,
        84.35754189944134,
        33.33333333333333,
        50.89285714285714,
        37.41935483870968,
        80.0,
        87.63736263736264,
        0.0,
        88.64353312302839,
        84.78358647891223
    ],
    "Closed Set Accuracy": {
        "OA": 74.13656858643611,
        "AA": 71.07260678621037,