{
    "OA": 55.020429093676086,
    "AA": 54.379802039529054,
    "OOD": null,
    "NMI": null,
    "H-score": null,
    "H3-score": null,
    "Recall-all": [
        95.23809523809523,
        11.18421052631579,
        39.83516483516483,
        9.403669724770642,
        61.904761904761905,
        22.58064516129032,
        92.4812030075188,
        97.41379310344827,
        97.2972972972973,
        4.2682926829268295,
        87.77292576419214,
        85.39325842696628,
        84.03908794788273,
        82.77777777777777,
        26.277372262773724,
        57.3394495412844,
        91.66666666666666,
        96.20253164556962,
        26.860841423948216,
        84.24242424242424,
        96.41434262948208,
        72.85318559556787,
        19.080459770114942,
        63.08068459657702,
        36.93516699410609,
        67.78656126482213,
        51.61290322580645,
        50.108459869848154,
        41.64859002169197,
        73.22515212981745,
        97.48201438848922,
        3.046594982078853,
        75.49019607843137,
        8.816120906801007,
        15.8203125,
        30.923694779116467,
        35.61643835616438,
        41.37931034482759,
        82.5,
        76.10441767068274,
        69.27710843373494,
        54.61121157323689,
        13.619402985074627,
        54.96828752642706,
        71.49321266968326,
        39.30131004366812,
        91.79954441913439,
        37.42802303262956,
        0.0,
        43.01801801801802,
        57.391304347826086,
        23.388581952117864,
        79.3103448275862,
        26.01626016260163,
        93.82352941176471,
        37.4251497005988,
        38.82352941176471,
        38.69047619047619,
        34.7926267281106,
        81.15942028985508,
        68.16326530612244,
        2.2900763358778624,
        58.778625954198475,
        4.821802935010482,
        2.333931777378815,
        18.543046357615893,
        20.70063694267516,
        8.516483516483516,
        45.089285714285715,
        81.81818181818183,
        3.640256959314775,
        34.13173652694611,
        87.85714285714286,
        46.00484261501211,
        11.946902654867257,
        5.092592592592593,
        57.47126436781609,
        7.199999999999999,
        15.04237288135593,
        3.8356164383561646,
        49.047619047619044,
        16.445623342175068,
        76.36363636363637,
        0.2840909090909091,
        96.19238476953907,
        78.64077669902912,
        88.20861678004536,
        31.3953488372093,
        5.974025974025974,
        64.30594900849859,
        7.848101265822785,
        0.1834862385321101,
        55.06172839506173,
        81.17913832199547,
        59.523809523809526,
        69.43620178041543,
        14.19753086419753,
        47.3551637279597,
        98.51301115241635,
        38.07829181494662,
        92.7860696517413,
        46.44351464435147,
        12.043795620437956,
        92.34972677595628,
        36.8995633187773,
        2.0242914979757085,
        58.31578947368421,
        91.04477611940298,
        6.185567010309279,
        73.9413680781759,
        77.01492537313432,
        34.26443202979516,
        16.937354988399072,
        84.17085427135679,
        80.98159509202453,
        67.95580110497238,
        14.414414414414415,
        90.76086956521739,
        84.375,
        88.64265927977839,
        95.34883720930233,
        1.6064257028112447,
        35.27131782945737,
        10.335917312661499,
        60.25104602510461,
        75.18796992481202,
        79.21146953405018,
        10.87719298245614,
        14.794520547945206,
        92.47572815533981,
        10.025706940874036,
        88.42975206611571,
        86.05108055009823,
        14.007782101167315,
        96.57534246575342,
        81.07416879795396,
        67.37288135593221,
        9.97229916897507,
        89.93288590604027,
        37.5,
        81.36482939632546,
        97.63313609467455,
        91.80035650623886,
        60.18518518518518,
        51.127819548872175,
        61.92307692307693,
        54.581673306772906,
        57.6271186440678,
        2.1551724137931036,
        89.13043478260869,
        84.04494382022472,
        87.4762808349146,
        96.37305699481865,
        12.643678160919542,
        12.759643916913946,
        16.3265306122449,
        63.377192982456144,
        32.38993710691824,
        29.3398533007335,
        93.42723004694837,
        83.22147651006712,
        65.24216524216524,
        25.214899713467048,
        86.17283950617283,
        79.01639344262294,
        20.054945054945055,
        9.923664122137405,
        21.12676056338028,
        2.869757174392936,
        84.8314606741573,
        80.97560975609757,
        64.52905811623246,
        0.2557544757033248,
        1.4925373134328357,
        82.82548476454294,
        81.73076923076923,
        71.7439293598234,
        81.14558472553699,
        64.57831325301204,
        62.5,
        75.87719298245614,
        76.72413793103449,
        85.32608695652173,
        35.256410256410255,
        78.55297157622739,
        77.96610169491525,
        21.267893660531698,
        55.3030303030303,
        89.23076923076924,
        77.22222222222223,
        2.35934664246824,
        34.78260869565217,
        7.042253521126761,
        17.434210526315788,
        13.471502590673575,
        42.518248175182485,
        0.0,
        77.5257731958763,
        9.2,
        12.652068126520682,
        9.26517571884984,
        94.44444444444444,
        68.10551558752998,
        51.470588235294116,
        86.4244741873805,
        61.240310077519375,
        28.609625668449194,
        49.11504424778761,
        82.30958230958231,
        40.28776978417266,
        56.424581005586596,
        68.28703703703704,
        70.24029574861368,
        4.289544235924933,
        28.865979381443296,
        66.33663366336634,
        45.9915611814346,
        26.01880877742947,
        87.70491803278688,
        64.07035175879398,
        32.33256351039261,
        38.1294964028777,
        78.0,
        36.48351648351648,
        75.05376344086021,
        32.21957040572792,
        95.88607594936708,
        21.78988326848249,
        18.23204419889503,
        38.73684210526316,
        82.00455580865604,
        7.44920993227991,
        39.76470588235294,
        60.23255813953489,
        58.15789473684211,
        57.380457380457386,
        96.39830508474576,
        43.32129963898917,
        8.045977011494253,
        37.66233766233766,
        51.08958837772397,
        47.91666666666667,
        98.5355648535565,
        93.1129476584022,
        0.0,
        80.63063063063063,
        93.21533923303835,
        43.83561643835616,
        78.35820895522389,
        58.536585365853654,
        98.48942598187311,
        88.10289389067523,
        97.20812182741116,
        96.78456591639872,
        85.91065292096219,
        96.26168224299066,
        29.03225806451613,
        74.21875,
        91.90647482014388,
        81.70731707317073,
        69.03225806451613,
        71.15384615384616,
        93.75,
        91.23711340206185,
        90.04524886877829,
        58.080808080808076,
        96.113074204947,
        46.15384615384615,
        91.6923076923077,
        9.455587392550143,
        50.829875518672196,
        84.78260869565217,
        53.16455696202531,
        91.16022099447514,
        80.16304347826086,
        82.90993071593533,
        43.132530120481924,
        75.27472527472527,
        86.25954198473282,
        0.0,
        4.25531914893617,
        86.5979381443299,
        39.02439024390244,
        2.380952380952381,
        2.8301886792452833,
        5.442176870748299,
        90.03021148036254,
        2.7777777777777777,
        25.217391304347824,
        32.08430913348946,
        69.42675159235668,
        33.125,
        57.89473684210527,
        82.97872340425532,
        65.4485049833887,
