{
    "OA": 47.645609631385675,
    "AA": 45.92575037777912,
    "OOD": null,
    "NMI": null,
    "H-score": null,
    "H3-score": null,
    "UCR": 67.22446892576582,
    "Recall-all": [
        80.64516129032258,
        62.5,
        60.3448275862069,
        15.686274509803921,
        40.340909090909086,
        53.605769230769226,
        48.170731707317074,
        29.523809523809526,
        61.41479099678456,
        2.3728813559322033,
        76.67844522968198,
        30.718954248366014,
        50.27027027027027,
        67.2,
        11.851851851851853,
        75.83892617449665,
        42.857142857142854,
        82.97872340425532,
        11.458333333333332,
        72.39583333333334,
        56.8075117370892,
        63.33333333333333,
        28.653295128939828,
        62.64150943396226,
        50.965250965250966,
        34.375,
        56.16438356164384,
        63.63636363636363,
        50.86206896551724,
        70.58823529411765,
        36.89320388349515,
        21.29032258064516,
        46.98795180722892,
        66.66666666666666,
        50.0,
        13.636363636363635,
        75.0,
        22.78820375335121,
        39.59390862944163,
        45.714285714285715,
        74.84662576687117,
        27.85388127853881,
        45.8966565349544,
        71.42857142857143,
        32.758620689655174,
        38.095238095238095,
        90.0,
        38.46153846153847,
        2.1739130434782608,
        78.14814814814814,
        78.82352941176471,
        35.51401869158878,
        62.5,
        6.666666666666667,
        82.17821782178217,
        75.22935779816514,
        28.000000000000004,
        10.596026490066226,
        37.77777777777778,
        72.97297297297297,
        44.3609022556391,
        3.225806451612903,
        74.05405405405405,
        44.5859872611465,
        15.0,
        65.38461538461539,
        62.727272727272734,
        1.0869565217391304,
        36.11111111111111,
        94.87179487179486,
        33.33333333333333,
        4.901960784313726,
        69.35483870967742,
        13.736263736263737,
        47.42268041237113,
        27.906976744186046,
        77.77777777777779,
        18.181818181818183,
        29.72972972972973,
        0.0,
        55.55555555555556,
        58.71559633027523,
        97.19626168224299,
        0.0,
        80.95238095238095,
        47.27272727272727,
        86.9281045751634,
        27.548209366391184,
        0.0,
        2.7027027027027026,
        15.294117647058824,
        10.536779324055665,
        74.28571428571429,
        77.77777777777779,
        43.388429752066116,
        26.70807453416149,
        22.448979591836736,
        35.714285714285715,
        70.4225352112676,
        47.44027303754266,
        85.60606060606061,
        48.46153846153846,
        3.389830508474576,
        95.27027027027027,
        8.374384236453201,
        9.090909090909092,
        68.65671641791045,
        24.137931034482758,
        14.285714285714285,
        0.0,
        81.25,
        14.705882352941178,
        5.128205128205128,
        80.0,
        60.0,
        74.78991596638656,
        50.0,
        98.7012987012987,
        2.054794520547945,
        68.05555555555556,
        100.0,
        9.144542772861357,
        8.875739644970414,
        15.254237288135593,
        32.758620689655174,
        96.55172413793103,
        53.38983050847458,
        27.027027027027028,
        6.4,
        98.63013698630137,
        6.8493150684931505,
        57.56207674943566,
        59.63302752293578,
        23.144104803493452,
        87.32394366197182,
        84.0,
        32.25806451612903,
        6.779661016949152,
        66.02564102564102,
        5.818181818181818,
        26.984126984126984,
        91.90751445086705,
        81.00558659217877,
        33.33333333333333,
        45.535714285714285,
        29.677419354838708,
        76.92307692307693,
        81.86813186813187,
        0.0,
        84.22712933753942
    ],
    "Closed Set Accuracy": {
        "OA": 67.22446892576582,
        "AA": 63.55030548998089,