{
    "OA": 29.577464788732392,
    "AA": 25.58255189409483,
    "OOD": null,
    "NMI": null,
    "H-score": null,
    "H3-score": null,
    "Recall-all": [
        82.79569892473118,
        61.111111111111114,
        27.586206896551722,
        15.686274509803921,
        28.40909090909091,
        49.519230769230774,
        39.02439024390244,
        4.761904761904762,
        32.154340836012864,
        1.0169491525423728,
        48.0565371024735,
        11.76470588235294,
        7.027027027027027,
        48.8,
        2.9629629629629632,
        54.69798657718121,
        42.857142857142854,
        40.42553191489361,
        0.6944444444444444,
        52.083333333333336,
        34.74178403755869,
        36.666666666666664,
        20.34383954154728,
        29.81132075471698,
        28.185328185328185,
        0.0,
        76.25570776255708,
        36.36363636363637,
        15.517241379310345,
        30.88235294117647,
        12.62135922330097,
        32.903225806451616,
        49.39759036144578,
        66.66666666666666,
        35.08771929824561,
        0.0,
        7.142857142857142,
        7.774798927613941,
        26.903553299492383,
        31.428571428571427,
        68.09815950920245,
        11.87214611872146,
        30.69908814589666,
        31.428571428571427,
        13.793103448275861,
        9.523809523809524,
        35.0,
        7.6923076923076925,
        8.695652173913043,
        42.96296296296296,
        15.294117647058824,
        9.345794392523365,
        25.0,
        10.0,
        33.16831683168317,
        43.11926605504588,
        18.0,
        1.9867549668874174,
        23.333333333333332,
        32.432432432432435,
        12.406015037593985,
        0.0,
        3.783783783783784,
        8.280254777070063,
        7.083333333333333,
        3.8461538461538463,
        30.0,
        0.0,
        0.0,
        2.564102564102564,
        54.54545454545454,
        0.0,
        32.25806451612903,
        6.043956043956044,
        36.597938144329895,
        15.503875968992247,
        25.925925925925924,
        0.0,
        18.91891891891892,
        0.0,
        0.0,
        6.422018348623854,
        76.63551401869158,
        0.0,
        57.14285714285714,
        40.0,
        86.9281045751634,
        8.539944903581267,
        27.27272727272727,
        29.72972972972973,
        1.1764705882352942,
        52.88270377733598,
        49.28571428571429,
        47.509578544061306,
        22.31404958677686,
        13.664596273291925,
        2.0408163265306123,
        0.0,
        52.112676056338024,
        38.225255972696246,
        68.18181818181817,
        40.0,
        3.389830508474576,
        69.5945945945946,
        4.926108374384237,
        9.090909090909092,
        43.28358208955223,
        6.896551724137931,
        0.0,
        0.0,
        44.583333333333336,
        0.0,
        0.0,
        60.0,
        0.0,
        60.08403361344538,
        17.16417910447761,
        74.67532467532467,
        0.684931506849315,
        47.91666666666667,
        57.14285714285714,
        0.5899705014749262,
        15.384615384615385,
        10.16949152542373,
        6.896551724137931,
        55.172413793103445,
        35.59322033898305,
        4.054054054054054,
        12.0,
        64.38356164383562,
        0.0,
        58.465011286681715,
        29.357798165137616,
        1.7467248908296942,
        33.80281690140845,
        51.0,
        6.451612903225806,
        0.5649717514124294,
        10.897435897435898,
        0.0,
        9.523809523809524,
        79.76878612716763,
        51.955307262569825,
        0.0,
        4.464285714285714,
        23.225806451612904,
        13.076923076923078,
        66.75824175824175,
        0.0,
        13.249211356466878
    ],
    "Closed Set Accuracy": {
        "OA": 67.45688653372379,
        "AA": 63.23879698886656,
        "Recall-all": [
            94.6236559139785,
            94.44444444444444,
            48.275862068965516,
            60.78431372549019,
            80.68181818181817,
            75.96153846153845,
            64.02439024390245,
            33.33333333333333,
            70.09646302250803,
            28.135593220338983,
            76.32508833922262,
            39.21568627450981,
            77.29729729729729,
            77.60000000000001,
            31.11111111111111,
            87.24832214765101,
            66.66666666666666,
            81.91489361702128,
            23.958333333333336,
            91.14583333333334,
            69.95305164319248,
            66.66666666666666,
            68.48137535816619,
            83.01886792452831,
            67.56756756756756,
            46.875,
            93.15068493150685,
            63.63636363636363,
            73.27586206896551,
            87.5,
            41.74757281553398,
            74.83870967741936,
            62.65060240963856,
            77.77777777777779,
            81.57894736842105,
            45.45454545454545,
            75.0,
            56.30026809651475,
            51.26903553299492,
            74.28571428571429,
            92.02453987730061,
            54.337899543378995,
            65.04559270516718,
            80.0,
            48.275862068965516,
            45.23809523809524,
            72.5,
            28.205128205128204,
            50.0,
            94.44444444444444,
            69.41176470588235,
            54.20560747663551,
            62.5,
            53.333333333333336,
            80.19801980198021,
            88.07339449541286,
            88.0,
            41.72185430463576,
            62.22222222222222,
            83.78378378378379,
            62.78195488721805,
            32.25806451612903,
            83.78378378378379,
            78.343949044586,
            92.91666666666667,
            42.30769230769231,
            56.36363636363636,
            17.391304347826086,
            36.11111111111111,
            89.74358974358975,
            86.86868686868688,
            22.54901960784314,
            61.29032258064516,
            50.54945054945055,
            80.9278350515464,
            17.829457364341085,
            85.18518518518519,
            36.36363636363637,
            67.56756756756756,
            33.33333333333333,
            44.44444444444444,
            90.82568807339449,
            94.39252336448598,
            16.666666666666664,
            89.28571428571429,
            72.72727272727273,
            90.84967320261438,
            55.09641873278237,
            72.72727272727273,
            44.5945945945946,
            43.529411764705884,
            95.62624254473161,
            87.85714285714286,
            94.6360153256705,
            83.05785123966942,
            67.08074534161491,
            86.73469387755102,
            28.57142857142857,
            80.98591549295774,
            80.88737201365188,
            93.93939393939394,
            54.61538461538461,
            5.084745762711865,
            99.32432432432432,
            12.807881773399016,
            45.45454545454545,
            82.08955223880598,
            48.275862068965516,
            42.857142857142854,
            18.181818181818183,
            78.33333333333333,
            47.05882352941176,
            2.564102564102564,
            80.0,
            100.0,
            86.5546218487395,
            83.2089552238806,
            98.7012987012987,
            3.4246575342465753,
            79.16666666666666,
            100.0,
            39.52802359882006,
            68.04733727810651,
            20.33898305084746,
            20.689655172413794,
            98.27586206896551,
            86.4406779661017,
            35.13513513513514,
            59.199999999999996,
            98.63013698630137,
            20.54794520547945,
            75.16930022573364,
            69.72477064220183,
            37.99126637554585,
