{
    "OA": 77.9241724976428,
    "AA": 63.30249039346093,
    "OOD": 90.07966644330281,
    "NMI": 82.79849433955954,
    "H-score": 74.22995290427784,
    "H3-score": 76.8834132404798,
    "Recall-all": [
        98.53479853479854,
        84.86842105263158,
        34.34065934065934,
        90.36697247706422,
        71.42857142857143,
        34.83870967741935,
        96.2406015037594,
        89.65517241379311,
        94.5945945945946,
        14.634146341463413,
        83.84279475982532,
        76.77902621722846,
        90.22801302931596,
        91.11111111111111,
        50.36496350364964,
        85.3211009174312,
        96.66666666666667,
        94.9367088607595,
        30.74433656957929,
        75.15151515151514,
        99.20318725099602,
        94.18282548476455,
        63.9080459770115,
        89.73105134474328,
        57.36738703339882,
        86.16600790513834,
        90.32258064516128,
        56.61605206073753,
        44.03470715835141,
        81.7444219066937,
        96.40287769784173,
        50.89605734767025,
        89.2156862745098,
        8.060453400503778,
        23.2421875,
        35.140562248995984,
        19.63470319634703,
        33.497536945812804,
        87.22222222222223,
        90.76305220883533,
        78.1124497991968,
        77.9385171790235,
        65.29850746268657,
        56.87103594080338,
        70.13574660633483,
        66.37554585152839,
        94.53302961275627,
        77.15930902111324,
        38.095238095238095,
        82.65765765765765,
        41.30434782608695,
        29.2817679558011,
        63.984674329501914,
        94.3089430894309,
        82.6470588235294,
        72.45508982035929,
        48.23529411764706,
        52.38095238095239,
        23.27188940092166,
        74.39613526570048,
        70.40816326530613,
        21.62849872773537,
        5.343511450381679,
        27.67295597484277,
        36.80430879712747,
        9.271523178807946,
        92.35668789808918,
        17.032967032967033,
        60.26785714285714,
        81.0909090909091,
        79.87152034261243,
        8.982035928143713,
        88.92857142857142,
        71.1864406779661,
        75.66371681415929,
        6.944444444444445,
        38.50574712643678,
        52.400000000000006,
        73.51694915254238,
        82.73972602739727,
        31.428571428571427,
        13.262599469496022,
        82.82828282828282,
        1.1363636363636365,
        95.79158316633266,
        77.66990291262135,
        99.31972789115646,
        46.51162790697674,
        70.9090909090909,
        86.11898016997166,
        30.126582278481013,
        61.8348623853211,
        95.30864197530863,
        86.62131519274377,
        73.01587301587301,
        70.62314540059347,
        6.172839506172839,
        54.91183879093199,
        96.28252788104089,
        78.64768683274022,
        89.55223880597015,
        66.52719665271967,
        25.547445255474454,
        96.17486338797814,
        41.92139737991266,
        29.1497975708502,
        42.94736842105264,
        80.38379530916845,
        5.77319587628866,
        72.9641693811075,
        63.582089552238806,
        39.85102420856611,
        15.777262180974477,
        86.4321608040201,
        65.6441717791411,
        88.12154696132598,
        60.96096096096096,
        86.41304347826086,
        74.6875,
        92.797783933518,
        94.18604651162791,
        13.253012048192772,
        70.15503875968993,
        49.35400516795866,
        64.01673640167364,
        90.0375939849624,
        95.6989247311828,
        41.40350877192983,
        69.86301369863014,
        86.6504854368932,
        19.28020565552699,
        98.89807162534436,
        75.44204322200393,
        22.17898832684825,
        83.33333333333334,
        83.37595907928389,
        52.54237288135594,
        5.263157894736842,
        73.37807606263982,
        18.75,
        83.2020997375328,
        97.43589743589743,
        88.05704099821747,
        65.74074074074075,
        48.62155388471178,
        66.92307692307692,
        77.68924302788844,
        71.67070217917676,
        27.155172413793103,
        79.2490118577075,
        90.07966644330281
    ],
    "Closed Set Accuracy": {
        "OA": 85.68398727465537,
        "AA": 86.0297598065729,