{
    "OA": 72.38681289596876,
    "AA": 81.29636963405271,
    "OOD": 64.26327153599881,
    "NMI": 82.79849433955954,
    "H-score": 71.82697006499261,
    "H3-score": 75.1475178803267,
    "Recall-all": [
        99.63369963369964,
        81.57894736842105,
        88.73626373626374,
        96.78899082568807,
        38.095238095238095,
        93.87096774193549,
        98.1203007518797,
        90.08620689655173,
        91.8918918918919,
        0.6097560975609756,
        94.54148471615721,
        84.26966292134831,
        98.37133550488599,
        92.22222222222223,
        82.11678832116789,
        90.82568807339449,
        95.0,
        82.27848101265823,
        74.11003236245955,
        93.93939393939394,
        98.40637450199203,
        93.90581717451524,
        91.95402298850574,
        94.13202933985329,
        77.21021611001964,
        89.72332015810277,
        90.64516129032259,
        52.92841648590022,
        55.53145336225597,
        86.81541582150102,
        91.00719424460432,
        69.53405017921148,
        69.11764705882352,
        83.6272040302267,
        78.515625,
        53.6144578313253,
        39.726027397260275,
        43.5960591133005,
        86.38888888888889,
        90.76305220883533,
        79.11646586345381,
        84.62929475587704,
        68.65671641791045,
        95.9830866807611,
        79.63800904977376,
        69.43231441048034,
        97.26651480637814,
        93.28214971209214,
        42.857142857142854,
        95.04504504504504,
        88.04347826086956,
        79.92633517495395,
        89.65517241379311,
        94.3089430894309,
        92.05882352941175,
        88.32335329341318,
        35.294117647058826,
        83.92857142857143,
        88.94009216589862,
        81.64251207729468,
        98.16326530612245,
        86.25954198473282,
        88.80407124681933,
        84.69601677148847,
        87.61220825852783,
        98.01324503311258,
        97.13375796178345,
        68.68131868131869,
        87.94642857142857,
        94.18181818181817,
        91.00642398286938,
        43.712574850299404,
        93.57142857142857,
        81.1138014527845,
        65.929203539823,
        70.83333333333334,
        87.35632183908046,
        77.60000000000001,
        93.00847457627118,
        63.013698630136986,
        82.14285714285714,
        93.36870026525199,
        96.76767676767678,
        84.0909090909091,
        95.99198396793587,
        76.69902912621359,
        100.0,
        46.89922480620155,
        93.76623376623377,
        95.75070821529745,
        72.9113924050633,
        85.68807339449542,
        96.54320987654322,
        93.19727891156462,
        67.46031746031747,
        83.38278931750742,
        99.38271604938271,
        82.87153652392946,
        95.35315985130111,
        87.18861209964413,
        95.52238805970148,
        73.64016736401673,
        48.175182481751825,
        95.08196721311475,
        86.68122270742357,
        60.32388663967612,
        64.42105263157895,
        89.55223880597015,
        38.35051546391753,
        59.934853420195445,
        74.32835820895522,
        82.86778398510242,
        18.329466357308586,
        91.70854271356784,
        95.0920245398773,
        86.1878453038674,
        87.08708708708708,
        92.11956521739131,
        92.5,
        95.56786703601108,
        95.34883720930233,
        83.13253012048193,
        72.86821705426357,
        77.00258397932816,
        82.00836820083683,
        91.16541353383458,
        96.7741935483871,
        81.9298245614035,
        78.63013698630137,
        95.87378640776699,
        46.52956298200514,
        97.2451790633609,
        91.35559921414537,
        86.7704280155642,
        88.58447488584474,
        88.23529411764706,
        65.2542372881356,
        32.686980609418285,
        90.82774049217002,
        55.70652173913043,
        95.53805774278216,
        98.0276134122288,
        94.6524064171123,
        78.24074074074075,
        68.42105263157895,
        74.23076923076923,
        82.86852589641434,
        88.86198547215496,
        89.4396551724138,
        95.45454545454545,
        64.26327153599881
    ],
    "Closed Set Accuracy": {
        "OA": 91.90712730925937,
        "AA": 91.6193827572,