{
    "OA": 71.28308304986311,
    "AA": 63.68599375768112,
    "OOD": 75.14522957760347,
    "NMI": 64.06274698093681,
    "H-score": 68.89740003255602,
    "H3-score": 67.20807938397786,
    "Recall-all": [
        95.45454545454545,
        84.4155844155844,
        82.97872340425532,
        82.5,
        88.9423076923077,
        33.76623376623377,
        96.1038961038961,
        58.06451612903226,
        93.65079365079364,
        17.24137931034483,
        81.94444444444444,
        75.17241379310344,
        83.66013071895425,
        84.50704225352112,
        20.51282051282051,
        87.85714285714286,
        84.84848484848484,
        64.66165413533834,
        52.63157894736842,
        86.60714285714286,
        85.71428571428571,
        69.86301369863014,
        81.81818181818183,
        90.32258064516128,
        63.582089552238806,
        78.62595419847328,
        91.0,
        24.137931034482758,
        44.73684210526316,
        95.0,
        61.95652173913043,
        85.51401869158879,
        74.23312883435584,
        57.14285714285714,
        21.34831460674157,
        34.31372549019608,
        4.819277108433735,
        23.711340206185564,
        46.666666666666664,
        47.61904761904761,
        93.12169312169311,
        77.60416666666666,
        74.35897435897436,
        71.2,
        60.73619631901841,
        31.858407079646017,
        94.96402877697841,
        90.96774193548387,
        6.0046189376443415,
        81.03448275862068,
        88.09523809523809,
        41.30434782608695,
        89.58333333333334,
        53.65853658536586,
        92.3076923076923,
        68.42105263157895,
        10.416666666666668,
        55.172413793103445,
        77.35849056603774,
        47.69230769230769,
        63.33333333333333,
        94.05940594059405,
        52.17391304347826,
        48.717948717948715,
        63.73626373626373,
        52.94117647058824,
        90.9090909090909,
        31.25,
        53.73134328358209,
        21.73913043478261,
        62.5,
        32.62411347517731,
        80.0,
        56.666666666666664,
        38.57142857142858,
        91.30434782608695,
        62.5,
        52.63157894736842,
        13.043478260869565,
        11.864406779661017,
        45.23809523809524,
        63.63636363636363,
        96.22641509433963,
        9.547738693467336,
        88.39285714285714,
        81.81818181818183,
        85.04672897196261,
        14.760147601476014,
        85.0,
        67.85714285714286,
        41.30434782608695,
        81.10599078341014,
        91.52542372881356,
        59.09090909090909,
        53.38645418326693,
        86.02941176470588,
        44.44444444444444,
        73.0,
        73.15436241610739,
        86.45833333333334,
        73.64341085271317,
        84.17266187050359,
        71.02803738317756,
        97.31182795698925,
        76.0,
        21.21212121212121,
        87.13450292397661,
        41.333333333333336,
        40.38461538461539,
        57.14285714285714,
        72.38095238095238,
        42.857142857142854,
        21.71717171717172,
        64.28571428571429,
        69.04761904761905,
        44.97816593886463,
        89.96138996138995,
        94.94949494949495,
        28.125,
        84.33734939759037,
        36.31578947368421,
        82.97872340425532,
        85.1063829787234,
        77.09497206703911,
        70.73170731707317,
        83.09859154929578,
        47.82608695652174,
        76.11940298507463,
        12.068965517241379,
        90.0,
        10.483870967741936,
        49.68944099378882,
        96.5,
        14.166666666666666,
        80.95238095238095,
        97.63779527559055,
        61.224489795918366,
        66.86746987951807,
        83.87096774193549,
        28.30188679245283,
        86.92307692307692,
        93.42105263157895,
        84.67153284671532,
        56.16438356164384,
        52.5,
        29.03225806451613,
        38.028169014084504,
        87.32394366197182,
        75.0,
        80.50847457627118,
        75.14522957760347
    ],
    "Closed Set Accuracy": {
        "OA": 81.89145014935467,
        "AA": 82.51295154540827,