{
    "OA": 71.1936686766106,
    "AA": 58.82628048722266,
    "OOD": 75.17212746081722,
    "NMI": 68.53397081229535,
    "H-score": 65.93308854791667,
    "H3-score": 66.77918143654512,
    "Recall-all": [
        94.6236559139785,
        72.22222222222221,
        32.758620689655174,
        49.01960784313725,
        74.7159090909091,
        59.13461538461539,
        59.14634146341463,
        9.523809523809524,
        74.59807073954984,
        22.71186440677966,
        68.19787985865725,
        20.26143790849673,
        83.78378378378379,
        70.0,
        13.333333333333334,
        83.55704697986577,
        77.38095238095238,
        51.06382978723404,
        21.52777777777778,
        82.8125,
        57.74647887323944,
        50.0,
        91.40401146131805,
        86.0377358490566,
        45.173745173745175,
        34.375,
        85.84474885844749,
        0.0,
        26.72413793103448,
        73.52941176470588,
        19.41747572815534,
        76.77419354838709,
        60.24096385542169,
        77.77777777777779,
        78.94736842105263,
        11.363636363636363,
        64.28571428571429,
        60.58981233243968,
        31.472081218274113,
        53.333333333333336,
        85.88957055214725,
        51.598173515981735,
        63.829787234042556,
        70.0,
        22.413793103448278,
        26.190476190476193,
        77.5,
        69.23076923076923,
        0.0,
        87.77777777777777,
        84.70588235294117,
        63.55140186915887,
        0.0,
        63.33333333333333,
        78.21782178217822,
        66.97247706422019,
        57.99999999999999,
        66.88741721854305,
        52.22222222222223,
        64.86486486486487,
        83.83458646616542,
        54.83870967741935,
        83.78378378378379,
        85.35031847133759,
        91.66666666666666,
        84.61538461538461,
        90.0,
        54.347826086956516,
        5.555555555555555,
        71.7948717948718,
        85.85858585858585,
        17.647058823529413,
        66.12903225806451,
        60.98901098901099,
        60.30927835051546,
        82.17054263565892,
        77.77777777777779,
        18.181818181818183,
        48.64864864864865,
        0.0,
        0.0,
        94.4954128440367,
        95.32710280373831,
        83.33333333333334,
        67.85714285714286,
        63.63636363636363,
        94.11764705882352,
        27.823691460055095,
        54.54545454545454,
        81.08108108108108,
        54.11764705882353,
        92.04771371769384,
        96.07142857142857,
        88.88888888888889,
        69.00826446280992,
        95.03105590062113,
        97.95918367346938,
        21.428571428571427,
        62.676056338028175,
        88.73720136518772,
        84.84848484848484,
        46.92307692307692,
        5.084745762711865,
        95.27027027027027,
        56.65024630541872,
        45.45454545454545,
        65.67164179104478,
        5.172413793103448,
        28.57142857142857,
        9.090909090909092,
        72.5,
        14.705882352941178,
        2.564102564102564,
        50.0,
        60.0,
        79.41176470588235,
        89.92537313432835,
        93.5064935064935,
        19.17808219178082,
        88.88888888888889,
        57.14285714285714,
        65.48672566371681,
        65.08875739644971,
        30.508474576271187,
        20.689655172413794,
        92.24137931034483,
        61.86440677966102,
        83.1081081081081,
        48.0,
        90.41095890410958,
        36.986301369863014,
        64.78555304740406,
        84.40366972477065,
        21.83406113537118,
        72.53521126760563,
        94.0,
        38.70967741935484,
        19.774011299435028,
        83.33333333333334,
        32.72727272727273,
        46.82539682539682,
        89.01734104046243,
        76.53631284916202,
        0.0,
        56.25,
        41.29032258064516,
        61.53846153846154,
        92.85714285714286,
        68.57142857142857,
        87.38170347003155,
        75.17212746081722
    ],
    "Closed Set Accuracy": {
        "OA": 82.68023985497142,
        "AA": 80.14088379531191,