{
    "OA": 70.73946564515346,
    "AA": 80.70020440275917,
    "OOD": 58.29957053723361,
    "NMI": 85.66138305673925,
    "H-score": 67.74688844810316,
    "H3-score": 72.82485420674674,
    "Recall-all": [
        99.63369963369964,
        84.21052631578947,
        90.10989010989012,
        96.78899082568807,
        28.57142857142857,
        95.48387096774194,
        97.74436090225564,
        91.37931034482759,
        91.8918918918919,
        1.8292682926829267,
        95.19650655021834,
        85.39325842696628,
        98.37133550488599,
        91.11111111111111,
        82.48175182481752,
        87.1559633027523,
        96.66666666666667,
        89.87341772151899,
        75.72815533980582,
        93.93939393939394,
        98.80478087649402,
        91.96675900277008,
        86.4367816091954,
        94.86552567237165,
        74.06679764243614,
        90.71146245059289,
        90.32258064516128,
        55.748373101952275,
        55.748373101952275,
        87.2210953346856,
        91.72661870503596,
        70.96774193548387,
        67.64705882352942,
        83.37531486146096,
        78.3203125,
        59.43775100401606,
        39.95433789954338,
        44.58128078817734,
        86.66666666666667,
        89.1566265060241,
        80.52208835341365,
        84.99095840867993,
        69.40298507462687,
        95.56025369978859,
        80.09049773755656,
        68.12227074235808,
        97.26651480637814,
        93.66602687140116,
        28.57142857142857,
        94.5945945945946,
        85.0,
        81.03130755064457,
        90.03831417624522,
        95.1219512195122,
        92.05882352941175,
        87.72455089820359,
        21.176470588235293,
        86.30952380952381,
        86.40552995391705,
        81.64251207729468,
        97.75510204081633,
        87.27735368956743,
        88.29516539440203,
        82.80922431865828,
        89.22800718132855,
        99.33774834437085,
        97.13375796178345,
        68.4065934065934,
        88.83928571428571,
        95.27272727272728,
        90.14989293361884,
        43.11377245508982,
        92.85714285714286,
        80.1452784503632,
        71.68141592920354,
        52.31481481481482,
        85.63218390804597,
        51.2,
        90.04237288135593,
        61.09589041095891,
        83.80952380952381,
        93.63395225464191,
        95.35353535353536,
        80.9659090909091,
        95.99198396793587,
        80.58252427184466,
        100.0,
        32.945736434108525,
        88.83116883116882,
        94.90084985835693,
        71.39240506329114,
        88.44036697247707,
        96.79012345679013,
        92.97052154195012,
        67.46031746031747,
        82.7893175074184,
        99.38271604938271,
        81.86397984886649,
        96.09665427509294,
        88.61209964412812,
        95.77114427860697,
        75.73221757322176,
        45.25547445255474,
        95.62841530054644,
        87.33624454148472,
        57.89473684210527,
        65.6842105263158,
        89.76545842217483,
        27.010309278350515,
        59.60912052117264,
        74.32835820895522,
        82.30912476722533,
        17.865429234338748,
        92.21105527638191,
        94.68302658486708,
        85.6353591160221,
        83.18318318318319,
        93.47826086956522,
        92.8125,
        95.56786703601108,
        95.34883720930233,
        83.13253012048193,
        75.5813953488372,
        71.0594315245478,
        81.58995815899581,
        91.72932330827066,
        96.7741935483871,
        80.52631578947368,
        81.0958904109589,
        94.90291262135922,
        44.73007712082262,
        97.2451790633609,
        91.55206286836936,
        82.10116731517509,
        90.41095890410958,
        88.49104859335038,
        63.983050847457626,
        37.95013850415512,
        90.60402684563759,
        65.76086956521739,
        95.2755905511811,
        98.0276134122288,
        96.4349376114082,
        82.63888888888889,
        68.1704260651629,
        75.0,
        85.2589641434263,
        91.76755447941889,
        87.28448275862068,
        95.25691699604744,
        58.29957053723361
    ],
    "Closed Set Accuracy": {
        "OA": 91.1983032873807,
        "AA": 90.78656401231217,