{
    "OA": 71.18970168200572,
    "AA": 58.755562872268186,
    "OOD": 75.18250700619313,
    "NMI": 68.53397081229535,
    "H-score": 65.89212667069238,
    "H3-score": 66.75116384210264,
    "Recall-all": [
        94.6236559139785,
        75.0,
        32.758620689655174,
        49.01960784313725,
        74.43181818181817,
        59.13461538461539,
        59.14634146341463,
        9.523809523809524,
        74.59807073954984,
        24.40677966101695,
        68.19787985865725,
        20.26143790849673,
        84.32432432432432,
        70.8,
        13.333333333333334,
        82.88590604026845,
        76.19047619047619,
        53.191489361702125,
        22.22222222222222,
        81.77083333333334,
        57.74647887323944,
        50.0,
        90.54441260744986,
        85.66037735849056,
        44.78764478764479,
        31.25,
        85.84474885844749,
        0.0,
        27.586206896551722,
        72.79411764705883,
        19.41747572815534,
        76.77419354838709,
        60.24096385542169,
        66.66666666666666,
        78.0701754385965,
        11.363636363636363,
        64.28571428571429,
        58.71313672922251,
        32.48730964467005,
        51.42857142857142,
        85.88957055214725,
        53.88127853881278,
        64.43768996960486,
        70.0,
        25.862068965517242,
        26.190476190476193,
        75.0,
        70.51282051282051,
        0.0,
        87.03703703703704,
        84.70588235294117,
        63.55140186915887,
        0.0,
        63.33333333333333,
        77.72277227722772,
        67.88990825688074,
        57.99999999999999,
        66.88741721854305,
        52.22222222222223,
        64.86486486486487,
        83.83458646616542,
        54.83870967741935,
        83.78378378378379,
        85.35031847133759,
        91.66666666666666,
        84.61538461538461,
        90.0,
        54.347826086956516,
        5.555555555555555,
        71.7948717948718,
        84.84848484848484,
        18.627450980392158,
        67.74193548387096,
        60.98901098901099,
        58.24742268041238,
        82.17054263565892,
        81.48148148148148,
        18.181818181818183,
        48.64864864864865,
        0.0,
        0.0,
        94.4954128440367,
        95.32710280373831,
        83.33333333333334,
        69.04761904761905,
        63.63636363636363,
        94.11764705882352,
        28.650137741046834,
        54.54545454545454,
        81.08108108108108,
        56.470588235294116,
        91.45129224652088,
        96.07142857142857,
        88.88888888888889,
        69.42148760330579,
        95.03105590062113,
        97.95918367346938,
        21.428571428571427,
        61.97183098591549,
        88.73720136518772,
        84.84848484848484,
        46.15384615384615,
        5.084745762711865,
        95.27027027027027,
        57.635467980295566,
        45.45454545454545,
        65.17412935323384,
        5.172413793103448,
        35.714285714285715,
        9.090909090909092,
        72.5,
        14.705882352941178,
        2.564102564102564,
        50.0,
        50.0,
        78.99159663865547,
        90.29850746268657,
        92.85714285714286,
        19.17808219178082,
        88.88888888888889,
        57.14285714285714,
        64.60176991150442,
        63.31360946745562,
        32.20338983050847,
        22.413793103448278,
        91.37931034482759,
        61.86440677966102,
        82.43243243243244,
        48.0,
        90.41095890410958,
        36.986301369863014,
        64.78555304740406,
        86.23853211009175,
        22.270742358078603,
        72.53521126760563,
        94.0,
        38.70967741935484,
        16.38418079096045,
        83.33333333333334,
        31.272727272727273,
        46.82539682539682,
        89.01734104046243,
        76.53631284916202,
        0.0,
        56.25,
        41.29032258064516,
        63.07692307692307,
        93.4065934065934,
        65.71428571428571,
        87.06624605678233,
        75.18250700619313
    ],
    "Closed Set Accuracy": {
        "OA": 82.72207502440385,
        "AA": 79.9156535442633,