{
    "OA": 53.46645482776052,
    "AA": 60.30591423593699,
    "OOD": null,
    "NMI": null,
    "H-score": null,
    "H3-score": null,
    "Recall-all": [
        99.23203510696655,
        78.76258992805757,
        58.97654584221749,
        0.27881934429381794,
        98.50778085696014,
        25.012048192771086,
        94.63423050379572,
        0.025,
        77.20378105078039,
        92.37176676896098,
        95.65627950897073,
        3.010093727469358
    ],
    "Closed Set Accuracy": {
        "OA": 69.24965696540767,
        "AA": 76.13665751961283,
        "Recall-all": [
            99.67087218869995,
            90.18705035971223,
            85.71428571428571,
            22.930487453129505,
            99.36047751012578,
            70.6987951807229,
            98.08488612836439,
            26.974999999999998,
            95.84524071224445,
            98.29022358614642,
            98.70160528800756,
            27.180966113914923
        ]
    },
    "OSR Accuracy": null
}