{
    "OA": 23.05542135413072,
    "AA": 28.521529718282217,
    "OOD": null,
    "NMI": null,
    "H-score": null,
    "H3-score": null,
    "Recall-all": [
        37.82227098189797,
        79.71223021582733,
        7.526652452025587,
        1.528699163541967,
        41.888723086761885,
        2.6506024096385543
    ],
    "Closed Set Accuracy": {
        "OA": 46.728552695148046,
        "AA": 53.72086754898516,
        "Recall-all": [
            76.27537026878771,
            93.29496402877699,
            51.7910447761194,
            18.123257379098163,
            56.76827968450225,
            26.072289156626503
        ]
    },
    "OSR Accuracy": null
}