{
    "OA": 58.54347879053675,
    "AA": 63.053310708202694,
    "OOD": 94.74513054289267,
    "NMI": 84.91713401937025,
    "H-score": 71.7760814385243,
    "H3-score": 75.68134087290973,
    "Recall-all": [
        99.58859023587493,
        85.17985611510791,
        0.8742004264392323,
        0.47110854725507156,
        98.82754210189725,
        61.686746987951814,
        94.74513054289267
    ],
    "Closed Set Accuracy": {
        "OA": 67.09572779349851,
        "AA": 80.22050857928514,
        "Recall-all": [
            99.7805814591333,
            93.89928057553956,
            64.62686567164178,
            27.420440342274784,
            99.40311234278406,
            96.19277108433735
        ]
    },
    "OSR Accuracy": {
        "TNR": 11.744716121011189,
        "AUROC": 74.04810605996684,
        "DTACC": 70.69451961742301,
        "AUIN": 89.23215672754182,
        "AUOUT": 46.03740929822408,
        "OSCR": 57.91464605370926,
        "AUPR": 46.05044061664009
    }
}