{
    "OA": 67.02715389615079,
    "AA": 72.80461287672964,
    "OOD": 76.83453237410072,
    "NMI": 79.20274461798877,
    "H-score": 74.4090531797305,
    "H3-score": 75.94249676404789,
    "Recall-all": [
        99.61601755348327,
        86.90647482014388,
        91.5138592750533,
        1.0960484568791462,
        98.87017693455553,
        54.795180722891565,
        76.83453237410072
    ],
    "Closed Set Accuracy": {
        "OA": 75.80233280419628,
        "AA": 87.43544426624602,
        "Recall-all": [
            99.72572682391662,
            96.34532374100719,
            97.31343283582089,
            36.227285837900205,
            99.5310168407589,
            95.46987951807229
        ]
    },
    "OSR Accuracy": {
        "TNR": 8.19386595986369,
        "AUROC": 73.54826608724754,
        "DTACC": 69.01296101347197,
        "AUIN": 79.17621776398624,
        "AUOUT": 63.614776884235226,
        "OSCR": 63.4755742706687,
        "AUPR": 63.620373386617544
    }
}