{
    "OA": 52.861632921570056,
    "AA": 50.06224068049552,
    "OOD": 91.0319104848736,
    "NMI": 87.96565957052388,
    "H-score": 58.62459010613832,
    "H3-score": 65.95956445452309,
    "Recall-all": [
        54.415798134942406,
        74.56115107913669,
        80.98081023454158,
        2.3459282761272955,
        42.76273715625666,
        4.337349397590361,
        91.0319104848736
    ],
    "Closed Set Accuracy": {
        "OA": 55.117675477948794,
        "AA": 62.44717294169598,
        "Recall-all": [
            82.06253428414702,
            90.15827338129496,
            94.60554371002132,
            19.517354100567253,
            59.134512897036885,
            29.204819277108435
        ]
    },
    "OSR Accuracy": {
        "TNR": 18.168255283878988,
        "AUROC": 72.2936436309901,
        "DTACC": 66.85065941817845,
        "AUIN": 87.19367998466706,
        "AUOUT": 49.63761127474269,
        "OSCR": 46.00319627416752,
        "AUPR": 49.6477196714148
    }
}