{
    "OA": 66.89716184010977,
    "AA": 72.83979700403029,
    "OOD": 76.501325255585,
    "NMI": 79.20274461798877,
    "H-score": 74.30358804994813,
    "H3-score": 75.86922857912622,
    "Recall-all": [
        99.61601755348327,
        86.76258992805755,
        91.62046908315565,
        1.134506297471397,
        98.87017693455553,
        55.37349397590361,
        76.501325255585
    ],
    "Closed Set Accuracy": {
        "OA": 75.85064531713714,
        "AA": 87.46377245463025,
        "Recall-all": [
            99.72572682391662,
            96.28776978417267,
            97.33475479744136,
            36.34265935967696,
            99.57365167341719,
            95.51807228915663
        ]
    },
    "OSR Accuracy": {
        "TNR": 8.928436198409695,
        "AUROC": 73.68755192183947,
        "DTACC": 68.92873516262674,
        "AUIN": 79.14246507075686,
        "AUOUT": 64.11674015981544,
        "OSCR": 63.51486892261454,
        "AUPR": 64.12236151725372
    }
}