{
    "OA": 92.99363057324841,
    "AA": 94.17424242424242,
    "OOD": null,
    "NMI": null,
    "H-score": null,
    "H3-score": null,
    "UCR": 95.54140127388536,
    "Recall-all": [
        100.0,
        100.0,
        100.0,
        100.0,
        80.0,
        70.83333333333334,
        90.9090909090909,
        100.0,
        100.0,
        100.0
    ],
    "Closed Set Accuracy": {
        "OA": 95.54140127388536,
        "AA": 95.91666666666667,
        "Recall-all": [
            100.0,
            100.0,
            100.0,
            100.0,
            80.0,
            79.16666666666666,
            100.0,
            100.0,
            100.0,
            100.0
        ]
    },
    "OSR Accuracy": null
}