{
    "OA": 90.36144578313254,
    "AA": 96.42939660534968,
    "OOD": 87.3900293255132,
    "NMI": 93.90711687156438,
    "H-score": 92.09356829731193,
    "H3-score": 92.69158978249847,
    "UCR": 98.63552309617616,
    "Recall-all": [
        100.0,
        100.0,
        100.0,
        100.0,
        90.0,
        83.33333333333334,
        100.0,
        100.0,
        100.0,
        100.0,
        87.3900293255132
    ],
    "Closed Set Accuracy": {
        "OA": 99.36305732484077,
        "AA": 99.0,
        "Recall-all": [
            100.0,
            100.0,
            100.0,
            100.0,
            90.0,
            100.0,
            100.0,
            100.0,
            100.0,
            100.0
        ]
    },
    "OSR Accuracy": {
        "TNR": 95.60117302052787,
        "AUROC": 99.28460690737248,
        "DTACC": 96.2035601546594,
        "AUIN": 98.43263026911214,
        "AUOUT": 99.50891708379439,
        "OSCR": 98.63552309617616,
        "AUPR": 99.65607439730586
    }
}