{
    "OA": 84.21985815602837,
    "AA": 91.59067403815394,
    "OOD": 75.46468401486989,
    "NMI": 78.23849810761162,
    "H-score": 83.40071192642085,
    "H3-score": 81.60723636707472,
    "UCR": 94.2423287757544,
    "Recall-all": [
        100.0,
        100.0,
        100.0,
        100.0,
        96.29629629629629,
        66.66666666666666,
        79.06976744186046,
        100.0,
        100.0,
        90.0,
        75.46468401486989
    ],
    "Closed Set Accuracy": {
        "OA": 98.64406779661017,
        "AA": 98.86821705426357,
        "Recall-all": [
            100.0,
            100.0,
            100.0,
            100.0,
            100.0,
            93.33333333333333,
            95.34883720930233,
            100.0,
            100.0,
            100.0
        ]
    },
    "OSR Accuracy": {
        "TNR": 66.54275092936803,
        "AUROC": 95.62850482011216,
        "DTACC": 90.38308865225883,
        "AUIN": 96.44168954886169,
        "AUOUT": 94.7211590489638,
        "OSCR": 94.2423287757544,
        "AUPR": 94.91771809010025
    }
}