{
    "OA": 81.91489361702128,
    "AA": 91.95904172994169,
    "OOD": 69.51672862453532,
    "NMI": 96.3557371233247,
    "H-score": 79.99833009691973,
    "H3-score": 84.79810023518303,
    "UCR": 93.05903849788918,
    "Recall-all": [
        100.0,
        100.0,
        100.0,
        100.0,
        96.29629629629629,
        73.33333333333333,
        79.06976744186046,
        100.0,
        100.0,
        93.33333333333333,
        69.51672862453532
    ],
    "Closed Set Accuracy": {
        "OA": 98.30508474576271,
        "AA": 98.53488372093024,
        "Recall-all": [
            100.0,
            100.0,
            100.0,
            100.0,
            100.0,
            93.33333333333333,
            95.34883720930233,
            100.0,
            100.0,
            96.66666666666667
        ]
    },
    "OSR Accuracy": {
        "TNR": 66.54275092936803,
        "AUROC": 94.78041711297335,
        "DTACC": 88.72660827925147,
        "AUIN": 95.47756368701943,
        "AUOUT": 94.02433381630661,
        "OSCR": 93.05903849788918,
        "AUPR": 94.22213555688285
    }
}