{
    "OA": 83.78240976105745,
    "AA": 94.2793817247653,
    "OOD": 71.75421209117938,
    "NMI": 62.79557941934163,
    "H-score": 82.31848891999331,
    "H3-score": 74.59000340456066,
    "UCR": 93.74264190138454,
    "Recall-all": [
        98.91304347826086,
        98.78048780487805,
        97.87234042553192,
        100.0,
        90.0,
        99.0,
        93.93939393939394,
        94.0,
        98.93617021276596,
        93.87755102040816,
        71.75421209117938
    ],
    "Closed Set Accuracy": {
        "OA": 96.97286012526096,
        "AA": 97.04771556290733,
        "Recall-all": [
            98.91304347826086,
            98.78048780487805,
            98.93617021276596,
            100.0,
            90.0,
            99.0,
            94.94949494949495,
            95.0,
            100.0,
            94.89795918367348
        ]
    },
    "OSR Accuracy": {
        "TNR": 85.53022794846382,
        "AUROC": 96.74515994877004,
        "DTACC": 91.55771335641026,
        "AUIN": 96.76724507292104,
        "AUOUT": 96.53832190006142,
        "OSCR": 93.74264190138454,
        "AUPR": 96.59050776325675
    }
}