{
    "OA": 81.73758865248227,
    "AA": 91.65601142691139,
    "OOD": 69.51672862453532,
    "NMI": 96.3557371233247,
    "H-score": 79.87789031147989,
    "H3-score": 84.70784643733799,
    "UCR": 93.06470921807065,
    "Recall-all": [
        100.0,
        100.0,
        100.0,
        100.0,
        96.29629629629629,
        70.0,
        79.06976744186046,
        100.0,
        100.0,
        93.33333333333333,
        69.51672862453532
    ],
    "Closed Set Accuracy": {
        "OA": 98.30508474576271,
        "AA": 98.53488372093024,
        "Recall-all": [
            100.0,
            100.0,
            100.0,
            100.0,
            100.0,
            93.33333333333333,
            95.34883720930233,
            100.0,
            100.0,
            96.66666666666667
        ]
    },
    "OSR Accuracy": {
        "TNR": 66.54275092936803,
        "AUROC": 94.78671791317497,
        "DTACC": 88.72660827925147,
        "AUIN": 95.48278684858971,
        "AUOUT": 94.03270730055253,
        "OSCR": 93.06470921807065,
        "AUPR": 94.23048567398986
    }
}