{
    "OA": 89.98935037273695,
    "AA": 95.39445112266833,
    "OOD": 86.82087143625606,
    "NMI": 77.7295566516552,
    "H-score": 91.2929255427885,
    "H3-score": 86.27607649251384,
    "UCR": 95.92643585738124,
    "Recall-all": [
        98.91304347826086,
        100.0,
        97.87234042553192,
        100.0,
        90.0,
        96.0,
        93.93939393939394,
        94.0,
        98.93617021276596,
        92.85714285714286,
        86.82087143625606
    ],
    "Closed Set Accuracy": {
        "OA": 97.7035490605428,
        "AA": 97.77067688342964,
        "Recall-all": [
            98.91304347826086,
            100.0,
            98.93617021276596,
            100.0,
            91.0,
            99.0,
            95.95959595959596,
            99.0,
            100.0,
            94.89795918367348
        ]
    },
    "OSR Accuracy": {
        "TNR": 92.95320064550833,
        "AUROC": 98.21614871398073,
        "DTACC": 94.43692649088507,
        "AUIN": 97.49040888617367,
        "AUOUT": 98.71790393462122,
        "OSCR": 95.92643585738124,
        "AUPR": 98.74553867167177
    }
}