{
    "OA": 87.49364514489069,
    "AA": 91.52689859251197,
    "OOD": 83.05252725470763,
    "NMI": 59.45570868271511,
    "H-score": 87.46526241814087,
    "H3-score": 75.59571659793704,
    "UCR": 93.299345555967,
    "Recall-all": [
        97.82608695652173,
        98.78048780487805,
        96.80851063829788,
        89.8989898989899,
        85.0,
        94.0,
        90.9090909090909,
        86.0,
        95.74468085106383,
        88.77551020408163,
        83.05252725470763
    ],
    "Closed Set Accuracy": {
        "OA": 97.07724425887265,
        "AA": 97.1495077452392,
        "Recall-all": [
            98.91304347826086,
            100.0,
            96.80851063829788,
            98.98989898989899,
            92.0,
            98.0,
            94.94949494949495,
            98.0,
            98.93617021276596,
            94.89795918367348
        ]
    },
    "OSR Accuracy": {
        "TNR": 76.61050545094153,
        "AUROC": 96.19727256362879,
        "DTACC": 91.04313785533539,
        "AUIN": 96.60856420324224,
        "AUOUT": 95.50289485393694,
        "OSCR": 93.299345555967,
        "AUPR": 95.55667111940642
    }
}