{
    "OA": 89.36170212765957,
    "AA": 90.90859315031528,
    "OOD": 89.21933085501858,
    "NMI": 96.3557371233247,
    "H-score": 90.13834967438213,
    "H3-score": 92.1210507514472,
    "UCR": 92.23615399155702,
    "Recall-all": [
        100.0,
        100.0,
        100.0,
        100.0,
        100.0,
        53.333333333333336,
        67.44186046511628,
        100.0,
        100.0,
        90.0,
        89.21933085501858
    ],
    "Closed Set Accuracy": {
        "OA": 97.6271186440678,
        "AA": 97.96899224806201,
        "Recall-all": [
            100.0,
            100.0,
            100.0,
            100.0,
            100.0,
            93.33333333333333,
            93.02325581395348,
            100.0,
            100.0,
            93.33333333333333
        ]
    },
    "OSR Accuracy": {
        "TNR": 55.01858736059479,
        "AUROC": 94.63423854829563,
        "DTACC": 90.9407094701027,
        "AUIN": 96.33096539360993,
        "AUOUT": 90.33742629651958,
        "OSCR": 92.23615399155702,
        "AUPR": 90.57513288628249
    }
}