{
    "OA": 93.67469879518072,
    "AA": 92.48130657221566,
    "OOD": 97.14285714285714,
    "NMI": 91.81140996566323,
    "H-score": 94.50900363699145,
    "H3-score": 93.59369047520497,
    "UCR": 91.02638762511376,
    "Recall-all": [
        100.0,
        100.0,
        100.0,
        100.0,
        80.0,
        58.333333333333336,
        81.81818181818183,
        100.0,
        100.0,
        100.0,
        97.14285714285714
    ],
    "Closed Set Accuracy": {
        "OA": 96.17834394904459,
        "AA": 96.91666666666666,
        "Recall-all": [
            100.0,
            100.0,
            100.0,
            100.0,
            90.0,
            79.16666666666666,
            100.0,
            100.0,
            100.0,
            100.0
        ]
    },
    "OSR Accuracy": {
        "TNR": 57.14285714285714,
        "AUROC": 94.87898089171975,
        "DTACC": 93.79435850773432,
        "AUIN": 96.20662337201485,
        "AUOUT": 91.24072749267819,
        "OSCR": 91.02638762511376,
        "AUPR": 91.59931650969155
    }
}