{
    "OA": 93.9622641509434,
    "AA": 98.54756871035941,
    "OOD": 91.0,
    "NMI": 91.59239872145888,
    "H-score": 94.96956083452085,
    "H3-score": 93.81783085112836,
    "UCR": 99.34474576271145,
    "Recall-all": [
        100.0,
        100.0,
        100.0,
        100.0,
        100.0,
        100.0,
        93.02325581395348,
        100.0,
        100.0,
        100.0,
        91.0
    ],
    "Closed Set Accuracy": {
        "OA": 99.66101694915255,
        "AA": 99.76744186046511,
        "Recall-all": [
            100.0,
            100.0,
            100.0,
            100.0,
            100.0,
            100.0,
            97.67441860465115,
            100.0,
            100.0,
            100.0
        ]
    },
    "OSR Accuracy": {
        "TNR": 98.8,
        "AUROC": 99.68949152542373,
        "DTACC": 97.30508474576271,
        "AUIN": 99.38319931802441,
        "AUOUT": 99.70634994342366,
        "OSCR": 99.34474576271145,
        "AUPR": 99.80655631313302
    }
}