{
    "OA": 93.43971631205675,
    "AA": 96.79574337653357,
    "OOD": 90.33457249070632,
    "NMI": 96.3557371233247,
    "H-score": 93.75321271844442,
    "H3-score": 94.60629834100556,
    "UCR": 98.54199483334398,
    "Recall-all": [
        100.0,
        100.0,
        100.0,
        100.0,
        100.0,
        100.0,
        74.4186046511628,
        100.0,
        100.0,
        100.0,
        90.33457249070632
    ],
    "Closed Set Accuracy": {
        "OA": 99.66101694915255,
        "AA": 99.76744186046511,
        "Recall-all": [
            100.0,
            100.0,
            100.0,
            100.0,
            100.0,
            100.0,
            97.67441860465115,
            100.0,
            100.0,
            100.0
        ]
    },
    "OSR Accuracy": {
        "TNR": 96.28252788104089,
        "AUROC": 98.89357948459454,
        "DTACC": 96.5937874110012,
        "AUIN": 99.01684755431198,
        "AUOUT": 98.39758104620599,
        "OSCR": 98.54199483334398,
        "AUPR": 98.58665577680156
    }
}