{
    "OA": 93.07774227902024,
    "AA": 95.97099569851794,
    "OOD": 91.39322216245293,
    "NMI": 76.47103927579793,
    "H-score": 93.84299583059328,
    "H3-score": 87.23839836402124,
    "UCR": 96.53258256116692,
    "Recall-all": [
        95.65217391304348,
        100.0,
        97.87234042553192,
        100.0,
        90.0,
        99.0,
        94.94949494949495,
        94.0,
        98.93617021276596,
        93.87755102040816,
        91.39322216245293
    ],
    "Closed Set Accuracy": {
        "OA": 97.80793319415449,
        "AA": 97.87014449656184,
        "Recall-all": [
            97.82608695652173,
            100.0,
            98.93617021276596,
            100.0,
            93.0,
            99.0,
            95.95959595959596,
            95.0,
            100.0,
            98.9795918367347
        ]
    },
    "OSR Accuracy": {
        "TNR": 97.84830554061324,
        "AUROC": 98.65058660626349,
        "DTACC": 96.53741152054947,
        "AUIN": 98.14187238471467,
        "AUOUT": 98.81180050946526,
        "OSCR": 96.53258256116692,
        "AUPR": 98.83966763794876
    }
}