{
    "OA": 91.30280440184593,
    "AA": 95.99010745589143,
    "OOD": 88.54222700376546,
    "NMI": 76.47103927579793,
    "H-score": 92.45692865242818,
    "H3-score": 86.43535937316756,
    "UCR": 96.20084428178116,
    "Recall-all": [
        95.65217391304348,
        100.0,
        97.87234042553192,
        100.0,
        90.0,
        99.0,
        94.94949494949495,
        94.0,
        98.93617021276596,
        96.93877551020408,
        88.54222700376546
    ],
    "Closed Set Accuracy": {
        "OA": 97.7035490605428,
        "AA": 97.77783004772566,
        "Recall-all": [
            98.91304347826086,
            100.0,
            98.93617021276596,
            100.0,
            92.0,
            99.0,
            94.94949494949495,
            95.0,
            100.0,
            98.9795918367347
        ]
    },
    "OSR Accuracy": {
        "TNR": 97.25658956428187,
        "AUROC": 98.49398233050071,
        "DTACC": 96.30014677790493,
        "AUIN": 97.68902823938383,
        "AUOUT": 98.82527705801448,
        "OSCR": 96.20084428178116,
        "AUPR": 98.85297256435722
    }
}