{
    "OA": 92.7710843373494,
    "AA": 99.04025593175153,
    "OOD": 89.44281524926686,
    "NMI": 90.60205858321484,
    "H-score": 94.42674613745459,
    "H3-score": 93.1177946009637,
    "Recall-all": [
        100.0,
        100.0,
        100.0,
        100.0,
        100.0,
        100.0,
        100.0,
        100.0,
        100.0,
        100.0,
        89.44281524926686
    ],
    "Closed Set Accuracy": {
        "OA": 100.0,
        "AA": 100.0,
        "Recall-all": [
            100.0,
            100.0,
            100.0,
            100.0,
            100.0,
            100.0,
            100.0,
            100.0,
            100.0,
            100.0
        ]
    },
    "OSR Accuracy": {
        "TNR": 99.41348973607037,
        "AUROC": 99.85804210172404,
        "DTACC": 98.06862543661393,
        "AUIN": 99.39439588732107,
        "AUOUT": 99.78751348835259,
        "OSCR": 99.85150456693495,
        "AUPR": 99.93423844068096
    }
}