{
    "OA": 95.78313253012048,
    "AA": 97.43506493506494,
    "OOD": 94.28571428571428,
    "NMI": 91.81140996566323,
    "H-score": 95.9861097989447,
    "H3-score": 94.55431363305212,
    "UCR": 99.76706096451315,
    "Recall-all": [
        100.0,
        100.0,
        100.0,
        100.0,
        90.0,
        87.5,
        100.0,
        100.0,
        100.0,
        100.0,
        94.28571428571428
    ],
    "Closed Set Accuracy": {
        "OA": 100.0,
        "AA": 100.0,
        "Recall-all": [
            100.0,
            100.0,
            100.0,
            100.0,
            100.0,
            100.0,
            100.0,
            100.0,
            100.0,
            100.0
        ]
    },
    "OSR Accuracy": {
        "TNR": 99.42857142857143,
        "AUROC": 99.77797998180164,
        "DTACC": 97.48498635122839,
        "AUIN": 99.44367989702685,
        "AUOUT": 99.51624247739652,
        "OSCR": 99.76706096451315,
        "AUPR": 99.80251982786909
    }
}