{
    "OA": 85.98726114649682,
    "AA": 88.2334983856723,
    "OOD": null,
    "NMI": null,
    "H-score": null,
    "H3-score": null,
    "UCR": 93.63057324840764,
    "Recall-all": [
        100.0,
        95.23809523809523,
        100.0,
        92.3076923076923,
        80.0,
        58.333333333333336,
        81.81818181818183,
        83.33333333333334,
        100.0,
        91.30434782608695
    ],
    "Closed Set Accuracy": {
        "OA": 93.63057324840764,
        "AA": 94.62878787878788,
        "Recall-all": [
            100.0,
            100.0,
            100.0,
            100.0,
            80.0,
            70.83333333333334,
            95.45454545454545,
            100.0,
            100.0,
            100.0
        ]
    },
    "OSR Accuracy": null
}