{
    "OA": 89.49152542372882,
    "AA": 90.52627045650303,
    "OOD": null,
    "NMI": null,
    "H-score": null,
    "H3-score": null,
    "UCR": 96.94915254237289,
    "Recall-all": [
        100.0,
        100.0,
        100.0,
        100.0,
        88.88888888888889,
        53.333333333333336,
        76.74418604651163,
        100.0,
        96.29629629629629,
        90.0
    ],
    "Closed Set Accuracy": {
        "OA": 96.94915254237289,
        "AA": 97.30232558139535,
        "Recall-all": [
            100.0,
            100.0,
            100.0,
            100.0,
            100.0,
            83.33333333333334,
            93.02325581395348,
            100.0,
            100.0,
            96.66666666666667
        ]
    },
    "OSR Accuracy": null
}