{
    "OA": 91.76706827309236,
    "AA": 78.486316055486,
    "OOD": 100.0,
    "NMI": 90.66040651971049,
    "H-score": 86.57899727600753,
    "H3-score": 87.89936417791063,
    "UCR": 97.94721407624654,
    "Recall-all": [
        100.0,
        95.23809523809523,
        100.0,
        92.3076923076923,
        40.0,
        8.333333333333332,
        81.81818181818183,
        50.0,
        100.0,
        95.65217391304348,
        100.0
    ],
    "Closed Set Accuracy": {
        "OA": 98.72611464968153,
        "AA": 98.00000000000001,
        "Recall-all": [
            100.0,
            100.0,
            100.0,
            100.0,
            80.0,
            100.0,
            100.0,
            100.0,
            100.0,
            100.0
        ]
    },
    "OSR Accuracy": {
        "TNR": 96.7741935483871,
        "AUROC": 99.23604236322544,
        "DTACC": 96.15779741113623,
        "AUIN": 98.310676728264,
        "AUOUT": 99.4860042510469,
        "OSCR": 97.94721407624654,
        "AUPR": 99.63319926318246
    }
}