{
    "OA": 94.81718139865106,
    "AA": 89.2794554973877,
    "OOD": 98.33243679397525,
    "NMI": 81.09813067033303,
    "H-score": 93.08722853615403,
    "H3-score": 88.71680107494304,
    "UCR": 96.20334298750896,
    "Recall-all": [
        95.65217391304348,
        98.78048780487805,
        96.80851063829788,
        98.98989898989899,
        75.0,
        63.0,
        94.94949494949495,
        74.0,
        95.74468085106383,
        90.81632653061224,
        98.33243679397525
    ],
    "Closed Set Accuracy": {
        "OA": 97.7035490605428,
        "AA": 97.76837553735929,
        "Recall-all": [
            98.91304347826086,
            100.0,
            97.87234042553192,
            100.0,
            92.0,
            99.0,
            95.95959595959596,
            97.0,
            100.0,
            96.93877551020408
        ]
    },
    "OSR Accuracy": {
        "TNR": 96.39591178052717,
        "AUROC": 98.49600375535819,
        "DTACC": 95.77342522581,
        "AUIN": 97.74907788911014,
        "AUOUT": 99.02680935048409,
        "OSCR": 96.20334298750896,
        "AUPR": 99.05410003289167
    }
}