{
    "OA": 74.22790202342918,
    "AA": 73.87199366306844,
    "OOD": null,
    "NMI": null,
    "H-score": null,
    "H3-score": null,
    "UCR": 81.36315228966986,
    "Recall-all": [
        96.73913043478261,
        100.0,
        96.80851063829788,
        96.96969696969697,
        82.0,
        94.0,
        88.88888888888889,
        82.0,
        96.80851063829788,
        76.53061224489795,
        100.0,
        87.8048780487805,
        52.77777777777778,
        87.91208791208791,
        77.31958762886599,
        62.88659793814433,
        77.77777777777779,
        53.06122448979592,
        91.0,
        79.16666666666666,
        80.0,
        1.0752688172043012,
        92.0,
        10.204081632653061,
        63.33333333333333,
        69.33333333333334,
        49.0,
        63.63636363636363,
        74.74747474747475,
        56.25,
        50.0
    ],
    "Closed Set Accuracy": {
        "OA": 81.36315228966986,
        "AA": 81.13313633536721,
        "Recall-all": [
            98.91304347826086,
            100.0,
            96.80851063829788,
            97.97979797979798,
            85.0,
            96.0,
            88.88888888888889,
            91.0,
            97.87234042553192,
            88.77551020408163,
            100.0,
            91.46341463414635,
            66.66666666666666,
            92.3076923076923,
            87.62886597938144,
            74.22680412371135,
            87.65432098765432,
            78.57142857142857,
            92.0,
            81.25,
            86.31578947368422,
            1.0752688172043012,
            98.0,
            17.346938775510203,
            77.77777777777779,
            78.66666666666666,
            52.0,
            80.8080808080808,
            85.85858585858585,
            80.20833333333334,
            64.0625
        ]
    },
    "OSR Accuracy": null
}