{
    "OA": 86.54088050314466,
    "AA": 71.90726469496163,
    "OOD": 98.0,
    "NMI": 90.48604708114884,
    "H-score": 81.18642063347522,
    "H3-score": 84.06774095299261,
    "UCR": 90.83593220338958,
    "Recall-all": [
        100.0,
        100.0,
        93.54838709677419,
        100.0,
        3.7037037037037033,
        66.66666666666666,
        37.2093023255814,
        50.0,
        85.18518518518519,
        56.666666666666664,
        98.0
    ],
    "Closed Set Accuracy": {
        "OA": 94.23728813559322,
        "AA": 94.67872523686476,
        "Recall-all": [
            100.0,
            100.0,
            100.0,
            100.0,
            74.07407407407408,
            100.0,
            86.04651162790698,
            96.66666666666667,
            100.0,
            90.0
        ]
    },
    "OSR Accuracy": {
        "TNR": 84.39999999999999,
        "AUROC": 96.60949152542373,
        "DTACC": 90.97966101694914,
        "AUIN": 94.78466791024613,
        "AUOUT": 97.85961756757283,
        "OSCR": 90.83593220338958,
        "AUPR": 97.96180139119699
    }
}