{
    "OA": 91.9624217118998,
    "AA": 92.1877899804555,
    "OOD": null,
    "NMI": null,
    "H-score": null,
    "H3-score": null,
    "UCR": 93.73695198329854,
    "Recall-all": [
        96.73913043478261,
        100.0,
        96.80851063829788,
        96.96969696969697,
        83.0,
        94.0,
        89.8989898989899,
        85.0,
        96.80851063829788,
        82.6530612244898
    ],
    "Closed Set Accuracy": {
        "OA": 93.73695198329854,
        "AA": 93.92073762984296,
        "Recall-all": [
            98.91304347826086,
            100.0,
            96.80851063829788,
            97.97979797979798,
            85.0,
            96.0,
            89.8989898989899,
            90.0,
            97.87234042553192,
            86.73469387755102
        ]
    },
    "OSR Accuracy": null
}