{
    "OA": 88.10371123538383,
    "AA": 94.8097139022325,
    "OOD": 80.47571853320119,
    "NMI": 72.22529371941468,
    "H-score": 87.65551236036991,
    "H3-score": 81.82954912985639,
    "UCR": 94.47322738361024,
    "Recall-all": [
        97.82608695652173,
        100.0,
        97.87234042553192,
        100.0,
        90.0,
        98.0,
        93.93939393939394,
        93.0,
        98.93617021276596,
        92.85714285714286,
        80.47571853320119
    ],
    "Closed Set Accuracy": {
        "OA": 97.28601252609603,
        "AA": 97.37067688342964,
        "Recall-all": [
            98.91304347826086,
            100.0,
            98.93617021276596,
            100.0,
            90.0,
            99.0,
            95.95959595959596,
            96.0,
            100.0,
            94.89795918367348
        ]
    },
    "OSR Accuracy": {
        "TNR": 86.42220019821606,
        "AUROC": 97.17376596022022,
        "DTACC": 92.30102356453712,
        "AUIN": 97.2622903303649,
        "AUOUT": 96.80337647365907,
        "OSCR": 94.47322738361024,
        "AUPR": 96.8567046287003
    }
}