{
    "OA": 0.0,
    "AA": 0.0,
    "OOD": null,
    "NMI": null,
    "H-score": null,
    "H3-score": null,
    "Recall-all": [
        0.0,
        0.0,
        0.0,
        0.0,
        0.0,
        0.0,
        0.0,
        0.0,
        0.0,
        0.0,
        0.0,
        0.0
    ],
    "Closed Set Accuracy": {
        "OA": 87.55326063407236,
        "AA": 90.13081597984237,
        "Recall-all": [
            99.53373560065826,
            93.89928057553956,
            92.92110874200426,
            73.46408999134698,
            99.38179492645492,
            95.27710843373494,
            97.03243616287095,
            73.475,
            90.52539019564739,
            98.02718106093819,
            97.21435316336166,
            70.81831290555155
        ]
    },
    "OSR Accuracy": null
}