{
    "OA": 0.0,
    "AA": 0.0,
    "OOD": null,
    "NMI": null,
    "H-score": null,
    "H3-score": null,
    "Recall-all": [
        0.0,
        0.0,
        0.0,
        0.0,
        0.0,
        0.0
    ],
    "Closed Set Accuracy": {
        "OA": 88.10476913520601,
        "AA": 92.41640594767802,
        "Recall-all": [
            99.53373560065826,
            93.89928057553956,
            92.92110874200426,
            73.46408999134698,
            99.40311234278406,
            95.27710843373494
        ]
    },
    "OSR Accuracy": null
}