{
    "OA": 76.50985062776041,
    "AA": 76.14825837548312,
    "OOD": 77.21241903060086,
    "NMI": 74.70564685678549,
    "H-score": 76.67254988981537,
    "H3-score": 76.00683538424914,
    "Recall-all": [
        99.26739926739927,
        92.10526315789474,
        63.46153846153846,
        94.03669724770643,
        100.0,
        98.06451612903226,
        96.2406015037594,
        89.22413793103449,
        100.0,
        17.682926829268293,
        84.49781659388647,
        88.01498127340824,
        90.87947882736157,
        96.66666666666667,
        89.78102189781022,
        85.3211009174312,
        88.33333333333333,
        94.9367088607595,
        62.13592233009708,
        96.96969696969697,
        100.0,
        80.88642659279779,
        82.5287356321839,
        91.68704156479217,
        76.2278978388998,
        39.130434782608695,
        95.80645161290322,
        46.85466377440347,
        34.05639913232104,
        85.59837728194725,
        96.40287769784173,
        48.5663082437276,
        41.66666666666667,
        9.571788413098236,
        66.40625,
        44.17670682730924,
        26.71232876712329,
        56.896551724137936,
        93.88888888888889,
        84.33734939759037,
        83.33333333333334,
        65.0994575045208,
        71.82835820895522,
        95.56025369978859,
        78.50678733031674,
        65.50218340611353,
        96.35535307517085,
        76.96737044145874,
        0.0,
        96.17117117117117,
        87.39130434782608,
        76.24309392265194,
        91.18773946360153,
        97.5609756097561,
        92.94117647058823,
        88.92215568862275,
        85.88235294117646,
        93.15476190476191,
        87.55760368663594,
        83.57487922705315,
        95.51020408163265,
        79.13486005089058,
        89.31297709923665,
        77.77777777777779,
        90.30520646319569,
        98.67549668874173,
        97.45222929936305,
        72.25274725274726,
        86.60714285714286,
        84.36363636363636,
        88.0085653104925,
        73.05389221556887,
        89.64285714285715,
        73.8498789346247,
        73.45132743362832,
        36.342592592592595,
        91.95402298850574,
        38.0,
        91.3135593220339,
        0.547945205479452,
        76.42857142857142,
        89.92042440318302,
        83.63636363636363,
        61.36363636363637,
        97.1943887775551,
        92.23300970873787,
        98.63945578231292,
        40.310077519379846,
        66.49350649350649,
        34.27762039660057,
        67.34177215189874,
        90.82568807339449,
        85.18518518518519,
        96.3718820861678,
        90.47619047619048,
        80.41543026706232,
        100.0,
        37.78337531486146,
        99.07063197026022,
        92.52669039145907,
        97.01492537313433,
        83.26359832635984,
        26.642335766423358,
        94.35336976320583,
        77.9475982532751,
        46.963562753036435,
        71.78947368421052,
        96.58848614072495,
        3.5051546391752577,
        1.9543973941368076,
        82.38805970149254,
        83.24022346368714,
        0.6960556844547563,
        85.678391959799,
        48.261758691206545,
        90.33149171270718,
        81.08108108108108,
        94.56521739130434,
        2.8125,
        94.45983379501385,
        94.18604651162791,
        80.32128514056225,
        86.82170542635659,
        73.1266149870801,
        80.75313807531381,
        92.85714285714286,
        98.9247311827957,
        50.35087719298246,
        89.86301369863014,
        92.23300970873787,
        32.390745501285345,
        99.72451790633609,
        87.81925343811395,
        91.43968871595331,
        93.37899543378995,
        83.63171355498721,
        50.847457627118644,
        54.84764542936288,
        93.95973154362416,
        67.93478260869566,
        79.52755905511812,
        97.2386587771203,
        97.68270944741533,
        23.14814814814815,
        78.44611528822055,
        85.38461538461539,
        76.49402390438247,
        93.46246973365618,
        83.1896551724138,
        96.83794466403161,
        77.21241903060086
    ],
    "Closed Set Accuracy": {
        "OA": 85.49050250227903,
        "AA": 85.54935211087945,