{
    "OA": 73.51500751588033,
    "AA": 63.91289535254554,
    "OOD": 85.7750587472652,
    "NMI": 80.87024439097281,
    "H-score": 73.15117770934879,
    "H3-score": 75.55645484018714,
    "Recall-all": [
        96.7032967032967,
        63.1578947368421,
        43.40659340659341,
        48.853211009174316,
        95.23809523809523,
        85.80645161290322,
        95.86466165413535,
        97.41379310344827,
        100.0,
        7.926829268292683,
        86.46288209606988,
        83.89513108614233,
        93.81107491856677,
        90.55555555555556,
        75.54744525547446,
        68.34862385321101,
        90.0,
        98.73417721518987,
        41.74757281553398,
        99.39393939393939,
        99.60159362549801,
        24.930747922437675,
        66.4367816091954,
        84.3520782396088,
        39.29273084479371,
        3.557312252964427,
        65.16129032258064,
        46.420824295010846,
        27.765726681127983,
        72.41379310344827,
        97.84172661870504,
        7.526881720430108,
        22.54901960784314,
        9.06801007556675,
        48.6328125,
        38.152610441767074,
        34.70319634703196,
        58.3743842364532,
        85.55555555555556,
        49.79919678714859,
        70.08032128514057,
        57.32368896925859,
        45.52238805970149,
        67.65327695560254,
        46.15384615384615,
        70.74235807860262,
        84.05466970387245,
        27.63915547024952,
        0.0,
        62.387387387387385,
        54.78260869565217,
        52.302025782688766,
        83.9080459770115,
        13.821138211382115,
        93.23529411764706,
        76.04790419161677,
        57.647058823529406,
        77.67857142857143,
        70.50691244239631,
        85.99033816425121,
        86.12244897959184,
        27.735368956743002,
        68.70229007633588,
        61.42557651991615,
        52.6032315978456,
        97.35099337748345,
        53.18471337579618,
        38.73626373626374,
        49.107142857142854,
        69.0909090909091,
        47.32334047109208,
        59.88023952095808,
        88.21428571428571,
        72.63922518159806,
        52.654867256637175,
        22.453703703703702,
        84.48275862068965,
        36.4,
        66.94915254237289,
        19.17808219178082,
        36.19047619047619,
        83.28912466843501,
        69.4949494949495,
        56.53409090909091,
        93.3867735470942,
        85.43689320388349,
        90.47619047619048,
        37.5968992248062,
        52.98701298701298,
        36.827195467422094,
        47.59493670886076,
        45.87155963302752,
        87.4074074074074,
        82.76643990929705,
        75.39682539682539,
        72.70029673590504,
        88.27160493827161,
        55.16372795969773,
        94.42379182156134,
        81.85053380782918,
        91.54228855721394,
        58.995815899581594,
        7.664233576642336,
        85.24590163934425,
        63.53711790393013,
        47.77327935222672,
        49.684210526315795,
        88.27292110874201,
        1.8556701030927836,
        1.9543973941368076,
        76.71641791044776,
        51.955307262569825,
        0.23201856148491878,
        77.1356783919598,
        66.05316973415133,
        69.88950276243095,
        53.753753753753756,
        85.32608695652173,
        89.375,
        89.47368421052632,
        82.55813953488372,
        38.152610441767074,
        74.4186046511628,
        44.18604651162791,
        69.0376569037657,
        83.83458646616542,
        96.7741935483871,
        33.33333333333333,
        80.0,
        87.86407766990291,
        0.5141388174807198,
        97.2451790633609,
        84.08644400785855,
        79.37743190661479,
        88.81278538812786,
        82.6086956521739,
        63.983050847457626,
        40.99722991689751,
        90.82774049217002,
        72.55434782608695,
        81.62729658792651,
        96.25246548323472,
        90.19607843137256,
        74.53703703703704,
        52.63157894736842,
        81.15384615384616,
        73.70517928286853,
        82.56658595641646,
        26.07758620689655,
        88.3399209486166,
        85.7750587472652
    ],
    "Closed Set Accuracy": {
        "OA": 76.1139327640416,
        "AA": 76.7299252451492,