{
    "OA": 71.48694026764593,
    "AA": 71.10195674049788,
    "OOD": null,
    "NMI": null,
    "H-score": null,
    "H3-score": null,
    "Recall-all": [
        99.63369963369964,
        93.42105263157895,
        53.84615384615385,
        91.28440366972477,
        95.23809523809523,
        94.51612903225806,
        98.49624060150376,
        90.51724137931035,
        100.0,
        25.609756097560975,
        90.82969432314411,
        80.52434456928839,
        96.41693811074919,
        96.66666666666667,
        79.56204379562044,
        75.22935779816514,
        86.66666666666667,
        97.46835443037975,
        64.40129449838187,
        98.18181818181819,
        100.0,
        10.80332409972299,
        65.74712643678161,
        95.84352078239608,
        56.385068762278976,
        5.928853754940711,
        90.32258064516128,
        46.637744034707154,
        26.68112798264642,
        85.80121703853956,
        96.0431654676259,
        46.415770609319,
        47.549019607843135,
        8.816120906801007,
        57.421875,
        36.94779116465863,
        23.28767123287671,
        54.92610837438424,
        90.83333333333333,
        77.91164658634538,
        72.48995983935743,
        62.20614828209765,
        68.47014925373134,
        77.16701902748414,
        79.18552036199095,
        63.31877729257642,
        92.9384965831435,
        68.33013435700576,
        0.0,
        96.17117117117117,
        62.60869565217392,
        65.93001841620627,
        87.73946360153256,
        97.5609756097561,
        91.76470588235294,
        85.62874251497006,
        54.11764705882353,
        85.11904761904762,
        68.66359447004609,
        79.71014492753623,
        93.06122448979592,
        54.70737913486005,
        83.7150127226463,
        75.26205450733752,
        79.17414721723519,
        91.3907284768212,
        58.28025477707006,
        49.45054945054945,
        45.089285714285715,
        58.18181818181818,
        86.7237687366167,
        58.68263473053892,
        92.14285714285714,
        67.55447941888619,
        75.66371681415929,
        32.870370370370374,
        90.22988505747126,
        5.2,
        80.29661016949152,
        0.547945205479452,
        68.80952380952381,
        85.14588859416446,
        77.97979797979798,
        53.40909090909091,
        94.58917835671342,
        90.29126213592234,
        97.27891156462584,
        56.201550387596896,
        65.71428571428571,
        44.759206798866856,
        72.65822784810126,
        80.0,
        91.35802469135803,
        95.01133786848072,
        88.88888888888889,
        69.73293768545994,
        96.91358024691358,
        49.1183879093199,
        98.88475836431226,
        89.6797153024911,
        92.7860696517413,
        82.00836820083683,
        12.408759124087592,
        89.07103825136612,
        75.32751091703057,
        51.417004048582996,
        58.31578947368421,
        92.11087420042644,
        1.8556701030927836,
        6.514657980456026,
        75.22388059701493,
        71.13594040968343,
        0.9280742459396751,
        87.68844221105527,
        53.78323108384458,
        87.29281767955801,
        62.16216216216216,
        88.8586956521739,
        68.4375,
        91.96675900277008,
        84.88372093023256,
        57.831325301204814,
        83.72093023255815,
        54.00516795865633,
        51.04602510460251,
        81.01503759398496,
        98.2078853046595,
        27.89473684210526,
        85.75342465753425,
        91.99029126213593,
        26.221079691516707,
        99.44903581267218,
        87.81925343811395,
        88.32684824902724,
        83.56164383561644,
        81.32992327365729,
        53.813559322033896,
        51.52354570637119,
        92.61744966442953,
        50.815217391304344,
        93.43832020997375,
        95.46351084812623,
        89.66131907308377,
        16.435185185185187,
        61.40350877192983,
        81.92307692307692,
        74.5019920318725,
        90.31476997578693,
        76.07758620689656,
        90.9090909090909,
        93.03370786516854,
        76.280834914611,
        93.26424870466322,
        62.45210727969349,
        78.63501483679525,
        90.47619047619048,
        88.59649122807018,
        89.937106918239,
        85.57457212713936,
        95.53990610328638,
        89.93288590604027,
        94.30199430199431,
        38.39541547277937,
        12.098765432098766,
        89.8360655737705,
        28.021978021978022,
        91.22137404580153,
        79.92957746478874,
        35.54083885209713,
        96.06741573033707,
        52.4390243902439,
        86.37274549098196,
        92.8388746803069,
        1.4925373134328357,
        91.41274238227147,
        92.62820512820514,
        88.30022075055187,
        85.68019093078759,
        78.07228915662651,
        85.51136363636364,
        3.9473684210526314,
        56.03448275862068,
        88.8586956521739,
        86.21794871794873,
        85.52971576227391,
        16.52542372881356,
        92.22903885480572,
        90.40404040404042,
        94.61538461538461,
        75.18518518518519,
        43.19419237749546,
        86.95652173913044,
        64.7887323943662,
        16.776315789473685,
        48.18652849740933,
        75.91240875912408,
        91.90371991247265,
        89.27835051546393,
        46.800000000000004,
        49.39172749391727,
        11.501597444089457,
        91.07142857142857,
        70.02398081534771,
        1.4705882352941175,
        92.16061185468452,
        49.6124031007752,
        66.84491978609626,
        81.41592920353983,
        81.08108108108108,
        79.13669064748201,
        72.3463687150838,
        81.71296296296296,
        85.76709796672827,
        88.73994638069705,
        51.546391752577314,
        71.94719471947195,
        56.540084388185655,
        6.896551724137931,
        90.57377049180327,
        40.20100502512563,
        82.90993071593533,
        51.07913669064749,
        92.25,
        62.857142857142854,
        82.36559139784946,
        95.4653937947494,
        94.9367088607595,
        92.21789883268482,
        52.67034990791897,
        24.210526315789473,
        86.33257403189066,
        28.66817155756208,
        65.64705882352942,
        78.13953488372093,
        73.42105263157895,
        88.14968814968816,
        94.49152542372882,
        71.84115523465704,
        58.04597701149425,
        85.06493506493507,
        7.506053268765134,
        69.01041666666666,
        97.69874476987448,
        92.8374655647383,
        52.09713024282561,
        96.62162162162163,
        98.82005899705014,
        92.12328767123287,
        88.05970149253731,
        43.90243902439025,
        89.72809667673715,
        71.06109324758843,
        87.81725888324873,
        92.60450160771704,
        76.97594501718214,
        98.5981308411215,
        74.19354838709677,
        100.0,
        93.34532374100719,
        82.1951219512195,
        81.61290322580645,
        64.42307692307693,
        90.625,
        95.61855670103093,
        84.16289592760181,
        95.95959595959596,
        85.86572438162544,
        87.41258741258741,
        99.38461538461539,
        96.84813753581662,
        72.61410788381743,
        100.0,
        98.73417721518987,
        98.89502762430939,
        0.0,
        88.45265588914549,
        89.1566265060241,
        85.43956043956044,
        84.16030534351145,
        27.419354838709676,
        19.148936170212767,
        90.10309278350516,
        40.65040650406504,
        85.71428571428571,
        81.88679245283019,
        5.442176870748299,
        90.33232628398792,
        17.36111111111111,
        95.65217391304348,
        1.1709601873536302,
        79.93630573248409,
        77.8125,
        86.25730994152046,
        87.94326241134752,
        87.04318936877077,
        83.03571428571429,
