{
    "OA": 71.75987957586885,
    "AA": 71.57977794485893,
    "OOD": null,
    "NMI": null,
    "H-score": null,
    "H3-score": null,
    "Recall-all": [
        98.9010989010989,
        85.52631578947368,
        65.10989010989012,
        91.28440366972477,
        95.23809523809523,
        94.51612903225806,
        98.49624060150376,
        88.79310344827587,
        100.0,
        15.24390243902439,
        89.08296943231441,
        86.89138576779027,
        94.78827361563518,
        93.33333333333333,
        86.86131386861314,
        71.55963302752293,
        95.0,
        92.40506329113924,
        66.01941747572816,
        97.57575757575758,
        99.60159362549801,
        19.113573407202217,
        68.73563218390805,
        93.64303178484109,
        54.223968565815326,
        8.695652173913043,
        92.58064516129032,
        39.69631236442516,
        28.633405639913235,
        78.49898580121703,
        94.60431654676259,
        38.35125448028674,
        46.568627450980394,
        9.82367758186398,
        57.421875,
        38.35341365461847,
        25.34246575342466,
        57.14285714285714,
        90.0,
        77.71084337349397,
        80.92369477911646,
        77.75768535262206,
        69.40298507462687,
        86.4693446088795,
        78.73303167420815,
        56.76855895196506,
        93.84965831435079,
        65.83493282149712,
        0.0,
        95.27027027027027,
        58.04347826086956,
        63.16758747697975,
        88.50574712643679,
        95.9349593495935,
        90.88235294117646,
        82.03592814371258,
        71.76470588235294,
        85.11904761904762,
        63.133640552995395,
        80.67632850241546,
        94.6938775510204,
        70.48346055979644,
        86.25954198473282,
        75.26205450733752,
        80.43087971274686,
        86.09271523178808,
        61.46496815286624,
        53.84615384615385,
        68.30357142857143,
        69.0909090909091,
        84.58244111349036,
        49.700598802395206,
        91.78571428571428,
        74.09200968523002,
        76.10619469026548,
        25.23148148148148,
        89.65517241379311,
        19.6,
        83.26271186440678,
        2.191780821917808,
        19.047619047619047,
        86.20689655172413,
        83.83838383838383,
        48.29545454545455,
        93.3867735470942,
        93.20388349514563,
        96.82539682539682,
        52.71317829457365,
        60.0,
        48.1586402266289,
        69.36708860759494,
        84.95412844036697,
        93.33333333333333,
        93.87755102040816,
        87.3015873015873,
        68.5459940652819,
        98.14814814814815,
        46.59949622166247,
        96.84014869888475,
        91.10320284697508,
        93.28358208955224,
        77.82426778242679,
        8.75912408759124,
        91.07468123861567,
        70.52401746724891,
        53.036437246963565,
        60.421052631578945,
        93.81663113006397,
        4.123711340206185,
        1.9543973941368076,
        74.02985074626865,
        68.71508379888269,
        6.0324825986078885,
        84.92462311557789,
        68.9161554192229,
        88.67403314917127,
        70.87087087087087,
        82.6086956521739,
        65.9375,
        91.96675900277008,
        90.69767441860465,
        55.020080321285135,
        84.88372093023256,
        52.97157622739018,
        53.55648535564853,
        91.16541353383458,
        97.84946236559139,
        35.43859649122807,
        89.86301369863014,
        91.99029126213593,
        12.082262210796916,
        98.07162534435263,
        87.42632612966601,
        90.6614785992218,
        88.12785388127854,
        79.28388746803068,
        43.22033898305085,
        34.07202216066482,
        91.2751677852349,
        61.141304347826086,
        97.9002624671916,
        94.47731755424064,
        93.58288770053476,
        18.98148148148148,
        61.904761904761905,
        83.07692307692308,
        78.88446215139442,
        93.22033898305084,
        80.60344827586206,
        93.2806324110672,
        93.70786516853933,
        83.30170777988614,
        94.30051813471503,
        59.77011494252874,
        80.71216617210682,
        90.81632653061224,
        89.47368421052632,
        86.79245283018868,
        82.15158924205379,
        95.77464788732394,
        83.89261744966443,
        93.73219373219374,
        50.1432664756447,
        4.938271604938271,
        89.8360655737705,
        27.197802197802197,
        93.51145038167938,
        80.28169014084507,
        32.22958057395143,
        96.62921348314607,
        56.58536585365853,
        85.97194388777555,
        86.70076726342711,
        1.4925373134328357,
        93.62880886426593,
        94.23076923076923,
        85.8719646799117,
        87.58949880668257,
        80.0,
        73.57954545454545,
        1.3157894736842104,
        57.327586206896555,
        88.31521739130434,
        84.93589743589743,
        86.56330749354005,
        16.101694915254235,
        89.57055214723927,
        88.88888888888889,
        93.58974358974359,
        80.55555555555556,
        49.18330308529946,
        83.69565217391305,
        62.323943661971825,
        23.026315789473685,
        45.59585492227979,
        79.74452554744525,
        84.02625820568927,
        91.34020618556701,
        51.6,
        41.3625304136253,
        10.86261980830671,
        93.05555555555556,
        71.94244604316546,
        3.823529411764706,
        91.20458891013385,
        50.3875968992248,
        67.64705882352942,
        87.61061946902655,
        81.32678132678133,
        91.72661870503596,
        70.11173184357543,
        78.00925925925925,
        84.28835489833642,
        90.0804289544236,
        48.45360824742268,
        73.5973597359736,
        60.75949367088608,
        11.598746081504702,
        93.44262295081968,
        36.18090452261307,
        73.90300230946882,
        63.30935251798561,
        88.0,
        54.065934065934066,
        83.01075268817203,
        94.27207637231504,
        94.9367088607595,
        83.0739299610895,
        55.432780847145494,
        24.0,
        84.96583143507974,
        32.731376975169304,
        59.29411764705882,
        73.48837209302326,
        77.63157894736842,
        87.52598752598753,
        94.70338983050848,
        70.7581227436823,
        66.0919540229885,
        89.6103896103896,
        4.358353510895883,
        70.83333333333334,
        98.11715481171548,
        96.14325068870524,
        60.264900662251655,
        97.97297297297297,
        98.82005899705014,
        93.4931506849315,
        88.05970149253731,
        42.68292682926829,
        91.54078549848943,
        79.7427652733119,
        88.57868020304569,
        93.89067524115757,
        71.1340206185567,
        98.13084112149532,
        77.41935483870968,
        99.21875,
        89.568345323741,
        82.92682926829268,
        80.0,
        74.35897435897436,
        96.25,
        91.75257731958763,
        85.97285067873304,
        95.95959595959596,
        86.57243816254417,
        89.5104895104895,
        99.6923076923077,
        97.42120343839542,
        72.40663900414937,
        100.0,
        94.9367088607595,
        97.79005524861878,
        6.521739130434782,
        87.75981524249423,
        92.04819277108433,
        87.63736263736264,
        83.01526717557252,
        37.096774193548384,
        36.17021276595745,
        91.54639175257732,
        65.4471544715447,
        85.71428571428571,
        80.56603773584906,
        18.367346938775512,
        89.12386706948641,
        15.972222222222221,
        96.52173913043478,
        0.702576112412178,
        82.48407643312102,
        79.0625,
        85.08771929824562,
        87.94326241134752,
        84.38538205980066,
        81.25,
        94.2982456140351,
        71.11111111111111,
