{
    "OA": 78.54779746249152,
    "AA": 68.6519184695288,
    "OOD": 87.3412255230437,
    "NMI": 78.60545439202365,
    "H-score": 76.79832826503457,
    "H3-score": 77.39274355502772,
    "Recall-all": [
        96.7032967032967,
        69.07894736842105,
        41.208791208791204,
        66.5137614678899,
        90.47619047619048,
        93.87096774193549,
        95.86466165413535,
        97.41379310344827,
        100.0,
        32.926829268292686,
        91.26637554585153,
        83.89513108614233,
        96.41693811074919,
        91.11111111111111,
        84.30656934306569,
        71.55963302752293,
        88.33333333333333,
        98.73417721518987,
        59.22330097087378,
        99.39393939393939,
        99.60159362549801,
        64.26592797783933,
        68.27586206896552,
        92.66503667481662,
        45.383104125736736,
        3.7549407114624502,
        70.0,
        49.891540130151846,
        27.9826464208243,
        78.29614604462475,
        97.84172661870504,
        12.903225806451612,
        18.137254901960784,
        8.816120906801007,
        51.171875,
        37.75100401606426,
        34.93150684931507,
        59.60591133004927,
        88.88888888888889,
        51.40562248995983,
        71.6867469879518,
        64.91862567811934,
        52.23880597014925,
        76.10993657505286,
        46.83257918552036,
        75.10917030567686,
        88.8382687927107,
        44.72168905950096,
        0.0,
        79.95495495495496,
        80.0,
        65.93001841620627,
        85.82375478927203,
        61.78861788617886,
        95.0,
        77.54491017964071,
        62.35294117647059,
        84.22619047619048,
        75.34562211981567,
        84.05797101449275,
        94.48979591836735,
        27.989821882951656,
        72.7735368956743,
        65.82809224318659,
        83.48294434470377,
        98.67549668874173,
        86.62420382165605,
        56.86813186813187,
        50.89285714285714,
        76.36363636363637,
        53.53319057815846,
        67.06586826347305,
        91.78571428571428,
        76.51331719128329,
        53.98230088495575,
        25.23148148148148,
        84.48275862068965,
        42.4,
        72.03389830508475,
        20.0,
        55.47619047619048,
        92.57294429708223,
        77.37373737373737,
        62.21590909090909,
        95.59118236472945,
        82.52427184466019,
        93.65079365079364,
        31.007751937984494,
        54.285714285714285,
        40.79320113314447,
        54.936708860759495,
        52.477064220183486,
        91.35802469135803,
        86.62131519274377,
        78.57142857142857,
        77.74480712166172,
        88.88888888888889,
        56.92695214105793,
        97.21189591078067,
        88.25622775800713,
        95.02487562189054,
        61.08786610878661,
        3.64963503649635,
        91.43897996357013,
        72.0524017467249,
        46.558704453441294,
        62.10526315789474,
        91.47121535181236,
        5.154639175257731,
        2.2801302931596092,
        81.19402985074626,
        60.893854748603346,
        0.23201856148491878,
        87.93969849246231,
        80.98159509202453,
        79.55801104972376,
        55.85585585585585,
        89.67391304347827,
        73.4375,
        92.797783933518,
        83.13953488372093,
        42.570281124497996,
        47.286821705426355,
        55.03875968992248,
        71.54811715481172,
        87.03007518796993,
        97.84946236559139,
        38.421052631578945,
        83.83561643835617,
        90.53398058252428,
        5.912596401028278,
        97.2451790633609,
        87.62278978388997,
        80.1556420233463,
        97.71689497716895,
        82.86445012787725,
        61.440677966101696,
        42.38227146814405,
        94.63087248322147,
        76.08695652173914,
        83.72703412073491,
        96.84418145956607,
        93.76114081996435,
        72.45370370370371,
        61.65413533834586,
        83.84615384615385,
        70.91633466135458,
        94.91525423728814,
        27.370689655172413,
        95.0592885375494,
        87.3412255230437
    ],
    "Closed Set Accuracy": {
        "OA": 80.99942326654389,
        "AA": 81.42636775833675,