{
    "OA": 78.89682894149173,
    "AA": 68.54573515752621,
    "OOD": 88.17064998883181,
    "NMI": 78.62070834943388,
    "H-score": 77.04603391680209,
    "H3-score": 77.56521296943089,
    "Recall-all": [
        96.33699633699634,
        67.10526315789474,
        42.582417582417584,
        68.11926605504587,
        90.47619047619048,
        92.58064516129032,
        95.86466165413535,
        98.70689655172413,
        100.0,
        29.878048780487802,
        91.0480349344978,
        89.13857677902621,
        95.76547231270358,
        90.55555555555556,
        79.1970802919708,
        71.55963302752293,
        88.33333333333333,
        98.73417721518987,
        63.43042071197411,
        99.39393939393939,
        99.60159362549801,
        62.32686980609419,
        62.52873563218391,
        92.42053789731052,
        43.418467583497055,
        3.9525691699604746,
        71.29032258064515,
        48.37310195227766,
        27.9826464208243,
        77.28194726166329,
        98.20143884892086,
        13.440860215053762,
        19.607843137254903,
        9.06801007556675,
        50.0,
        36.74698795180723,
        36.07305936073059,
        58.620689655172406,
        89.72222222222223,
        47.59036144578313,
        71.4859437751004,
        63.47197106690777,
        57.649253731343286,
        77.3784355179704,
        47.05882352941176,
        73.36244541484717,
        88.61047835990888,
        43.186180422264876,
        0.0,
        77.92792792792793,
        77.17391304347827,
        64.08839779005525,
        83.14176245210729,
        65.04065040650406,
        95.29411764705881,
        79.34131736526946,
        69.41176470588235,
        78.57142857142857,
        70.27649769585254,
        89.3719806763285,
        92.85714285714286,
        28.498727735368956,
        71.7557251908397,
        63.941299790356396,
        84.20107719928187,
        99.33774834437085,
        88.85350318471338,
        53.02197802197802,
        55.80357142857143,
        74.90909090909092,
        50.74946466809421,
        70.65868263473054,
        92.14285714285714,
        73.12348668280872,
        54.86725663716814,
        23.61111111111111,
        85.0574712643678,
        40.400000000000006,
        71.39830508474576,
        22.73972602739726,
        45.0,
        92.57294429708223,
        76.76767676767676,
        61.64772727272727,
        95.99198396793587,
        84.46601941747572,
        94.7845804988662,
        25.968992248062015,
        53.246753246753244,
        37.6770538243626,
        54.936708860759495,
        55.96330275229357,
        92.09876543209876,
        87.07482993197279,
        82.53968253968253,
        78.33827893175074,
        91.35802469135803,
        55.66750629722922,
        97.76951672862454,
        90.0355871886121,
        94.5273631840796,
        62.76150627615063,
        4.37956204379562,
        92.53187613843352,
        71.61572052401746,
        46.558704453441294,
        63.368421052631575,
        90.40511727078892,
        4.536082474226804,
        2.2801302931596092,
        81.7910447761194,
        59.96275605214153,
        0.46403712296983757,
        89.44723618090453,
        82.0040899795501,
        79.8342541436464,
        54.95495495495496,
        88.8586956521739,
        85.0,
        92.797783933518,
        83.13953488372093,
        39.3574297188755,
        45.348837209302324,
        55.03875968992248,
        74.47698744769873,
        85.90225563909775,
        97.4910394265233,
        42.80701754385965,
        87.3972602739726,
        88.10679611650485,
        3.3419023136246784,
        97.2451790633609,
        86.44400785854617,
        80.93385214007782,
        97.94520547945206,
        83.88746803069054,
        55.08474576271186,
        45.98337950138504,
        94.1834451901566,
        73.6413043478261,
        84.25196850393701,
        97.0414201183432,
        93.76114081996435,
        67.12962962962963,
        61.40350877192983,
        83.07692307692308,
        70.5179282868526,
        95.64164648910412,
        27.586206896551722,
        95.25691699604744,
        88.17064998883181
    ],
    "Closed Set Accuracy": {
        "OA": 81.08686350021395,
        "AA": 81.46641644583642,