{
    "OA": 56.72861528250228,
    "AA": 60.13401880746079,
    "OOD": null,
    "NMI": null,
    "H-score": null,
    "H3-score": null,
    "Recall-all": [
        84.0909090909091,
        64.93506493506493,
        84.39716312056737,
        92.5,
        60.09615384615385,
        81.81818181818183,
        98.7012987012987,
        30.64516129032258,
        96.82539682539682,
        9.195402298850574,
        89.58333333333334,
        86.20689655172413,
        89.54248366013073,
        91.54929577464789,
        74.35897435897436,
        76.42857142857142,
        84.84848484848484,
        69.17293233082707,
        83.45864661654136,
        94.64285714285714,
        92.85714285714286,
        63.6986301369863,
        38.18181818181819,
        60.483870967741936,
        32.537313432835816,
        16.793893129770993,
        97.0,
        31.03448275862069,
        63.1578947368421,
        92.08333333333333,
        74.45652173913044,
        55.60747663551402,
        68.09815950920245,
        69.04761904761905,
        56.17977528089888,
        37.254901960784316,
        9.63855421686747,
        45.36082474226804,
        72.0,
        45.23809523809524,
        94.70899470899471,
        77.08333333333334,
        78.63247863247864,
        76.8,
        66.87116564417178,
        31.858407079646017,
        85.61151079136691,
        72.25806451612902,
        1.3856812933025404,
        82.18390804597702,
        88.09523809523809,
        36.95652173913043,
        91.66666666666666,
        68.29268292682927,
        93.4065934065934,
        92.10526315789474,
        25.0,
        79.3103448275862,
        86.79245283018868,
        55.38461538461539,
        50.0,
        93.06930693069307,
        69.56521739130434,
        58.97435897435898,
        46.15384615384615,
        58.82352941176471,
        43.18181818181818,
        50.0,
        58.2089552238806,
        26.08695652173913,
        62.5,
        41.13475177304964,
        65.0,
        56.666666666666664,
        42.857142857142854,
        86.95652173913044,
        100.0,
        0.0,
        30.434782608695656,
        0.0,
        66.66666666666666,
        72.72727272727273,
        95.28301886792453,
        1.0050251256281406,
        94.64285714285714,
        87.60330578512396,
        78.50467289719626,
        28.413284132841326,
        82.5,
        64.28571428571429,
        63.04347826086957,
        79.26267281105991,
        89.83050847457628,
        68.18181818181817,
        56.17529880478087,
        48.529411764705884,
        33.33333333333333,
        9.0,
        84.56375838926175,
        63.020833333333336,
        92.24806201550388,
        88.48920863309353,
        11.214953271028037,
        96.7741935483871,
        85.6,
        12.121212121212121,
        55.84795321637427,
        61.33333333333333,
        0.641025641025641,
        7.142857142857142,
        84.76190476190476,
        47.95918367346938,
        0.5050505050505051,
        70.40816326530613,
        52.38095238095239,
        57.64192139737992,
        69.88416988416989,
        92.92929292929293,
        7.8125,
        86.74698795180723,
        27.89473684210526,
        52.76595744680851,
        91.48936170212765,
        74.86033519553072,
        66.66666666666666,
        85.2112676056338,
        66.30434782608695,
        17.91044776119403,
        46.55172413793103,
        86.92307692307692,
        9.67741935483871,
        4.3478260869565215,
        84.5,
        46.666666666666664,
        90.47619047619048,
        94.48818897637796,
        51.02040816326531,
        9.63855421686747,
        87.09677419354838,
        60.37735849056604,
        92.3076923076923,
        97.36842105263158,
        89.78102189781022,
        19.863013698630137,
        41.25,
        72.58064516129032,
        45.07042253521127,
        77.46478873239437,
        56.25,
        85.59322033898306,
        91.66666666666666,
        48.484848484848484,
        95.65217391304348,
        73.0,
        65.13761467889908,
        23.88059701492537,
        88.18897637795276,
        94.54545454545455,
        84.61538461538461,
        94.11764705882352,
        78.94736842105263,
        59.09090909090909,
        44.73684210526316,
        10.588235294117647,
        53.57142857142857,
        69.23076923076923,
        72.14611872146118,
        64.63878326996198,
        49.473684210526315,
        80.21201413427562,
        43.90243902439025,
        83.89513108614233,
        80.64516129032258,
        6.25,
        90.0,
        79.22077922077922,
        91.59663865546219,
        74.32432432432432,
        64.76190476190476,
        97.77777777777777,
        0.0,
        44.73684210526316,
        94.6969696969697,
        85.53459119496856,
        93.45794392523365,
        31.35593220338983,
        95.6896551724138,
        59.25925925925925,
        89.8989898989899,
        95.2054794520548,
        63.70370370370371,
        90.9090909090909,
        67.1875,
        84.03361344537815,
        11.965811965811966,
        89.20454545454545,
        0.0,
        74.68354430379746,
        81.42857142857143,
        22.0,
        11.25,
        98.07692307692307,
        95.45454545454545,
        2.8846153846153846,
        95.71428571428572,
        53.84615384615385,
        36.36363636363637,
        81.41592920353983,
        96.29629629629629,
        82.10526315789474,
        39.50617283950617,
        78.39506172839506,
        65.59139784946237,
        55.38461538461539,
        76.92307692307693,
        85.03937007874016,
        67.27272727272727,
        0.0,
        86.98630136986301,
        86.74698795180723,
        93.12977099236642,
        10.126582278481013,
        89.80891719745223,
        78.75,
        100.0,
        92.85714285714286,
        72.80701754385966,
        84.14634146341463,
        41.53846153846154,
        8.333333333333332,
        69.1358024691358,
        47.05882352941176,
        70.17543859649122,
        44.61538461538462,
        60.509554140127385,
        95.23809523809523,
        71.78423236514523,
        67.82608695652173,
        11.180124223602485,
        50.0,
        21.53846153846154,
        78.125,
        99.21875,
        91.76470588235294,
        34.78260869565217,
        85.71428571428571,
        62.637362637362635,
        62.54980079681275,
        71.11111111111111,
        45.94594594594595,
        74.4186046511628,
        45.90163934426229,
        48.675496688741724,
        53.144654088050316,
        29.880478087649404,
        89.83050847457628,
        19.88950276243094,
        47.96511627906977,
        62.65822784810127,
        0.4454342984409799,
        30.662983425414364,
        36.104513064133016,
        33.54037267080746,
        61.724137931034484,
        38.72549019607843,
        56.00000000000001,
        12.165450121654501,
        35.526315789473685,
        75.62724014336918,
        56.92307692307692,
        41.544117647058826,
        60.12461059190031,
        36.016096579476866,
        81.22605363984674,
        2.8662420382165608,
        59.32721712538226,
        20.666666666666668,
        34.64285714285714,
        28.78464818763326,
        3.792415169660679,
        0.32679738562091504,
        71.85185185185186,
        31.967213114754102,
        56.33802816901409,
        67.6829268292683,
        1.6666666666666667,
        86.53846153846155,
        13.043478260869565,
        45.33333333333333,
        9.94475138121547,
        80.2919708029197,
        64.64088397790056,
        67.44186046511628,
        72.53521126760563,
        65.74074074074075,
        62.35955056179775,
        86.50306748466258,
        59.48275862068966,
        54.54545454545454,
        46.74329501915709,
        4.081632653061225,
        1.4925373134328357,
        86.81818181818181,
        78.57142857142857,
        67.61363636363636,
