{
    "OA": 37.59792594262526,
    "AA": 47.241679812537875,
    "OOD": null,
    "NMI": null,
    "H-score": null,
    "H3-score": null,
    "Recall-all": [
        88.63636363636364,
        0.4329004329004329,
        48.226950354609926,
        78.75,
        14.903846153846153,
        79.22077922077922,
        97.40259740259741,
        98.38709677419355,
        73.01587301587301,
        8.045977011494253,
        77.77777777777779,
        50.3448275862069,
        52.28758169934641,
        57.74647887323944,
        51.28205128205128,
        57.14285714285714,
        93.93939393939394,
        44.3609022556391,
        60.150375939849624,
        82.14285714285714,
        85.71428571428571,
        51.369863013698634,
        18.181818181818183,
        59.67741935483871,
        6.567164179104477,
        54.961832061068705,
        86.0,
        27.586206896551722,
        31.57894736842105,
        0.0,
        35.32608695652174,
        18.69158878504673,
        48.466257668711656,
        47.61904761904761,
        46.06741573033708,
        43.13725490196079,
        27.710843373493976,
        42.2680412371134,
        24.88888888888889,
        21.904761904761905,
        0.0,
        24.479166666666664,
        16.23931623931624,
        68.8,
        44.171779141104295,
        46.902654867256636,
        65.46762589928058,
        44.516129032258064,
        0.6928406466512702,
        0.0,
        88.09523809523809,
        32.608695652173914,
        93.75,
        19.51219512195122,
        92.3076923076923,
        82.89473684210526,
        14.583333333333334,
        86.20689655172413,
        88.67924528301887,
        47.69230769230769,
        61.111111111111114,
        50.495049504950494,
        73.91304347826086,
        46.15384615384615,
        56.043956043956044,
        70.58823529411765,
        40.909090909090914,
        56.25,
        55.223880597014926,
        30.434782608695656,
        75.0,
        32.62411347517731,
        60.0,
        56.666666666666664,
        32.857142857142854,
        65.21739130434783,
        87.5,
        42.10526315789473,
        34.78260869565217,
        1.694915254237288,
        76.19047619047619,
        54.54545454545454,
        82.0754716981132,
        0.5025125628140703,
        88.39285714285714,
        79.33884297520662,
        72.89719626168224,
        21.40221402214022,
        0.0,
        25.0,
        30.434782608695656,
        17.51152073732719,
        91.52542372881356,
        70.45454545454545,
        14.741035856573706,
        55.88235294117647,
        44.44444444444444,
        78.0,
        46.97986577181208,
        45.3125,
        65.11627906976744,
        62.589928057553955,
        4.672897196261682,
        0.0,
        46.400000000000006,
        6.0606060606060606,
        0.0,
        48.0,
        0.0,
        0.0,
        0.0,
        44.89795918367347,
        5.05050505050505,
        81.63265306122449,
        82.14285714285714,
        29.694323144104807,
        0.0,
        89.8989898989899,
        7.8125,
        77.10843373493977,
        32.631578947368425,
        5.106382978723404,
        72.3404255319149,
        38.547486033519554,
        51.21951219512195,
        61.267605633802816,
        43.47826086956522,
        28.35820895522388,
        22.413793103448278,
        64.61538461538461,
        4.838709677419355,
        6.418219461697723,
        0.0,
        44.166666666666664,
        74.60317460317461,
        51.181102362204726,
        73.46938775510205,
        1.8072289156626504,
        90.32258064516128,
        60.37735849056604,
        70.76923076923077,
        93.42105263157895,
        77.37226277372264,
        50.68493150684932,
        53.75,
        58.06451612903226,
        57.74647887323944,
        94.36619718309859,
        0.0,
        77.11864406779661
    ],
    "Closed Set Accuracy": {
        "OA": 59.792594262526066,
        "AA": 63.03815111290003,
        "Recall-all": [
            88.63636363636364,
            70.995670995671,
            55.319148936170215,
            82.5,
            68.75,
            83.11688311688312,
            97.40259740259741,
            98.38709677419355,
            91.26984126984127,
            9.195402298850574,
            91.66666666666666,
            60.689655172413794,
            58.16993464052288,
            94.36619718309859,
            82.05128205128204,
            75.0,
            96.96969696969697,
            56.390977443609025,
            74.43609022556392,
            92.85714285714286,
            93.75,
            58.9041095890411,
            29.09090909090909,
            61.29032258064516,
            20.298507462686565,
            76.33587786259542,
            93.0,
            39.08045977011494,
            70.52631578947368,
            87.91666666666667,
            75.0,
            56.54205607476636,
            60.122699386503065,
            57.14285714285714,
            49.43820224719101,
            50.0,
            33.734939759036145,
            56.70103092783505,
            63.55555555555556,
            29.523809523809526,
            91.53439153439153,
            67.1875,
            56.837606837606835,
            72.0,
            66.87116564417178,
            49.557522123893804,
            83.45323741007195,
            49.03225806451613,
            0.6928406466512702,
            87.93103448275862,
            95.23809523809523,
            56.52173913043478,
            93.75,
            24.390243902439025,
            98.9010989010989,
            85.52631578947368,
            18.75,
            89.65517241379311,
            90.56603773584906,
            56.92307692307692,
            64.44444444444444,
            52.475247524752476,
            78.26086956521739,
            53.84615384615385,
            62.637362637362635,
            76.47058823529412,
            40.909090909090914,
            81.25,
            62.68656716417911,
            34.78260869565217,
            79.16666666666666,
            57.446808510638306,
            60.0,
            63.33333333333333,
            35.714285714285715,
            65.21739130434783,
            87.5,
            42.10526315789473,
            56.52173913043478,
            6.779661016949152,
            80.95238095238095,
            54.54545454545454,
            88.67924528301887,
            1.507537688442211,
            96.42857142857143,
            85.12396694214877,
            83.17757009345794,
            26.56826568265683,
            3.75,
            57.14285714285714,
            34.78260869565217,
            56.22119815668203,
            91.52542372881356,
            72.72727272727273,
            56.573705179282875,
            72.79411764705883,
            77.77777777777779,
            80.0,
            87.24832214765101,
            55.208333333333336,
            75.1937984496124,
            71.94244604316546,
            14.018691588785046,
            89.24731182795699,
            69.6,
            18.181818181818183,
            66.08187134502924,
            64.66666666666666,
            0.3205128205128205,
            0.0,
            77.61904761904762,
            54.08163265306123,
            33.33333333333333,
            90.81632653061224,
            85.71428571428571,
            40.61135371179039,
            70.27027027027027,
            95.95959595959596,
            28.125,
            79.51807228915662,
            37.89473684210527,
            54.46808510638298,
            90.42553191489363,
            48.60335195530726,
            52.03252032520326,
            76.05633802816901,
            52.17391304347826,
            35.82089552238806,
            25.862068965517242,
            83.84615384615385,
            17.741935483870968,
            29.81366459627329,
            83.0,
            51.66666666666667,
            91.26984126984127,
