{
    "OA": 40.86993730349203,
    "AA": 46.490486412397196,
    "OOD": null,
    "NMI": null,
    "H-score": null,
    "H3-score": null,
    "Recall-all": [
        92.67399267399267,
        52.63157894736842,
        42.30769230769231,
        48.39449541284404,
        76.19047619047619,
        82.9032258064516,
        93.23308270676691,
        91.8103448275862,
        100.0,
        21.341463414634145,
        39.082969432314414,
        81.27340823970037,
        83.06188925081433,
        84.44444444444444,
        54.01459854014598,
        64.22018348623854,
        91.66666666666666,
        96.20253164556962,
        54.69255663430421,
        99.39393939393939,
        96.41434262948208,
        33.51800554016621,
        40.91954022988506,
        32.76283618581907,
        26.129666011787815,
        3.7549407114624502,
        54.83870967741935,
        41.64859002169197,
        25.813449023861175,
        30.628803245436103,
        97.12230215827337,
        17.921146953405017,
        18.627450980392158,
        9.06801007556675,
        40.4296875,
        33.33333333333333,
        33.10502283105023,
        51.47783251231527,
        75.0,
        29.116465863453815,
        41.365461847389554,
        1.8083182640144666,
        25.932835820895523,
        48.837209302325576,
        42.30769230769231,
        65.93886462882097,
        34.39635535307517,
        31.669865642994242,
        0.0,
        40.765765765765764,
        45.21739130434783,
        12.52302025782689,
        76.62835249042146,
        8.94308943089431,
        87.6470588235294,
        60.47904191616767,
        47.05882352941176,
        67.26190476190477,
        38.47926267281106,
        79.22705314009661,
        9.795918367346939,
        27.2264631043257,
        64.8854961832061,
        35.42976939203354,
        6.283662477558348,
        90.06622516556291,
        38.853503184713375,
        4.1208791208791204,
        54.91071428571429,
        68.36363636363636,
        35.11777301927195,
        61.07784431137725,
        82.85714285714286,
        58.83777239709443,
        52.21238938053098,
        25.694444444444443,
        83.33333333333334,
        35.199999999999996,
        46.39830508474576,
        2.73972602739726,
        45.0,
        62.59946949602122,
        45.25252525252525,
        53.40909090909091,
        4.809619238476954,
        79.6116504854369,
        49.88662131519274,
        39.922480620155035,
        50.38961038961038,
        66.28895184135978,
        40.25316455696203,
        3.486238532110092,
        66.17283950617285,
        53.74149659863946,
        71.03174603174604,
        58.160237388724035,
        88.88888888888889,
        45.843828715365234,
        0.0,
        76.51245551601423,
        7.213930348258707,
        51.88284518828452,
        2.18978102189781,
        1.092896174863388,
        50.87336244541485,
        47.77327935222672,
        44.42105263157895,
        3.624733475479744,
        2.0618556701030926,
        2.2801302931596092,
        73.73134328358208,
        33.14711359404097,
        3.7122969837587005,
        63.5678391959799,
        39.059304703476485,
        64.3646408839779,
        36.33633633633634,
        71.46739130434783,
        67.1875,
        77.28531855955679,
        80.23255813953489,
        14.056224899598394,
        68.21705426356588,
        38.759689922480625,
        20.502092050209207,
        0.9398496240601504,
        88.17204301075269,
        27.017543859649123,
        65.75342465753424,
        70.14563106796116,
        7.455012853470437,
        74.93112947658402,
        3.732809430255403,
        68.48249027237354,
        12.785388127853881,
        73.65728900255755,
        59.7457627118644,
        28.53185595567867,
        17.225950782997764,
        65.76086956521739,
        65.09186351706036,
        0.19723865877712032,
        0.0,
        58.10185185185185,
        46.616541353383454,
        71.53846153846153,
        56.97211155378486,
        33.89830508474576,
        23.92241379310345,
        5.533596837944664
    ],
    "Closed Set Accuracy": {
        "OA": 66.63689977860876,
        "AA": 67.65633742965193,