{
    "OA": 79.67677369195904,
    "AA": 68.2992458837974,
    "OOD": 89.72675154493336,
    "NMI": 78.79337511093539,
    "H-score": 77.46758743463609,
    "H3-score": 77.90587485004482,
    "Recall-all": [
        96.7032967032967,
        69.73684210526315,
        40.65934065934066,
        57.11009174311926,
        85.71428571428571,
        92.90322580645162,
        95.48872180451127,
        98.27586206896551,
        100.0,
        37.19512195121951,
        91.26637554585153,
        89.51310861423221,
        96.09120521172639,
        90.55555555555556,
        72.62773722627736,
        75.22935779816514,
        91.66666666666666,
        100.0,
        63.43042071197411,
        99.39393939393939,
        99.60159362549801,
        71.46814404432132,
        63.678160919540225,
        88.01955990220048,
        42.43614931237721,
        5.138339920948617,
        71.93548387096774,
        48.15618221258134,
        29.28416485900217,
        79.5131845841785,
        97.84172661870504,
        12.007168458781361,
        18.137254901960784,
        8.816120906801007,
        49.0234375,
        36.74698795180723,
        35.61643835616438,
        56.40394088669951,
        88.05555555555556,
        52.00803212851406,
        71.6867469879518,
        53.8878842676311,
        54.66417910447762,
        76.32135306553911,
        46.380090497737555,
        73.36244541484717,
        89.749430523918,
        44.913627639155465,
        0.0,
        81.30630630630631,
        76.30434782608695,
        61.141804788213626,
        82.37547892720306,
        21.951219512195124,
        95.29411764705881,
        79.04191616766467,
        68.23529411764706,
        80.35714285714286,
        71.6589861751152,
        86.47342995169082,
        91.02040816326532,
        28.75318066157761,
        73.2824427480916,
        63.52201257861635,
        82.2262118491921,
        99.33774834437085,
        85.03184713375796,
        48.35164835164835,
        58.48214285714286,
        78.54545454545455,
        52.24839400428265,
        64.07185628742515,
        92.14285714285714,
        72.88135593220339,
        54.424778761061944,
        26.38888888888889,
        85.0574712643678,
        42.8,
        71.61016949152543,
        17.26027397260274,
        55.952380952380956,
        92.57294429708223,
        77.37373737373737,
        61.64772727272727,
        95.59118236472945,
        83.49514563106796,
        92.29024943310658,
        27.131782945736433,
        54.54545454545454,
        38.243626062322946,
        51.64556962025316,
        53.39449541284404,
        91.11111111111111,
        86.39455782312925,
        80.95238095238095,
        78.63501483679525,
        94.44444444444444,
        55.41561712846348,
        97.76951672862454,
        90.74733096085409,
        94.77611940298507,
        61.08786610878661,
        6.934306569343065,
        92.16757741347905,
        71.83406113537117,
        44.93927125506073,
        62.73684210526316,
        89.97867803837953,
        3.5051546391752577,
        2.2801302931596092,
        80.59701492537313,
        57.91433891992551,
        0.0,
        88.69346733668341,
        80.3680981595092,
        75.69060773480662,
        55.55555555555556,
        89.67391304347827,
        84.6875,
        91.96675900277008,
        86.62790697674419,
        44.17670682730924,
        70.15503875968993,
        55.297157622739014,
        71.54811715481172,
        86.09022556390977,
        97.1326164874552,
        44.21052631578947,
        82.46575342465754,
        89.32038834951457,
        3.3419023136246784,
        97.2451790633609,
        86.44400785854617,
        80.1556420233463,
        97.94520547945206,
        83.12020460358056,
        51.69491525423729,
        46.53739612188366,
        93.73601789709173,
        78.26086956521739,
        82.67716535433071,
        97.0414201183432,
        92.6916221033868,
        78.00925925925925,
        60.6516290726817,
        83.46153846153847,
        69.32270916334662,
        96.61016949152543,
        28.879310344827587,
        93.87351778656127,
        89.72675154493336
    ],
    "Closed Set Accuracy": {
        "OA": 81.08686350021395,
        "AA": 81.56666764552406,