{
    "OA": 70.29162864017258,
    "AA": 70.45255783602902,
    "OOD": 71.03613508812235,
    "NMI": 61.611768447947654,
    "H-score": 70.74068158616348,
    "H3-score": 67.41258320527997,
    "Recall-all": [
        95.45454545454545,
        91.77489177489177,
        74.46808510638297,
        92.5,
        94.71153846153845,
        88.31168831168831,
        100.0,
        69.35483870967742,
        99.20634920634922,
        13.218390804597702,
        90.27777777777779,
        81.37931034482759,
        75.81699346405229,
        95.07042253521126,
        56.41025641025641,
        85.71428571428571,
        87.87878787878788,
        72.18045112781954,
        86.46616541353383,
        96.42857142857143,
        94.64285714285714,
        74.65753424657534,
        81.81818181818183,
        92.74193548387096,
        52.537313432835816,
        46.56488549618321,
        97.0,
        26.436781609195403,
        76.31578947368422,
        98.33333333333333,
        82.06521739130434,
        68.69158878504673,
        63.190184049079754,
        66.66666666666666,
        61.79775280898876,
        38.23529411764706,
        13.253012048192772,
        46.391752577319586,
        61.77777777777778,
        66.66666666666666,
        96.29629629629629,
        81.77083333333334,
        82.47863247863248,
        81.6,
        80.98159509202453,
        47.78761061946903,
        93.5251798561151,
        83.87096774193549,
        3.233256351039261,
        92.52873563218391,
        100.0,
        52.17391304347826,
        89.58333333333334,
        78.04878048780488,
        96.7032967032967,
        93.42105263157895,
        37.5,
        79.3103448275862,
        88.67924528301887,
        69.23076923076923,
        58.88888888888889,
        95.04950495049505,
        69.56521739130434,
        61.53846153846154,
        71.42857142857143,
        70.58823529411765,
        97.72727272727273,
        75.0,
        77.61194029850746,
        39.130434782608695,
        70.83333333333334,
        19.148936170212767,
        90.0,
        63.33333333333333,
        71.42857142857143,
        95.65217391304348,
        100.0,
        52.63157894736842,
        43.47826086956522,
        0.0,
        73.80952380952381,
        72.72727272727273,
        95.28301886792453,
        1.0050251256281406,
        99.10714285714286,
        90.9090909090909,
        84.11214953271028,
        26.937269372693727,
        88.75,
        53.57142857142857,
        67.3913043478261,
        91.24423963133641,
        88.13559322033898,
        77.27272727272727,
        54.581673306772906,
        77.94117647058823,
        33.33333333333333,
        76.0,
        89.93288590604027,
        74.47916666666666,
        89.92248062015504,
        92.08633093525181,
        64.48598130841121,
        97.84946236559139,
        83.2,
        18.181818181818183,
        89.47368421052632,
        76.0,
        2.2435897435897436,
        2.380952380952381,
        83.33333333333334,
        52.04081632653062,
        1.5151515151515151,
        73.46938775510205,
        46.42857142857143,
        65.93886462882097,
        89.1891891891892,
        98.98989898989899,
        7.8125,
        90.36144578313254,
        32.631578947368425,
        49.361702127659576,
        92.5531914893617,
        77.09497206703911,
        72.35772357723577,
        86.61971830985915,
        67.3913043478261,
        31.343283582089555,
        62.06896551724138,
        87.6923076923077,
        29.03225806451613,
        56.31469979296067,
        95.0,
        46.666666666666664,
        96.82539682539682,
        95.2755905511811,
        73.46938775510205,
        78.3132530120482,
        87.09677419354838,
        62.264150943396224,
        93.84615384615384,
        88.1578947368421,
        91.24087591240875,
        34.24657534246575,
        63.74999999999999,
        79.03225806451613,
        42.25352112676056,
        97.1830985915493,
        56.25,
        92.37288135593221,
        71.03613508812235
    ],
    "Closed Set Accuracy": {
        "OA": 78.10967705574029,
        "AA": 78.91895770105533,