{
    "OA": 44.93603111086062,
    "AA": 55.33069146495232,
    "OOD": null,
    "NMI": null,
    "H-score": null,
    "H3-score": null,
    "Recall-all": [
        90.9090909090909,
        0.0,
        66.66666666666666,
        92.5,
        32.21153846153847,
        79.22077922077922,
        97.40259740259741,
        88.70967741935483,
        89.68253968253968,
        7.471264367816093,
        84.02777777777779,
        61.37931034482759,
        73.20261437908496,
        85.91549295774648,
        74.35897435897436,
        67.14285714285714,
        96.96969696969697,
        54.88721804511278,
        71.42857142857143,
        96.42857142857143,
        91.96428571428571,
        58.9041095890411,
        36.36363636363637,
        60.483870967741936,
        4.477611940298507,
        70.99236641221374,
        83.0,
        44.827586206896555,
        52.10526315789473,
        0.0,
        63.04347826086957,
        9.813084112149532,
        38.036809815950924,
        69.04761904761905,
        69.66292134831461,
        50.0,
        8.433734939759036,
        62.88659793814433,
        0.0,
        34.76190476190476,
        0.0,
        45.3125,
        0.0,
        72.8,
        65.6441717791411,
        46.902654867256636,
        78.41726618705036,
        42.58064516129032,
        2.3094688221709005,
        59.195402298850574,
        97.61904761904762,
        60.86956521739131,
        93.75,
        63.41463414634146,
        93.4065934065934,
        93.42105263157895,
        29.166666666666668,
        91.37931034482759,
        88.67924528301887,
        61.53846153846154,
        56.666666666666664,
        94.05940594059405,
        69.56521739130434,
        48.717948717948715,
        76.92307692307693,
        76.47058823529412,
        47.72727272727273,
        37.5,
        80.59701492537313,
        26.08695652173913,
        75.0,
        53.191489361702125,
        65.0,
        53.333333333333336,
        61.42857142857143,
        60.86956521739131,
        100.0,
        0.0,
        43.47826086956522,
        0.0,
        78.57142857142857,
        72.72727272727273,
        83.9622641509434,
        1.0050251256281406,
        95.53571428571429,
        80.99173553719008,
        77.57009345794393,
        20.29520295202952,
        91.25,
        53.57142857142857,
        67.3913043478261,
        2.3041474654377883,
        86.4406779661017,
        68.18181818181817,
        8.764940239043826,
        63.970588235294116,
        22.22222222222222,
        20.0,
        80.53691275167785,
        46.35416666666667,
        84.49612403100775,
        79.85611510791367,
        11.214953271028037,
        0.0,
        80.0,
        12.121212121212121,
        0.0,
        62.66666666666667,
        1.282051282051282,
        0.0,
        14.285714285714285,
        68.36734693877551,
        13.131313131313133,
        70.40816326530613,
        71.42857142857143,
        43.66812227074236,
        0.0,
        89.8989898989899,
        1.5625,
        89.1566265060241,
        45.26315789473684,
        15.319148936170212,
        90.42553191489363,
        54.18994413407822,
        49.59349593495935,
        78.16901408450704,
        67.3913043478261,
        17.91044776119403,
        58.620689655172406,
        84.61538461538461,
        14.516129032258066,
        0.0,
        28.499999999999996,
        49.166666666666664,
        88.88888888888889,
        46.45669291338583,
        67.3469387755102,
        0.0,
        87.09677419354838,
        64.15094339622641,
        90.76923076923077,
        94.73684210526315,
        84.67153284671532,
        67.8082191780822,
        57.49999999999999,
        53.2258064516129,
        52.112676056338024,
        94.36619718309859,
        68.75,
        80.50847457627118
    ],
    "Closed Set Accuracy": {
        "OA": 64.53812771233726,
        "AA": 67.3440201171814,
        "Recall-all": [
            90.9090909090909,
            87.87878787878788,
            73.04964539007092,
            93.75,
            70.67307692307693,
            85.71428571428571,
            97.40259740259741,
            93.54838709677419,
            98.4126984126984,
            10.919540229885058,
            88.88888888888889,
            67.58620689655173,
            88.88888888888889,
            90.84507042253522,
            82.05128205128204,
            75.0,
            96.96969696969697,
            57.14285714285714,
            84.21052631578947,
            99.10714285714286,
            92.85714285714286,
            63.6986301369863,
            41.81818181818181,
            62.096774193548384,
            29.55223880597015,
            77.86259541984732,
            87.0,
            50.57471264367817,
            64.73684210526316,
            83.75,
            75.54347826086956,
            68.22429906542055,
            53.987730061349694,
            71.42857142857143,
            75.28089887640449,
            54.90196078431373,
            10.843373493975903,
            62.88659793814433,
            82.22222222222221,
            43.333333333333336,
            93.12169312169311,
            57.291666666666664,
            71.7948717948718,
            76.0,
            76.68711656441718,
            51.32743362831859,
            88.48920863309353,
            45.806451612903224,
            3.4642032332563506,
            81.03448275862068,
            97.61904761904762,
            71.73913043478261,
            95.83333333333334,
            68.29268292682927,
            95.6043956043956,
            94.73684210526315,
            31.25,
            94.82758620689656,
            88.67924528301887,
            66.15384615384615,
            62.22222222222222,
            96.03960396039604,
            69.56521739130434,
            53.84615384615385,
            83.51648351648352,
            76.47058823529412,
            52.27272727272727,
            37.5,
            89.55223880597015,
            26.08695652173913,
            79.16666666666666,
            65.24822695035462,
            65.0,
            66.66666666666666,
            65.71428571428571,
            60.86956521739131,
            100.0,
            0.0,
            52.17391304347826,
            1.694915254237288,
            85.71428571428571,
            72.72727272727273,
            85.84905660377359,
            3.015075376884422,
            98.21428571428571,
            94.21487603305785,
            83.17757009345794,
            23.985239852398525,
            91.25,
            53.57142857142857,
            71.73913043478261,
            80.18433179723502,
            88.13559322033898,
            73.86363636363636,
            66.53386454183267,
            80.14705882352942,
            33.33333333333333,
            32.0,
            87.24832214765101,
            46.35416666666667,
            92.24806201550388,
            85.61151079136691,
            14.018691588785046,
            96.23655913978494,
            84.0,
            21.21212121212121,
            54.09356725146199,
            69.33333333333334,
            3.205128205128205,
            2.380952380952381,
            77.14285714285715,
            70.40816326530613,
            29.797979797979796,
            74.48979591836735,
            77.38095238095238,
            51.96506550218341,
            69.88416988416989,
            92.92929292929293,
            4.6875,
            89.1566265060241,
            60.526315789473685,
            47.65957446808511,
            93.61702127659575,
            63.128491620111724,
            51.21951219512195,
            90.84507042253522,
            70.65217391304348,
            25.37313432835821,
            60.3448275862069,
            88.46153846153845,
            23.387096774193548,
            50.31055900621118,
            62.0,
            51.66666666666667,
            92.85714285714286,
