{
    "OA": 49.35285820957438,
    "AA": 52.85318923027415,
    "OOD": null,
    "NMI": null,
    "H-score": null,
    "H3-score": null,
    "Recall-all": [
        88.63636363636364,
        64.06926406926407,
        87.94326241134752,
        76.25,
        54.807692307692314,
        83.11688311688312,
        97.40259740259741,
        98.38709677419355,
        89.68253968253968,
        9.195402298850574,
        95.13888888888889,
        83.44827586206897,
        80.3921568627451,
        92.25352112676056,
        53.84615384615385,
        71.42857142857143,
        93.93939393939394,
        75.18796992481202,
        76.69172932330827,
        91.07142857142857,
        93.75,
        50.0,
        21.818181818181817,
        60.483870967741936,
        21.492537313432834,
        8.396946564885496,
        94.0,
        26.436781609195403,
        64.21052631578948,
        81.25,
        70.65217391304348,
        47.19626168224299,
        69.32515337423312,
        50.0,
        41.57303370786517,
        37.254901960784316,
        25.301204819277107,
        42.2680412371134,
        54.666666666666664,
        19.523809523809526,
        87.83068783068782,
        70.3125,
        48.717948717948715,
        81.6,
        57.05521472392638,
        37.16814159292036,
        85.61151079136691,
        54.83870967741935,
        0.4618937644341801,
        85.63218390804597,
        90.47619047619048,
        28.26086956521739,
        89.58333333333334,
        14.634146341463413,
        97.8021978021978,
        85.52631578947368,
        16.666666666666664,
        65.51724137931035,
        83.01886792452831,
        53.84615384615385,
        51.11111111111111,
        16.831683168316832,
        73.91304347826086,
        53.84615384615385,
        32.967032967032964,
        76.47058823529412,
        52.27272727272727,
        37.5,
        37.3134328358209,
        39.130434782608695,
        62.5,
        21.27659574468085,
        70.0,
        63.33333333333333,
        32.857142857142854,
        65.21739130434783,
        87.5,
        26.31578947368421,
        21.73913043478261,
        5.084745762711865,
        61.904761904761905,
        54.54545454545454,
        92.45283018867924,
        0.5025125628140703,
        94.64285714285714,
        84.29752066115702,
        74.76635514018692,
        22.14022140221402,
        0.0,
        0.0,
        28.26086956521739,
        27.64976958525346,
        94.91525423728814,
        65.9090909090909,
        45.41832669322709,
        44.85294117647059,
        44.44444444444444,
        76.0,
        87.91946308724832,
        55.208333333333336,
        70.54263565891473,
        69.7841726618705,
        0.9345794392523363,
        87.09677419354838,
        52.800000000000004,
        6.0606060606060606,
        32.45614035087719,
        62.0,
        0.0,
        0.0,
        76.19047619047619,
        31.63265306122449,
        1.5151515151515151,
        69.38775510204081,
        57.14285714285714,
        39.30131004366812,
        55.21235521235521,
        92.92929292929293,
        6.25,
        78.3132530120482,
        15.263157894736842,
        22.5531914893617,
        75.53191489361703,
        63.687150837988824,
        52.03252032520326,
        67.6056338028169,
        44.565217391304344,
        23.88059701492537,
        24.137931034482758,
        83.07692307692308,
        8.064516129032258,
        28.57142857142857,
        83.5,
        33.33333333333333,
        90.47619047619048,
        87.4015748031496,
        63.26530612244898,
        3.0120481927710845,
        90.32258064516128,
        58.490566037735846,
        95.38461538461539,
        93.42105263157895,
        84.67153284671532,
        54.794520547945204,
        51.24999999999999,
        56.451612903225815,
        50.70422535211267,
        92.95774647887323,
        0.0,
        85.59322033898306,
        79.16666666666666,
        48.484848484848484,
        95.65217391304348,
        27.0,
        44.03669724770643,
        13.432835820895523,
        75.59055118110236,
        70.9090909090909,
        41.53846153846154,
        90.58823529411765,
        83.15789473684211,
        47.72727272727273,
        6.842105263157896,
        24.705882352941178,
        44.642857142857146,
        65.38461538461539,
        58.44748858447488,
        42.20532319391635,
        4.2105263157894735,
        65.7243816254417,
        57.3170731707317,
        67.04119850187266,
        3.225806451612903,
        0.0,
        77.39130434782608,
        76.62337662337663,
        90.75630252100841,
        67.56756756756756,
        53.333333333333336,
        90.37037037037037,
        0.0,
        68.42105263157895,
        93.93939393939394,
        72.95597484276729,
        77.57009345794393,
        45.76271186440678,
        68.96551724137932,
        37.96296296296296,
        87.87878787878788,
        93.83561643835617,
        76.29629629629629,
        78.4090909090909,
        42.1875,
        65.54621848739495,
        7.6923076923076925,
        78.4090909090909,
        0.0,
        59.49367088607595,
        54.285714285714285,
        10.0,
        2.5,
        96.15384615384616,
        93.63636363636364,
        3.8461538461538463,
        95.0,
        34.61538461538461,
        54.54545454545454,
        78.76106194690266,
        90.74074074074075,
        73.68421052631578,
        35.80246913580247,
        66.0493827160494,
        65.59139784946237,
        1.5384615384615385,
        65.93406593406593,
        84.25196850393701,
        85.45454545454545,
        0.0,
        74.65753424657534,
        83.13253012048193,
        61.06870229007634,
        3.79746835443038,
        78.343949044586,
        73.75,
        97.8021978021978,
        62.142857142857146,
        87.71929824561403,
        73.17073170731707,
        18.461538461538463,
        26.38888888888889,
        71.60493827160494,
        2.941176470588235,
        57.89473684210527,
        24.615384615384617,
        46.496815286624205,
        92.06349206349206,
        51.867219917012456,
        47.82608695652174,
        6.211180124223603,
        34.375,
        9.230769230769232,
        84.375,
        98.4375,
        96.47058823529412,
        27.536231884057973,
        66.66666666666666,
        67.03296703296702,
        48.60557768924303,
        58.88888888888889,
        55.4054054054054,
        74.88372093023256,
        42.62295081967213,
        51.98675496688742,
        54.71698113207547,
        37.45019920318725,
        84.18079096045197,
        16.85082872928177,
        49.41860465116279,
        44.936708860759495,
        0.0,
        32.04419889502763,
        23.51543942992874,
        39.75155279503105,
        48.62068965517241,
        26.715686274509803,
        44.30769230769231,
        4.37956204379562,
        22.697368421052634,
        62.365591397849464,
        52.307692307692314,
        31.985294117647058,
        46.10591900311526,
        19.919517102615693,
        69.34865900383141,
        0.3184713375796179,
        47.40061162079511,
        27.77777777777778,
        43.214285714285715,
        8.742004264392325,
        1.7964071856287425,
        0.6535947712418301,
        60.0,
        25.683060109289617,
        45.07042253521127,
        31.70731707317073,
        15.0,
        73.07692307692307,
        8.695652173913043,
        25.333333333333336,
        12.70718232044199,
        76.64233576642336,
        64.08839779005525,
        53.48837209302325,
        58.45070422535211,
        57.407407407407405,
        42.13483146067416,
        79.14110429447852,
        59.48275862068966,
        69.6969696969697,
        40.99616858237548,
        12.925170068027212,
        0.9950248756218906,
        75.45454545454545,
        65.0,
        68.18181818181817,
        54.65116279069767,
        87.94326241134752,
