{
    "OA": 69.77723388368041,
    "AA": 70.6233350922713,
    "OOD": 70.04168170927828,
    "NMI": 62.39439542114658,
    "H-score": 70.33272862772046,
    "H3-score": 67.4726186163874,
    "Recall-all": [
        95.45454545454545,
        91.77489177489177,
        78.01418439716312,
        92.5,
        93.75,
        87.01298701298701,
        100.0,
        53.2258064516129,
        100.0,
        12.643678160919542,
        92.36111111111111,
        77.93103448275862,
        77.12418300653596,
        92.95774647887323,
        48.717948717948715,
        85.0,
        96.96969696969697,
        75.18796992481202,
        72.18045112781954,
        96.42857142857143,
        94.64285714285714,
        77.3972602739726,
        80.0,
        93.54838709677419,
        43.582089552238806,
        32.82442748091603,
        97.0,
        27.586206896551722,
        75.78947368421053,
        97.08333333333333,
        78.26086956521739,
        66.35514018691589,
        68.09815950920245,
        73.80952380952381,
        53.93258426966292,
        46.07843137254902,
        10.843373493975903,
        49.48453608247423,
        71.11111111111111,
        66.66666666666666,
        95.76719576719577,
        81.25,
        86.32478632478633,
        80.80000000000001,
        79.75460122699386,
        42.47787610619469,
        94.96402877697841,
        88.38709677419355,
        3.695150115473441,
        92.52873563218391,
        100.0,
        52.17391304347826,
        89.58333333333334,
        73.17073170731707,
        96.7032967032967,
        93.42105263157895,
        39.58333333333333,
        75.86206896551724,
        88.67924528301887,
        58.46153846153847,
        61.111111111111114,
        95.04950495049505,
        69.56521739130434,
        61.53846153846154,
        76.92307692307693,
        82.35294117647058,
        97.72727272727273,
        75.0,
        70.1492537313433,
        39.130434782608695,
        75.0,
        35.46099290780142,
        90.0,
        56.666666666666664,
        72.85714285714285,
        86.95652173913044,
        100.0,
        57.89473684210527,
        47.82608695652174,
        0.0,
        71.42857142857143,
        72.72727272727273,
        94.33962264150944,
        1.0050251256281406,
        99.10714285714286,
        89.25619834710744,
        90.65420560747664,
        23.247232472324722,
        78.75,
        50.0,
        60.86956521739131,
        88.94009216589862,
        89.83050847457628,
        79.54545454545455,
        59.36254980079681,
        77.20588235294117,
        33.33333333333333,
        72.0,
        87.91946308724832,
        70.83333333333334,
        89.14728682170544,
        92.08633093525181,
        72.89719626168224,
        98.38709677419355,
        85.6,
        15.151515151515152,
        88.01169590643275,
        75.33333333333333,
        3.8461538461538463,
        2.380952380952381,
        81.42857142857143,
        50.0,
        0.5050505050505051,
        73.46938775510205,
        53.57142857142857,
        66.37554585152839,
        89.96138996138995,
        94.94949494949495,
        6.25,
        84.33734939759037,
        35.26315789473684,
        77.87234042553192,
        94.68085106382979,
        74.86033519553072,
        75.60975609756098,
        89.43661971830986,
        65.21739130434783,
        41.7910447761194,
        60.3448275862069,
        90.0,
        30.64516129032258,
        57.14285714285714,
        93.5,
        45.83333333333333,
        98.4126984126984,
        95.2755905511811,
        75.51020408163265,
        81.32530120481928,
        87.09677419354838,
        67.9245283018868,
        92.3076923076923,
        94.73684210526315,
        90.51094890510949,
        36.3013698630137,
        61.25000000000001,
        72.58064516129032,
        46.478873239436616,
        97.1830985915493,
        68.75,
        94.0677966101695,
        70.04168170927828
    ],
    "Closed Set Accuracy": {
        "OA": 78.07586090289128,
        "AA": 79.18859771618156,