{
    "OA": 58.53521944744047,
    "AA": 64.01198631896202,
    "OOD": null,
    "NMI": null,
    "H-score": null,
    "H3-score": null,
    "Recall-all": [
        79.54545454545455,
        80.95238095238095,
        48.226950354609926,
        85.0,
        85.57692307692307,
        36.36363636363637,
        87.01298701298701,
        70.96774193548387,
        89.68253968253968,
        17.24137931034483,
        79.86111111111111,
        68.96551724137932,
        80.3921568627451,
        87.32394366197182,
        41.02564102564102,
        82.14285714285714,
        90.9090909090909,
        67.66917293233082,
        65.41353383458647,
        93.75,
        82.14285714285714,
        66.43835616438356,
        18.181818181818183,
        59.67741935483871,
        37.61194029850746,
        82.44274809160305,
        96.0,
        56.32183908045977,
        52.10526315789473,
        88.33333333333333,
        68.47826086956522,
        64.95327102803739,
        74.84662576687117,
        69.04761904761905,
        46.06741573033708,
        51.9607843137255,
        32.53012048192771,
        61.855670103092784,
        63.55555555555556,
        44.761904761904766,
        89.41798941798942,
        74.47916666666666,
        72.64957264957265,
        73.6,
        59.50920245398773,
        34.51327433628318,
        94.24460431654677,
        61.29032258064516,
        1.1547344110854503,
        91.37931034482759,
        100.0,
        50.0,
        95.83333333333334,
        63.41463414634146,
        96.7032967032967,
        84.21052631578947,
        31.25,
        86.20689655172413,
        86.79245283018868,
        61.53846153846154,
        43.333333333333336,
        93.06930693069307,
        60.86956521739131,
        64.1025641025641,
        76.92307692307693,
        64.70588235294117,
        65.9090909090909,
        68.75,
        58.2089552238806,
        30.434782608695656,
        79.16666666666666,
        22.69503546099291,
        75.0,
        70.0,
        60.0,
        91.30434782608695,
        75.0,
        36.84210526315789,
        39.130434782608695,
        30.508474576271187,
        73.80952380952381,
        81.81818181818183,
        92.45283018867924,
        8.040201005025125,
        88.39285714285714,
        80.16528925619835,
        72.89719626168224,
        17.712177121771216,
        85.0,
        67.85714285714286,
        58.69565217391305,
        75.11520737327189,
        88.13559322033898,
        79.54545454545455,
        50.99601593625498,
        79.41176470588235,
        33.33333333333333,
        82.0,
        81.87919463087249,
        81.25,
        73.64341085271317,
        89.20863309352518,
        57.943925233644855,
        96.7741935483871,
        76.8,
        21.21212121212121,
        29.239766081871345,
        54.0,
        8.012820512820513,
        71.42857142857143,
        81.9047619047619,
        53.06122448979592,
        40.909090909090914,
        88.77551020408163,
        77.38095238095238,
        42.79475982532751,
        71.42857142857143,
        91.91919191919192,
        37.5,
        84.33734939759037,
        34.21052631578947,
        51.91489361702127,
        94.68085106382979,
        69.27374301675978,
        74.79674796747967,
        92.95774647887323,
        48.91304347826087,
        70.1492537313433,
        25.862068965517242,
        90.76923076923077,
        26.61290322580645,
        35.81780538302277,
        84.0,
        28.333333333333332,
        94.44444444444444,
        85.8267716535433,
        79.59183673469387,
        46.98795180722892,
        87.09677419354838,
        66.0377358490566,
        91.53846153846153,
        94.73684210526315,
        89.05109489051095,
        80.13698630136986,
        67.5,
        37.096774193548384,
        66.19718309859155,
        95.77464788732394,
        81.25,
        82.20338983050848,
        89.58333333333334,
        66.66666666666666,
        94.56521739130434,
        79.0,
        37.61467889908257,
        28.35820895522388,
        88.9763779527559,
        98.18181818181819,
        75.38461538461539,
        95.29411764705881,
        74.73684210526315,
        54.54545454545454,
        36.84210526315789,
        69.41176470588235,
        60.71428571428571,
        84.61538461538461,
        52.51141552511416,
        58.935361216730044,
        56.84210526315789,
        54.77031802120141,
        71.95121951219512,
        81.64794007490637,
        59.67741935483871,
        43.75,
        90.43478260869566,
        40.25974025974026,
        84.87394957983193,
        75.67567567567568,
        71.42857142857143,
        91.85185185185185,
        77.97619047619048,
        60.526315789473685,
        94.6969696969697,
        92.45283018867924,
        90.65420560747664,
        53.38983050847458,
        96.55172413793103,
        62.96296296296296,
        90.9090909090909,
        95.2054794520548,
        71.11111111111111,
        46.590909090909086,
        64.0625,
        84.87394957983193,
        10.256410256410255,
        80.68181818181817,
        6.666666666666667,
        70.88607594936708,
        88.57142857142857,
        16.0,
        41.25,
        97.11538461538461,
        95.45454545454545,
        23.076923076923077,
        97.14285714285714,
        76.92307692307693,
        54.54545454545454,
        90.2654867256637,
        96.29629629629629,
        73.68421052631578,
        46.913580246913575,
        78.39506172839506,
        86.02150537634408,
        63.07692307692307,
        72.52747252747253,
        94.48818897637796,
        43.63636363636363,
        77.77777777777779,
        86.3013698630137,
        93.97590361445783,
        92.36641221374046,
        49.36708860759494,
        84.71337579617835,
        85.0,
        100.0,
        86.42857142857143,
        62.28070175438597,
        73.17073170731707,
        58.46153846153847,
        27.77777777777778,
        59.25925925925925,
        55.88235294117647,
        78.94736842105263,
        64.61538461538461,
        54.14012738853503,
        95.23809523809523,
        85.06224066390041,
        61.73913043478261,
        61.49068322981367,
        84.375,
        49.23076923076923,
        65.625,
        95.3125,
        95.29411764705881,
        17.391304347826086,
        66.66666666666666,
        49.45054945054945,
        72.11155378486056,
        55.55555555555556,
        44.5945945945946,
        70.69767441860465,
        48.77049180327869,
        52.980132450331126,
        41.82389937106918,
        22.31075697211155,
        81.92090395480226,
        17.403314917127073,
        53.19767441860465,
        68.0379746835443,
        0.0,
        37.29281767955801,
        30.878859857482183,
        23.60248447204969,
        63.793103448275865,
        0.0,
        34.15384615384615,
        10.948905109489052,
        31.907894736842106,
        64.87455197132617,
        52.92307692307693,
        33.455882352941174,
        47.0404984423676,
        29.175050301810867,
        77.39463601532567,
        49.044585987261144,
        57.49235474006116,
        9.333333333333334,
        39.285714285714285,
        26.439232409381663,
        4.990019960079841,
        16.013071895424837,
        66.66666666666666,
        40.43715846994536,
        0.7042253521126761,
        48.170731707317074,
        26.666666666666668,
        81.41025641025641,
        21.73913043478261,
        53.333333333333336,
        29.2817679558011,
        84.67153284671532,
        63.53591160220995,
        39.53488372093023,
        59.859154929577464,
        70.37037037037037,
        28.651685393258425,
        83.43558282208589,
        62.93103448275862,
        43.93939393939394,
        46.36015325670498,
        66.66666666666666,
        44.776119402985074,
        79.0909090909091,
        83.57142857142857,
        71.5909090909091,
