{
    "OA": 71.34649657630617,
    "AA": 60.81203653503028,
    "OOD": 82.91634874101442,
    "NMI": 64.0680544410212,
    "H-score": 70.06578109628155,
    "H3-score": 67.94686478762162,
    "Recall-all": [
        86.36363636363636,
        47.61904761904761,
        58.86524822695035,
        35.0,
        27.884615384615387,
        62.33766233766234,
        88.31168831168831,
        96.7741935483871,
        73.01587301587301,
        6.896551724137931,
        85.41666666666666,
        50.3448275862069,
        66.01307189542483,
        81.69014084507043,
        23.076923076923077,
        75.0,
        90.9090909090909,
        70.67669172932331,
        62.40601503759399,
        75.0,
        78.57142857142857,
        71.23287671232876,
        52.72727272727272,
        58.06451612903226,
        30.447761194029848,
        83.20610687022901,
        94.0,
        49.42528735632184,
        34.21052631578947,
        61.25000000000001,
        59.2391304347826,
        0.46728971962616817,
        60.73619631901841,
        69.04761904761905,
        44.9438202247191,
        45.09803921568628,
        37.34939759036144,
        61.855670103092784,
        50.22222222222222,
        46.666666666666664,
        89.94708994708994,
        66.14583333333334,
        55.98290598290598,
        74.4,
        48.466257668711656,
        58.4070796460177,
        68.34532374100719,
        54.19354838709678,
        3.0023094688221708,
        85.63218390804597,
        90.47619047619048,
        28.26086956521739,
        95.83333333333334,
        34.146341463414636,
        98.9010989010989,
        81.57894736842105,
        20.833333333333336,
        81.03448275862068,
        84.90566037735849,
        64.61538461538461,
        56.666666666666664,
        73.26732673267327,
        73.91304347826086,
        56.41025641025641,
        59.34065934065934,
        52.94117647058824,
        84.0909090909091,
        62.5,
        83.5820895522388,
        52.17391304347826,
        83.33333333333334,
        38.297872340425535,
        55.00000000000001,
        56.666666666666664,
        57.14285714285714,
        78.26086956521739,
        62.5,
        57.89473684210527,
        34.78260869565217,
        28.8135593220339,
        76.19047619047619,
        63.63636363636363,
        95.28301886792453,
        5.527638190954774,
        94.64285714285714,
        79.33884297520662,
        74.76635514018692,
        3.6900369003690034,
        67.5,
        85.71428571428571,
        6.521739130434782,
        42.857142857142854,
        71.1864406779661,
        62.5,
        50.199203187250994,
        68.38235294117648,
        55.55555555555556,
        79.0,
        74.49664429530202,
        55.208333333333336,
        68.9922480620155,
        66.90647482014388,
        35.51401869158878,
        89.78494623655914,
        51.2,
        24.242424242424242,
        39.473684210526315,
        50.0,
        19.871794871794872,
        69.04761904761905,
        75.23809523809524,
        76.53061224489795,
        37.878787878787875,
        84.6938775510204,
        82.14285714285714,
        29.257641921397383,
        53.28185328185329,
        97.97979797979798,
        59.375,
        73.49397590361446,
        40.526315789473685,
        15.74468085106383,
        82.97872340425532,
        65.92178770949721,
        34.146341463414636,
        79.5774647887324,
        42.391304347826086,
        68.65671641791045,
        25.862068965517242,
        82.3076923076923,
        25.0,
        18.219461697722565,
        75.5,
        37.5,
        88.09523809523809,
        82.67716535433071,
        79.59183673469387,
        45.78313253012048,
        93.54838709677419,
        67.9245283018868,
        86.92307692307692,
        92.10526315789474,
        81.75182481751825,
        68.4931506849315,
        63.74999999999999,
        46.774193548387096,
        59.154929577464785,
        98.59154929577466,
        25.0,
        83.05084745762711,
        82.91634874101442
    ],
    "Closed Set Accuracy": {
        "OA": 70.73211970918109,
        "AA": 74.69385822607542,