{
    "OA": 65.91271567348123,
    "AA": 56.63196000742712,
    "OOD": 85.05209119734259,
    "NMI": 71.9319278943476,
    "H-score": 67.8544431189264,
    "H3-score": 69.16261369009358,
    "Recall-all": [
        78.49462365591397,
        84.02777777777779,
        63.793103448275865,
        23.52941176470588,
        22.15909090909091,
        29.086538461538463,
        53.65853658536586,
        33.33333333333333,
        42.12218649517685,
        29.491525423728817,
        62.19081272084806,
        26.797385620915033,
        64.32432432432432,
        59.199999999999996,
        17.037037037037038,
        53.02013422818792,
        52.38095238095239,
        42.5531914893617,
        9.722222222222223,
        64.0625,
        46.478873239436616,
        70.0,
        18.624641833810887,
        60.0,
        41.312741312741316,
        59.375,
        62.55707762557078,
        54.54545454545454,
        20.689655172413794,
        77.94117647058823,
        32.038834951456316,
        0.0,
        56.62650602409639,
        77.77777777777779,
        79.82456140350878,
        40.909090909090914,
        82.14285714285714,
        39.14209115281501,
        43.65482233502538,
        53.333333333333336,
        80.98159509202453,
        46.118721461187214,
        35.25835866261398,
        77.14285714285715,
        36.206896551724135,
        73.80952380952381,
        95.0,
        83.33333333333334,
        0.0,
        61.85185185185185,
        90.58823529411765,
        56.074766355140184,
        62.5,
        20.0,
        79.20792079207921,
        84.40366972477065,
        56.00000000000001,
        50.331125827814574,
        47.77777777777778,
        86.48648648648648,
        48.1203007518797,
        74.19354838709677,
        79.45945945945945,
        80.2547770700637,
        36.25,
        88.46153846153845,
        65.45454545454545,
        55.434782608695656,
        63.888888888888886,
        97.43589743589743,
        81.81818181818183,
        22.54901960784314,
        53.2258064516129,
        45.05494505494506,
        45.876288659793815,
        59.68992248062015,
        90.74074074074075,
        81.81818181818183,
        70.27027027027027,
        100.0,
        77.77777777777779,
        98.1651376146789,
        99.06542056074767,
        41.66666666666667,
        82.14285714285714,
        58.18181818181818,
        85.62091503267973,
        17.355371900826448,
        63.63636363636363,
        75.67567567567568,
        68.23529411764706,
        7.3558648111332,
        26.42857142857143,
        65.13409961685824,
        56.19834710743802,
        77.01863354037268,
        93.87755102040816,
        50.0,
        69.01408450704226,
        41.63822525597269,
        81.06060606060606,
        53.07692307692308,
        13.559322033898304,
        8.108108108108109,
        30.541871921182267,
        63.63636363636363,
        63.681592039801,
        22.413793103448278,
        78.57142857142857,
        27.27272727272727,
        75.0,
        50.0,
        7.6923076923076925,
        80.0,
        90.0,
        57.14285714285714,
        29.1044776119403,
        96.1038961038961,
        2.73972602739726,
        65.27777777777779,
        100.0,
        6.1946902654867255,
        47.928994082840234,
        49.152542372881356,
        50.0,
        99.13793103448276,
        74.57627118644068,
        45.27027027027027,
        65.60000000000001,
        98.63013698630137,
        36.986301369863014,
        31.15124153498871,
        53.21100917431193,
        28.38427947598253,
        78.16901408450704,
        91.0,
        67.74193548387096,
        18.07909604519774,
        83.33333333333334,
        37.81818181818182,
        34.12698412698413,
        87.28323699421965,
        79.3296089385475,
        55.55555555555556,
        50.0,
        50.967741935483865,
        68.46153846153847,
        18.40659340659341,
        68.57142857142857,
        51.10410094637224,
        85.05209119734259
    ],
    "Closed Set Accuracy": {
        "OA": 69.37200762329753,
        "AA": 71.05217034804934,