{
    "OA": 76.6124096405472,
    "AA": 66.34288775704968,
    "OOD": 85.69280023825479,
    "NMI": 79.00009844121422,
    "H-score": 74.70396738502579,
    "H3-score": 76.0844870627744,
    "Recall-all": [
        95.6043956043956,
        63.1578947368421,
        42.582417582417584,
        66.5137614678899,
        85.71428571428571,
        33.5483870967742,
        93.23308270676691,
        97.41379310344827,
        97.2972972972973,
        20.73170731707317,
        88.8646288209607,
        86.89138576779027,
        96.74267100977198,
        86.66666666666667,
        69.34306569343066,
        78.44036697247707,
        91.66666666666666,
        100.0,
        69.25566343042071,
        98.7878787878788,
        98.80478087649402,
        49.86149584487535,
        50.804597701149426,
        69.92665036674816,
        43.418467583497055,
        77.86561264822134,
        57.096774193548384,
        57.04989154013015,
        56.83297180043384,
        74.84787018255578,
        98.92086330935251,
        6.451612903225806,
        80.3921568627451,
        9.82367758186398,
        37.6953125,
        42.369477911646584,
        43.37899543378995,
        57.14285714285714,
        88.61111111111111,
        57.831325301204814,
        71.285140562249,
        74.86437613019892,
        62.5,
        74.20718816067652,
        76.92307692307693,
        74.235807860262,
        91.34396355353076,
        47.98464491362764,
        9.523809523809524,
        59.009009009009006,
        80.21739130434783,
        29.46593001841621,
        86.20689655172413,
        78.04878048780488,
        94.11764705882352,
        82.03592814371258,
        50.588235294117645,
        55.952380952380956,
        56.91244239631337,
        92.27053140096618,
        90.0,
        53.18066157760815,
        66.92111959287533,
        19.91614255765199,
        29.982046678635548,
        13.245033112582782,
        93.63057324840764,
        39.285714285714285,
        86.16071428571429,
        89.0909090909091,
        36.83083511777302,
        44.31137724550898,
        86.42857142857143,
        72.15496368038741,
        38.93805309734513,
        0.6944444444444444,
        80.45977011494253,
        57.99999999999999,
        72.45762711864407,
        74.79452054794521,
        68.0952380952381,
        63.12997347480106,
        75.35353535353535,
        2.272727272727273,
        95.79158316633266,
        85.43689320388349,
        91.60997732426304,
        31.3953488372093,
        14.545454545454545,
        80.45325779036827,
        8.860759493670885,
        33.57798165137615,
        92.8395061728395,
        88.20861678004536,
        75.0,
        82.19584569732937,
        56.17283950617284,
        70.27707808564232,
        97.39776951672863,
        80.0711743772242,
        94.27860696517413,
        56.06694560669456,
        17.88321167883212,
        92.53187613843352,
        63.97379912663755,
        42.10526315789473,
        64.84210526315789,
        91.47121535181236,
        17.938144329896907,
        71.66123778501628,
        83.5820895522388,
        67.0391061452514,
        29.698375870069604,
        93.71859296482413,
        86.50306748466258,
        71.54696132596685,
        36.93693693693694,
        91.84782608695652,
        93.4375,
        91.96675900277008,
        98.25581395348837,
        19.27710843373494,
        60.85271317829457,
        47.02842377260982,
        71.96652719665272,
        88.34586466165413,
        94.26523297491039,
        28.947368421052634,
        78.9041095890411,
        90.77669902912622,
        9.254498714652955,
        96.41873278236915,
        86.2475442043222,
        37.7431906614786,
        97.03196347031964,
        82.6086956521739,
        71.61016949152543,
        24.653739612188367,
        90.82774049217002,
        54.07608695652174,
        83.46456692913385,
        97.2386587771203,
        90.9090909090909,
        88.42592592592592,
        64.91228070175438,
        63.84615384615384,
        65.33864541832669,
        79.66101694915254,
        11.206896551724139,
        90.51383399209486,
        85.69280023825479
    ],
    "Closed Set Accuracy": {
        "OA": 81.28406913359751,
        "AA": 81.8117608035268,