{
    "OA": 75.78916743441788,
    "AA": 73.647676189869,
    "OOD": 79.54379709910056,
    "NMI": 78.33778638586116,
    "H-score": 76.46056958505415,
    "H3-score": 77.0775709526248,
    "Recall-all": [
        99.26739926739927,
        92.76315789473685,
        29.67032967032967,
        93.11926605504587,
        100.0,
        34.193548387096776,
        93.98496240601504,
        96.12068965517241,
        100.0,
        48.170731707317074,
        67.68558951965066,
        81.64794007490637,
        95.43973941368078,
        93.33333333333333,
        70.43795620437956,
        87.61467889908256,
        90.0,
        98.73417721518987,
        70.22653721682848,
        93.93939393939394,
        100.0,
        88.9196675900277,
        69.6551724137931,
        66.74816625916871,
        64.04715127701375,
        82.6086956521739,
        93.87096774193549,
        59.00216919739696,
        57.04989154013015,
        82.55578093306288,
        98.20143884892086,
        0.0,
        83.33333333333334,
        9.571788413098236,
        29.4921875,
        50.602409638554214,
        43.60730593607306,
        54.187192118226605,
        91.38888888888889,
        88.15261044176707,
        78.3132530120482,
        60.03616636528029,
        63.059701492537314,
        83.08668076109936,
        78.05429864253394,
        69.43231441048034,
        88.15489749430525,
        0.9596928982725527,
        66.66666666666666,
        94.36936936936937,
        50.0,
        58.74769797421732,
        88.88888888888889,
        96.7479674796748,
        91.47058823529412,
        90.71856287425149,
        69.41176470588235,
        76.78571428571429,
        59.67741935483871,
        87.92270531400966,
        79.18367346938776,
        59.796437659033074,
        78.37150127226464,
        78.40670859538784,
        79.35368043087972,
        28.47682119205298,
        93.31210191082803,
        51.373626373626365,
        94.19642857142857,
        93.0909090909091,
        84.79657387580299,
        58.68263473053892,
        30.714285714285715,
        71.91283292978208,
        88.93805309734513,
        9.027777777777777,
        78.73563218390804,
        23.599999999999998,
        72.88135593220339,
        83.56164383561644,
        82.38095238095238,
        64.19098143236074,
        86.26262626262627,
        19.03409090909091,
        95.59118236472945,
        91.2621359223301,
        95.91836734693877,
        39.922480620155035,
        79.48051948051949,
        81.01983002832861,
        38.22784810126582,
        83.11926605504587,
        91.60493827160494,
        94.5578231292517,
        89.68253968253968,
        84.56973293768546,
        63.580246913580254,
        61.20906801007556,
        97.39776951672863,
        86.12099644128114,
        91.29353233830845,
        81.58995815899581,
        34.67153284671533,
        83.7887067395264,
        63.53711790393013,
        45.74898785425101,
        65.89473684210526,
        94.66950959488273,
        36.49484536082474,
        67.42671009771986,
        78.80597014925374,
        80.63314711359403,
        34.106728538283065,
        95.22613065326632,
        93.4560327198364,
        34.530386740331494,
        78.37837837837837,
        92.93478260869566,
        94.6875,
        95.01385041551247,
        98.25581395348837,
        60.6425702811245,
        78.68217054263566,
        63.82428940568475,
        77.40585774058577,
        93.04511278195488,
        98.2078853046595,
        52.28070175438596,
        82.73972602739727,
        89.56310679611651,
        23.13624678663239,
        99.17355371900827,
        84.67583497053045,
        75.87548638132296,
        94.29223744292237,
        78.26086956521739,
        60.16949152542372,
        27.977839335180054,
        88.81431767337807,
        46.46739130434783,
        97.63779527559055,
        96.25246548323472,
        91.97860962566845,
        89.81481481481481,
        67.91979949874687,
        73.07692307692307,
        86.85258964143426,
        87.16707021791767,
        81.03448275862068,
        87.74703557312253,
        79.54379709910056
    ],
    "Closed Set Accuracy": {
        "OA": 84.1230860821194,
        "AA": 84.34039667010805,