{
    "OA": 73.58623882269815,
    "AA": 77.11678497949154,
    "OOD": 93.80024865312888,
    "NMI": 84.91713401937025,
    "H-score": 82.94112350046576,
    "H3-score": 83.5908389054715,
    "Recall-all": [
        91.8266593527153,
        80.05755395683454,
        88.65671641791046,
        27.59350062493991,
        93.69004476657429,
        64.19277108433735,
        93.80024865312888
    ],
    "Closed Set Accuracy": {
        "OA": 91.47974325350265,
        "AA": 94.66188800443123,
        "Recall-all": [
            99.58859023587493,
            94.82014388489208,
            96.46055437100213,
            80.56917604076531,
            99.4244297591132,
            97.10843373493975
        ]
    },
    "OSR Accuracy": {
        "TNR": 39.138002486531285,
        "AUROC": 88.86497829626643,
        "DTACC": 82.3655862570851,
        "AUIN": 95.23667190295828,
        "AUOUT": 72.1790440346582,
        "OSCR": 82.3408006022089,
        "AUPR": 72.18689577388446
    }
}