{
    "OA": 75.1004016064257,
    "AA": 75.48170926405781,
    "OOD": null,
    "NMI": null,
    "H-score": null,
    "H3-score": null,
    "Recall-all": [
        100.0,
        95.23809523809523,
        100.0,
        100.0,
        70.0,
        54.166666666666664,
        81.81818181818183,
        66.66666666666666,
        100.0,
        95.65217391304348,
        100.0,
        58.333333333333336,
        100.0,
        100.0,
        100.0,
        53.333333333333336,
        93.33333333333333,
        6.25,
        67.74193548387096,
        70.0,
        100.0,
        0.0,
        100.0,
        0.0,
        90.0,
        28.57142857142857,
        100.0,
        26.923076923076923,
        95.23809523809523,
        100.0,
        86.66666666666667
    ],
    "Closed Set Accuracy": {
        "OA": 88.15261044176707,
        "AA": 88.96378638704341,
        "Recall-all": [
            100.0,
            100.0,
            100.0,
            100.0,
            80.0,
            79.16666666666666,
            100.0,
            100.0,
            100.0,
            100.0,
            100.0,
            75.0,
            100.0,
            100.0,
            100.0,
            86.66666666666667,
            100.0,
            6.25,
            83.87096774193549,
            70.0,
            100.0,
            100.0,
            100.0,
            0.0,
            100.0,
            100.0,
            100.0,
            76.92307692307693,
            100.0,
            100.0,
            100.0
        ]
    },
    "OSR Accuracy": null
}