{
    "OA": 76.60377358490567,
    "AA": 74.32350955076745,
    "OOD": null,
    "NMI": null,
    "H-score": null,
    "H3-score": null,
    "Recall-all": [
        100.0,
        80.95238095238095,
        100.0,
        100.0,
        81.48148148148148,
        36.666666666666664,
        67.44186046511628,
        100.0,
        92.5925925925926,
        90.0,
        100.0,
        58.333333333333336,
        100.0,
        100.0,
        94.44444444444444,
        28.57142857142857,
        100.0,
        0.0,
        80.0,
        50.0,
        100.0,
        12.5,
        100.0,
        0.0,
        95.0,
        45.45454545454545,
        100.0,
        26.666666666666668,
        91.66666666666666,
        91.30434782608695,
        80.95238095238095
    ],
    "Closed Set Accuracy": {
        "OA": 89.30817610062893,
        "AA": 88.27066521006309,
        "Recall-all": [
            100.0,
            100.0,
            100.0,
            100.0,
            100.0,
            90.0,
            95.34883720930233,
            100.0,
            100.0,
            93.33333333333333,
            100.0,
            66.66666666666666,
            100.0,
            100.0,
            100.0,
            95.23809523809523,
            100.0,
            0.0,
            90.0,
            71.42857142857143,
            100.0,
            100.0,
            100.0,
            0.0,
            95.0,
            81.81818181818183,
            100.0,
            66.66666666666666,
            100.0,
            95.65217391304348,
            95.23809523809523
        ]
    },
    "OSR Accuracy": null
}