{
    "OA": 85.98726114649682,
    "AA": 87.28491436100131,
    "OOD": null,
    "NMI": null,
    "H-score": null,
    "H3-score": null,
    "Recall-all": [
        100.0,
        100.0,
        100.0,
        100.0,
        70.0,
        54.166666666666664,
        86.36363636363636,
        66.66666666666666,
        100.0,
        95.65217391304348
    ],
    "Closed Set Accuracy": {
        "OA": 95.54140127388536,
        "AA": 95.91666666666667,
        "Recall-all": [
            100.0,
            100.0,
            100.0,
            100.0,
            80.0,
            79.16666666666666,
            100.0,
            100.0,
            100.0,
            100.0
        ]
    },
    "OSR Accuracy": null
}