{
    "OA": 96.78714859437751,
    "AA": 94.99155780680707,
    "OOD": 98.24046920821115,
    "NMI": 90.60205858321484,
    "H-score": 96.41996393291356,
    "H3-score": 94.4007024171905,
    "Recall-all": [
        100.0,
        100.0,
        100.0,
        100.0,
        80.0,
        66.66666666666666,
        100.0,
        100.0,
        100.0,
        100.0,
        98.24046920821115
    ],
    "Closed Set Accuracy": {
        "OA": 99.36305732484077,
        "AA": 99.0,
        "Recall-all": [
            100.0,
            100.0,
            100.0,
            100.0,
            90.0,
            100.0,
            100.0,
            100.0,
            100.0,
            100.0
        ]
    },
    "OSR Accuracy": {
        "TNR": 95.30791788856305,
        "AUROC": 99.32943571735436,
        "DTACC": 95.9355212283094,
        "AUIN": 98.48830574201311,
        "AUOUT": 99.5315534019801,
        "OSCR": 98.67941797261662,
        "AUPR": 99.67867475625785
    }
}