{
    "OA": 47.11535664064394,
    "AA": 89.66689359414772,
    "OOD": 0.0,
    "NMI": 84.91982941842187,
    "H-score": 0.0,
    "H3-score": 0.0029999314393194245,
    "UCR": 79.08431325792931,
    "Recall-all": [
        99.63369963369964,
        94.73684210526315,
        90.93406593406593,
        98.85321100917432,
        100.0,
        98.38709677419355,
        98.49624060150376,
        96.55172413793103,
        100.0,
        34.146341463414636,
        98.68995633187772,
        88.38951310861424,
        98.69706840390879,
        98.33333333333333,
        90.87591240875912,
        94.03669724770643,
        98.33333333333333,
        97.46835443037975,
        93.85113268608414,
        99.39393939393939,
        99.60159362549801,
        94.73684210526315,
        92.64367816091954,
        96.57701711491443,
        80.94302554027504,
        95.25691699604744,
        97.09677419354838,
        70.49891540130152,
        67.89587852494577,
        94.9290060851927,
        98.20143884892086,
        83.33333333333334,
        63.725490196078425,
        92.44332493702771,
        86.71875,
        75.30120481927712,
        68.4931506849315,
        65.27093596059113,
        96.11111111111111,
        91.76706827309236,
        85.54216867469879,
        86.79927667269439,
        84.70149253731343,
        98.5200845665962,
        88.23529411764706,
        90.82969432314411,
        98.86104783599089,
        98.2725527831094,
        76.19047619047619,
        98.42342342342343,
        91.52173913043478,
        81.76795580110497,
        97.31800766283524,
        99.1869918699187,
        97.6470588235294,
        96.40718562874252,
        69.41176470588235,
        94.04761904761905,
        92.3963133640553,
        93.71980676328504,
        99.18367346938776,
        96.94656488549617,
        95.92875318066157,
        91.82389937106919,
        93.17773788150808,
        99.33774834437085,
        99.36305732484077,
        86.53846153846155,
        98.21428571428571,
        97.0909090909091,
        96.35974304068522,
        78.44311377245509,
        97.5,
        82.80871670702179,
        91.5929203539823,
        62.03703703703704,
        95.40229885057471,
        66.0,
        93.85593220338984,
        74.52054794520548,
        93.57142857142857,
        98.14323607427056,
        96.96969696969697,
        87.2159090909091,
        98.99799599198397,
        95.14563106796116,
        100.0,
        50.775193798449614,
        91.42857142857143,
        98.58356940509914,
        87.34177215189874,
        90.82568807339449,
        97.28395061728395,
        97.05215419501134,
        88.4920634920635,
        94.95548961424333,
        100.0,
        90.17632241813602,
        99.81412639405205,
        96.08540925266904,
        98.50746268656717,
        88.70292887029288,
        55.47445255474452,
        98.72495446265937,
        94.97816593886463,
        78.54251012145748,
        72.84210526315789,
        99.36034115138592,
        62.47422680412371,
        64.49511400651465,
        87.76119402985074,
        93.48230912476723,
        46.17169373549884,
        97.98994974874373,
        98.3640081799591,
        94.47513812154696,
        93.69369369369369,
        98.09782608695652,
        97.5,
        99.16897506925207,
        98.83720930232558,
        95.98393574297188,
        96.89922480620154,
        80.87855297157623,
        92.46861924686193,
        98.1203007518797,
        98.56630824372759,
        89.12280701754386,
        94.52054794520548,
        98.54368932038835,
        70.95115681233933,
        98.89807162534436,
        96.46365422396856,
        92.99610894941634,
        98.17351598173516,
        91.56010230179028,
        79.23728813559322,
        58.17174515235457,
        96.42058165548099,
        92.93478260869566,
        98.9501312335958,
        99.0138067061144,
        98.93048128342245,
        96.52777777777779,
        82.20551378446115,
        85.76923076923076,
        94.42231075697211,
        96.3680387409201,
        97.41379310344827,
        99.40711462450594,
        0.0
    ],
    "Closed Set Accuracy": {
        "OA": 90.3852951572994,
        "AA": 90.26467288477538,