{
    "OA": 69.49777848302126,
    "AA": 65.7228774118645,
    "OOD": null,
    "NMI": null,
    "H-score": null,
    "H3-score": null,
    "UCR": 69.49777848302126,
    "Recall-all": [
        94.6236559139785,
        56.94444444444444,
        15.517241379310345,
        70.58823529411765,
        76.13636363636364,
        79.32692307692307,
        51.829268292682926,
        19.047619047619047,
        68.48874598070739,
        18.305084745762713,
        67.49116607773851,
        32.02614379084967,
        87.02702702702703,
        74.0,
        28.14814814814815,
        87.91946308724832,
        76.19047619047619,
        51.06382978723404,
        29.166666666666668,
        83.85416666666666,
        67.13615023474179,
        73.33333333333333,
        68.48137535816619,
        81.50943396226415,
        59.45945945945946,
        84.375,
        90.41095890410958,
        63.63636363636363,
        50.0,
        91.91176470588235,
        26.21359223300971,
        70.96774193548387,
        57.831325301204814,
        66.66666666666666,
        83.33333333333334,
        54.54545454545454,
        64.28571428571429,
        37.533512064343164,
        58.88324873096447,
        67.61904761904762,
        85.88957055214725,
        52.96803652968036,
        74.46808510638297,
        78.57142857142857,
        51.724137931034484,
        45.23809523809524,
        75.0,
        50.0,
        13.043478260869565,
        93.33333333333333,
        98.82352941176471,
        80.37383177570094,
        62.5,
        96.66666666666667,
        77.22772277227723,
        69.72477064220183,
        88.0,
        82.11920529801324,
        63.888888888888886,
        75.67567567567568,
        81.57894736842105,
        83.87096774193549,
        87.56756756756758,
        91.71974522292994,
        92.08333333333333,
        96.15384615384616,
        88.18181818181819,
        54.347826086956516,
        69.44444444444444,
        84.61538461538461,
        87.87878787878788,
        36.27450980392157,
        62.903225806451616,
        64.28571428571429,
        66.49484536082474,
        77.51937984496125,
        81.48148148148148,
        27.27272727272727,
        75.67567567567568,
        11.11111111111111,
        66.66666666666666,
        98.1651376146789,
        91.58878504672897,
        66.66666666666666,
        84.52380952380952,
        85.45454545454545,
        85.62091503267973,
        10.192837465564738,
        63.63636363636363,
        54.054054054054056,
        60.0,
        86.08349900596421,
        90.0,
        88.50574712643679,
        77.27272727272727,
        94.40993788819875,
        97.95918367346938,
        7.142857142857142,
        71.12676056338029,
        83.61774744027304,
        92.42424242424242,
        56.15384615384615,
        3.389830508474576,
        97.2972972972973,
        42.364532019704434,
        81.81818181818183,
        81.59203980099502,
        56.896551724137936,
        28.57142857142857,
        27.27272727272727,
        66.25,
        58.82352941176471,
        12.82051282051282,
        80.0,
        100.0,
        80.25210084033614,
        83.5820895522388,
        94.8051948051948,
        24.65753424657534,
        81.94444444444444,
        100.0,
        56.04719764011799,
        59.171597633136095,
        45.76271186440678,
        36.206896551724135,
        98.27586206896551,
        78.8135593220339,
        85.13513513513513,
        63.2,
        97.26027397260275,
        27.397260273972602,
        64.10835214446952,
        86.23853211009175,
        41.92139737991266,
        83.09859154929578,
        95.0,
        32.25806451612903,
        43.50282485875706,
        80.76923076923077,
        60.0,
        55.55555555555556,
        89.59537572254335,
        82.12290502793296,
        55.55555555555556,
        70.53571428571429,
        44.516129032258064,
        82.3076923076923,
        96.7032967032967,
        88.57142857142857,
        89.58990536277602,
        87.25490196078431,
        63.23529411764706,
        85.81560283687944,
        79.45205479452055,
        57.8397212543554,
        26.881720430107524,
        89.40092165898618,
        95.26315789473684,
        59.45945945945946,
        84.24657534246576,
        59.09090909090909,
        45.559845559845556,
        10.112359550561797,
        9.523809523809524,
        81.78694158075601,
        48.026315789473685,
        76.63551401869158,
        57.14285714285714,
        22.58064516129032,
        38.98809523809524,
        33.33333333333333,
        91.90140845070422,
        74.45255474452554,
        17.94871794871795,
        87.5,
        73.72262773722628,
        79.54545454545455,
        67.24137931034483,
        54.285714285714285,
        76.35135135135135,
        0.0,
        15.384615384615385,
        76.85185185185185,
        94.20289855072464,
        60.78431372549019,
        42.857142857142854,
        78.13620071684588,
        58.22222222222222,
        68.88888888888889,
        93.24324324324324,
        65.91928251121077,
        72.54901960784314,
        33.33333333333333,
        20.0,
        70.11494252873564,
        88.63636363636364,
        70.30716723549489,
        78.42323651452283,
        11.235955056179774,
        61.16207951070336,
        7.6923076923076925,
        91.26637554585153,
        78.11550151975683,
        42.857142857142854,
        96.53179190751445,
        45.0199203187251,
        78.94736842105263,
        82.4390243902439,
        100.0,
        76.22641509433963,
        69.23076923076923,
        75.82417582417582,
        94.01709401709401,
        86.95652173913044,
        36.84210526315789,
        90.03215434083602,
        81.9672131147541,
        15.873015873015872,
        93.83116883116884,
        89.05472636815921,
        90.9090909090909,
        48.837209302325576,
        85.02202643171806,
        58.94736842105262,
        96.13733905579399,
        88.63636363636364,
        58.128078817733986,
        81.66666666666667,
        58.65384615384615,
        53.2258064516129,
        68.64406779661016,
        73.33333333333333,
        67.5,
        85.71428571428571,
        50.0,
        95.18716577540107,
        93.10344827586206,
        46.666666666666664,
        51.83673469387755,
        75.86206896551724,
        30.0,
        52.63157894736842,
        90.19607843137256,
        76.19047619047619,
        59.17312661498708,
        65.38461538461539,
        85.64593301435407,
        93.77777777777779,
        73.03370786516854,
        14.285714285714285,
        57.08502024291497,
        90.69767441860465,
        43.18181818181818,
        68.13186813186813,
        26.666666666666668,
        99.28825622775801,
        23.893805309734514,
        81.91489361702128,
        93.99141630901288,
        83.51648351648352,
        65.76576576576578,
        22.07792207792208,
        64.61538461538461,
        74.03846153846155,
        93.84615384615384,
        65.32258064516128,
        54.54545454545454,
        75.47169811320755,
        78.47533632286996,
        63.72881355932203,
        60.810810810810814,
        84.94623655913979,
        90.23255813953487,
        88.73239436619718,
        10.0,
        82.6086956521739,
        78.67647058823529,
        54.666666666666664,
        95.45454545454545,
        44.285714285714285,
        26.623376623376622,
        81.6976127320955,
        75.0,
        54.166666666666664,
        52.0,
        40.0,
        67.67676767676768,
        66.66666666666666,
        61.81818181818181,
        55.55555555555556,
        90.03831417624522,
        55.37459283387622,
        4.761904761904762,
        61.42857142857143,
        54.54545454545454,
        42.68292682926829,
        85.59322033898306,
        28.947368421052634,
        40.845070422535215,
        36.407766990291265,
        40.0,
        30.0,
