{
    "OA": 84.96214023925135,
    "AA": 85.03636989827258,
    "OOD": null,
    "NMI": null,
    "H-score": null,
    "H3-score": null,
    "UCR": 84.96214023925135,
    "Recall-all": [
        99.63369963369964,
        93.42105263157895,
        84.89010989010988,
        96.10091743119266,
        100.0,
        96.12903225806451,
        97.36842105263158,
        88.36206896551724,
        100.0,
        48.78048780487805,
        93.44978165938865,
        76.02996254681648,
        95.76547231270358,
        97.22222222222221,
        87.95620437956204,
        94.4954128440367,
        98.33333333333333,
        98.73417721518987,
        93.52750809061489,
        97.57575757575758,
        98.40637450199203,
        90.30470914127424,
        85.51724137931035,
        95.35452322738386,
        81.9253438113949,
        90.9090909090909,
        96.12903225806451,
        60.30368763557483,
        42.0824295010846,
        91.27789046653145,
        96.76258992805755,
        65.05376344086021,
        65.19607843137256,
        84.38287153652394,
        84.1796875,
        72.28915662650603,
        56.16438356164384,
        47.53694581280788,
        94.16666666666667,
        90.96385542168674,
        82.73092369477911,
        82.64014466546112,
        81.15671641791045,
        95.13742071881607,
        82.35294117647058,
        88.20960698689956,
        97.72209567198178,
        76.1996161228407,
        80.95238095238095,
        97.52252252252252,
        88.26086956521739,
        79.37384898710866,
        94.25287356321839,
        98.3739837398374,
        94.70588235294117,
        91.91616766467065,
        58.82352941176471,
        92.55952380952381,
        89.63133640552995,
        86.95652173913044,
        95.3061224489796,
        89.56743002544529,
        91.34860050890585,
        88.25995807127882,
        86.53500897666068,
        99.33774834437085,
        84.07643312101911,
        73.62637362637363,
        94.64285714285714,
        93.0909090909091,
        94.21841541755889,
        66.46706586826348,
        89.64285714285715,
        81.1138014527845,
        87.16814159292035,
        56.018518518518526,
        92.52873563218391,
        58.8,
        91.94915254237289,
        61.917808219178085,
        92.85714285714286,
        96.55172413793103,
        87.87878787878788,
        77.27272727272727,
        96.9939879759519,
        96.11650485436894,
        98.4126984126984,
        36.04651162790697,
        88.31168831168831,
        91.78470254957507,
        68.86075949367088,
        86.42201834862385,
        94.5679012345679,
        94.5578231292517,
        84.12698412698413,
        89.91097922848664,
        100.0,
        53.40050377833753,
        99.25650557620817,
        92.88256227758008,
        95.27363184079603,
        82.00836820083683,
        23.722627737226276,
        96.72131147540983,
        88.64628820960698,
        71.25506072874494,
        71.15789473684211,
        97.86780383795309,
        56.49484536082474,
        59.934853420195445,
        81.19402985074626,
        88.8268156424581,
        33.64269141531322,
        94.72361809045226,
        96.93251533742331,
        87.56906077348067,
        83.48348348348348,
        94.56521739130434,
        93.75,
        98.06094182825484,
        98.25581395348837,
        74.69879518072288,
        86.04651162790698,
        57.622739018087856,
        80.75313807531381,
        96.99248120300751,
        92.47311827956989,
        84.03508771929825,
        90.95890410958904,
        97.33009708737865,
        66.83804627249359,
        96.96969696969697,
        94.30255402750491,
        90.6614785992218,
        97.48858447488584,
        87.46803069053708,
        46.186440677966104,
        52.35457063711911,
        93.0648769574944,
        88.31521739130434,
        97.3753280839895,
        98.0276134122288,
        98.2174688057041,
        95.60185185185185,
        71.42857142857143,
        79.23076923076923,
        92.43027888446214,
        96.3680387409201,
        93.10344827586206,
        97.03557312252964
    ],
    "Closed Set Accuracy": {
        "OA": 84.96214023925135,
        "AA": 85.03636989827258,