{
    "OA": 58.39273989306819,
    "AA": 0.6622516556291391,
    "OOD": 100.0,
    "NMI": 61.213914141364924,
    "H-score": 0.0,
    "H3-score": 0.00299992099471575,
    "Recall-all": [
        0.0,
        0.0,
        0.0,
        0.0,
        0.0,
        0.0,
        0.0,
        0.0,
        0.0,
        0.0,
        0.0,
        0.0,
        0.0,
        0.0,
        0.0,
        0.0,
        0.0,
        0.0,
        0.0,
        0.0,
        0.0,
        0.0,
        0.0,
        0.0,
        0.0,
        0.0,
        0.0,
        0.0,
        0.0,
        0.0,
        0.0,
        0.0,
        0.0,
        0.0,
        0.0,
        0.0,
        0.0,
        0.0,
        0.0,
        0.0,
        0.0,
        0.0,
        0.0,
        0.0,
        0.0,
        0.0,
        0.0,
        0.0,
        0.0,
        0.0,
        0.0,
        0.0,
        0.0,
        0.0,
        0.0,
        0.0,
        0.0,
        0.0,
        0.0,
        0.0,
        0.0,
        0.0,
        0.0,
        0.0,
        0.0,
        0.0,
        0.0,
        0.0,
        0.0,
        0.0,
        0.0,
        0.0,
        0.0,
        0.0,
        0.0,
        0.0,
        0.0,
        0.0,
        0.0,
        0.0,
        0.0,
        0.0,
        0.0,
        0.0,
        0.0,
        0.0,
        0.0,
        0.0,
        0.0,
        0.0,
        0.0,
        0.0,
        0.0,
        0.0,
        0.0,
        0.0,
        0.0,
        0.0,
        0.0,
        0.0,
        0.0,
        0.0,
        0.0,
        0.0,
        0.0,
        0.0,
        0.0,
        0.0,
        0.0,
        0.0,
        0.0,
        0.0,
        0.0,
        0.0,
        0.0,
        0.0,
        0.0,
        0.0,
        0.0,
        0.0,
        0.0,
        0.0,
        0.0,
        0.0,
        0.0,
        0.0,
        0.0,
        0.0,
        0.0,
        0.0,
        0.0,
        0.0,
        0.0,
        0.0,
        0.0,
        0.0,
        0.0,
        0.0,
        0.0,
        0.0,
        0.0,
        0.0,
        0.0,
        0.0,
        0.0,
        0.0,
        0.0,
        0.0,
        0.0,
        0.0,
        100.0
    ],
    "Closed Set Accuracy": {
        "OA": 80.86569351293468,
        "AA": 82.50394470426795,
        "Recall-all": [
            100.0,
            91.77489177489177,
            84.39716312056737,
            92.5,
            93.75,
            59.74025974025974,
            98.7012987012987,
            93.54838709677419,
            100.0,
            37.35632183908046,
            93.75,
            88.96551724137932,
            95.42483660130719,
            92.95774647887323,
            79.48717948717949,
            88.57142857142857,
            96.96969696969697,
            81.203007518797,
            87.21804511278195,
            99.10714285714286,
            94.64285714285714,
            90.41095890410958,
            94.54545454545455,
            95.96774193548387,
            73.13432835820896,
            94.65648854961832,
            99.0,
            68.96551724137932,
            86.31578947368422,
            98.75,
            84.23913043478261,
            93.92523364485982,
            77.30061349693251,
            73.80952380952381,
            42.69662921348314,
            70.58823529411765,
            46.98795180722892,
            70.10309278350515,
            83.11111111111111,
            74.28571428571429,
            94.70899470899471,
            87.5,
            94.01709401709401,
            85.6,
            86.50306748466258,
            65.48672566371681,
            99.28057553956835,
            96.12903225806451,
            25.86605080831409,
            94.25287356321839,
            97.61904761904762,
            76.08695652173914,
            97.91666666666666,
            82.92682926829268,
            96.7032967032967,
            92.10526315789474,
            43.75,
            91.37931034482759,
            92.45283018867924,
            80.0,
            85.55555555555556,
            100.0,
            78.26086956521739,
            71.7948717948718,
            91.20879120879121,
            94.11764705882352,
            100.0,
            81.25,
            89.55223880597015,
            60.86956521739131,
            83.33333333333334,
            64.53900709219859,
            90.0,
            76.66666666666667,
            77.14285714285715,
            95.65217391304348,
            100.0,
            42.10526315789473,
            60.86956521739131,
            35.59322033898305,
            88.09523809523809,
            90.9090909090909,
            99.05660377358491,
            35.175879396984925,
            99.10714285714286,
            94.21487603305785,
            93.45794392523365,
            22.509225092250922,
            96.25,
            85.71428571428571,
            76.08695652173914,
            95.39170506912443,
            96.61016949152543,
            86.36363636363636,
            76.89243027888446,
            96.32352941176471,
            88.88888888888889,
            89.0,
            91.94630872483222,
            93.75,
            86.04651162790698,
            93.5251798561151,
            59.813084112149525,
            99.46236559139786,
            92.0,
            51.515151515151516,
            94.44444444444444,
            78.66666666666666,
            64.74358974358975,
            73.80952380952381,
            89.04761904761904,
            74.48979591836735,
            32.323232323232325,
            89.79591836734694,
            90.47619047619048,
            62.44541484716157,
            95.75289575289575,
            97.97979797979798,
            76.5625,
            95.18072289156626,
            64.21052631578948,
            94.04255319148936,
            98.93617021276596,
            86.03351955307262,
            85.36585365853658,
            97.1830985915493,
            76.08695652173914,
            86.56716417910447,
            56.896551724137936,
            96.15384615384616,
            26.61290322580645,
            52.587991718426494,
            98.5,
            42.5,
            97.61904761904762,
            97.63779527559055,
            77.55102040816327,
            89.7590361445783,
            87.09677419354838,
            86.79245283018868,
            99.23076923076923,
            98.68421052631578,
            93.43065693430657,
            94.52054794520548,
            80.0,
            40.32258064516129,
            63.38028169014085,
            98.59154929577466,
            93.75,
            94.0677966101695
        ]
    },
    "OSR Accuracy": {
        "TNR": 21.452953696638687,
        "AUROC": 79.76148134676215,
        "DTACC": 73.04019334475814,
        "AUIN": 76.19205196137784,
        "AUOUT": 80.78955153712735,
        "OSCR": 63.837426768533945,
        "AUPR": 80.80443335083542
    }
}