{
    "OA": 0.022909507445589918,
    "AA": 0.0375234521575985,
    "OOD": null,
    "NMI": null,
    "H-score": null,
    "H3-score": null,
    "Recall-all": [
        0.0,
        0.0,
        0.0,
        0.0,
        0.0,
        0.0,
        0.0,
        0.0,
        0.0,
        0.0,
        0.0,
        0.0,
        0.0,
        0.0,
        0.0,
        0.0,
        0.0,
        0.0,
        2.4390243902439024,
        0.0,
        0.0,
        0.0,
        0.0,
        0.0,
        0.0,
        0.0,
        0.0,
        0.0,
        0.0,
        0.0,
        0.0,
        0.0,
        0.0,
        0.0,
        0.0,
        0.0,
        0.0,
        0.0,
        0.0,
        0.0,
        0.0,
        0.0,
        0.0,
        0.0,
        0.0,
        0.0,
        0.0,
        0.0,
        0.0,
        0.0,
        0.0,
        0.0,
        0.0,
        0.0,
        0.0,
        0.0,
        0.0,
        0.0,
        0.0,
        0.0,
        0.0,
        0.0,
        0.0,
        0.0,
        0.0
    ],
    "Closed Set Accuracy": {
        "OA": 77.80068728522338,
        "AA": 78.07357211717063,
        "Recall-all": [
            96.66666666666667,
            96.42857142857143,
            85.9375,
            89.79591836734694,
            93.93939393939394,
            78.78787878787878,
            68.4931506849315,
            100.0,
            96.15384615384616,
            74.74747474747475,
            91.91919191919192,
            72.5,
            49.494949494949495,
            79.6875,
            90.47619047619048,
            26.82926829268293,
            66.66666666666666,
            65.0,
            95.1219512195122,
            92.0,
            100.0,
            100.0,
            100.0,
            65.65656565656566,
            68.85245901639344,
            96.15384615384616,
            83.83838383838383,
            95.65217391304348,
            97.5,
            75.75757575757575,
            66.0377358490566,
            77.5,
            91.91919191919192,
            36.61971830985916,
            72.72727272727273,
            72.5,
            78.94736842105263,
            85.85858585858585,
            68.67469879518072,
            85.0,
            88.23529411764706,
            80.0,
            64.64646464646465,
            58.58585858585859,
            41.46341463414634,
            87.35632183908046,
            82.5,
            91.30434782608695,
            72.5,
            95.52238805970148,
            95.95959595959596,
            85.33333333333334,
            76.19047619047619,
            69.04761904761905,
            97.67441860465115,
            47.540983606557376,
            76.66666666666667,
            46.666666666666664,
            83.75,
            82.82828282828282,
            76.92307692307693,
            35.35353535353536,
            79.24528301886792,
            64.64646464646465,
            65.0
        ]
    },
    "OSR Accuracy": null
}