{
    "OA": 71.65224557066338,
    "AA": 14.608863757852847,
    "OOD": 100.0,
    "NMI": 69.55331038381244,
    "H-score": 16.372304430883418,
    "H3-score": 21.97464633367008,
    "Recall-all": [
        14.864864864864865,
        9.75609756097561,
        29.629629629629626,
        0.0,
        0.0,
        0.0,
        12.5,
        33.33333333333333,
        5.0,
        13.157894736842104,
        0.0,
        8.0,
        0.0,
        0.0,
        7.5,
        100.0
    ],
    "Closed Set Accuracy": {
        "OA": 97.57738896366084,
        "AA": 97.59954000385991,
        "Recall-all": [
            100.0,
            97.5609756097561,
            100.0,
            95.0,
            100.0,
            94.94949494949495,
            97.5,
            96.96969696969697,
            100.0,
            98.68421052631578,
            97.10144927536231,
            96.0,
            97.72727272727273,
            92.5,
            100.0
        ]
    },
    "OSR Accuracy": {
        "TNR": 76.66270783847982,
        "AUROC": 95.71119842201001,
        "DTACC": 89.52136008925746,
        "AUIN": 92.48879088478013,
        "AUOUT": 97.69829505248222,
        "OSCR": 93.31412262670091,
        "AUPR": 97.72919160909612
    }
}