{
    "OA": 65.44266726740257,
    "AA": 65.86367309415608,
    "OOD": null,
    "NMI": null,
    "H-score": null,
    "H3-score": null,
    "Recall-all": [
        68.35443037974683,
        95.95959595959596,
        91.93548387096774,
        100.0,
        95.45454545454545,
        8.064516129032258,
        78.72340425531915,
        98.76543209876543,
        87.65432098765432,
        89.28571428571429,
        14.14141414141414,
        49.23076923076923,
        1.0416666666666665,
        65.9090909090909,
        0.0,
        60.24096385542169,
        97.01492537313433,
        24.390243902439025,
        89.55223880597015,
        74.13793103448276,
        80.28169014084507,
        83.83838383838383,
        96.7032967032967,
        32.22222222222222,
        56.09756097560976,
        95.52238805970148,
        63.1578947368421,
        2.2222222222222223,
        95.83333333333334,
        66.66666666666666,
        85.36585365853658,
        59.25925925925925,
        94.94949494949495,
        12.5,
        8.16326530612245,
        12.5,
        98.95833333333334,
        78.04878048780488,
        36.55913978494624,
        83.82352941176471,
        91.42857142857143,
        91.48936170212765,
        26.666666666666668,
        45.0,
        5.263157894736842,
        100.0,
        86.04651162790698,
        72.09302325581395,
        98.30508474576271,
        75.86206896551724,
        84.84848484848484,
        82.5,
        24.489795918367346,
        86.95652173913044,
        91.91919191919192,
        100.0,
        47.474747474747474,
        91.48936170212765,
        88.33333333333333,
        81.03448275862068,
        97.61904761904762,
        0.0,
        83.87096774193549,
        0.0,
        95.91836734693877
    ],
    "Closed Set Accuracy": {
        "OA": 87.99279116918225,
        "AA": 87.9968456651774,
        "Recall-all": [
            97.46835443037975,
            100.0,
            96.7741935483871,
            100.0,
            100.0,
            43.54838709677419,
            93.61702127659575,
            100.0,
            95.06172839506173,
            96.42857142857143,
            82.82828282828282,
            95.38461538461539,
            9.375,
            92.04545454545455,
            96.0,
            93.97590361445783,
            100.0,
            87.8048780487805,
            98.50746268656717,
            94.82758620689656,
            94.36619718309859,
            95.95959595959596,
            100.0,
            72.22222222222221,
            87.8048780487805,
            100.0,
            82.45614035087719,
            70.0,
            98.61111111111111,
            81.81818181818183,
            100.0,
            87.03703703703704,
            98.98989898989899,
            42.857142857142854,
            97.95918367346938,
            87.5,
            98.95833333333334,
            100.0,
            72.04301075268818,
            100.0,
            97.14285714285714,
            97.87234042553192,
            61.66666666666667,
            77.5,
            78.94736842105263,
            100.0,
            97.67441860465115,
            81.3953488372093,
            100.0,
            100.0,
            95.95959595959596,
            87.5,
            59.183673469387756,
            97.82608695652173,
            98.98989898989899,
            100.0,
            86.86868686868688,
            97.87234042553192,
            98.33333333333333,
            96.55172413793103,
            100.0,
            31.11111111111111,
            92.47311827956989,
            44.73684210526316,
            97.95918367346938
        ]
    },
    "OSR Accuracy": null
}