{
    "OA": 40.65671641791045,
    "AA": 44.06627998069296,
    "OOD": null,
    "NMI": null,
    "H-score": null,
    "H3-score": null,
    "Recall-all": [
        76.66666666666667,
        32.142857142857146,
        71.875,
        36.734693877551024,
        90.9090909090909,
        0.0,
        41.0958904109589,
        89.13043478260869,
        33.33333333333333,
        51.515151515151516,
        10.1010101010101,
        30.0,
        0.0,
        39.0625,
        42.857142857142854,
        17.073170731707318,
        54.166666666666664,
        0.0,
        78.04878048780488,
        44.0,
        85.0,
        92.5,
        33.33333333333333,
        24.242424242424242,
        27.86885245901639
    ],
    "Closed Set Accuracy": {
        "OA": 78.92537313432835,
        "AA": 79.08340724588729,
        "Recall-all": [
            95.0,
            94.64285714285714,
            84.375,
            89.79591836734694,
            92.92929292929293,
            44.44444444444444,
            71.23287671232876,
            100.0,
            83.33333333333334,
            73.73737373737373,
            84.84848484848484,
            70.0,
            56.56565656565656,
            76.5625,
            90.47619047619048,
            41.46341463414634,
            75.0,
            32.5,
            95.1219512195122,
            90.0,
            97.5,
            100.0,
            97.97979797979798,
            83.83838383838383,
            55.73770491803278
        ]
    },
    "OSR Accuracy": null
}