{
    "OA": 72.99834345665379,
    "AA": 70.93375134923542,
    "OOD": null,
    "NMI": null,
    "H-score": null,
    "H3-score": null,
    "Recall-all": [
        87.20930232558139,
        98.98989898989899,
        98.4375,
        89.1566265060241,
        96.96969696969697,
        25.64102564102564,
        58.75,
        94.52054794520548,
        98.52941176470588,
        92.92929292929293,
        65.625,
        21.53846153846154,
        29.6875,
        35.526315789473685,
        28.767123287671232,
        62.903225806451616,
        74.50980392156863,
        46.51162790697674,
        92.5925925925926,
        68.33333333333333,
        86.20689655172413,
        96.47058823529412,
        100.0,
        59.64912280701754,
        63.888888888888886
    ],
    "Closed Set Accuracy": {
        "OA": 91.77250138045278,
        "AA": 90.63148144962405,
        "Recall-all": [
            100.0,
            100.0,
            100.0,
            98.79518072289156,
            100.0,
            52.56410256410257,
            87.5,
            98.63013698630137,
            100.0,
            100.0,
            98.95833333333334,
            80.0,
            67.1875,
            93.42105263157895,
            83.56164383561644,
            87.09677419354838,
            78.43137254901961,
            76.74418604651163,
            100.0,
            95.0,
            96.55172413793103,
            100.0,
            100.0,
            82.45614035087719,
            88.88888888888889
        ]
    },
    "OSR Accuracy": null
}