{
    "OA": 81.59495381842757,
    "AA": 86.187763439607,
    "OOD": 80.04164187983343,
    "NMI": 90.76659772279503,
    "H-score": 83.19011484265691,
    "H3-score": 85.57240276918945,
    "Recall-all": [
        86.07594936708861,
        98.98989898989899,
        93.54838709677419,
        100.0,
        100.0,
        35.483870967741936,
        93.61702127659575,
        100.0,
        95.06172839506173,
        92.85714285714286,
        79.7979797979798,
        90.76923076923077,
        94.79166666666666,
        88.63636363636364,
        49.333333333333336,
        80.04164187983343
    ],
    "Closed Set Accuracy": {
        "OA": 96.28597957288764,
        "AA": 96.41276541089704,
        "Recall-all": [
            100.0,
            100.0,
            100.0,
            100.0,
            100.0,
            79.03225806451613,
            95.74468085106383,
            100.0,
            95.06172839506173,
            96.42857142857143,
            87.87878787878788,
            100.0,
            100.0,
            92.04545454545455,
            100.0
        ]
    },
    "OSR Accuracy": {
        "TNR": 68.70910172516359,
        "AUROC": 92.92861336793271,
        "DTACC": 84.37924103407079,
        "AUIN": 84.93472911107747,
        "AUOUT": 97.34445698614292,
        "OSCR": 89.2766083547784,
        "AUPR": 97.35993120679113
    }
}