{
    "OA": 73.59765712998423,
    "AA": 74.0831904070954,
    "OOD": null,
    "NMI": null,
    "H-score": null,
    "H3-score": null,
    "Recall-all": [
        60.75949367088608,
        97.97979797979798,
        96.7741935483871,
        88.37209302325581,
        100.0,
        25.806451612903224,
        74.46808510638297,
        100.0,
        85.18518518518519,
        94.64285714285714,
        15.151515151515152,
        69.23076923076923,
        19.791666666666664,
        88.63636363636364,
        84.0,
        83.13253012048193,
        100.0,
        41.46341463414634,
        85.07462686567165,
        70.6896551724138,
        87.32394366197182,
        97.97979797979798,
        47.25274725274725,
        57.77777777777777,
        87.8048780487805,
        100.0,
        98.24561403508771,
        11.11111111111111,
        88.88888888888889,
        77.77777777777779,
        97.5609756097561,
        94.44444444444444,
        84.84848484848484,
        64.28571428571429,
        27.55102040816326,
        80.55555555555556,
        97.91666666666666,
        78.04878048780488,
        87.09677419354838,
        97.05882352941177,
        74.28571428571429,
        97.87234042553192,
        33.33333333333333,
        42.5,
        0.0,
        98.98989898989899,
        88.37209302325581,
        88.37209302325581,
        100.0,
        98.27586206896551,
        97.97979797979798,
        95.0,
        55.10204081632652,
        82.6086956521739,
        91.91919191919192,
        97.67441860465115,
        29.292929292929294,
        97.87234042553192,
        90.0,
        17.24137931034483,
        97.61904761904762,
        6.666666666666667,
        98.9247311827957,
        0.0,
        90.81632653061224
    ],
    "Closed Set Accuracy": {
        "OA": 86.95652173913044,
        "AA": 86.73756414517635,
        "Recall-all": [
            79.74683544303798,
            98.98989898989899,
            98.38709677419355,
            100.0,
            100.0,
            46.774193548387096,
            82.97872340425532,
            100.0,
            91.35802469135803,
            94.64285714285714,
            88.88888888888889,
            80.0,
            75.0,
            97.72727272727273,
            96.0,
            91.56626506024097,
            100.0,
            70.73170731707317,
            97.01492537313433,
            89.65517241379311,
            92.95774647887323,
            97.97979797979798,
            100.0,
            62.22222222222222,
            87.8048780487805,
            100.0,
            98.24561403508771,
            94.44444444444444,
            100.0,
            77.77777777777779,
            100.0,
            98.14814814814815,
            98.98989898989899,
            73.21428571428571,
            47.95918367346938,
            93.05555555555556,
            98.95833333333334,
            90.2439024390244,
            92.47311827956989,
            100.0,
            97.14285714285714,
            100.0,
            48.333333333333336,
            55.00000000000001,
            21.052631578947366,
            100.0,
            95.34883720930233,
            95.34883720930233,
            100.0,
            100.0,
            100.0,
            97.5,
            81.63265306122449,
            91.30434782608695,
            94.94949494949495,
            100.0,
            48.484848484848484,
            100.0,
            98.33333333333333,
            81.03448275862068,
            100.0,
            57.77777777777777,
            98.9247311827957,
            0.0,
            91.83673469387756
        ]
    },
    "OSR Accuracy": null
}