{
    "OA": 40.48109965635739,
    "AA": 42.15381583982656,
    "OOD": null,
    "NMI": null,
    "H-score": null,
    "H3-score": null,
    "Recall-all": [
        76.66666666666667,
        32.142857142857146,
        71.875,
        34.69387755102041,
        90.9090909090909,
        0.0,
        43.83561643835616,
        86.95652173913044,
        32.05128205128205,
        50.505050505050505,
        17.17171717171717,
        30.0,
        4.040404040404041,
        43.75,
        42.857142857142854,
        19.51219512195122,
        52.083333333333336,
        0.0,
        78.04878048780488,
        46.0,
        85.0,
        92.5,
        30.303030303030305,
        23.232323232323232,
        26.229508196721312,
        69.23076923076923,
        47.474747474747474,
        2.898550724637681,
        92.5,
        49.494949494949495,
        33.9622641509434,
        25.0,
        60.60606060606061,
        0.0,
        3.0303030303030303,
        22.5,
        50.0,
        59.59595959595959,
        8.433734939759036,
        47.5,
        66.66666666666666,
        60.0,
        7.07070707070707,
        17.17171717171717,
        0.0,
        70.11494252873564,
        42.5,
        63.04347826086957,
        60.0,
        46.26865671641791,
        84.84848484848484,
        48.0,
        4.761904761904762,
        28.57142857142857,
        48.837209302325576,
        29.508196721311474,
        43.333333333333336,
        18.333333333333332,
        41.25,
        61.61616161616161,
        69.23076923076923,
        0.0,
        62.264150943396224,
        51.515151515151516,
        32.5
    ],
    "Closed Set Accuracy": {
        "OA": 72.14203894616266,
        "AA": 73.00301158787224,
        "Recall-all": [
            95.0,
            94.64285714285714,
            84.375,
            89.79591836734694,
            92.92929292929293,
            39.39393939393939,
            76.71232876712328,
            100.0,
            83.33333333333334,
            73.73737373737373,
            83.83838383838383,
            67.5,
            66.66666666666666,
            76.5625,
            88.09523809523809,
            51.21951219512195,
            75.0,
            37.5,
            95.1219512195122,
            92.0,
            97.5,
            100.0,
            97.97979797979798,
            82.82828282828282,
            55.73770491803278,
            92.3076923076923,
            92.92929292929293,
            55.072463768115945,
            95.0,
            70.70707070707071,
            58.490566037735846,
            47.5,
            86.86868686868688,
            5.633802816901409,
            41.41414141414141,
            70.0,
            85.52631578947368,
            92.92929292929293,
            45.78313253012048,
            80.0,
            80.3921568627451,
            97.5,
            42.42424242424242,
            43.43434343434344,
            29.268292682926827,
            89.65517241379311,
            85.0,
            80.43478260869566,
            70.0,
            82.08955223880598,
            92.92929292929293,
            74.66666666666667,
            59.523809523809526,
            69.04761904761905,
            97.67441860465115,
            49.18032786885246,
            72.22222222222221,
            36.666666666666664,
            81.25,
            73.73737373737373,
            74.35897435897436,
            13.131313131313133,
            94.33962264150944,
            63.63636363636363,
            75.0
        ]
    },
    "OSR Accuracy": null
}