{
    "OA": 74.20389461626576,
    "AA": 76.12265274252108,
    "OOD": 73.99199753770391,
    "NMI": 77.23622512560259,
    "H-score": 75.11065931058918,
    "H3-score": 75.80740150987117,
    "Recall-all": [
        70.0,
        94.64285714285714,
        57.8125,
        73.46938775510205,
        93.93939393939394,
        42.42424242424242,
        83.56164383561644,
        100.0,
        47.43589743589743,
        66.66666666666666,
        83.83838383838383,
        72.5,
        82.82828282828282,
        84.375,
        90.47619047619048,
        73.99199753770391
    ],
    "Closed Set Accuracy": {
        "OA": 82.168458781362,
        "AA": 83.0001352338681,
        "Recall-all": [
            76.66666666666667,
            94.64285714285714,
            64.0625,
            78.57142857142857,
            95.95959595959596,
            69.6969696969697,
            95.8904109589041,
            100.0,
            48.717948717948715,
            73.73737373737373,
            92.92929292929293,
            82.5,
            88.88888888888889,
            87.5,
            95.23809523809523
        ]
    },
    "OSR Accuracy": {
        "TNR": 47.89165897199138,
        "AUROC": 87.1306142171123,
        "DTACC": 77.9824313188177,
        "AUIN": 73.15345926873404,
        "AUOUT": 94.95954220479649,
        "OSCR": 71.79578828225142,
        "AUPR": 94.9759854007303
    }
}