{
    "OA": 85.11172483052975,
    "AA": 93.90166564686201,
    "OOD": 82.43500317057705,
    "NMI": 85.12541006991601,
    "H-score": 88.29297006079867,
    "H3-score": 87.21257222459568,
    "Recall-all": [
        100.0,
        100.0,
        100.0,
        97.59036144578313,
        100.0,
        70.51282051282051,
        83.75,
        98.63013698630137,
        100.0,
        100.0,
        82.43500317057705
    ],
    "Closed Set Accuracy": {
        "OA": 99.03498190591074,
        "AA": 98.9829163863039,
        "Recall-all": [
            100.0,
            100.0,
            100.0,
            98.79518072289156,
            100.0,
            96.15384615384616,
            96.25,
            98.63013698630137,
            100.0,
            100.0
        ]
    },
    "OSR Accuracy": {
        "TNR": 83.19594166138238,
        "AUROC": 96.618497353008,
        "DTACC": 90.53693664888746,
        "AUIN": 90.08049876406,
        "AUOUT": 99.01232775274316,
        "OSCR": 95.6534218902164,
        "AUPR": 99.02836250092729
    }
}