{
    "OA": 41.25373134328358,
    "AA": 44.51073503873219,
    "OOD": null,
    "NMI": null,
    "H-score": null,
    "H3-score": null,
    "Recall-all": [
        78.33333333333333,
        32.142857142857146,
        71.875,
        34.69387755102041,
        90.9090909090909,
        0.0,
        39.726027397260275,
        86.95652173913044,
        33.33333333333333,
        50.505050505050505,
        17.17171717171717,
        30.0,
        3.0303030303030303,
        40.625,
        42.857142857142854,
        19.51219512195122,
        52.083333333333336,
        0.0,
        78.04878048780488,
        46.0,
        85.0,
        92.5,
        33.33333333333333,
        26.262626262626267,
        27.86885245901639
    ],
    "Closed Set Accuracy": {
        "OA": 79.58208955223881,
        "AA": 79.80827764712517,
        "Recall-all": [
            95.0,
            94.64285714285714,
            84.375,
            90.81632653061224,
            92.92929292929293,
            43.43434343434344,
            73.97260273972603,
            100.0,
            83.33333333333334,
            72.72727272727273,
            85.85858585858585,
            67.5,
            62.62626262626263,
            73.4375,
            88.09523809523809,
            48.78048780487805,
            75.0,
            42.5,
            95.1219512195122,
            90.0,
            97.5,
            100.0,
            97.97979797979798,
            83.83838383838383,
            55.73770491803278
        ]
    },
    "OSR Accuracy": null
}