{
    "OA": 73.43944292464562,
    "AA": 73.0858715215891,
    "OOD": 73.99199753770391,
    "NMI": 77.23622512560259,
    "H-score": 73.48974875181311,
    "H3-score": 74.69887115195658,
    "Recall-all": [
        70.0,
        94.64285714285714,
        57.8125,
        73.46938775510205,
        93.93939393939394,
        42.42424242424242,
        83.56164383561644,
        100.0,
        47.43589743589743,
        66.66666666666666,
        73.99199753770391
    ],
    "Closed Set Accuracy": {
        "OA": 78.75647668393782,
        "AA": 79.79457514517445,
        "Recall-all": [
            76.66666666666667,
            94.64285714285714,
            64.0625,
            78.57142857142857,
            95.95959595959596,
            69.6969696969697,
            95.8904109589041,
            100.0,
            48.717948717948715,
            73.73737373737373
        ]
    },
    "OSR Accuracy": {
        "TNR": 46.16805170821792,
        "AUROC": 85.74459738109933,
        "DTACC": 76.68013035497569,
        "AUIN": 65.34955411914328,
        "AUOUT": 95.95090289478388,
        "OSCR": 67.3328740449431,
        "AUPR": 95.96717676050058
    }
}