{
    "OA": 86.19058346474431,
    "AA": 88.49387210839245,
    "OOD": 85.27662105889353,
    "NMI": 90.76659772279503,
    "H-score": 86.95814417731752,
    "H3-score": 88.19295771551319,
    "Recall-all": [
        93.67088607594937,
        97.97979797979798,
        90.32258064516128,
        100.0,
        100.0,
        75.80645161290323,
        89.36170212765957,
        100.0,
        96.29629629629629,
        64.28571428571429,
        83.83838383838383,
        67.6923076923077,
        93.75,
        82.95454545454545,
        94.66666666666667,
        85.27662105889353
    ],
    "Closed Set Accuracy": {
        "OA": 96.75023212627669,
        "AA": 96.67849177962053,
        "Recall-all": [
            98.73417721518987,
            98.98989898989899,
            93.54838709677419,
            100.0,
            100.0,
            95.16129032258065,
            93.61702127659575,
            100.0,
            97.53086419753086,
            89.28571428571429,
            93.93939393939394,
            98.46153846153847,
            100.0,
            90.9090909090909,
            100.0
        ]
    },
    "OSR Accuracy": {
        "TNR": 77.60261748958953,
        "AUROC": 95.10678913433608,
        "DTACC": 87.83139098460757,
        "AUIN": 87.86491897367168,
        "AUOUT": 98.27191433541739,
        "OSCR": 91.9463919484631,
        "AUPR": 98.28713278725554
    }
}