{
    "OA": 91.7147878483555,
    "AA": 86.67135155977472,
    "OOD": 93.27837666455295,
    "NMI": 85.67668790964697,
    "H-score": 89.49671000647562,
    "H3-score": 88.18739900257972,
    "Recall-all": [
        77.90697674418605,
        98.98989898989899,
        96.875,
        68.67469879518072,
        84.84848484848484,
        70.51282051282051,
        80.0,
        95.8904109589041,
        98.52941176470588,
        87.87878787878788,
        93.27837666455295
    ],
    "Closed Set Accuracy": {
        "OA": 97.46682750301568,
        "AA": 97.44510429776784,
        "Recall-all": [
            94.18604651162791,
            100.0,
            98.4375,
            93.97590361445783,
            100.0,
            94.87179487179486,
            95.0,
            100.0,
            100.0,
            97.97979797979798
        ]
    },
    "OSR Accuracy": {
        "TNR": 78.66201648700063,
        "AUROC": 95.88456039891904,
        "DTACC": 90.45694555251033,
        "AUIN": 88.08795322699574,
        "AUOUT": 98.71174089359526,
        "OSCR": 93.4704662086858,
        "AUPR": 98.7278761600592
    }
}