{
    "OA": 89.22589406971481,
    "AA": 82.27802881450913,
    "OOD": 92.10213776722091,
    "NMI": 69.55331038381244,
    "H-score": 86.36163704666912,
    "H3-score": 79.92480186396946,
    "Recall-all": [
        93.24324324324324,
        82.92682926829268,
        81.48148148148148,
        90.0,
        88.0,
        54.54545454545454,
        55.00000000000001,
        96.96969696969697,
        80.0,
        90.78947368421053,
        92.10213776722091
    ],
    "Closed Set Accuracy": {
        "OA": 97.14285714285714,
        "AA": 96.87411366320224,
        "Recall-all": [
            97.2972972972973,
            97.5609756097561,
            92.5925925925926,
            100.0,
            98.66666666666667,
            96.96969696969697,
            90.0,
            96.96969696969697,
            100.0,
            98.68421052631578
        ]
    },
    "OSR Accuracy": {
        "TNR": 70.90261282660333,
        "AUROC": 93.61067752516684,
        "DTACC": 87.58669833729216,
        "AUIN": 83.72922404143213,
        "AUOUT": 97.41695689225003,
        "OSCR": 90.92580024884072,
        "AUPR": 97.44844781732863
    }
}