{
    "OA": 88.03784636179319,
    "AA": 83.08165981866497,
    "OOD": 89.70850684116597,
    "NMI": 89.52697933170055,
    "H-score": 86.02873395801961,
    "H3-score": 87.16538174486797,
    "Recall-all": [
        16.455696202531644,
        100.0,
        96.7741935483871,
        97.67441860465115,
        100.0,
        85.48387096774194,
        89.36170212765957,
        100.0,
        87.65432098765432,
        57.14285714285714,
        90.9090909090909,
        44.61538461538462,
        88.54166666666666,
        94.31818181818183,
        90.66666666666666,
        89.70850684116597
    ],
    "Closed Set Accuracy": {
        "OA": 96.19312906220983,
        "AA": 96.28714426638749,
        "Recall-all": [
            83.54430379746836,
            100.0,
            98.38709677419355,
            100.0,
            100.0,
            93.54838709677419,
            100.0,
            100.0,
            96.29629629629629,
            87.5,
            91.91919191919192,
            95.38461538461539,
            100.0,
            97.72727272727273,
            100.0
        ]
    },
    "OSR Accuracy": {
        "TNR": 61.71921475312314,
        "AUROC": 93.20592210609927,
        "DTACC": 87.05180020072503,
        "AUIN": 84.050893524369,
        "AUOUT": 97.32504129418922,
        "OSCR": 89.95562949718774,
        "AUPR": 97.34091469708365
    }
}