{
    "OA": 66.55955932981409,
    "AA": 64.55551908440766,
    "OOD": null,
    "NMI": null,
    "H-score": null,
    "H3-score": null,
    "Recall-all": [
        88.37209302325581,
        97.97979797979798,
        87.5,
        73.49397590361446,
        96.96969696969697,
        28.205128205128204,
        43.75,
        94.52054794520548,
        92.64705882352942,
        76.76767676767676,
        93.75,
        1.5384615384615385,
        17.1875,
        25.0,
        38.35616438356164,
        19.35483870967742,
        86.27450980392157,
        6.976744186046512,
        86.41975308641975,
        80.0,
        67.24137931034483,
        90.58823529411765,
        96.0,
        56.14035087719298,
        47.22222222222222,
        83.33333333333334,
        67.3076923076923,
        90.0,
        76.38888888888889,
        98.66666666666667,
        86.74698795180723,
        42.30769230769231,
        83.5820895522388,
        52.17391304347826,
        56.33802816901409,
        30.434782608695656,
        88.33333333333333,
        74.13793103448276,
        50.0,
        67.1875,
        63.33333333333333,
        23.52941176470588,
        72.3076923076923,
        44.06779661016949,
        19.402985074626866,
        92.3076923076923,
        32.075471698113205,
        65.15151515151516,
        84.0,
        85.36585365853658,
        75.32467532467533,
        66.66666666666666,
        37.878787878787875,
        54.54545454545454,
        100.0,
        58.730158730158735,
        83.9506172839506,
        62.96296296296296,
        52.54237288135594,
        98.78048780487805,
        64.70588235294117,
        29.850746268656714,
        71.60493827160494,
        56.60377358490566,
        61.224489795918366
    ],
    "Closed Set Accuracy": {
        "OA": 89.74064723433554,
        "AA": 88.72469088795758,
        "Recall-all": [
            98.83720930232558,
            100.0,
            100.0,
            97.59036144578313,
            100.0,
            64.1025641025641,
            73.75,
            98.63013698630137,
            100.0,
            100.0,
            100.0,
            16.923076923076923,
            40.625,
            88.1578947368421,
            95.8904109589041,
            69.35483870967742,
            94.11764705882352,
            46.51162790697674,
            100.0,
            93.33333333333333,
            94.82758620689656,
            97.6470588235294,
            100.0,
            84.21052631578947,
            69.44444444444444,
            98.33333333333333,
            90.38461538461539,
            98.33333333333333,
            97.22222222222221,
            100.0,
            98.79518072289156,
            89.74358974358975,
            91.04477611940298,
            78.26086956521739,
            67.6056338028169,
            86.95652173913044,
            95.0,
            98.27586206896551,
            94.11764705882352,
            89.0625,
            90.0,
            70.58823529411765,
            90.76923076923077,
            79.66101694915254,
            68.65671641791045,
            100.0,
            77.35849056603774,
            84.84848484848484,
            96.0,
            100.0,
            97.40259740259741,
            88.23529411764706,
            92.42424242424242,
            97.40259740259741,
            100.0,
            95.23809523809523,
            93.82716049382715,
            96.29629629629629,
            96.61016949152543,
            98.78048780487805,
            91.76470588235294,
            92.53731343283582,
            96.29629629629629,
            77.35849056603774,
            97.95918367346938
        ]
    },
    "OSR Accuracy": null
}