{
    "OA": 89.254330906352,
    "AA": 93.93419562075007,
    "OOD": 87.82498414711478,
    "NMI": 85.12541006991601,
    "H-score": 91.06073648375217,
    "H3-score": 88.99373908026152,
    "Recall-all": [
        100.0,
        100.0,
        98.4375,
        97.59036144578313,
        98.98989898989899,
        91.02564102564102,
        71.25,
        98.63013698630137,
        95.58823529411765,
        93.93939393939394,
        87.82498414711478
    ],
    "Closed Set Accuracy": {
        "OA": 98.67310012062727,
        "AA": 98.6308310163732,
        "Recall-all": [
            100.0,
            100.0,
            100.0,
            97.59036144578313,
            100.0,
            98.71794871794873,
            90.0,
            100.0,
            100.0,
            100.0
        ]
    },
    "OSR Accuracy": {
        "TNR": 87.98351299936589,
        "AUROC": 96.8470160242264,
        "DTACC": 91.97480672483597,
        "AUIN": 88.38498711655856,
        "AUOUT": 99.1476024057387,
        "OSCR": 95.52919952300006,
        "AUPR": 99.16359385438673
    }
}