{
    "OA": 84.93597790610093,
    "AA": 84.78453922401829,
    "OOD": 85.09828788839569,
    "NMI": 85.67668790964697,
    "H-score": 84.92487549734228,
    "H3-score": 85.1753446087373,
    "Recall-all": [
        98.83720930232558,
        95.95959595959596,
        98.4375,
        75.90361445783132,
        70.70707070707071,
        42.30769230769231,
        81.25,
        97.26027397260275,
        100.0,
        86.86868686868688,
        85.09828788839569
    ],
    "Closed Set Accuracy": {
        "OA": 96.62243667068758,
        "AA": 96.77628462568222,
        "Recall-all": [
            100.0,
            100.0,
            100.0,
            91.56626506024097,
            92.92929292929293,
            92.3076923076923,
            95.0,
            100.0,
            100.0,
            95.95959595959596
        ]
    },
    "OSR Accuracy": {
        "TNR": 52.25110970196576,
        "AUROC": 92.45077573961645,
        "DTACC": 85.76141273875899,
        "AUIN": 85.38456140202793,
        "AUOUT": 97.27760069393287,
        "OSCR": 89.09290899870125,
        "AUPR": 97.2942176931201
    }
}