{
    "OA": 76.38029782359679,
    "AA": 65.0705224456364,
    "OOD": 80.33240997229917,
    "NMI": 77.23622512560259,
    "H-score": 71.2745013208244,
    "H3-score": 73.15813799010198,
    "Recall-all": [
        61.66666666666667,
        80.35714285714286,
        46.875,
        71.42857142857143,
        71.71717171717171,
        48.484848484848484,
        56.16438356164384,
        89.13043478260869,
        88.46153846153845,
        39.39393939393939,
        90.9090909090909,
        35.0,
        65.65656565656566,
        70.3125,
        45.23809523809524,
        80.33240997229917
    ],
    "Closed Set Accuracy": {
        "OA": 80.10752688172043,
        "AA": 79.17696067970999,
        "Recall-all": [
            73.33333333333333,
            89.28571428571429,
            54.6875,
            75.51020408163265,
            92.92929292929293,
            85.85858585858585,
            82.1917808219178,
            89.13043478260869,
            97.43589743589743,
            61.61616161616161,
            93.93939393939394,
            52.5,
            77.77777777777779,
            78.125,
            83.33333333333334
        ]
    },
    "OSR Accuracy": {
        "TNR": 36.19575253924284,
        "AUROC": 83.77363975240245,
        "DTACC": 75.86329292387732,
        "AUIN": 68.11244919134343,
        "AUOUT": 93.02207167710526,
        "OSCR": 67.49560934657593,
        "AUPR": 93.03931677685433
    }
}