{
    "OA": 82.45131729667811,
    "AA": 68.83638412084467,
    "OOD": 88.18097876269621,
    "NMI": 73.44558460183944,
    "H-score": 76.49633177946654,
    "H3-score": 75.45297088130366,
    "Recall-all": [
        76.66666666666667,
        66.07142857142857,
        70.3125,
        36.734693877551024,
        91.91919191919192,
        60.60606060606061,
        54.794520547945204,
        95.65217391304348,
        91.02564102564102,
        60.60606060606061,
        89.8989898989899,
        82.5,
        25.252525252525253,
        46.875,
        64.28571428571429,
        88.18097876269621
    ],
    "Closed Set Accuracy": {
        "OA": 87.54480286738351,
        "AA": 88.19360418699951,
        "Recall-all": [
            95.0,
            92.85714285714286,
            75.0,
            83.6734693877551,
            93.93939393939394,
            89.8989898989899,
            86.3013698630137,
            100.0,
            97.43589743589743,
            77.77777777777779,
            96.96969696969697,
            100.0,
            81.81818181818183,
            59.375,
            92.85714285714286
        ]
    },
    "OSR Accuracy": {
        "TNR": 29.485995690981838,
        "AUROC": 85.75020601872536,
        "DTACC": 78.83318936844091,
        "AUIN": 75.90146782259815,
        "AUOUT": 92.86604428462567,
        "OSCR": 74.77997089813144,
        "AUPR": 92.88434492418864
    }
}