{
    "OA": 43.96374124433457,
    "AA": 42.557445356826165,
    "OOD": null,
    "NMI": null,
    "H-score": null,
    "H3-score": null,
    "Recall-all": [
        60.810810810810814,
        53.65853658536586,
        62.96296296296296,
        32.5,
        44.0,
        4.040404040404041,
        25.0,
        96.96969696969697,
        70.0,
        86.8421052631579,
        26.08695652173913,
        36.0,
        2.272727272727273,
        7.5,
        47.5,
        26.08695652173913,
        26.666666666666668,
        22.22222222222222,
        90.47619047619048,
        24.444444444444443,
        54.54545454545454,
        93.47826086956522,
        94.44444444444444,
        20.0,
        50.0,
        47.5,
        20.0,
        7.59493670886076,
        34.78260869565217,
        55.55555555555556,
        83.33333333333334,
        10.204081632653061,
        3.9215686274509802,
        10.0,
        0.0,
        25.0,
        50.0,
        87.75510204081633,
        52.38095238095239,
        25.0,
        10.526315789473683,
        63.1578947368421,
        25.0,
        53.84615384615385,
        0.0,
        22.22222222222222,
        66.66666666666666,
        40.42553191489361,
        44.89795918367347,
        26.666666666666668,
        60.0,
        23.333333333333332,
        21.428571428571427,
        12.195121951219512,
        78.26086956521739,
        82.5,
        35.0,
        80.43478260869566,
        37.5,
        79.54545454545455,
        76.74418604651163,
        35.0,
        38.095238095238095,
        0.0,
        81.25
    ],
    "Closed Set Accuracy": {
        "OA": 77.04985578903997,
        "AA": 75.59425783474346,
        "Recall-all": [
            94.5945945945946,
            85.36585365853658,
            88.88888888888889,
            65.0,
            92.0,
            40.4040404040404,
            55.00000000000001,
            96.96969696969697,
            100.0,
            96.05263157894737,
            84.05797101449275,
            76.0,
            36.36363636363637,
            47.5,
            95.0,
            65.21739130434783,
            40.0,
            33.33333333333333,
            100.0,
            80.0,
            86.36363636363636,
            100.0,
            100.0,
            70.0,
            82.6086956521739,
            92.5,
            57.49999999999999,
            93.67088607594937,
            89.13043478260869,
            94.44444444444444,
            95.83333333333334,
            53.06122448979592,
            7.8431372549019605,
            30.0,
            9.523809523809524,
            62.5,
            94.44444444444444,
            95.91836734693877,
            95.23809523809523,
            90.0,
            78.94736842105263,
            68.42105263157895,
            55.00000000000001,
            92.3076923076923,
            5.263157894736842,
            50.0,
            87.5,
            87.2340425531915,
            83.6734693877551,
            66.66666666666666,
            95.0,
            36.666666666666664,
            59.523809523809526,
            75.60975609756098,
            97.82608695652173,
            92.5,
            85.0,
            93.47826086956522,
            93.75,
            95.45454545454545,
            93.02325581395348,
            95.0,
            80.95238095238095,
            85.0,
            87.5
        ]
    },
    "OSR Accuracy": null
}