{
    "OA": 48.71641791044776,
    "AA": 51.11631663702711,
    "OOD": null,
    "NMI": null,
    "H-score": null,
    "H3-score": null,
    "Recall-all": [
        41.66666666666667,
        73.21428571428571,
        39.0625,
        64.28571428571429,
        59.59595959595959,
        15.151515151515152,
        38.35616438356164,
        93.47826086956522,
        61.53846153846154,
        25.252525252525253,
        74.74747474747475,
        5.0,
        31.313131313131315,
        67.1875,
        35.714285714285715,
        36.58536585365854,
        75.0,
        15.0,
        92.6829268292683,
        34.0,
        90.0,
        95.0,
        9.090909090909092,
        52.52525252525253,
        52.459016393442624
    ],
    "Closed Set Accuracy": {
        "OA": 67.34328358208955,
        "AA": 69.10356476847466,
        "Recall-all": [
            68.33333333333333,
            89.28571428571429,
            48.4375,
            75.51020408163265,
            80.8080808080808,
            48.484848484848484,
            64.38356164383562,
            93.47826086956522,
            75.64102564102564,
            42.42424242424242,
            92.92929292929293,
            42.5,
            35.35353535353536,
            76.5625,
            73.80952380952381,
            63.41463414634146,
            85.41666666666666,
            30.0,
            100.0,
            56.00000000000001,
            97.5,
            97.5,
            49.494949494949495,
            74.74747474747475,
            65.57377049180327
        ]
    },
    "OSR Accuracy": null
}