{
    "OA": 47.474747474747474,
    "AA": 46.34035362470368,
    "OOD": null,
    "NMI": null,
    "H-score": null,
    "H3-score": null,
    "Recall-all": [
        60.810810810810814,
        53.65853658536586,
        62.96296296296296,
        32.5,
        44.0,
        4.040404040404041,
        25.0,
        96.96969696969697,
        70.0,
        86.8421052631579,
        26.08695652173913,
        36.0,
        2.272727272727273,
        7.5,
        47.5,
        26.08695652173913,
        26.666666666666668,
        22.22222222222222,
        90.47619047619048,
        24.444444444444443,
        54.54545454545454,
        93.47826086956522,
        94.44444444444444,
        20.0,
        50.0
    ],
    "Closed Set Accuracy": {
        "OA": 78.23691460055096,
        "AA": 76.42881480505301,
        "Recall-all": [
            94.5945945945946,
            85.36585365853658,
            88.88888888888889,
            65.0,
            92.0,
            40.4040404040404,
            55.00000000000001,
            96.96969696969697,
            100.0,
            96.05263157894737,
            84.05797101449275,
            76.0,
            36.36363636363637,
            47.5,
            95.0,
            65.21739130434783,
            40.0,
            33.33333333333333,
            100.0,
            80.0,
            86.36363636363636,
            100.0,
            100.0,
            70.0,
            82.6086956521739
        ]
    },
    "OSR Accuracy": null
}