{
    "OA": 87.324581258488,
    "AA": 75.52016875799534,
    "OOD": 92.57719714964371,
    "NMI": 79.5752660430883,
    "H-score": 82.13747214384179,
    "H3-score": 81.26659561699093,
    "Recall-all": [
        91.8918918918919,
        60.97560975609756,
        85.18518518518519,
        80.0,
        61.33333333333333,
        41.41414141414141,
        65.0,
        81.81818181818183,
        85.0,
        85.52631578947368,
        92.57719714964371
    ],
    "Closed Set Accuracy": {
        "OA": 91.80952380952381,
        "AA": 92.27375068498304,
        "Recall-all": [
            98.64864864864865,
            87.8048780487805,
            92.5925925925926,
            97.5,
            82.66666666666667,
            90.9090909090909,
            90.0,
            87.87878787878788,
            100.0,
            94.73684210526315
        ]
    },
    "OSR Accuracy": {
        "TNR": 52.07838479809976,
        "AUROC": 91.20156090939939,
        "DTACC": 84.05282207895036,
        "AUIN": 82.27875662373583,
        "AUOUT": 96.43132378503013,
        "OSCR": 83.38411944350158,
        "AUPR": 96.46340192856965
    }
}