{
    "OA": 85.0534692862472,
    "AA": 72.01502583493141,
    "OOD": 88.98122499230533,
    "NMI": 73.44558460183944,
    "H-score": 78.55609688918548,
    "H3-score": 76.77668540610522,
    "Recall-all": [
        76.66666666666667,
        62.5,
        71.875,
        36.734693877551024,
        90.9090909090909,
        61.61616161616161,
        53.42465753424658,
        97.82608695652173,
        91.02564102564102,
        60.60606060606061,
        88.98122499230533
    ],
    "Closed Set Accuracy": {
        "OA": 88.60103626943005,
        "AA": 89.3348422275159,
        "Recall-all": [
            95.0,
            92.85714285714286,
            76.5625,
            82.6530612244898,
            93.93939393939394,
            90.9090909090909,
            84.93150684931507,
            100.0,
            98.71794871794873,
            77.77777777777779
        ]
    },
    "OSR Accuracy": {
        "TNR": 26.500461680517084,
        "AUROC": 86.54057765083557,
        "DTACC": 80.54475111512988,
        "AUIN": 73.81316074132316,
        "AUOUT": 94.83375481510386,
        "OSCR": 76.38555984543684,
        "AUPR": 94.8517818473359
    }
}