{
    "OA": 74.52375487720909,
    "AA": 73.58930126003129,
    "OOD": null,
    "NMI": null,
    "H-score": null,
    "H3-score": null,
    "Recall-all": [
        96.51162790697676,
        93.93939393939394,
        96.875,
        66.26506024096386,
        66.66666666666666,
        23.076923076923077,
        71.25,
        94.52054794520548,
        97.05882352941177,
        81.81818181818183,
        88.54166666666666,
        47.69230769230769,
        25.0,
        50.0,
        79.45205479452055,
        87.09677419354838,
        66.66666666666666,
        65.11627906976744,
        87.65432098765432,
        30.0,
        89.65517241379311,
        88.23529411764706,
        5.333333333333334,
        68.42105263157895,
        86.11111111111111,
        91.66666666666666,
        86.53846153846155,
        66.66666666666666,
        93.05555555555556,
        94.66666666666667,
        92.7710843373494,
        70.51282051282051,
        37.3134328358209,
        52.17391304347826,
        36.61971830985916,
        93.47826086956522,
        93.33333333333333,
        75.86206896551724,
        67.64705882352942,
        65.625,
        36.666666666666664,
        88.23529411764706,
        87.6923076923077,
        89.83050847457628,
        17.91044776119403,
        84.61538461538461,
        92.45283018867924,
        66.66666666666666,
        86.66666666666667,
        85.36585365853658,
        100.0,
        92.15686274509804,
        57.57575757575758,
        80.51948051948052,
        98.86363636363636,
        84.12698412698413,
        92.5925925925926,
        85.18518518518519,
        38.983050847457626,
        100.0,
        95.29411764705881,
        55.223880597014926,
        74.07407407407408,
        33.9622641509434,
        87.75510204081633
    ],
    "Closed Set Accuracy": {
        "OA": 86.68808813403717,
        "AA": 85.81385042628528,
        "Recall-all": [
            98.83720930232558,
            100.0,
            98.4375,
            91.56626506024097,
            83.83838383838383,
            53.84615384615385,
            86.25,
            97.26027397260275,
            100.0,
            91.91919191919192,
            97.91666666666666,
            72.3076923076923,
            34.375,
            84.21052631578947,
            98.63013698630137,
            91.93548387096774,
            68.62745098039215,
            74.4186046511628,
            93.82716049382715,
            48.333333333333336,
            93.10344827586206,
            98.82352941176471,
            89.33333333333333,
            77.19298245614034,
            91.66666666666666,
            93.33333333333333,
            96.15384615384616,
            100.0,
            97.22222222222221,
            94.66666666666667,
            100.0,
            88.46153846153845,
            43.28358208955223,
            65.21739130434783,
            40.845070422535215,
            97.82608695652173,
            98.33333333333333,
            93.10344827586206,
            82.35294117647058,
            79.6875,
            76.66666666666667,
            97.05882352941177,
            92.3076923076923,
            94.91525423728814,
            28.35820895522388,
            92.3076923076923,
            98.11320754716981,
            77.27272727272727,
            94.66666666666667,
            92.6829268292683,
            100.0,
            96.07843137254902,
            77.27272727272727,
            98.7012987012987,
            100.0,
            92.06349206349206,
            95.06172839506173,
            92.5925925925926,
            66.10169491525424,
            100.0,
            98.82352941176471,
            86.56716417910447,
            88.88888888888889,
            60.37735849056604,
            93.87755102040816
        ]
    },
    "OSR Accuracy": null
}