{
    "OA": 74.45490016066101,
    "AA": 73.50114425835247,
    "OOD": null,
    "NMI": null,
    "H-score": null,
    "H3-score": null,
    "Recall-all": [
        95.34883720930233,
        94.94949494949495,
        98.4375,
        62.65060240963856,
        66.66666666666666,
        21.794871794871796,
        68.75,
        94.52054794520548,
        97.05882352941177,
        82.82828282828282,
        89.58333333333334,
        46.15384615384615,
        25.0,
        47.368421052631575,
        83.56164383561644,
        87.09677419354838,
        66.66666666666666,
        67.44186046511628,
        87.65432098765432,
        30.0,
        89.65517241379311,
        92.94117647058823,
        5.333333333333334,
        64.91228070175438,
        86.11111111111111,
        93.33333333333333,
        86.53846153846155,
        65.0,
        94.44444444444444,
        93.33333333333333,
        92.7710843373494,
        74.35897435897436,
        38.80597014925373,
        56.52173913043478,
        38.028169014084504,
        95.65217391304348,
        93.33333333333333,
        77.58620689655173,
        69.11764705882352,
        65.625,
        36.666666666666664,
        88.23529411764706,
        87.6923076923077,
        88.13559322033898,
        19.402985074626866,
        84.61538461538461,
        90.56603773584906,
        65.15151515151516,
        86.66666666666667,
        80.48780487804879,
        100.0,
        90.19607843137256,
        54.54545454545454,
        80.51948051948052,
        98.86363636363636,
        85.71428571428571,
        92.5925925925926,
        85.18518518518519,
        35.59322033898305,
        100.0,
        95.29411764705881,
        53.73134328358209,
        72.8395061728395,
        30.18867924528302,
        87.75510204081633
    ],
    "Closed Set Accuracy": {
        "OA": 86.84874913931604,
        "AA": 85.97932173070484,
        "Recall-all": [
            98.83720930232558,
            100.0,
            98.4375,
            89.1566265060241,
            85.85858585858585,
            52.56410256410257,
            85.0,
            97.26027397260275,
            100.0,
            90.9090909090909,
            97.91666666666666,
            72.3076923076923,
            31.25,
            84.21052631578947,
            97.26027397260275,
            91.93548387096774,
            70.58823529411765,
            74.4186046511628,
            93.82716049382715,
            55.00000000000001,
            93.10344827586206,
            100.0,
            88.0,
            75.43859649122807,
            91.66666666666666,
            93.33333333333333,
            96.15384615384616,
            100.0,
            100.0,
            93.33333333333333,
            100.0,
            91.02564102564102,
            44.776119402985074,
            69.56521739130434,
            42.25352112676056,
            97.82608695652173,
            98.33333333333333,
            93.10344827586206,
            83.82352941176471,
            78.125,
            73.33333333333333,
            95.58823529411765,
            92.3076923076923,
            94.91525423728814,
            32.83582089552239,
            92.3076923076923,
            96.22641509433963,
            80.3030303030303,
            94.66666666666667,
            90.2439024390244,
            100.0,
            96.07843137254902,
            81.81818181818183,
            97.40259740259741,
            100.0,
            90.47619047619048,
            95.06172839506173,
            92.5925925925926,
            69.49152542372882,
            100.0,
            98.82352941176471,
            88.05970149253731,
            88.88888888888889,
            54.71698113207547,
            95.91836734693877
        ]
    },
    "OSR Accuracy": null
}