{
    "OA": 79.22955620635278,
    "AA": 93.45306043886906,
    "OOD": 74.360499702558,
    "NMI": 90.76659772279503,
    "H-score": 83.31626365910687,
    "H3-score": 85.6613465630527,
    "Recall-all": [
        100.0,
        98.98989898989899,
        93.54838709677419,
        100.0,
        100.0,
        83.87096774193549,
        97.87234042553192,
        100.0,
        91.35802469135803,
        92.85714285714286,
        83.83838383838383,
        90.76923076923077,
        96.875,
        90.9090909090909,
        100.0,
        74.360499702558
    ],
    "Closed Set Accuracy": {
        "OA": 97.21448467966573,
        "AA": 97.5036980144507,
        "Recall-all": [
            100.0,
            100.0,
            100.0,
            100.0,
            100.0,
            95.16129032258065,
            100.0,
            100.0,
            92.5925925925926,
            92.85714285714286,
            89.8989898989899,
            100.0,
            100.0,
            92.04545454545455,
            100.0
        ]
    },
    "OSR Accuracy": {
        "TNR": 79.80368828078525,
        "AUROC": 96.18006591778669,
        "DTACC": 88.94236584868736,
        "AUIN": 91.761804132327,
        "AUOUT": 98.55024948374373,
        "OSCR": 93.39664953820481,
        "AUPR": 98.56543870187333
    }
}