{
    "OA": 60.81582200247219,
    "AA": 58.40012716682753,
    "OOD": null,
    "NMI": null,
    "H-score": null,
    "H3-score": null,
    "Recall-all": [
        86.48648648648648,
        60.97560975609756,
        66.66666666666666,
        72.5,
        73.33333333333333,
        15.151515151515152,
        47.5,
        90.9090909090909,
        75.0,
        88.1578947368421,
        26.08695652173913,
        12.0,
        9.090909090909092,
        57.49999999999999,
        55.00000000000001,
        30.434782608695656,
        33.33333333333333,
        33.33333333333333,
        80.95238095238095,
        75.55555555555556,
        63.63636363636363,
        97.82608695652173,
        85.55555555555556,
        65.0,
        69.56521739130434,
        77.5,
        30.0,
        87.34177215189874,
        71.73913043478261,
        72.22222222222221,
        87.5,
        40.816326530612244,
        49.01960784313725,
        35.0,
        14.285714285714285,
        37.5,
        72.22222222222221,
        91.83673469387756,
        90.47619047619048,
        55.00000000000001,
        26.31578947368421,
        63.1578947368421,
        15.0,
        50.0,
        47.368421052631575,
        44.44444444444444,
        70.83333333333334,
        63.829787234042556,
        63.26530612244898,
        46.666666666666664,
        60.0,
        26.666666666666668,
        50.0,
        31.70731707317073,
        86.95652173913044,
        75.0,
        55.00000000000001,
        60.86956521739131,
        56.25,
        75.0,
        86.04651162790698,
        50.0,
        47.61904761904761,
        72.5,
        87.5
    ],
    "Closed Set Accuracy": {
        "OA": 85.57890399670374,
        "AA": 84.21718771648673,
        "Recall-all": [
            95.94594594594594,
            82.92682926829268,
            92.5925925925926,
            95.0,
            98.66666666666667,
            63.63636363636363,
            85.0,
            96.96969696969697,
            95.0,
            96.05263157894737,
            62.31884057971014,
            56.00000000000001,
            61.36363636363637,
            95.0,
            92.5,
            47.82608695652174,
            66.66666666666666,
            50.0,
            90.47619047619048,
            84.44444444444444,
            95.45454545454545,
            100.0,
            93.33333333333333,
            95.0,
            95.65217391304348,
            100.0,
            67.5,
            98.73417721518987,
            97.82608695652173,
            94.44444444444444,
            95.83333333333334,
            81.63265306122449,
            68.62745098039215,
            35.0,
            40.476190476190474,
            81.25,
            94.44444444444444,
            100.0,
            95.23809523809523,
            90.0,
            84.21052631578947,
            78.94736842105263,
            70.0,
            80.76923076923077,
            78.94736842105263,
            66.66666666666666,
            91.66666666666666,
            87.2340425531915,
            89.79591836734694,
            86.66666666666667,
            90.0,
            66.66666666666666,
            80.95238095238095,
            92.6829268292683,
            97.82608695652173,
            90.0,
            85.0,
            93.47826086956522,
            87.5,
            93.18181818181817,
            97.67441860465115,
            95.0,
            66.66666666666666,
            100.0,
            93.75
        ]
    },
    "OSR Accuracy": null
}