{
    "OA": 81.93286776300968,
    "AA": 95.54903715768438,
    "OOD": 77.1861986912552,
    "NMI": 89.52697933170055,
    "H-score": 85.87651446128176,
    "H3-score": 87.06115032843388,
    "Recall-all": [
        100.0,
        100.0,
        98.38709677419355,
        100.0,
        100.0,
        88.70967741935483,
        97.87234042553192,
        98.76543209876543,
        92.5925925925926,
        94.64285714285714,
        94.94949494949495,
        92.3076923076923,
        97.91666666666666,
        95.45454545454545,
        100.0,
        77.1861986912552
    ],
    "Closed Set Accuracy": {
        "OA": 98.70009285051069,
        "AA": 98.84138685885999,
        "Recall-all": [
            100.0,
            100.0,
            98.38709677419355,
            100.0,
            100.0,
            100.0,
            100.0,
            100.0,
            96.29629629629629,
            96.42857142857143,
            95.95959595959596,
            100.0,
            98.95833333333334,
            96.5909090909091,
            100.0
        ]
    },
    "OSR Accuracy": {
        "TNR": 82.71861986912552,
        "AUROC": 95.55275880906102,
        "DTACC": 89.67633228883413,
        "AUIN": 87.14561863900995,
        "AUOUT": 98.3567429408691,
        "OSCR": 94.26423012786468,
        "AUPR": 98.37962798061555
    }
}