{
    "OA": 85.87519711646767,
    "AA": 86.40996922451687,
    "OOD": null,
    "NMI": null,
    "H-score": null,
    "H3-score": null,
    "Recall-all": [
        94.9367088607595,
        100.0,
        91.93548387096774,
        100.0,
        100.0,
        61.29032258064516,
        87.2340425531915,
        97.53086419753086,
        81.48148148148148,
        94.64285714285714,
        92.92929292929293,
        47.69230769230769,
        34.375,
        93.18181818181817,
        100.0,
        95.18072289156626,
        100.0,
        63.41463414634146,
        77.61194029850746,
        72.41379310344827,
        88.73239436619718,
        92.92929292929293,
        21.978021978021978,
        74.44444444444444,
        92.6829268292683,
        100.0,
        98.24561403508771,
        96.66666666666667,
        100.0,
        94.94949494949495,
        100.0,
        92.5925925925926,
        74.74747474747475,
        87.5,
        48.97959183673469,
        94.44444444444444,
        98.95833333333334,
        85.36585365853658,
        92.47311827956989,
        100.0,
        88.57142857142857,
        100.0,
        63.33333333333333,
        77.5,
        81.57894736842105,
        98.98989898989899,
        90.69767441860465,
        83.72093023255815,
        100.0,
        100.0,
        97.97979797979798,
        95.0,
        87.75510204081633,
        97.82608695652173,
        100.0,
        95.34883720930233,
        92.92929292929293,
        82.97872340425532,
        91.66666666666666,
        98.27586206896551,
        100.0,
        66.66666666666666,
        91.39784946236558,
        21.052631578947366,
        91.83673469387756
    ],
    "Closed Set Accuracy": {
        "OA": 92.34061725613877,
        "AA": 92.30106188753166,
        "Recall-all": [
            97.46835443037975,
            100.0,
            91.93548387096774,
            100.0,
            100.0,
            95.16129032258065,
            95.74468085106383,
            98.76543209876543,
            90.12345679012346,
            96.42857142857143,
            92.92929292929293,
            55.38461538461539,
            70.83333333333334,
            95.45454545454545,
            100.0,
            96.3855421686747,
            100.0,
            65.85365853658537,
            95.52238805970148,
            82.75862068965517,
            92.95774647887323,
            92.92929292929293,
            98.9010989010989,
            75.55555555555556,
            92.6829268292683,
            100.0,
            98.24561403508771,
            97.77777777777777,
            100.0,
            95.95959595959596,
            100.0,
            96.29629629629629,
            83.83838383838383,
            94.64285714285714,
            74.48979591836735,
            100.0,
            98.95833333333334,
            92.6829268292683,
            95.6989247311828,
            100.0,
            98.57142857142858,
            100.0,
            66.66666666666666,
            95.0,
            84.21052631578947,
            100.0,
            93.02325581395348,
            88.37209302325581,
            100.0,
            100.0,
            100.0,
            95.0,
            89.79591836734694,
            97.82608695652173,
            100.0,
            95.34883720930233,
            98.98989898989899,
            85.1063829787234,
            95.0,
            98.27586206896551,
            100.0,
            86.66666666666667,
            98.9247311827957,
            35.526315789473685,
            94.89795918367348
        ]
    },
    "OSR Accuracy": null
}