{
    "OA": 59.67926689576174,
    "AA": 59.77209022284431,
    "OOD": null,
    "NMI": null,
    "H-score": null,
    "H3-score": null,
    "Recall-all": [
        58.333333333333336,
        91.07142857142857,
        39.0625,
        74.48979591836735,
        80.8080808080808,
        34.34343434343434,
        58.9041095890411,
        80.43478260869566,
        51.28205128205128,
        52.52525252525253,
        86.86868686868688,
        2.5,
        53.535353535353536,
        79.6875,
        71.42857142857143,
        36.58536585365854,
        89.58333333333334,
        17.5,
        58.536585365853654,
        80.0,
        90.0,
        95.0,
        4.040404040404041,
        95.95959595959596,
        54.09836065573771,
        75.0,
        77.77777777777779,
        79.71014492753623,
        100.0,
        58.58585858585859,
        75.47169811320755,
        52.5,
        12.121212121212121,
        46.478873239436616,
        77.77777777777779,
        30.0,
        72.36842105263158,
        85.85858585858585,
        50.602409638554214,
        57.49999999999999,
        64.70588235294117,
        80.0,
        37.37373737373738,
        67.67676767676768,
        29.268292682926827,
        71.26436781609196,
        90.0,
        50.0,
        52.5,
        85.07462686567165,
        94.94949494949495,
        60.0,
        45.23809523809524,
        35.714285714285715,
        93.02325581395348,
        4.918032786885246,
        72.22222222222221,
        35.0,
        65.0,
        50.505050505050505,
        71.7948717948718,
        4.040404040404041,
        41.509433962264154,
        57.57575757575758,
        37.5
    ],
    "Closed Set Accuracy": {
        "OA": 71.8213058419244,
        "AA": 72.13035414290385,
        "Recall-all": [
            73.33333333333333,
            92.85714285714286,
            45.3125,
            78.57142857142857,
            88.88888888888889,
            73.73737373737373,
            78.08219178082192,
            91.30434782608695,
            64.1025641025641,
            70.70707070707071,
            90.9090909090909,
            5.0,
            58.58585858585859,
            84.375,
            90.47619047619048,
            60.97560975609756,
            95.83333333333334,
            50.0,
            90.2439024390244,
            90.0,
            90.0,
            97.5,
            38.38383838383838,
            97.97979797979798,
            68.85245901639344,
            88.46153846153845,
            90.9090909090909,
            91.30434782608695,
            100.0,
            67.67676767676768,
            77.35849056603774,
            57.49999999999999,
            12.121212121212121,
            84.50704225352112,
            80.8080808080808,
            65.0,
            77.63157894736842,
            95.95959595959596,
            59.036144578313255,
            70.0,
            88.23529411764706,
            82.5,
            46.464646464646464,
            75.75757575757575,
            34.146341463414636,
            73.5632183908046,
            95.0,
            60.86956521739131,
            67.5,
            89.55223880597015,
            95.95959595959596,
            64.0,
            61.904761904761905,
            73.80952380952381,
            100.0,
            34.42622950819672,
            84.44444444444444,
            38.333333333333336,
            78.75,
            58.58585858585859,
            76.92307692307693,
            52.52525252525253,
            52.83018867924528,
            60.60606060606061,
            57.49999999999999
        ]
    },
    "OSR Accuracy": null
}