{
    "OA": 85.74003153863484,
    "AA": 85.7586238551393,
    "OOD": null,
    "NMI": null,
    "H-score": null,
    "H3-score": null,
    "Recall-all": [
        93.67088607594937,
        98.98989898989899,
        91.93548387096774,
        100.0,
        97.72727272727273,
        33.87096774193548,
        87.2340425531915,
        100.0,
        80.24691358024691,
        85.71428571428571,
        75.75757575757575,
        46.15384615384615,
        14.583333333333334,
        89.77272727272727,
        97.33333333333334,
        91.56626506024097,
        97.01492537313433,
        65.85365853658537,
        79.1044776119403,
        93.10344827586206,
        87.32394366197182,
        87.87878787878788,
        53.84615384615385,
        34.44444444444444,
        75.60975609756098,
        95.52238805970148,
        80.7017543859649,
        93.33333333333333,
        98.61111111111111,
        97.97979797979798,
        95.1219512195122,
        83.33333333333334,
        88.88888888888889,
        87.5,
        97.95918367346938,
        94.44444444444444,
        98.95833333333334,
        92.6829268292683,
        88.17204301075269,
        100.0,
        91.42857142857143,
        97.87234042553192,
        68.33333333333333,
        72.5,
        92.10526315789474,
        100.0,
        83.72093023255815,
        81.3953488372093,
        98.30508474576271,
        91.37931034482759,
        94.94949494949495,
        87.5,
        79.59183673469387,
        89.13043478260869,
        92.92929292929293,
        95.34883720930233,
        98.98989898989899,
        89.36170212765957,
        75.0,
        91.37931034482759,
        100.0,
        73.33333333333333,
        91.39784946236558,
        89.47368421052632,
        96.93877551020408
    ],
    "Closed Set Accuracy": {
        "OA": 93.8950214012165,
        "AA": 93.99675651640445,
        "Recall-all": [
            98.73417721518987,
            100.0,
            91.93548387096774,
            100.0,
            100.0,
            87.09677419354838,
            95.74468085106383,
            100.0,
            87.65432098765432,
            92.85714285714286,
            87.87878787878788,
            73.84615384615385,
            50.0,
            93.18181818181817,
            100.0,
            95.18072289156626,
            100.0,
            82.92682926829268,
            98.50746268656717,
            96.55172413793103,
            95.77464788732394,
            95.95959595959596,
            94.5054945054945,
            60.0,
            95.1219512195122,
            100.0,
            94.73684210526315,
            96.66666666666667,
            98.61111111111111,
            98.98989898989899,
            100.0,
            92.5925925925926,
            97.97979797979798,
            94.64285714285714,
            98.9795918367347,
            100.0,
            98.95833333333334,
            100.0,
            98.9247311827957,
            100.0,
            94.28571428571428,
            100.0,
            71.66666666666667,
            87.5,
            100.0,
            100.0,
            95.34883720930233,
            86.04651162790698,
            100.0,
            100.0,
            97.97979797979798,
            90.0,
            89.79591836734694,
            95.65217391304348,
            98.98989898989899,
            95.34883720930233,
            100.0,
            93.61702127659575,
            96.66666666666667,
            96.55172413793103,
            100.0,
            91.11111111111111,
            94.6236559139785,
            92.10526315789474,
            97.95918367346938
        ]
    },
    "OSR Accuracy": null
}