{
    "OA": 76.9747899159664,
    "AA": 78.20678867764823,
    "OOD": null,
    "NMI": null,
    "H-score": null,
    "H3-score": null,
    "Recall-all": [
        93.67088607594937,
        98.98989898989899,
        91.93548387096774,
        100.0,
        97.72727272727273,
        33.87096774193548,
        87.2340425531915,
        100.0,
        80.24691358024691,
        83.92857142857143,
        75.75757575757575,
        44.61538461538462,
        14.583333333333334,
        89.77272727272727,
        97.33333333333334,
        91.56626506024097,
        97.01492537313433,
        65.85365853658537,
        80.59701492537313,
        93.10344827586206,
        88.73239436619718,
        85.85858585858585,
        54.94505494505495,
        32.22222222222222,
        75.60975609756098
    ],
    "Closed Set Accuracy": {
        "OA": 89.91596638655463,
        "AA": 90.7770356982206,
        "Recall-all": [
            98.73417721518987,
            100.0,
            91.93548387096774,
            100.0,
            100.0,
            87.09677419354838,
            95.74468085106383,
            100.0,
            87.65432098765432,
            92.85714285714286,
            87.87878787878788,
            75.38461538461539,
            50.0,
            93.18181818181817,
            100.0,
            95.18072289156626,
            100.0,
            80.48780487804879,
            98.50746268656717,
            96.55172413793103,
            95.77464788732394,
            93.93939393939394,
            94.5054945054945,
            58.88888888888889,
            95.1219512195122
        ]
    },
    "OSR Accuracy": null
}