{
    "OA": 80.85053469286248,
    "AA": 82.44490780406794,
    "OOD": 80.85564789165898,
    "NMI": 73.44558460183944,
    "H-score": 81.71989255048312,
    "H3-score": 78.76344964519038,
    "Recall-all": [
        93.33333333333333,
        82.14285714285714,
        73.4375,
        82.6530612244898,
        92.92929292929293,
        48.484848484848484,
        93.15068493150685,
        100.0,
        87.17948717948718,
        72.72727272727273,
        80.85564789165898
    ],
    "Closed Set Accuracy": {
        "OA": 90.41450777202073,
        "AA": 91.27178669748388,
        "Recall-all": [
            95.0,
            94.64285714285714,
            82.8125,
            91.83673469387756,
            93.93939393939394,
            85.85858585858585,
            97.26027397260275,
            100.0,
            93.58974358974359,
            77.77777777777779
        ]
    },
    "OSR Accuracy": {
        "TNR": 28.316405047706983,
        "AUROC": 85.11766075492339,
        "DTACC": 81.20591509224839,
        "AUIN": 56.295349946965075,
        "AUOUT": 94.82519947540327,
        "OSCR": 76.62238042155637,
        "AUPR": 94.84409258126811
    }
}