{
    "OA": 54.44776119402985,
    "AA": 53.23125659293846,
    "OOD": null,
    "NMI": null,
    "H-score": null,
    "H3-score": null,
    "Recall-all": [
        78.33333333333333,
        33.92857142857143,
        59.375,
        67.3469387755102,
        87.87878787878788,
        25.252525252525253,
        45.20547945205479,
        86.95652173913044,
        79.48717948717949,
        66.66666666666666,
        40.4040404040404,
        5.0,
        58.58585858585859,
        57.8125,
        52.38095238095239,
        7.317073170731707,
        39.58333333333333,
        0.0,
        75.60975609756098,
        56.00000000000001,
        65.0,
        95.0,
        13.131313131313133,
        78.78787878787878,
        55.73770491803278
    ],
    "Closed Set Accuracy": {
        "OA": 81.85074626865672,
        "AA": 79.17337296142829,
        "Recall-all": [
            95.0,
            92.85714285714286,
            78.125,
            91.83673469387756,
            91.91919191919192,
            75.75757575757575,
            79.45205479452055,
            100.0,
            91.02564102564102,
            73.73737373737373,
            87.87878787878788,
            20.0,
            79.7979797979798,
            79.6875,
            92.85714285714286,
            24.390243902439025,
            75.0,
            40.0,
            92.6829268292683,
            80.0,
            70.0,
            100.0,
            93.93939393939394,
            97.97979797979798,
            75.40983606557377
        ]
    },
    "OSR Accuracy": null
}