{
    "OA": 85.87519711646767,
    "AA": 86.35227225259214,
    "OOD": null,
    "NMI": null,
    "H-score": null,
    "H3-score": null,
    "Recall-all": [
        93.67088607594937,
        100.0,
        91.93548387096774,
        100.0,
        100.0,
        61.29032258064516,
        87.2340425531915,
        97.53086419753086,
        81.48148148148148,
        94.64285714285714,
        92.92929292929293,
        47.69230769230769,
        32.29166666666667,
        93.18181818181817,
        100.0,
        95.18072289156626,
        100.0,
        63.41463414634146,
        73.13432835820896,
        72.41379310344827,
        90.14084507042254,
        92.92929292929293,
        27.472527472527474,
        73.33333333333333,
        90.2439024390244,
        100.0,
        98.24561403508771,
        96.66666666666667,
        100.0,
        94.94949494949495,
        100.0,
        92.5925925925926,
        74.74747474747475,
        89.28571428571429,
        52.04081632653062,
        94.44444444444444,
        98.95833333333334,
        82.92682926829268,
        93.54838709677419,
        100.0,
        88.57142857142857,
        100.0,
        63.33333333333333,
        80.0,
        81.57894736842105,
        98.98989898989899,
        90.69767441860465,
        83.72093023255815,
        100.0,
        100.0,
        97.97979797979798,
        95.0,
        87.75510204081633,
        97.82608695652173,
        100.0,
        95.34883720930233,
        92.92929292929293,
        82.97872340425532,
        90.0,
        98.27586206896551,
        100.0,
        64.44444444444444,
        90.32258064516128,
        19.736842105263158,
        92.85714285714286
    ],
    "Closed Set Accuracy": {
        "OA": 92.27303446722235,
        "AA": 92.21269307316771,
        "Recall-all": [
            96.20253164556962,
            100.0,
            91.93548387096774,
            100.0,
            100.0,
            95.16129032258065,
            95.74468085106383,
            98.76543209876543,
            91.35802469135803,
            96.42857142857143,
            92.92929292929293,
            55.38461538461539,
            66.66666666666666,
            96.5909090909091,
            100.0,
            96.3855421686747,
            100.0,
            65.85365853658537,
            95.52238805970148,
            79.3103448275862,
            92.95774647887323,
            92.92929292929293,
            100.0,
            75.55555555555556,
            90.2439024390244,
            100.0,
            98.24561403508771,
            97.77777777777777,
            100.0,
            95.95959595959596,
            100.0,
            96.29629629629629,
            83.83838383838383,
            94.64285714285714,
            76.53061224489795,
            100.0,
            98.95833333333334,
            92.6829268292683,
            96.7741935483871,
            100.0,
            98.57142857142858,
            100.0,
            66.66666666666666,
            95.0,
            84.21052631578947,
            100.0,
            93.02325581395348,
            88.37209302325581,
            100.0,
            100.0,
            100.0,
            95.0,
            89.79591836734694,
            97.82608695652173,
            100.0,
            95.34883720930233,
            97.97979797979798,
            85.1063829787234,
            95.0,
            98.27586206896551,
            100.0,
            86.66666666666667,
            98.9247311827957,
            35.526315789473685,
            94.89795918367348
        ]
    },
    "OSR Accuracy": null
}