{
    "OA": 59.93127147766323,
    "AA": 60.08819714547107,
    "OOD": null,
    "NMI": null,
    "H-score": null,
    "H3-score": null,
    "Recall-all": [
        60.0,
        91.07142857142857,
        39.0625,
        72.44897959183673,
        81.81818181818183,
        34.34343434343434,
        58.9041095890411,
        82.6086956521739,
        51.28205128205128,
        54.54545454545454,
        86.86868686868688,
        2.5,
        55.55555555555556,
        81.25,
        80.95238095238095,
        36.58536585365854,
        91.66666666666666,
        17.5,
        60.97560975609756,
        82.0,
        90.0,
        95.0,
        4.040404040404041,
        93.93939393939394,
        54.09836065573771,
        75.0,
        77.77777777777779,
        79.71014492753623,
        100.0,
        59.59595959595959,
        75.47169811320755,
        52.5,
        15.151515151515152,
        46.478873239436616,
        77.77777777777779,
        27.500000000000004,
        72.36842105263158,
        84.84848484848484,
        50.602409638554214,
        57.49999999999999,
        64.70588235294117,
        77.5,
        40.4040404040404,
        66.66666666666666,
        31.70731707317073,
        71.26436781609196,
        90.0,
        50.0,
        52.5,
        85.07462686567165,
        94.94949494949495,
        60.0,
        45.23809523809524,
        35.714285714285715,
        93.02325581395348,
        4.918032786885246,
        71.11111111111111,
        35.0,
        63.74999999999999,
        50.505050505050505,
        71.7948717948718,
        2.0202020202020203,
        41.509433962264154,
        57.57575757575758,
        37.5
    ],
    "Closed Set Accuracy": {
        "OA": 72.11912943871707,
        "AA": 72.32874584797464,
        "Recall-all": [
            75.0,
            92.85714285714286,
            45.3125,
            77.55102040816327,
            88.88888888888889,
            73.73737373737373,
            76.71232876712328,
            91.30434782608695,
            61.53846153846154,
            71.71717171717171,
            90.9090909090909,
            5.0,
            60.60606060606061,
            84.375,
            90.47619047619048,
            58.536585365853654,
            95.83333333333334,
            45.0,
            92.6829268292683,
            90.0,
            90.0,
            97.5,
            38.38383838383838,
            97.97979797979798,
            67.21311475409836,
            86.53846153846155,
            90.9090909090909,
            91.30434782608695,
            100.0,
            67.67676767676768,
            77.35849056603774,
            62.5,
            17.17171717171717,
            84.50704225352112,
            80.8080808080808,
            62.5,
            77.63157894736842,
            95.95959595959596,
            57.831325301204814,
            67.5,
            86.27450980392157,
            82.5,
            48.484848484848484,
            75.75757575757575,
            36.58536585365854,
            74.71264367816092,
            95.0,
            60.86956521739131,
            70.0,
            89.55223880597015,
            95.95959595959596,
            66.66666666666666,
            61.904761904761905,
            73.80952380952381,
            100.0,
            37.704918032786885,
            84.44444444444444,
            40.0,
            76.25,
            58.58585858585859,
            74.35897435897436,
            58.58585858585859,
            50.943396226415096,
            60.60606060606061,
            62.5
        ]
    },
    "OSR Accuracy": null
}