{
    "OA": 63.95970246262729,
    "AA": 72.63779660461428,
    "OOD": null,
    "NMI": null,
    "H-score": null,
    "H3-score": null,
    "Recall-all": [
        98.65606143719144,
        86.35971223021582,
        68.59275053304904,
        11.729641380636476,
        97.16478362822426,
        91.46987951807229,
        93.13319530710835,
        32.025,
        78.52275225324247,
        91.8456817185445,
        90.55712936732768,
        31.596971881759195
    ],
    "Closed Set Accuracy": {
        "OA": 85.56365999855564,
        "AA": 88.39349318320829,
        "Recall-all": [
            99.31431705979156,
            90.96402877697841,
            89.317697228145,
            74.28131910393232,
            98.72095502025154,
            98.3132530120482,
            96.60110420979986,
            82.35,
            87.35985930973841,
            94.60762823323104,
            96.15203021718602,
            52.73972602739726
        ]
    },
    "OSR Accuracy": null
}