{
    "OA": 68.71086421557878,
    "AA": 74.38360968016117,
    "OOD": 86.48155822627434,
    "NMI": 81.30405794083633,
    "H-score": 78.79687433924559,
    "H3-score": 79.61658599634983,
    "Recall-all": [
        98.90290729566648,
        82.70503597122301,
        55.437100213219615,
        25.180271127776177,
        95.54465998720954,
        76.43373493975903,
        86.48155822627434
    ],
    "Closed Set Accuracy": {
        "OA": 79.07032921526675,
        "AA": 86.32833359745715,
        "Recall-all": [
            99.34174437739989,
            88.86330935251799,
            87.39872068230278,
            54.04288049226036,
            98.44382860797272,
            89.87951807228916
        ]
    },
    "OSR Accuracy": {
        "TNR": 52.01823456278491,
        "AUROC": 86.39564512936161,
        "DTACC": 78.73323810220349,
        "AUIN": 92.0532805710035,
        "AUOUT": 73.16222595078168,
        "OSCR": 70.6123272790485,
        "AUPR": 73.16887299013541
    }
}