{
    "OA": 33.834043475120964,
    "AA": 39.588794532890944,
    "OOD": null,
    "NMI": null,
    "H-score": null,
    "H3-score": null,
    "Recall-all": [
        69.41854086670324,
        72.28776978417267,
        23.837953091684437,
        10.258628977982887,
        41.44105734384993,
        53.68674698795181,
        31.38371290545204,
        0.25,
        54.121785007694,
        60.455940377027616,
        32.743153918791315,
        25.1802451333814
    ],
    "Closed Set Accuracy": {
        "OA": 62.497291832165814,
        "AA": 70.7622646984965,
        "Recall-all": [
            96.32473944048272,
            86.21582733812949,
            77.65458422174841,
            23.632343043938082,
            73.0547857599659,
            97.59036144578313,
            67.89164941338855,
            31.1,
            82.61156298087492,
            96.44892590968873,
            80.12275731822473,
            36.49963950973324
        ]
    },
    "OSR Accuracy": null
}