{
    "OA": 63.07322885823644,
    "AA": 71.87852972017849,
    "OOD": null,
    "NMI": null,
    "H-score": null,
    "H3-score": null,
    "Recall-all": [
        98.68348875479978,
        85.2661870503597,
        77.93176972281451,
        11.614267858859725,
        97.44191004050309,
        89.78313253012048,
        92.33954451345755,
        39.574999999999996,
        72.63134754891185,
        93.16089434458571,
        81.04343720491029,
        23.071377072819033
    ],
    "Closed Set Accuracy": {
        "OA": 84.69885173683831,
        "AA": 87.59003651261165,
        "Recall-all": [
            99.47888096544159,
            91.07913669064747,
            90.02132196162047,
            75.50235554273628,
            98.78490726923897,
            98.0722891566265,
            96.70462387853692,
            83.475,
            82.19388876676193,
            95.659798334064,
            96.12842304060433,
            43.97981254506128
        ]
    },
    "OSR Accuracy": null
}