{
    "OA": 62.13439734238463,
    "AA": 70.35627249479506,
    "OOD": null,
    "NMI": null,
    "H-score": null,
    "H3-score": null,
    "Recall-all": [
        98.54635216675808,
        84.14388489208633,
        77.27078891257996,
        11.768099221228729,
        97.50586228949052,
        78.21686746987952,
        89.83781918564527,
        31.175000000000004,
        76.14860408881073,
        92.19640508548882,
        86.14258734655336,
        21.322999279019466
    ],
    "Closed Set Accuracy": {
        "OA": 84.10305481331697,
        "AA": 87.56763832179544,
        "Recall-all": [
            99.45145364783325,
            91.0503597122302,
            90.93816631130063,
            68.77223343909239,
            98.87017693455553,
            97.6867469879518,
            96.37681159420289,
            81.0,
            88.12925917784128,
            95.13371328364752,
            95.34938621340888,
            48.05335255948089
        ]
    },
    "OSR Accuracy": null
}