{
    "OA": 70.47415280557664,
    "AA": 77.56727344176481,
    "OOD": null,
    "NMI": null,
    "H-score": null,
    "H3-score": null,
    "UCR": 88.28076471806197,
    "Recall-all": [
        96.10532089961602,
        83.19424460431655,
        87.93176972281451,
        39.284684164984135,
        96.33340439138777,
        62.55421686746988
    ],
    "Closed Set Accuracy": {
        "OA": 88.28076471806197,
        "AA": 92.27437093359208,
        "Recall-all": [
            99.17718047174986,
            92.60431654676259,
            93.62473347547974,
            74.47360830689357,
            99.01939884885952,
            94.74698795180723
        ]
    },
    "OSR Accuracy": null
}