{
    "OA": 80.6871524517946,
    "AA": 77.31765506031012,
    "OOD": 95.8008330177963,
    "NMI": 76.65165502574989,
    "H-score": 83.65116465523606,
    "H3-score": 81.18147429775216,
    "UCR": 86.36622478936523,
    "Recall-all": [
        92.1832144816237,
        81.64028776978417,
        87.95309168443497,
        33.64099605807134,
        93.86058409720742,
        56.144578313253014,
        95.8008330177963
    ],
    "Closed Set Accuracy": {
        "OA": 93.81599834357098,
        "AA": 96.22387614076975,
        "Recall-all": [
            99.50630828304992,
            97.55395683453237,
            97.20682302771854,
            85.71291221997885,
            99.33916009379664,
            98.02409638554217
        ]
    },
    "OSR Accuracy": {
        "TNR": 49.4471790988262,
        "AUROC": 91.34321826460211,
        "DTACC": 84.67026219919698,
        "AUIN": 93.10928360543245,
        "AUOUT": 88.0377762267749,
        "OSCR": 86.36622478936523,
        "AUPR": 88.0407504609749
    }
}