{
    "OA": 66.43316241785224,
    "AA": 70.11089855204374,
    "OOD": null,
    "NMI": null,
    "H-score": null,
    "H3-score": null,
    "UCR": 87.30591463854987,
    "Recall-all": [
        96.16017553483269,
        82.82014388489209,
        87.52665245202559,
        39.11162388231901,
        96.16286506075463,
        61.783132530120476,
        89.32022084195998,
        2.725,
        64.27786326665202,
        87.28627794826829,
        91.31255901794145,
        42.84426820475847
    ],
    "Closed Set Accuracy": {
        "OA": 87.30591463854987,
        "AA": 89.7458652843597,
        "Recall-all": [
            99.14975315414154,
            92.34532374100719,
            93.32622601279319,
            74.51206614748583,
            98.93412918354295,
            94.74698795180723,
            95.4968944099379,
            77.575,
            91.38272147724774,
            96.22972380534853,
            95.13692162417375,
            68.11463590483056
        ]
    },
    "OSR Accuracy": null
}