{
    "OA": 66.49527227551935,
    "AA": 75.98450173325939,
    "OOD": null,
    "NMI": null,
    "H-score": null,
    "H3-score": null,
    "UCR": 88.0806128787356,
    "Recall-all": [
        94.48710916072407,
        84.5179856115108,
        86.39658848614073,
        28.910681665224498,
        94.60669366872735,
        66.98795180722892
    ],
    "Closed Set Accuracy": {
        "OA": 88.0806128787356,
        "AA": 92.60003272208598,
        "Recall-all": [
            99.53373560065826,
            94.0431654676259,
            92.89978678038379,
            73.04105374483223,
            99.55233425708803,
            96.53012048192771
        ]
    },
    "OSR Accuracy": null
}