{
    "OA": 78.895304924104,
    "AA": 82.20846157717946,
    "OOD": 81.95607128056362,
    "NMI": 81.15319265025792,
    "H-score": 82.10253494951199,
    "H3-score": 81.78495997988868,
    "UCR": 82.11124551752101,
    "Recall-all": [
        97.36697750959956,
        84.5179856115108,
        92.02558635394456,
        55.23507355062013,
        96.88765721594542,
        67.46987951807229,
        81.95607128056362
    ],
    "Closed Set Accuracy": {
        "OA": 91.55566291669543,
        "AA": 94.39903502725286,
        "Recall-all": [
            99.34174437739989,
            93.06474820143885,
            96.75906183368869,
            81.58830881645996,
            99.0620336815178,
            96.57831325301206
        ]
    },
    "OSR Accuracy": {
        "TNR": 42.1798590965603,
        "AUROC": 88.58362162049453,
        "DTACC": 81.2299202816364,
        "AUIN": 95.08241703304763,
        "AUOUT": 72.359628850067,
        "OSCR": 82.11124551752101,
        "AUPR": 72.36913968320577
    }
}