{
    "OA": 83.33333333333334,
    "AA": 91.96016823664442,
    "OOD": 72.86245353159852,
    "NMI": 96.3557371233247,
    "H-score": 82.0422830372366,
    "H3-score": 86.31770293278356,
    "UCR": 92.53796232121493,
    "Recall-all": [
        100.0,
        100.0,
        100.0,
        100.0,
        96.29629629629629,
        70.0,
        79.06976744186046,
        100.0,
        100.0,
        93.33333333333333,
        72.86245353159852
    ],
    "Closed Set Accuracy": {
        "OA": 97.96610169491525,
        "AA": 98.20155038759691,
        "Recall-all": [
            100.0,
            100.0,
            100.0,
            100.0,
            100.0,
            90.0,
            95.34883720930233,
            100.0,
            100.0,
            96.66666666666667
        ]
    },
    "OSR Accuracy": {
        "TNR": 66.54275092936803,
        "AUROC": 94.59895406716653,
        "DTACC": 88.45315355050091,
        "AUIN": 95.1238313120746,
        "AUOUT": 93.95689590879512,
        "OSCR": 92.53796232121493,
        "AUPR": 94.15469167500461
    }
}