{
    "OA": 86.66666666666667,
    "AA": 85.71033762816761,
    "OOD": null,
    "NMI": null,
    "H-score": null,
    "H3-score": null,
    "UCR": 89.18238993710692,
    "Recall-all": [
        100.0,
        100.0,
        100.0,
        100.0,
        100.0,
        73.33333333333333,
        81.3953488372093,
        100.0,
        100.0,
        93.33333333333333,
        100.0,
        66.66666666666666,
        100.0,
        100.0,
        100.0,
        95.23809523809523,
        100.0,
        0.0,
        86.66666666666667,
        71.42857142857143,
        100.0,
        68.75,
        100.0,
        0.0,
        95.0,
        81.81818181818183,
        100.0,
        56.666666666666664,
        95.83333333333334,
        95.65217391304348,
        95.23809523809523
    ],
    "Closed Set Accuracy": {
        "OA": 89.18238993710692,
        "AA": 88.16313832834267,
        "Recall-all": [
            100.0,
            100.0,
            100.0,
            100.0,
            100.0,
            90.0,
            95.34883720930233,
            100.0,
            100.0,
            93.33333333333333,
            100.0,
            66.66666666666666,
            100.0,
            100.0,
            100.0,
            95.23809523809523,
            100.0,
            0.0,
            86.66666666666667,
            71.42857142857143,
            100.0,
            100.0,
            100.0,
            0.0,
            95.0,
            81.81818181818183,
            100.0,
            66.66666666666666,
            100.0,
            95.65217391304348,
            95.23809523809523
        ]
    },
    "OSR Accuracy": null
}