{
    "OA": 51.89679117023609,
    "AA": 50.127237576351945,
    "OOD": 79.4032324906755,
    "NMI": 87.96565957052388,
    "H-score": 57.64570102592788,
    "H3-score": 65.13001415314547,
    "Recall-all": [
        74.79429511793747,
        54.01438848920863,
        73.62473347547974,
        12.056533025670609,
        46.87699850778086,
        10.120481927710843,
        79.4032324906755
    ],
    "Closed Set Accuracy": {
        "OA": 71.74408171716475,
        "AA": 76.4920791432377,
        "Recall-all": [
            96.98299506308284,
            78.53237410071942,
            94.32835820895522,
            47.283915008172286,
            85.63206139415904,
            56.192771084337345
        ]
    },
    "OSR Accuracy": {
        "TNR": 10.700372979693329,
        "AUROC": 64.48082068174845,
        "DTACC": 62.575684192964374,
        "AUIN": 81.60840333686399,
        "AUOUT": 39.799704932814336,
        "OSCR": 50.51849543204903,
        "AUPR": 39.812108522492025
    }
}