{
    "OA": 51.81151475282021,
    "AA": 49.96271123625241,
    "OOD": 79.87567343555739,
    "NMI": 87.96565957052388,
    "H-score": 57.54863564136413,
    "H3-score": 65.04738141683181,
    "Recall-all": [
        74.52002194185408,
        55.85611510791367,
        74.0724946695096,
        11.98923180463417,
        43.59411639309316,
        9.83132530120482,
        79.87567343555739
    ],
    "Closed Set Accuracy": {
        "OA": 71.7923942301056,
        "AA": 76.52445225732409,
        "Recall-all": [
            96.9555677454745,
            79.85611510791367,
            94.60554371002132,
            47.072396884914916,
            85.71733105947558,
            54.93975903614457
        ]
    },
    "OSR Accuracy": {
        "TNR": 8.901782014090342,
        "AUROC": 63.9968700836741,
        "DTACC": 62.641812499225935,
        "AUIN": 81.38363853966136,
        "AUOUT": 38.07569223508171,
        "OSCR": 50.35168826504762,
        "AUPR": 38.084463988047
    }
}