{
    "OA": 48.95825810644905,
    "AA": 55.42492939494442,
    "OOD": null,
    "NMI": null,
    "H-score": null,
    "H3-score": null,
    "Recall-all": [
        98.32693362589139,
        75.42446043165467,
        64.11513859275053,
        12.84491875781175,
        57.237262843743345,
        36.81927710843374,
        76.36300897170463,
        3.2,
        46.55968344691141,
        94.21306444541867,
        95.25495750708215,
        4.740447007930785
    ],
    "Closed Set Accuracy": {
        "OA": 76.77114176355889,
        "AA": 80.4398391074327,
        "Recall-all": [
            99.47888096544159,
            90.50359712230215,
            86.88699360341151,
            59.984616863763094,
            96.58921338733745,
            73.10843373493977,
            95.16908212560386,
            63.55,
            80.39129479006375,
            98.55326611135466,
            98.44192634560906,
            22.62076423936554
        ]
    },
    "OSR Accuracy": null
}