{
    "OA": 61.83027556465171,
    "AA": 70.22964512424255,
    "OOD": 69.49854952341484,
    "NMI": 84.91713401937025,
    "H-score": 69.92192092570897,
    "H3-score": 74.29647313706235,
    "Recall-all": [
        99.28688974218322,
        80.89208633093526,
        82.28144989339019,
        18.892414190943178,
        69.43082498401193,
        71.32530120481928,
        69.49854952341484
    ],
    "Closed Set Accuracy": {
        "OA": 83.7462902891849,
        "AA": 90.47172729689032,
        "Recall-all": [
            99.6434448710916,
            92.46043165467626,
            94.49893390191897,
            61.638304009229884,
            97.14346621189512,
            97.44578313253012
        ]
    },
    "OSR Accuracy": {
        "TNR": 6.937422295897222,
        "AUROC": 69.77213146277825,
        "DTACC": 67.57548140111264,
        "AUIN": 87.10463201853806,
        "AUOUT": 40.276378875886394,
        "OSCR": 63.28435190284143,
        "AUPR": 40.288990858410465
    }
}