{
    "OA": 78.809489420091,
    "AA": 88.05382301738821,
    "OOD": 69.5418402120409,
    "NMI": 79.20274461798877,
    "H-score": 78.88854628805414,
    "H3-score": 78.99434196903647,
    "Recall-all": [
        99.17718047174986,
        94.24460431654677,
        93.81663113006397,
        72.43534275550428,
        98.486463440631,
        88.67469879518072,
        69.5418402120409
    ],
    "Closed Set Accuracy": {
        "OA": 94.57864586928014,
        "AA": 96.77403626397813,
        "Recall-all": [
            99.6434448710916,
            97.84172661870504,
            96.92963752665246,
            87.44351504663013,
            99.70155617139203,
            99.08433734939759
        ]
    },
    "OSR Accuracy": {
        "TNR": 45.84627035213934,
        "AUROC": 90.70957445187695,
        "DTACC": 84.75348388045832,
        "AUIN": 92.72175273143131,
        "AUOUT": 86.09818373884724,
        "OSCR": 86.4226377560607,
        "AUPR": 86.10209800285948
    }
}