{
    "OA": 71.27659574468085,
    "AA": 61.40085817519115,
    "OOD": 90.70631970260223,
    "NMI": 77.99259950421612,
    "H-score": 71.10485337633351,
    "H3-score": 73.26286862590757,
    "Recall-all": [
        100.0,
        100.0,
        6.451612903225806,
        96.29629629629629,
        81.48148148148148,
        13.333333333333334,
        2.3255813953488373,
        80.0,
        81.48148148148148,
        23.333333333333332,
        90.70631970260223
    ],
    "Closed Set Accuracy": {
        "OA": 81.35593220338984,
        "AA": 83.70964963463088,
        "Recall-all": [
            100.0,
            100.0,
            80.64516129032258,
            100.0,
            100.0,
            53.333333333333336,
            53.48837209302325,
            100.0,
            96.29629629629629,
            53.333333333333336
        ]
    },
    "OSR Accuracy": {
        "TNR": 18.215613382899633,
        "AUROC": 77.90939449310062,
        "DTACC": 74.63171822821498,
        "AUIN": 81.42176305406221,
        "AUOUT": 71.29216254454353,
        "OSCR": 60.603616659315726,
        "AUPR": 71.61147342245191
    }
}