{
    "OA": 73.89830508474576,
    "AA": 74.8186768914451,
    "OOD": null,
    "NMI": null,
    "H-score": null,
    "H3-score": null,
    "Recall-all": [
        100.0,
        100.0,
        96.7741935483871,
        96.29629629629629,
        0.0,
        0.0,
        65.11627906976744,
        100.0,
        100.0,
        90.0
    ],
    "Closed Set Accuracy": {
        "OA": 96.27118644067797,
        "AA": 96.60937456586369,
        "Recall-all": [
            100.0,
            100.0,
            96.7741935483871,
            96.29629629629629,
            100.0,
            86.66666666666667,
            93.02325581395348,
            100.0,
            100.0,
            93.33333333333333
        ]
    },
    "OSR Accuracy": null
}