{
    "OA": 85.8433734939759,
    "AA": 93.88311688311688,
    "OOD": 77.71428571428571,
    "NMI": 88.5342669357359,
    "H-score": 85.69352589304638,
    "H3-score": 86.62130966068149,
    "Recall-all": [
        100.0,
        100.0,
        100.0,
        100.0,
        80.0,
        75.0,
        100.0,
        100.0,
        100.0,
        100.0,
        77.71428571428571
    ],
    "Closed Set Accuracy": {
        "OA": 97.45222929936305,
        "AA": 97.16666666666667,
        "Recall-all": [
            100.0,
            100.0,
            100.0,
            100.0,
            80.0,
            91.66666666666666,
            100.0,
            100.0,
            100.0,
            100.0
        ]
    },
    "OSR Accuracy": {
        "TNR": 76.0,
        "AUROC": 96.18198362147406,
        "DTACC": 88.56232939035486,
        "AUIN": 95.75314490637734,
        "AUOUT": 96.45980018689502,
        "OSCR": 93.59053685168328,
        "AUPR": 96.75460711865271
    }
}