{
    "OA": 70.74468085106383,
    "AA": 60.881058761179354,
    "OOD": 89.96282527881041,
    "NMI": 77.99259950421612,
    "H-score": 70.5085891959435,
    "H3-score": 72.83977159713285,
    "Recall-all": [
        100.0,
        100.0,
        3.225806451612903,
        96.29629629629629,
        77.77777777777779,
        13.333333333333334,
        4.651162790697675,
        83.33333333333334,
        77.77777777777779,
        23.333333333333332,
        89.96282527881041
    ],
    "Closed Set Accuracy": {
        "OA": 81.01694915254237,
        "AA": 83.37631630129755,
        "Recall-all": [
            100.0,
            100.0,
            80.64516129032258,
            100.0,
            100.0,
            53.333333333333336,
            53.48837209302325,
            96.66666666666667,
            96.29629629629629,
            53.333333333333336
        ]
    },
    "OSR Accuracy": {
        "TNR": 16.728624535315983,
        "AUROC": 77.62837880410812,
        "DTACC": 73.83907756285049,
        "AUIN": 81.04433141457248,
        "AUOUT": 71.79619170139794,
        "OSCR": 60.01449184046375,
        "AUPR": 72.0947466142635
    }
}