{
    "OA": 95.98393574297188,
    "AA": 91.5169288189816,
    "OOD": 99.41348973607037,
    "NMI": 90.60205858321484,
    "H-score": 94.8714756737698,
    "H3-score": 93.40564415508557,
    "Recall-all": [
        100.0,
        100.0,
        91.66666666666666,
        100.0,
        80.0,
        58.333333333333336,
        77.27272727272727,
        100.0,
        100.0,
        100.0,
        99.41348973607037
    ],
    "Closed Set Accuracy": {
        "OA": 94.26751592356688,
        "AA": 96.25,
        "Recall-all": [
            100.0,
            100.0,
            100.0,
            100.0,
            100.0,
            62.5,
            100.0,
            100.0,
            100.0,
            100.0
        ]
    },
    "OSR Accuracy": {
        "TNR": 84.1642228739003,
        "AUROC": 98.03126809496237,
        "DTACC": 95.78889366232698,
        "AUIN": 96.95961811115201,
        "AUOUT": 98.75492961613186,
        "OSCR": 92.28384108186845,
        "AUPR": 98.9036194835867
    }
}