{
    "OA": 77.86163522012579,
    "AA": 61.878386524530825,
    "OOD": 92.0,
    "NMI": 84.6384729421221,
    "H-score": 71.7941582067187,
    "H3-score": 75.62075805771083,
    "Recall-all": [
        96.55172413793103,
        100.0,
        6.451612903225806,
        96.29629629629629,
        70.37037037037037,
        13.333333333333334,
        2.3255813953488373,
        83.33333333333334,
        100.0,
        20.0,
        92.0
    ],
    "Closed Set Accuracy": {
        "OA": 90.84745762711864,
        "AA": 91.36684171042762,
        "Recall-all": [
            100.0,
            100.0,
            80.64516129032258,
            100.0,
            100.0,
            50.0,
            93.02325581395348,
            100.0,
            100.0,
            90.0
        ]
    },
    "OSR Accuracy": {
        "TNR": 28.6,
        "AUROC": 82.1742372881356,
        "DTACC": 76.05762711864406,
        "AUIN": 76.82170086189916,
        "AUOUT": 85.17688544119399,
        "OSCR": 73.90440677966099,
        "AUPR": 85.36931957583029
    }
}