{
    "OA": 77.40963855421687,
    "AA": 92.42857142857144,
    "OOD": 61.71428571428571,
    "NMI": 88.5342669357359,
    "H-score": 74.97635180875723,
    "H3-score": 79.01084796399662,
    "Recall-all": [
        100.0,
        100.0,
        100.0,
        100.0,
        80.0,
        75.0,
        100.0,
        100.0,
        100.0,
        100.0,
        61.71428571428571
    ],
    "Closed Set Accuracy": {
        "OA": 96.81528662420382,
        "AA": 96.75,
        "Recall-all": [
            100.0,
            100.0,
            100.0,
            100.0,
            80.0,
            87.5,
            100.0,
            100.0,
            100.0,
            100.0
        ]
    },
    "OSR Accuracy": {
        "TNR": 60.57142857142856,
        "AUROC": 91.81073703366698,
        "DTACC": 84.30573248407643,
        "AUIN": 91.9399510317848,
        "AUOUT": 92.31273520799476,
        "OSCR": 88.59326660600539,
        "AUPR": 92.6212855641007
    }
}