{
    "OA": 69.15254237288136,
    "AA": 70.30810480397876,
    "OOD": null,
    "NMI": null,
    "H-score": null,
    "H3-score": null,
    "Recall-all": [
        100.0,
        100.0,
        41.935483870967744,
        96.29629629629629,
        7.4074074074074066,
        0.0,
        67.44186046511628,
        100.0,
        100.0,
        90.0
    ],
    "Closed Set Accuracy": {
        "OA": 93.89830508474576,
        "AA": 94.47759162012724,
        "Recall-all": [
            100.0,
            100.0,
            96.7741935483871,
            96.29629629629629,
            100.0,
            73.33333333333333,
            88.37209302325581,
            100.0,
            100.0,
            90.0
        ]
    },
    "OSR Accuracy": null
}