{
    "OA": 89.171974522293,
    "AA": 91.56060606060606,
    "OOD": null,
    "NMI": null,
    "H-score": null,
    "H3-score": null,
    "Recall-all": [
        100.0,
        100.0,
        100.0,
        100.0,
        80.0,
        58.333333333333336,
        77.27272727272727,
        100.0,
        100.0,
        100.0
    ],
    "Closed Set Accuracy": {
        "OA": 94.26751592356688,
        "AA": 95.66666666666667,
        "Recall-all": [
            100.0,
            100.0,
            100.0,
            100.0,
            90.0,
            66.66666666666666,
            100.0,
            100.0,
            100.0,
            100.0
        ]
    },
    "OSR Accuracy": null
}