{
    "OA": 65.53459119496856,
    "AA": 63.94552278530955,
    "OOD": null,
    "NMI": null,
    "H-score": null,
    "H3-score": null,
    "Recall-all": [
        100.0,
        100.0,
        45.16129032258064,
        96.29629629629629,
        48.148148148148145,
        13.333333333333334,
        53.48837209302325,
        100.0,
        100.0,
        83.33333333333334,
        100.0,
        25.0,
        18.75,
        100.0,
        55.55555555555556,
        23.809523809523807,
        84.21052631578947,
        21.052631578947366,
        36.666666666666664,
        60.71428571428571,
        96.875,
        100.0,
        70.0,
        0.0,
        60.0,
        45.45454545454545,
        100.0,
        33.33333333333333,
        25.0,
        95.65217391304348,
        90.47619047619048
    ],
    "Closed Set Accuracy": {
        "OA": 94.9685534591195,
        "AA": 94.70682581976853,
        "Recall-all": [
            100.0,
            100.0,
            100.0,
            96.29629629629629,
            100.0,
            93.33333333333333,
            93.02325581395348,
            100.0,
            100.0,
            93.33333333333333,
            100.0,
            75.0,
            100.0,
            100.0,
            100.0,
            100.0,
            100.0,
            68.42105263157895,
            100.0,
            96.42857142857143,
            100.0,
            100.0,
            100.0,
            66.66666666666666,
            87.5,
            90.9090909090909,
            100.0,
            83.33333333333334,
            91.66666666666666,
            100.0,
            100.0
        ]
    },
    "OSR Accuracy": null
}