{
    "OA": 92.54237288135593,
    "AA": 94.27906976744185,
    "OOD": null,
    "NMI": null,
    "H-score": null,
    "H3-score": null,
    "Recall-all": [
        100.0,
        100.0,
        100.0,
        100.0,
        100.0,
        80.0,
        62.7906976744186,
        100.0,
        100.0,
        100.0
    ],
    "Closed Set Accuracy": {
        "OA": 94.23728813559322,
        "AA": 95.64341085271317,
        "Recall-all": [
            100.0,
            100.0,
            100.0,
            100.0,
            100.0,
            86.66666666666667,
            69.76744186046511,
            100.0,
            100.0,
            100.0
        ]
    },
    "OSR Accuracy": null
}