{
    "OA": 88.15261044176707,
    "AA": 87.84351357972587,
    "OOD": null,
    "NMI": null,
    "H-score": null,
    "H3-score": null,
    "Recall-all": [
        100.0,
        100.0,
        100.0,
        100.0,
        80.0,
        75.0,
        95.45454545454545,
        100.0,
        100.0,
        100.0,
        100.0,
        33.33333333333333,
        0.0,
        100.0,
        100.0,
        93.33333333333333,
        93.33333333333333,
        87.5,
        90.32258064516128,
        100.0,
        100.0,
        100.0,
        100.0,
        100.0,
        20.0,
        100.0,
        100.0,
        61.53846153846154,
        100.0,
        100.0,
        93.33333333333333
    ],
    "Closed Set Accuracy": {
        "OA": 91.96787148594377,
        "AA": 91.6584620720937,
        "Recall-all": [
            100.0,
            100.0,
            100.0,
            100.0,
            80.0,
            87.5,
            100.0,
            100.0,
            100.0,
            100.0,
            100.0,
            100.0,
            0.0,
            100.0,
            100.0,
            100.0,
            93.33333333333333,
            100.0,
            90.32258064516128,
            100.0,
            100.0,
            100.0,
            100.0,
            100.0,
            20.0,
            100.0,
            100.0,
            76.92307692307693,
            100.0,
            100.0,
            93.33333333333333
        ]
    },
    "OSR Accuracy": null
}