{
    "OA": 47.45762711864407,
    "AA": 52.02628434886499,
    "OOD": null,
    "NMI": null,
    "H-score": null,
    "H3-score": null,
    "Recall-all": [
        100.0,
        100.0,
        3.225806451612903,
        100.0,
        37.03703703703704,
        3.3333333333333335,
        0.0,
        80.0,
        66.66666666666666,
        30.0
    ],
    "Closed Set Accuracy": {
        "OA": 75.59322033898304,
        "AA": 78.04937345447473,
        "Recall-all": [
            100.0,
            100.0,
            64.51612903225806,
            100.0,
            100.0,
            53.333333333333336,
            51.162790697674424,
            86.66666666666667,
            81.48148148148148,
            43.333333333333336
        ]
    },
    "OSR Accuracy": null
}