{
    "OA": 79.11949685534591,
    "AA": 62.02653467267897,
    "OOD": 94.0,
    "NMI": 84.6384729421221,
    "H-score": 72.36716453023307,
    "H3-score": 76.04354766046279,
    "Recall-all": [
        96.55172413793103,
        100.0,
        6.451612903225806,
        96.29629629629629,
        70.37037037037037,
        16.666666666666664,
        2.3255813953488373,
        83.33333333333334,
        96.29629629629629,
        20.0,
        94.0
    ],
    "Closed Set Accuracy": {
        "OA": 90.5084745762712,
        "AA": 91.04426106526631,
        "Recall-all": [
            100.0,
            100.0,
            77.41935483870968,
            100.0,
            100.0,
            53.333333333333336,
            93.02325581395348,
            100.0,
            100.0,
            86.66666666666667
        ]
    },
    "OSR Accuracy": {
        "TNR": 30.000000000000004,
        "AUROC": 83.83728813559321,
        "DTACC": 76.74915254237288,
        "AUIN": 78.92830080843984,
        "AUOUT": 86.33244274747096,
        "OSCR": 75.17220338983059,
        "AUPR": 86.52609250099053
    }
}