{
    "OA": 91.23180688675896,
    "AA": 77.46299076984997,
    "OOD": 99.35449166218397,
    "NMI": 76.47103927579793,
    "H-score": 85.65335589329146,
    "H3-score": 82.35831377689674,
    "Recall-all": [
        0.0,
        85.36585365853658,
        96.80851063829788,
        97.97979797979798,
        87.0,
        94.0,
        21.21212121212121,
        89.0,
        93.61702127659575,
        87.75510204081633,
        99.35449166218397
    ],
    "Closed Set Accuracy": {
        "OA": 97.7035490605428,
        "AA": 97.76580233416496,
        "Recall-all": [
            97.82608695652173,
            100.0,
            98.93617021276596,
            100.0,
            92.0,
            100.0,
            95.95959595959596,
            94.0,
            98.93617021276596,
            100.0
        ]
    },
    "OSR Accuracy": {
        "TNR": 91.2856374394836,
        "AUROC": 98.0665071238381,
        "DTACC": 93.66173813339384,
        "AUIN": 97.09467125845912,
        "AUOUT": 98.62707129428455,
        "OSCR": 95.82528038847275,
        "AUPR": 98.65505072041991
    }
}