{
    "OA": 92.02127659574468,
    "AA": 92.42918233905885,
    "OOD": 92.93680297397769,
    "NMI": 96.28403890971923,
    "H-score": 92.656270386395,
    "H3-score": 93.83610769264754,
    "Recall-all": [
        58.620689655172406,
        100.0,
        96.7741935483871,
        100.0,
        96.29629629629629,
        100.0,
        72.09302325581395,
        100.0,
        100.0,
        100.0,
        92.93680297397769
    ],
    "Closed Set Accuracy": {
        "OA": 100.0,
        "AA": 100.0,
        "Recall-all": [
            100.0,
            100.0,
            100.0,
            100.0,
            100.0,
            100.0,
            100.0,
            100.0,
            100.0,
            100.0
        ]
    },
    "OSR Accuracy": {
        "TNR": 92.93680297397769,
        "AUROC": 97.72667128725348,
        "DTACC": 94.24862957595614,
        "AUIN": 97.73589556776435,
        "AUOUT": 97.46014315196467,
        "OSCR": 97.70839896666892,
        "AUPR": 97.65073278747178
    }
}