{
    "OA": 90.23894255210982,
    "AA": 82.89121928245589,
    "OOD": 99.10802775024777,
    "NMI": 77.94704911099205,
    "H-score": 89.3062168176985,
    "H3-score": 85.17032091332317,
    "Recall-all": [
        88.04347826086956,
        96.34146341463415,
        92.5531914893617,
        95.95959595959596,
        86.0,
        92.0,
        0.0,
        90.0,
        84.04255319148936,
        87.75510204081633,
        99.10802775024777
    ],
    "Closed Set Accuracy": {
        "OA": 88.72651356993737,
        "AA": 89.00370358029352,
        "Recall-all": [
            98.91304347826086,
            98.78048780487805,
            97.87234042553192,
            97.97979797979798,
            92.0,
            95.0,
            29.292929292929294,
            99.0,
            89.36170212765957,
            91.83673469387756
        ]
    },
    "OSR Accuracy": {
        "TNR": 65.51040634291377,
        "AUROC": 95.82163451690528,
        "DTACC": 91.74894633062355,
        "AUIN": 96.80627523003722,
        "AUOUT": 93.47327976402566,
        "OSCR": 84.57840810575371,
        "AUPR": 93.56570613147082
    }
}