{
    "OA": 64.46574369897053,
    "AA": 63.13016895619105,
    "OOD": null,
    "NMI": null,
    "H-score": null,
    "H3-score": null,
    "Recall-all": [
        88.04347826086956,
        97.5609756097561,
        92.5531914893617,
        94.94949494949495,
        86.0,
        91.0,
        0.0,
        89.0,
        79.7872340425532,
        88.77551020408163,
        77.77777777777779,
        81.70731707317073,
        0.0,
        78.02197802197803,
        51.546391752577314,
        15.463917525773196,
        66.66666666666666,
        6.122448979591836,
        96.0,
        1.0416666666666665,
        75.78947368421053,
        72.04301075268818,
        94.0,
        14.285714285714285,
        84.44444444444444,
        77.33333333333333,
        45.0,
        74.74747474747475,
        70.70707070707071,
        54.166666666666664,
        12.5
    ],
    "Closed Set Accuracy": {
        "OA": 77.77777777777779,
        "AA": 77.05439042078336,
        "Recall-all": [
            96.73913043478261,
            98.78048780487805,
            97.87234042553192,
            96.96969696969697,
            93.0,
            93.0,
            20.2020202020202,
            95.0,
            86.17021276595744,
            89.79591836734694,
            100.0,
            89.02439024390245,
            27.77777777777778,
            84.61538461538461,
            58.76288659793815,
            44.329896907216494,
            71.60493827160494,
            72.44897959183673,
            100.0,
            9.375,
            88.42105263157895,
            75.26881720430107,
            99.0,
            43.87755102040816,
            94.44444444444444,
            84.0,
            53.0,
            89.8989898989899,
            86.86868686868688,
            81.25,
            67.1875
        ]
    },
    "OSR Accuracy": null
}