{
    "OA": 94.50354609929079,
    "AA": 96.7913920953296,
    "OOD": 92.56505576208178,
    "NMI": 96.28403890971923,
    "H-score": 94.83209872969309,
    "H3-score": 95.31252563426918,
    "Recall-all": [
        100.0,
        100.0,
        96.7741935483871,
        100.0,
        96.29629629629629,
        100.0,
        79.06976744186046,
        100.0,
        100.0,
        100.0,
        92.56505576208178
    ],
    "Closed Set Accuracy": {
        "OA": 98.98305084745763,
        "AA": 99.30232558139535,
        "Recall-all": [
            100.0,
            100.0,
            100.0,
            100.0,
            100.0,
            100.0,
            93.02325581395348,
            100.0,
            100.0,
            100.0
        ]
    },
    "OSR Accuracy": {
        "TNR": 92.93680297397769,
        "AUROC": 98.44874299035978,
        "DTACC": 95.26557872849851,
        "AUIN": 98.30768050064307,
        "AUOUT": 98.37574479060554,
        "OSCR": 97.41667191733363,
        "AUPR": 98.56394590227015
    }
}