{
    "OA": 98.61635220125787,
    "AA": 98.17228398008594,
    "OOD": 99.4,
    "NMI": 92.36501928756688,
    "H-score": 98.71963777657785,
    "H3-score": 96.50777565360436,
    "Recall-all": [
        100.0,
        100.0,
        96.7741935483871,
        100.0,
        100.0,
        100.0,
        83.72093023255815,
        100.0,
        100.0,
        100.0,
        99.4
    ],
    "Closed Set Accuracy": {
        "OA": 99.66101694915255,
        "AA": 99.76744186046511,
        "Recall-all": [
            100.0,
            100.0,
            100.0,
            100.0,
            100.0,
            100.0,
            97.67441860465115,
            100.0,
            100.0,
            100.0
        ]
    },
    "OSR Accuracy": {
        "TNR": 99.4,
        "AUROC": 99.88,
        "DTACC": 98.79152542372881,
        "AUIN": 99.62974548468154,
        "AUOUT": 99.83082410331978,
        "OSCR": 99.5376271186441,
        "AUPR": 99.93089193063265
    }
}