{
    "OA": 92.43876464323749,
    "AA": 82.45251218381777,
    "OOD": 98.6013986013986,
    "NMI": 77.7295566516552,
    "H-score": 88.83974317042863,
    "H3-score": 84.80081355548366,
    "Recall-all": [
        88.04347826086956,
        96.34146341463415,
        88.29787234042553,
        95.95959595959596,
        87.0,
        91.0,
        0.0,
        91.0,
        82.97872340425532,
        87.75510204081633,
        98.6013986013986
    ],
    "Closed Set Accuracy": {
        "OA": 88.4133611691023,
        "AA": 88.69968379055943,
        "Recall-all": [
            98.91304347826086,
            98.78048780487805,
            97.87234042553192,
            100.0,
            92.0,
            96.0,
            21.21212121212121,
            100.0,
            89.36170212765957,
            92.85714285714286
        ]
    },
    "OSR Accuracy": {
        "TNR": 61.53846153846154,
        "AUROC": 95.01774923326234,
        "DTACC": 91.05404391657802,
        "AUIN": 94.37916610167511,
        "AUOUT": 95.66169244423234,
        "OSCR": 83.47796815357427,
        "AUPR": 95.70138708501001
    }
}