{
    "OA": 57.969471068512604,
    "AA": 56.45735672687373,
    "OOD": null,
    "NMI": null,
    "H-score": null,
    "H3-score": null,
    "Recall-all": [
        5.434782608695652,
        3.6585365853658534,
        96.80851063829788,
        97.97979797979798,
        90.0,
        98.0,
        82.82828282828282,
        86.0,
        82.97872340425532,
        88.77551020408163,
        100.0,
        80.48780487804879,
        0.0,
        85.71428571428571,
        45.36082474226804,
        21.649484536082475,
        48.148148148148145,
        2.0408163265306123,
        99.0,
        48.95833333333333,
        65.26315789473685,
        60.215053763440864,
        93.0,
        11.224489795918368,
        58.88888888888889,
        60.0,
        49.0,
        5.05050505050505,
        21.21212121212121,
        40.625,
        21.875
    ],
    "Closed Set Accuracy": {
        "OA": 80.93716719914804,
        "AA": 79.49354739741004,
        "Recall-all": [
            89.13043478260869,
            93.90243902439023,
            97.87234042553192,
            100.0,
            91.0,
            99.0,
            94.94949494949495,
            92.0,
            98.93617021276596,
            94.89795918367348,
            100.0,
            91.46341463414635,
            11.11111111111111,
            92.3076923076923,
            68.04123711340206,
            35.051546391752574,
            69.1358024691358,
            43.87755102040816,
            100.0,
            88.54166666666666,
            96.84210526315789,
            75.26881720430107,
            97.0,
            33.6734693877551,
            94.44444444444444,
            84.0,
            56.00000000000001,
            86.86868686868688,
            52.52525252525253,
            86.45833333333334,
            50.0
        ]
    },
    "OSR Accuracy": null
}