{
    "OA": 85.49060542797496,
    "AA": 85.12446715976259,
    "OOD": null,
    "NMI": null,
    "H-score": null,
    "H3-score": null,
    "Recall-all": [
        0.0,
        93.90243902439023,
        96.80851063829788,
        98.98989898989899,
        90.0,
        99.0,
        93.93939393939394,
        92.0,
        96.80851063829788,
        89.79591836734694
    ],
    "Closed Set Accuracy": {
        "OA": 95.30271398747391,
        "AA": 95.29083507735872,
        "Recall-all": [
            89.13043478260869,
            95.1219512195122,
            97.87234042553192,
            100.0,
            91.0,
            99.0,
            94.94949494949495,
            92.0,
            98.93617021276596,
            94.89795918367348
        ]
    },
    "OSR Accuracy": null
}