{
    "OA": 85.17745302713988,
    "AA": 84.76499647994942,
    "OOD": null,
    "NMI": null,
    "H-score": null,
    "H3-score": null,
    "Recall-all": [
        0.0,
        90.2439024390244,
        96.80851063829788,
        98.98989898989899,
        90.0,
        99.0,
        93.93939393939394,
        91.0,
        97.87234042553192,
        89.79591836734694
    ],
    "Closed Set Accuracy": {
        "OA": 94.98956158663883,
        "AA": 94.94489182200778,
        "Recall-all": [
            89.13043478260869,
            92.6829268292683,
            97.87234042553192,
            100.0,
            91.0,
            99.0,
            94.94949494949495,
            92.0,
            98.93617021276596,
            93.87755102040816
        ]
    },
    "OSR Accuracy": null
}