{
    "OA": 92.73049645390071,
    "AA": 93.62750064583835,
    "OOD": 93.3085501858736,
    "NMI": 96.28403890971923,
    "H-score": 93.48314376234718,
    "H3-score": 94.3998320910718,
    "Recall-all": [
        96.55172413793103,
        100.0,
        80.64516129032258,
        100.0,
        96.29629629629629,
        100.0,
        69.76744186046511,
        93.33333333333333,
        100.0,
        100.0,
        93.3085501858736
    ],
    "Closed Set Accuracy": {
        "OA": 99.66101694915255,
        "AA": 99.76744186046511,
        "Recall-all": [
            100.0,
            100.0,
            100.0,
            100.0,
            100.0,
            100.0,
            97.67441860465115,
            100.0,
            100.0,
            100.0
        ]
    },
    "OSR Accuracy": {
        "TNR": 92.93680297397769,
        "AUROC": 98.54325499338415,
        "DTACC": 94.70795791065466,
        "AUIN": 98.46231587367691,
        "AUOUT": 98.40462051280994,
        "OSCR": 98.19041018209327,
        "AUPR": 98.5928574411027
    }
}