{
    "OA": 93.89830508474576,
    "AA": 95.71317829457365,
    "OOD": null,
    "NMI": null,
    "H-score": null,
    "H3-score": null,
    "Recall-all": [
        100.0,
        100.0,
        100.0,
        100.0,
        100.0,
        100.0,
        60.46511627906976,
        100.0,
        100.0,
        96.66666666666667
    ],
    "Closed Set Accuracy": {
        "OA": 99.66101694915255,
        "AA": 99.76744186046511,
        "Recall-all": [
            100.0,
            100.0,
            100.0,
            100.0,
            100.0,
            100.0,
            97.67441860465115,
            100.0,
            100.0,
            100.0
        ]
    },
    "OSR Accuracy": null
}