{
    "OA": 96.63120567375887,
    "AA": 96.06909415762188,
    "OOD": 99.62825278810409,
    "NMI": 96.3557371233247,
    "H-score": 97.63098236704863,
    "H3-score": 97.20349710263649,
    "Recall-all": [
        100.0,
        100.0,
        100.0,
        100.0,
        100.0,
        100.0,
        60.46511627906976,
        100.0,
        100.0,
        96.66666666666667,
        99.62825278810409
    ],
    "Closed Set Accuracy": {
        "OA": 99.66101694915255,
        "AA": 99.76744186046511,
        "Recall-all": [
            100.0,
            100.0,
            100.0,
            100.0,
            100.0,
            100.0,
            97.67441860465115,
            100.0,
            100.0,
            100.0
        ]
    },
    "OSR Accuracy": {
        "TNR": 97.39776951672863,
        "AUROC": 99.53248062503938,
        "DTACC": 97.00396950412703,
        "AUIN": 99.46395320119782,
        "AUOUT": 99.23799537189322,
        "OSCR": 99.1859366139503,
        "AUPR": 99.4251319502612
    }
}