{
    "OA": 82.15031315240083,
    "AA": 82.56179311646633,
    "OOD": null,
    "NMI": null,
    "H-score": null,
    "H3-score": null,
    "Recall-all": [
        95.65217391304348,
        97.5609756097561,
        95.74468085106383,
        96.96969696969697,
        86.0,
        93.0,
        0.0,
        90.0,
        81.91489361702128,
        88.77551020408163
    ],
    "Closed Set Accuracy": {
        "OA": 87.05636743215031,
        "AA": 87.31330651357241,
        "Recall-all": [
            95.65217391304348,
            97.5609756097561,
            96.80851063829788,
            97.97979797979798,
            93.0,
            96.0,
            27.27272727272727,
            94.0,
            84.04255319148936,
            90.81632653061224
        ]
    },
    "OSR Accuracy": null
}