{
    "OA": 92.57861635220127,
    "AA": 94.10963224958103,
    "OOD": 92.0,
    "NMI": 92.36501928756688,
    "H-score": 93.14534648071303,
    "H3-score": 92.88510807306093,
    "Recall-all": [
        82.75862068965517,
        100.0,
        87.09677419354838,
        100.0,
        96.29629629629629,
        100.0,
        83.72093023255815,
        93.33333333333333,
        100.0,
        100.0,
        92.0
    ],
    "Closed Set Accuracy": {
        "OA": 99.66101694915255,
        "AA": 99.76744186046511,
        "Recall-all": [
            100.0,
            100.0,
            100.0,
            100.0,
            100.0,
            100.0,
            97.67441860465115,
            100.0,
            100.0,
            100.0
        ]
    },
    "OSR Accuracy": {
        "TNR": 91.8,
        "AUROC": 97.85016949152542,
        "DTACC": 94.6915254237288,
        "AUIN": 95.97821196962522,
        "AUOUT": 98.77578586463122,
        "OSCR": 97.49830508474584,
        "AUPR": 98.87678895693021
    }
}