{
    "OA": 85.28368794326241,
    "AA": 92.24321137276495,
    "OOD": 77.32342007434944,
    "NMI": 96.28403890971923,
    "H-score": 84.74151772631951,
    "H3-score": 88.27010189232881,
    "Recall-all": [
        86.20689655172413,
        100.0,
        87.09677419354838,
        100.0,
        96.29629629629629,
        100.0,
        74.4186046511628,
        93.33333333333333,
        100.0,
        100.0,
        77.32342007434944
    ],
    "Closed Set Accuracy": {
        "OA": 98.98305084745763,
        "AA": 99.30232558139535,
        "Recall-all": [
            100.0,
            100.0,
            100.0,
            100.0,
            100.0,
            100.0,
            93.02325581395348,
            100.0,
            100.0,
            100.0
        ]
    },
    "OSR Accuracy": {
        "TNR": 75.09293680297398,
        "AUROC": 93.62359019595488,
        "DTACC": 85.92275218952807,
        "AUIN": 93.66755255586713,
        "AUOUT": 94.13316815667756,
        "OSCR": 92.57198664230364,
        "AUPR": 94.32798585897044
    }
}