{
    "OA": 85.71428571428571,
    "AA": 79.73064484907367,
    "OOD": 93.1615460852329,
    "NMI": 56.97653681519935,
    "H-score": 85.13787817732788,
    "H3-score": 73.0964443958797,
    "Recall-all": [
        91.30434782608695,
        97.5609756097561,
        87.2340425531915,
        82.82828282828282,
        69.0,
        94.0,
        80.8080808080808,
        55.00000000000001,
        90.42553191489363,
        35.714285714285715,
        93.1615460852329
    ],
    "Closed Set Accuracy": {
        "OA": 92.58872651356994,
        "AA": 92.72532150766753,
        "Recall-all": [
            96.73913043478261,
            97.5609756097561,
            94.68085106382979,
            91.91919191919192,
            91.0,
            95.0,
            88.88888888888889,
            94.0,
            97.87234042553192,
            79.59183673469387
        ]
    },
    "OSR Accuracy": {
        "TNR": 71.85332011892963,
        "AUROC": 93.9561690091887,
        "DTACC": 89.35095621659758,
        "AUIN": 94.1212169295316,
        "AUOUT": 92.64692278476903,
        "OSCR": 86.7737854093945,
        "AUPR": 92.7201082247035
    }
}