{
    "OA": 96.80851063829788,
    "AA": 96.10288935870332,
    "OOD": 100.0,
    "NMI": 96.3557371233247,
    "H-score": 97.80914099183316,
    "H3-score": 97.32115589798583,
    "Recall-all": [
        100.0,
        100.0,
        100.0,
        100.0,
        100.0,
        100.0,
        60.46511627906976,
        100.0,
        100.0,
        96.66666666666667,
        100.0
    ],
    "Closed Set Accuracy": {
        "OA": 99.32203389830508,
        "AA": 99.53488372093024,
        "Recall-all": [
            100.0,
            100.0,
            100.0,
            100.0,
            100.0,
            100.0,
            95.34883720930233,
            100.0,
            100.0,
            100.0
        ]
    },
    "OSR Accuracy": {
        "TNR": 98.88475836431226,
        "AUROC": 99.46947262302312,
        "DTACC": 97.06949782622392,
        "AUIN": 99.4271455819452,
        "AUOUT": 99.12684010073218,
        "OSCR": 98.7845756411065,
        "AUPR": 99.31434715654758
    }
}