{
    "OA": 89.93390950686324,
    "AA": 82.42651125999596,
    "OOD": 99.00891972249752,
    "NMI": 77.94704911099205,
    "H-score": 88.96272896572428,
    "H3-score": 84.96176277505447,
    "Recall-all": [
        89.13043478260869,
        97.5609756097561,
        91.48936170212765,
        95.95959595959596,
        86.0,
        90.0,
        0.0,
        90.0,
        79.7872340425532,
        87.75510204081633,
        99.00891972249752
    ],
    "Closed Set Accuracy": {
        "OA": 88.4133611691023,
        "AA": 88.66130085217071,
        "Recall-all": [
            97.82608695652173,
            97.5609756097561,
            96.80851063829788,
            98.98989898989899,
            93.0,
            96.0,
            29.292929292929294,
            97.0,
            88.29787234042553,
            91.83673469387756
        ]
    },
    "OSR Accuracy": {
        "TNR": 67.29435084241824,
        "AUROC": 95.44113417654471,
        "DTACC": 91.4521912391814,
        "AUIN": 96.54386171144098,
        "AUOUT": 92.83417846063499,
        "OSCR": 83.90353209424163,
        "AUPR": 92.89579194851612
    }
}