{
    "OA": 97.23270440251572,
    "AA": 95.54207188160677,
    "OOD": 99.8,
    "NMI": 91.59239872145888,
    "H-score": 97.40136632797002,
    "H3-score": 95.38618924237154,
    "Recall-all": [
        100.0,
        100.0,
        100.0,
        100.0,
        100.0,
        100.0,
        51.162790697674424,
        100.0,
        100.0,
        100.0,
        99.8
    ],
    "Closed Set Accuracy": {
        "OA": 99.66101694915255,
        "AA": 99.76744186046511,
        "Recall-all": [
            100.0,
            100.0,
            100.0,
            100.0,
            100.0,
            100.0,
            97.67441860465115,
            100.0,
            100.0,
            100.0
        ]
    },
    "OSR Accuracy": {
        "TNR": 99.0,
        "AUROC": 99.7850847457627,
        "DTACC": 97.94406779661017,
        "AUIN": 99.50680190737462,
        "AUOUT": 99.76900719834076,
        "OSCR": 99.44101694915246,
        "AUPR": 99.86914303492918
    }
}