{
    "OA": 60.66737664181754,
    "AA": 59.394901075069185,
    "OOD": null,
    "NMI": null,
    "H-score": null,
    "H3-score": null,
    "Recall-all": [
        83.69565217391305,
        8.536585365853659,
        90.42553191489363,
        95.95959595959596,
        86.0,
        87.0,
        0.0,
        87.0,
        72.3404255319149,
        88.77551020408163,
        91.66666666666666,
        69.51219512195121,
        0.0,
        75.82417582417582,
        56.70103092783505,
        19.587628865979383,
        69.1358024691358,
        12.244897959183673,
        95.0,
        2.083333333333333,
        76.84210526315789,
        72.04301075268818,
        70.0,
        14.285714285714285,
        76.66666666666667,
        77.33333333333333,
        45.0,
        68.68686868686868,
        68.68686868686868,
        48.95833333333333,
        31.25
    ],
    "Closed Set Accuracy": {
        "OA": 78.16826411075613,
        "AA": 77.03383367785422,
        "Recall-all": [
            95.65217391304348,
            98.78048780487805,
            96.80851063829788,
            96.96969696969697,
            91.0,
            96.0,
            21.21212121212121,
            99.0,
            88.29787234042553,
            90.81632653061224,
            100.0,
            91.46341463414635,
            11.11111111111111,
            89.01098901098901,
            74.22680412371135,
            47.42268041237113,
            71.60493827160494,
            77.55102040816327,
            100.0,
            8.333333333333332,
            89.47368421052632,
            75.26881720430107,
            99.0,
            40.816326530612244,
            96.66666666666667,
            85.33333333333334,
            49.0,
            87.87878787878788,
            80.8080808080808,
            79.16666666666666,
            59.375
        ]
    },
    "OSR Accuracy": null
}