{
    "OA": 93.83647798742139,
    "AA": 96.4194750707879,
    "OOD": 92.60000000000001,
    "NMI": 92.36501928756688,
    "H-score": 94.65361222637237,
    "H3-score": 93.87957797648316,
    "Recall-all": [
        100.0,
        100.0,
        90.32258064516128,
        100.0,
        96.29629629629629,
        100.0,
        81.3953488372093,
        100.0,
        100.0,
        100.0,
        92.60000000000001
    ],
    "Closed Set Accuracy": {
        "OA": 99.66101694915255,
        "AA": 99.76744186046511,
        "Recall-all": [
            100.0,
            100.0,
            100.0,
            100.0,
            100.0,
            100.0,
            97.67441860465115,
            100.0,
            100.0,
            100.0
        ]
    },
    "OSR Accuracy": {
        "TNR": 92.80000000000001,
        "AUROC": 97.01627118644069,
        "DTACC": 94.78305084745762,
        "AUIN": 93.74787299708368,
        "AUOUT": 98.44429160247913,
        "OSCR": 96.6657627118643,
        "AUPR": 98.54551240903572
    }
}