{
    "OA": 92.82925097621583,
    "AA": 82.17942143089299,
    "OOD": 99.40828402366864,
    "NMI": 77.7295566516552,
    "H-score": 88.93347424967482,
    "H3-score": 84.8577249878122,
    "Recall-all": [
        89.13043478260869,
        97.5609756097561,
        90.42553191489363,
        94.94949494949495,
        86.0,
        91.0,
        0.0,
        88.0,
        78.72340425531915,
        88.77551020408163,
        99.40828402366864
    ],
    "Closed Set Accuracy": {
        "OA": 88.20459290187893,
        "AA": 88.50069389156955,
        "Recall-all": [
            98.91304347826086,
            98.78048780487805,
            97.87234042553192,
            98.98989898989899,
            91.0,
            96.0,
            23.232323232323232,
            98.0,
            89.36170212765957,
            92.85714285714286
        ]
    },
    "OSR Accuracy": {
        "TNR": 53.25443786982249,
        "AUROC": 94.7130755866905,
        "DTACC": 91.5730728240765,
        "AUIN": 94.25657543785708,
        "AUOUT": 95.84669997074342,
        "OSCR": 82.97050628831575,
        "AUPR": 95.87787468270865
    }
}