{
    "OA": 82.35908141962422,
    "AA": 82.78094205263656,
    "OOD": null,
    "NMI": null,
    "H-score": null,
    "H3-score": null,
    "Recall-all": [
        95.65217391304348,
        97.5609756097561,
        95.74468085106383,
        96.96969696969697,
        86.0,
        92.0,
        0.0,
        90.0,
        85.1063829787234,
        88.77551020408163
    ],
    "Closed Set Accuracy": {
        "OA": 86.63883089770354,
        "AA": 86.94630524686771,
        "Recall-all": [
            95.65217391304348,
            98.78048780487805,
            97.87234042553192,
            96.96969696969697,
            93.0,
            95.0,
            22.22222222222222,
            94.0,
            86.17021276595744,
            89.79591836734694
        ]
    },
    "OSR Accuracy": null
}