{
    "OA": 92.90780141843972,
    "AA": 94.35783699809134,
    "OOD": 92.56505576208178,
    "NMI": 96.28403890971923,
    "H-score": 93.54019273421818,
    "H3-score": 94.4386053456604,
    "Recall-all": [
        96.55172413793103,
        100.0,
        87.09677419354838,
        100.0,
        96.29629629629629,
        100.0,
        72.09302325581395,
        93.33333333333333,
        100.0,
        100.0,
        92.56505576208178
    ],
    "Closed Set Accuracy": {
        "OA": 100.0,
        "AA": 100.0,
        "Recall-all": [
            100.0,
            100.0,
            100.0,
            100.0,
            100.0,
            100.0,
            100.0,
            100.0,
            100.0,
            100.0
        ]
    },
    "OSR Accuracy": {
        "TNR": 91.44981412639406,
        "AUROC": 98.10345913931069,
        "DTACC": 94.19948333438347,
        "AUIN": 97.98770305293452,
        "AUOUT": 98.06145548788733,
        "OSCR": 98.08455673870577,
        "AUPR": 98.25013647052317
    }
}