{
    "OA": 96.94915254237289,
    "AA": 97.67914200772415,
    "OOD": null,
    "NMI": null,
    "H-score": null,
    "H3-score": null,
    "Recall-all": [
        100.0,
        100.0,
        96.7741935483871,
        100.0,
        96.29629629629629,
        100.0,
        83.72093023255815,
        100.0,
        100.0,
        100.0
    ],
    "Closed Set Accuracy": {
        "OA": 99.66101694915255,
        "AA": 99.76744186046511,
        "Recall-all": [
            100.0,
            100.0,
            100.0,
            100.0,
            100.0,
            100.0,
            97.67441860465115,
            100.0,
            100.0,
            100.0
        ]
    },
    "OSR Accuracy": null
}