{
    "OA": 85.17745302713988,
    "AA": 84.84773023864136,
    "OOD": null,
    "NMI": null,
    "H-score": null,
    "H3-score": null,
    "Recall-all": [
        0.0,
        95.1219512195122,
        96.80851063829788,
        97.97979797979798,
        90.0,
        99.0,
        91.91919191919192,
        91.0,
        97.87234042553192,
        88.77551020408163
    ],
    "Closed Set Accuracy": {
        "OA": 94.67640918580375,
        "AA": 94.65837442903974,
        "Recall-all": [
            84.78260869565217,
            95.1219512195122,
            98.93617021276596,
            100.0,
            90.0,
            99.0,
            92.92929292929293,
            93.0,
            98.93617021276596,
            93.87755102040816
        ]
    },
    "OSR Accuracy": null
}