{
    "OA": 90.96385542168674,
    "AA": 98.44155844155846,
    "OOD": 82.85714285714286,
    "NMI": 88.5342669357359,
    "H-score": 90.62450439724157,
    "H3-score": 89.91820887611257,
    "Recall-all": [
        100.0,
        100.0,
        100.0,
        100.0,
        100.0,
        100.0,
        100.0,
        100.0,
        100.0,
        100.0,
        82.85714285714286
    ],
    "Closed Set Accuracy": {
        "OA": 100.0,
        "AA": 100.0,
        "Recall-all": [
            100.0,
            100.0,
            100.0,
            100.0,
            100.0,
            100.0,
            100.0,
            100.0,
            100.0,
            100.0
        ]
    },
    "OSR Accuracy": {
        "TNR": 90.28571428571428,
        "AUROC": 98.26751592356688,
        "DTACC": 92.91355777979982,
        "AUIN": 97.76308316809104,
        "AUOUT": 98.29111325840046,
        "OSCR": 98.23657870791638,
        "AUPR": 98.58059224591202
    }
}