{
    "OA": 84.96868475991648,
    "AA": 84.57216153999457,
    "OOD": null,
    "NMI": null,
    "H-score": null,
    "H3-score": null,
    "Recall-all": [
        0.0,
        91.46341463414635,
        96.80851063829788,
        98.98989898989899,
        90.0,
        99.0,
        91.91919191919192,
        92.0,
        95.74468085106383,
        89.79591836734694
    ],
    "Closed Set Accuracy": {
        "OA": 94.258872651357,
        "AA": 94.21802180416961,
        "Recall-all": [
            82.6086956521739,
            93.90243902439023,
            98.93617021276596,
            98.98989898989899,
            90.0,
            99.0,
            92.92929292929293,
            93.0,
            98.93617021276596,
            93.87755102040816
        ]
    },
    "OSR Accuracy": null
}