{
    "OA": 82.35908141962422,
    "AA": 82.69987889972936,
    "OOD": null,
    "NMI": null,
    "H-score": null,
    "H3-score": null,
    "Recall-all": [
        85.86956521739131,
        96.34146341463415,
        96.80851063829788,
        96.96969696969697,
        86.0,
        92.0,
        0.0,
        97.0,
        87.2340425531915,
        88.77551020408163
    ],
    "Closed Set Accuracy": {
        "OA": 90.39665970772442,
        "AA": 90.5077075649974,
        "Recall-all": [
            85.86956521739131,
            97.5609756097561,
            97.87234042553192,
            97.97979797979798,
            92.0,
            94.0,
            59.59595959595959,
            99.0,
            89.36170212765957,
            91.83673469387756
        ]
    },
    "OSR Accuracy": null
}