{
    "OA": 81.02409638554217,
    "AA": 96.72727272727273,
    "OOD": 64.0,
    "NMI": 88.5342669357359,
    "H-score": 78.04830458350864,
    "H3-score": 81.25767398872705,
    "Recall-all": [
        100.0,
        100.0,
        100.0,
        100.0,
        100.0,
        100.0,
        100.0,
        100.0,
        100.0,
        100.0,
        64.0
    ],
    "Closed Set Accuracy": {
        "OA": 100.0,
        "AA": 100.0,
        "Recall-all": [
            100.0,
            100.0,
            100.0,
            100.0,
            100.0,
            100.0,
            100.0,
            100.0,
            100.0,
            100.0
        ]
    },
    "OSR Accuracy": {
        "TNR": 79.42857142857143,
        "AUROC": 96.09099181073704,
        "DTACC": 88.32393084622385,
        "AUIN": 95.55038483604095,
        "AUOUT": 96.4428272917798,
        "OSCR": 96.04003639672433,
        "AUPR": 96.73750963196
    }
}