{
    "OA": 98.99598393574297,
    "AA": 97.92788589709413,
    "OOD": 99.70674486803519,
    "NMI": 90.60205858321484,
    "H-score": 98.7181770698749,
    "H3-score": 95.85724008047683,
    "Recall-all": [
        100.0,
        100.0,
        100.0,
        100.0,
        90.0,
        87.5,
        100.0,
        100.0,
        100.0,
        100.0,
        99.70674486803519
    ],
    "Closed Set Accuracy": {
        "OA": 100.0,
        "AA": 100.0,
        "Recall-all": [
            100.0,
            100.0,
            100.0,
            100.0,
            100.0,
            100.0,
            100.0,
            100.0,
            100.0,
            100.0
        ]
    },
    "OSR Accuracy": {
        "TNR": 100.0,
        "AUROC": 99.98505706333938,
        "DTACC": 99.70674486803519,
        "AUIN": 99.64867218812617,
        "AUOUT": 99.84660387375634,
        "OSCR": 99.98225526271546,
        "AUPR": 99.99324120415002
    }
}