{
    "OA": 97.89156626506023,
    "AA": 97.14502164502164,
    "OOD": 99.42857142857143,
    "NMI": 91.81140996566323,
    "H-score": 98.15605134855312,
    "H3-score": 95.94725152019699,
    "Recall-all": [
        100.0,
        100.0,
        100.0,
        100.0,
        90.0,
        79.16666666666666,
        100.0,
        100.0,
        100.0,
        100.0,
        99.42857142857143
    ],
    "Closed Set Accuracy": {
        "OA": 100.0,
        "AA": 100.0,
        "Recall-all": [
            100.0,
            100.0,
            100.0,
            100.0,
            100.0,
            100.0,
            100.0,
            100.0,
            100.0,
            100.0
        ]
    },
    "OSR Accuracy": {
        "TNR": 99.42857142857143,
        "AUROC": 99.95632393084622,
        "DTACC": 99.3958143767061,
        "AUIN": 99.63275739921704,
        "AUOUT": 99.67602371903624,
        "OSCR": 99.95086442220196,
        "AUPR": 99.96184482316866
    }
}