{
    "OA": 64.572239971601,
    "AA": 63.3493781868011,
    "OOD": null,
    "NMI": null,
    "H-score": null,
    "H3-score": null,
    "Recall-all": [
        79.34782608695652,
        60.97560975609756,
        95.74468085106383,
        95.95959595959596,
        85.0,
        76.0,
        0.0,
        91.0,
        80.85106382978722,
        88.77551020408163,
        100.0,
        64.63414634146342,
        0.0,
        75.82417582417582,
        60.824742268041234,
        26.804123711340207,
        70.37037037037037,
        11.224489795918368,
        96.0,
        2.083333333333333,
        83.15789473684211,
        72.04301075268818,
        92.0,
        18.367346938775512,
        82.22222222222221,
        77.33333333333333,
        47.0,
        76.76767676767676,
        70.70707070707071,
        53.125,
        29.6875
    ],
    "Closed Set Accuracy": {
        "OA": 78.80724174653886,
        "AA": 77.47281419804814,
        "Recall-all": [
            88.04347826086956,
            98.78048780487805,
            97.87234042553192,
            96.96969696969697,
            92.0,
            94.0,
            55.55555555555556,
            99.0,
            90.42553191489363,
            90.81632653061224,
            100.0,
            90.2439024390244,
            8.333333333333332,
            85.71428571428571,
            72.16494845360825,
            56.70103092783505,
            72.8395061728395,
            66.3265306122449,
            100.0,
            10.416666666666668,
            90.52631578947368,
            75.26881720430107,
            98.0,
            43.87755102040816,
            96.66666666666667,
            82.66666666666667,
            49.0,
            85.85858585858585,
            81.81818181818183,
            77.08333333333334,
            54.6875
        ]
    },
    "OSR Accuracy": null
}