{
    "OA": 92.46987951807229,
    "AA": 94.92461885940148,
    "OOD": 89.71428571428571,
    "NMI": 83.17845545471928,
    "H-score": 92.49076621643665,
    "H3-score": 89.16462867054891,
    "Recall-all": [
        100.0,
        100.0,
        100.0,
        100.0,
        80.0,
        95.83333333333334,
        100.0,
        91.66666666666666,
        100.0,
        86.95652173913044,
        89.71428571428571
    ],
    "Closed Set Accuracy": {
        "OA": 99.36305732484077,
        "AA": 99.56521739130434,
        "Recall-all": [
            100.0,
            100.0,
            100.0,
            100.0,
            100.0,
            100.0,
            100.0,
            100.0,
            100.0,
            95.65217391304348
        ]
    },
    "OSR Accuracy": {
        "TNR": 89.71428571428571,
        "AUROC": 97.40491355777979,
        "DTACC": 93.41947224749772,
        "AUIN": 96.39636971082489,
        "AUOUT": 97.73117467457946,
        "OSCR": 96.7315741583256,
        "AUPR": 98.02200216140923
    }
}