{
    "OA": 91.08981185658503,
    "AA": 77.27068451136236,
    "OOD": 99.24690693921463,
    "NMI": 76.47103927579793,
    "H-score": 85.48333867659917,
    "H3-score": 82.25345090208779,
    "Recall-all": [
        0.0,
        87.8048780487805,
        96.80851063829788,
        96.96969696969697,
        84.0,
        99.0,
        22.22222222222222,
        90.0,
        86.17021276595744,
        87.75510204081633,
        99.24690693921463
    ],
    "Closed Set Accuracy": {
        "OA": 97.4947807933194,
        "AA": 97.57987086405218,
        "Recall-all": [
            98.91304347826086,
            100.0,
            98.93617021276596,
            100.0,
            91.0,
            99.0,
            94.94949494949495,
            93.0,
            100.0,
            100.0
        ]
    },
    "OSR Accuracy": {
        "TNR": 84.45400753093061,
        "AUROC": 97.34800288839153,
        "DTACC": 91.66883782669876,
        "AUIN": 95.89034574404702,
        "AUOUT": 98.31856222451498,
        "OSCR": 94.85794436814182,
        "AUPR": 98.34622817201142
    }
}