{
    "OA": 87.43343982960596,
    "AA": 77.87104017369735,
    "OOD": 93.3835395373857,
    "NMI": 65.84915764486912,
    "H-score": 83.9932859529724,
    "H3-score": 76.9290085998689,
    "Recall-all": [
        66.30434782608695,
        97.5609756097561,
        94.68085106382979,
        85.85858585858585,
        82.0,
        87.0,
        48.484848484848484,
        71.0,
        92.5531914893617,
        37.755102040816325,
        93.3835395373857
    ],
    "Closed Set Accuracy": {
        "OA": 94.88517745302714,
        "AA": 94.98979673836288,
        "Recall-all": [
            94.56521739130434,
            100.0,
            94.68085106382979,
            96.96969696969697,
            93.0,
            92.0,
            88.88888888888889,
            98.0,
            98.93617021276596,
            92.85714285714286
        ]
    },
    "OSR Accuracy": {
        "TNR": 73.05002689618074,
        "AUROC": 93.7070798159605,
        "DTACC": 87.70131426306149,
        "AUIN": 88.49312507171096,
        "AUOUT": 96.21328353626896,
        "OSCR": 88.83210494339451,
        "AUPR": 96.24235414122859
    }
}