{
    "OA": 91.58679446219382,
    "AA": 78.71709982257347,
    "OOD": 99.19311457772996,
    "NMI": 76.47103927579793,
    "H-score": 86.48845781883578,
    "H3-score": 82.87122355746192,
    "Recall-all": [
        0.0,
        91.46341463414635,
        95.74468085106383,
        97.97979797979798,
        88.0,
        99.0,
        26.262626262626267,
        89.0,
        91.48936170212765,
        87.75510204081633,
        99.19311457772996
    ],
    "Closed Set Accuracy": {
        "OA": 97.7035490605428,
        "AA": 97.77987086405219,
        "Recall-all": [
            98.91304347826086,
            100.0,
            98.93617021276596,
            100.0,
            91.0,
            99.0,
            94.94949494949495,
            95.0,
            100.0,
            100.0
        ]
    },
    "OSR Accuracy": {
        "TNR": 84.07746100053792,
        "AUROC": 97.31133648750479,
        "DTACC": 91.87120491520685,
        "AUIN": 96.10508819446815,
        "AUOUT": 98.06431417887875,
        "OSCR": 95.02956895360938,
        "AUPR": 98.09261233110284
    }
}