{
    "OA": 58.69970322313479,
    "AA": 67.78984228249278,
    "OOD": null,
    "NMI": null,
    "H-score": null,
    "H3-score": null,
    "Recall-all": [
        97.47668678003292,
        77.6978417266187,
        80.8955223880597,
        20.776848379963464,
        80.49456405883608,
        49.39759036144578
    ],
    "Closed Set Accuracy": {
        "OA": 83.52888398095106,
        "AA": 87.98989324457217,
        "Recall-all": [
            99.4240263302249,
            91.59712230215827,
            92.0682302771855,
            65.14758196327276,
            98.40119377531444,
            81.3012048192771
        ]
    },
    "OSR Accuracy": null
}