{
    "OA": 79.18654280692945,
    "AA": 9.090909090909092,
    "OOD": 100.0,
    "NMI": 85.12541006991601,
    "H-score": 0.0,
    "H3-score": 0.0029999347600118,
    "UCR": 97.68113785852422,
    "Recall-all": [
        0.0,
        0.0,
        0.0,
        0.0,
        0.0,
        0.0,
        0.0,
        0.0,
        0.0,
        0.0,
        100.0
    ],
    "Closed Set Accuracy": {
        "OA": 99.39686369119421,
        "AA": 99.38083101637318,
        "Recall-all": [
            100.0,
            100.0,
            100.0,
            97.59036144578313,
            100.0,
            98.71794871794873,
            97.5,
            100.0,
            100.0,
            100.0
        ]
    },
    "OSR Accuracy": {
        "TNR": 91.02726696258719,
        "AUROC": 98.28509645208985,
        "DTACC": 93.71242827955845,
        "AUIN": 94.19274607426351,
        "AUOUT": 99.50745260067926,
        "OSCR": 97.68113785852422,
        "AUPR": 99.52338929854135
    }
}