{
    "OA": 0.0,
    "AA": 0.0,
    "OOD": null,
    "NMI": null,
    "H-score": null,
    "H3-score": null,
    "UCR": 94.53340695748206,
    "Recall-all": [
        0.0,
        0.0,
        0.0,
        0.0,
        0.0,
        0.0,
        0.0,
        0.0,
        0.0,
        0.0,
        0.0,
        0.0,
        0.0,
        0.0,
        0.0,
        0.0,
        0.0,
        0.0,
        0.0,
        0.0,
        0.0,
        0.0,
        0.0,
        0.0,
        0.0
    ],
    "Closed Set Accuracy": {
        "OA": 94.53340695748206,
        "AA": 93.54577062915403,
        "Recall-all": [
            100.0,
            100.0,
            100.0,
            97.59036144578313,
            98.98989898989899,
            87.17948717948718,
            87.5,
            100.0,
            100.0,
            100.0,
            100.0,
            89.23076923076924,
            57.8125,
            93.42105263157895,
            100.0,
            95.16129032258065,
            76.47058823529412,
            90.69767441860465,
            100.0,
            95.0,
            100.0,
            100.0,
            100.0,
            80.7017543859649,
            88.88888888888889
        ]
    },
    "OSR Accuracy": null
}