{
    "OA": 72.52696809731466,
    "AA": 6.8269230769230775,
    "OOD": 100.0,
    "NMI": 85.12541006991601,
    "H-score": 1.2232294327349955,
    "H3-score": 1.8246945459168793,
    "UCR": 96.62432378154165,
    "Recall-all": [
        0.0,
        0.0,
        0.0,
        0.0,
        0.0,
        0.0,
        0.0,
        0.0,
        0.0,
        0.0,
        0.0,
        9.230769230769232,
        0.0,
        0.0,
        0.0,
        100.0
    ],
    "Closed Set Accuracy": {
        "OA": 98.91936824605155,
        "AA": 98.82608707434326,
        "Recall-all": [
            100.0,
            100.0,
            100.0,
            97.59036144578313,
            100.0,
            98.71794871794873,
            97.5,
            100.0,
            100.0,
            100.0,
            100.0,
            93.84615384615384,
            100.0,
            94.73684210526315,
            100.0
        ]
    },
    "OSR Accuracy": {
        "TNR": 89.41027266962587,
        "AUROC": 97.70313700002795,
        "DTACC": 92.61409728690323,
        "AUIN": 94.76192218702599,
        "AUOUT": 99.02076606029715,
        "OSCR": 96.62432378154165,
        "AUPR": 99.03680347273165
    }
}