{
    "OA": 63.376337841201355,
    "AA": 1.5845255154314508,
    "OOD": 99.99671797564737,
    "NMI": 64.06274698093681,
    "H-score": 1.839788099113607,
    "H3-score": 2.7235057174434836,
    "Recall-all": [
        0.0,
        0.0,
        0.0,
        0.0,
        0.0,
        0.0,
        0.0,
        3.225806451612903,
        0.0,
        0.0,
        22.22222222222222,
        0.6896551724137931,
        0.0,
        0.0,
        0.0,
        0.0,
        0.0,
        0.7518796992481203,
        0.0,
        0.0,
        0.0,
        0.0,
        0.0,
        0.0,
        0.0,
        0.0,
        0.0,
        0.0,
        0.0,
        0.0,
        3.804347826086957,
        0.0,
        0.0,
        0.0,
        0.0,
        0.0,
        0.0,
        0.0,
        0.0,
        0.0,
        0.0,
        0.0,
        0.0,
        0.8,
        0.0,
        0.0,
        1.4388489208633095,
        0.0,
        0.0,
        0.0,
        0.0,
        0.0,
        0.0,
        0.0,
        0.0,
        0.0,
        0.0,
        0.0,
        0.0,
        0.0,
        0.0,
        0.0,
        4.3478260869565215,
        0.0,
        0.0,
        0.0,
        0.0,
        0.0,
        0.0,
        0.0,
        0.0,
        0.0,
        0.0,
        0.0,
        0.0,
        0.0,
        0.0,
        0.0,
        0.0,
        0.0,
        0.0,
        0.0,
        0.0,
        0.0,
        0.0,
        0.8264462809917356,
        0.0,
        0.0,
        0.0,
        17.857142857142858,
        2.1739130434782608,
        0.0,
        0.0,
        0.0,
        0.0,
        0.0,
        0.0,
        0.0,
        0.0,
        0.0,
        0.0,
        0.0,
        0.0,
        0.0,
        0.0,
        0.0,
        0.0,
        0.0,
        0.0,
        0.0,
        0.0,
        0.0,
        0.0,
        3.061224489795918,
        0.0,
        0.0,
        0.0,
        0.0,
        0.0,
        0.0,
        0.5263157894736842,
        0.0,
        0.0,
        0.0,
        0.0,
        0.0,
        0.0,
        0.0,
        0.0,
        0.0,
        0.0,
        0.0,
        2.5,
        0.0,
        0.0,
        0.0,
        0.0,
        0.0,
        74.19354838709677,
        0.0,
        0.0,
        0.0,
        0.0,
        0.0,
        0.0,
        0.0,
        0.0,
        0.0,
        0.0,
        0.847457627118644,
        99.99671797564737
    ],
    "Closed Set Accuracy": {
        "OA": 83.07501549907006,
        "AA": 84.57803668956664,
        "Recall-all": [
            100.0,
            94.37229437229438,
            84.39716312056737,
            93.75,
            94.23076923076923,
            61.038961038961034,
            100.0,
            90.32258064516128,
            100.0,
            45.40229885057471,
            95.83333333333334,
            91.0344827586207,
            96.07843137254902,
            93.66197183098592,
            79.48717948717949,
            95.71428571428572,
            96.96969696969697,
            81.203007518797,
            88.7218045112782,
            99.10714285714286,
            94.64285714285714,
            97.26027397260275,
            98.18181818181819,
            97.58064516129032,
            76.4179104477612,
            95.41984732824427,
            99.0,
            71.26436781609196,
            87.36842105263159,
            99.16666666666667,
            84.78260869565217,
            93.92523364485982,
            75.4601226993865,
            73.80952380952381,
            47.19101123595505,
            73.52941176470588,
            48.19277108433735,
            74.22680412371135,
            83.11111111111111,
            80.95238095238095,
            95.76719576719577,
            86.97916666666666,
            93.58974358974359,
            90.4,
            87.11656441717791,
            67.2566371681416,
            99.28057553956835,
            95.48387096774194,
            30.484988452655887,
            94.25287356321839,
            100.0,
            78.26086956521739,
            97.91666666666666,
            82.92682926829268,
            97.8021978021978,
            92.10526315789474,
            54.166666666666664,
            94.82758620689656,
            92.45283018867924,
            81.53846153846153,
            84.44444444444444,
            100.0,
            78.26086956521739,
            74.35897435897436,
            93.4065934065934,
            94.11764705882352,
            100.0,
            87.5,
            92.53731343283582,
            69.56521739130434,
            83.33333333333334,
            68.79432624113475,
            90.0,
            73.33333333333333,
            85.71428571428571,
            95.65217391304348,
            100.0,
            73.68421052631578,
            60.86956521739131,
            38.983050847457626,
            88.09523809523809,
            90.9090909090909,
            100.0,
            44.72361809045226,
            99.10714285714286,
            95.86776859504133,
            94.39252336448598,
            27.30627306273063,
            96.25,
            92.85714285714286,
            78.26086956521739,
            96.7741935483871,
            100.0,
            86.36363636363636,
            82.86852589641434,
            96.32352941176471,
            88.88888888888889,
            90.0,
            92.61744966442953,
            94.27083333333334,
            86.82170542635659,
            93.5251798561151,
            79.43925233644859,
            99.46236559139786,
            92.80000000000001,
            51.515151515151516,
            95.02923976608187,
            79.33333333333333,
            75.32051282051282,
            78.57142857142857,
            90.0,
            76.53061224489795,
            31.818181818181817,
            90.81632653061224,
            95.23809523809523,
            62.44541484716157,
            96.52509652509652,
            98.98989898989899,
            87.5,
            95.18072289156626,
            70.52631578947368,
            95.74468085106383,
            97.87234042553192,
            91.06145251396647,
            86.99186991869918,
            97.88732394366197,
            78.26086956521739,
            94.02985074626866,
            56.896551724137936,
            96.15384615384616,
            28.225806451612907,
            61.07660455486542,
            99.0,
            44.166666666666664,
            98.4126984126984,
            100.0,
            83.6734693877551,
            89.7590361445783,
            87.09677419354838,
            88.67924528301887,
            99.23076923076923,
            98.68421052631578,
            93.43065693430657,
            93.15068493150685,
            80.0,
            41.935483870967744,
            64.7887323943662,
            98.59154929577466,
            93.75,
            94.91525423728814
        ]
    },
    "OSR Accuracy": {
        "TNR": 29.26252912796613,
        "AUROC": 85.5832945178723,
        "DTACC": 79.10230426170372,
        "AUIN": 81.25786770025513,
        "AUOUT": 87.71063323705349,
        "OSCR": 70.54076703482257,
        "AUPR": 87.72516862971531
    }
}