{
    "OA": 56.39339652291863,
    "AA": 2.7535088581517493,
    "OOD": 100.0,
    "NMI": 82.79849433955954,
    "H-score": 4.123547717045304,
    "H3-score": 6.037842400016123,
    "Recall-all": [
        0.0,
        0.0,
        11.813186813186812,
        0.6880733944954129,
        0.0,
        0.6451612903225806,
        0.0,
        15.086206896551724,
        0.0,
        0.0,
        0.43668122270742354,
        0.0,
        0.0,
        0.0,
        0.36496350364963503,
        0.0,
        0.0,
        0.0,
        0.0,
        0.0,
        0.0,
        0.0,
        0.0,
        0.0,
        0.0,
        0.0,
        0.0,
        0.0,
        0.0,
        0.0,
        35.97122302158273,
        0.0,
        0.0,
        0.0,
        0.0,
        0.0,
        6.8493150684931505,
        3.201970443349754,
        0.0,
        0.0,
        0.0,
        0.0,
        0.0,
        0.0,
        0.0,
        0.0,
        1.366742596810934,
        0.0,
        0.0,
        0.0,
        0.0,
        0.0,
        2.681992337164751,
        0.8130081300813009,
        0.0,
        0.0,
        0.0,
        0.0,
        0.0,
        0.0,
        5.1020408163265305,
        0.0,
        0.0,
        0.0,
        0.0,
        16.55629139072848,
        1.5923566878980893,
        0.0,
        0.0,
        0.0,
        0.0,
        0.0,
        31.428571428571427,
        0.0,
        0.0,
        0.0,
        12.068965517241379,
        0.0,
        0.0,
        2.73972602739726,
        0.0,
        0.0,
        0.0,
        0.0,
        0.0,
        0.0,
        0.0,
        0.0,
        0.0,
        27.762039660056658,
        2.0253164556962027,
        0.0,
        0.0,
        0.0,
        0.0,
        0.0,
        0.0,
        0.5037783375314862,
        0.0,
        0.0,
        1.7412935323383085,
        0.0,
        0.36496350364963503,
        0.0,
        6.11353711790393,
        8.906882591093117,
        0.0,
        0.0,
        0.0,
        0.0,
        0.5970149253731344,
        0.37243947858473,
        0.0,
        8.040201005025125,
        0.0,
        0.0,
        0.0,
        0.0,
        0.3125,
        3.6011080332409975,
        2.3255813953488373,
        0.0,
        0.0,
        0.0,
        0.0,
        0.0,
        1.7921146953405016,
        0.0,
        27.671232876712327,
        0.0,
        2.056555269922879,
        0.0,
        0.9823182711198428,
        0.0,
        0.0,
        0.0,
        0.0,
        0.0,
        46.308724832214764,
        0.0,
        0.0,
        0.0,
        0.0,
        0.0,
        0.0,
        22.30769230769231,
        2.3904382470119523,
        0.0,
        0.0,
        0.1976284584980237,
        100.0
    ],
    "Closed Set Accuracy": {
        "OA": 92.26432996595412,
        "AA": 92.1211684794536,
        "Recall-all": [
            99.63369963369964,
            96.05263157894737,
            90.65934065934066,
            98.39449541284404,
            100.0,
            98.70967741935483,
            99.24812030075188,
            99.13793103448276,
            100.0,
            33.53658536585366,
            98.47161572052401,
            89.8876404494382,
            99.3485342019544,
            99.44444444444444,
            93.06569343065694,
            97.70642201834863,
            98.33333333333333,
            97.46835443037975,
            95.14563106796116,
            98.18181818181819,
            99.60159362549801,
            96.95290858725761,
            96.0919540229885,
            98.0440097799511,
            86.2475442043222,
            95.65217391304348,
            97.09677419354838,
            73.96963123644251,
            67.89587852494577,
            95.53752535496957,
            98.20143884892086,
            84.58781362007169,
            69.11764705882352,
            91.43576826196474,
            90.625,
            77.10843373493977,
            72.8310502283105,
            71.42857142857143,
            96.66666666666667,
            96.3855421686747,
            87.55020080321285,
            88.42676311030742,
            86.38059701492537,
            99.15433403805497,
            88.23529411764706,
            91.70305676855895,
            99.08883826879271,
            98.2725527831094,
            66.66666666666666,
            98.87387387387388,
            96.08695652173913,
            81.58379373848987,
            97.31800766283524,
            99.1869918699187,
            98.23529411764706,
            95.80838323353294,
            88.23529411764706,
            96.42857142857143,
            94.93087557603687,
            94.20289855072464,
            99.38775510204081,
            98.21882951653944,
            97.20101781170484,
            94.75890985324948,
            94.61400359066428,
            99.33774834437085,
            99.04458598726114,
            89.56043956043956,
            97.76785714285714,
            97.45454545454545,
            97.4304068522484,
            81.437125748503,
            97.5,
            84.26150121065376,
            94.24778761061947,
            79.86111111111111,
            95.97701149425288,
            92.80000000000001,
            97.66949152542372,
            75.61643835616438,
            95.47619047619048,
            98.40848806366049,
            99.5959595959596,
            93.75,
            99.19839679358718,
            96.11650485436894,
            100.0,
            62.01550387596899,
            95.06493506493506,
            98.86685552407933,
            90.88607594936708,
            94.3119266055046,
            97.77777777777777,
            96.5986394557823,
            92.06349206349206,
            95.54896142433235,
            100.0,
            92.44332493702771,
            99.62825278810409,
            96.79715302491103,
            98.75621890547264,
            89.5397489539749,
            63.868613138686136,
            99.08925318761385,
            97.59825327510917,
            83.40080971659918,
            75.1578947368421,
            99.14712153518124,
            74.84536082474227,
            65.14657980456026,
            90.44776119402985,
            94.41340782122904,
            48.72389791183295,
            97.73869346733667,
            99.18200408997954,
            95.85635359116023,
            94.8948948948949,
            99.18478260869566,
            98.75,
            99.7229916897507,
            99.4186046511628,
            96.78714859437751,
            98.44961240310077,
            87.59689922480621,
            94.97907949790795,
            98.1203007518797,
            98.9247311827957,
            91.9298245614035,
            96.43835616438356,
            98.54368932038835,
            76.34961439588689,
            98.89807162534436,
            96.85658153241651,
            92.99610894941634,
            98.63013698630137,
            93.60613810741688,
            82.62711864406779,
            60.664819944598335,
            96.86800894854586,
            92.11956521739131,
            99.21259842519686,
            99.40828402366864,
            99.28698752228165,
            98.61111111111111,
            83.95989974937343,
            87.3076923076923,
            94.02390438247012,
            99.0314769975787,
            98.49137931034483,
            99.60474308300395
        ]
    },
    "OSR Accuracy": {
        "TNR": 49.21152557516194,
        "AUROC": 91.0393086054596,
        "DTACC": 84.5720828037267,
        "AUIN": 90.92626342928396,
        "AUOUT": 89.47716890019883,
        "OSCR": 83.94191217634793,
        "AUPR": 89.48208128413819
    }
}