{
    "OA": 48.098206949881586,
    "AA": 0.796425269724655,
    "OOD": 100.0,
    "NMI": 70.71491972096287,
    "H-score": 0.2697691399560806,
    "H3-score": 0.4068678276408705,
    "Recall-all": [
        0.0,
        0.0,
        0.0,
        0.0,
        0.0,
        0.0,
        0.0,
        0.0,
        0.0,
        0.0,
        1.76678445229682,
        0.0,
        0.0,
        0.0,
        0.0,
        0.0,
        0.0,
        0.0,
        0.0,
        0.0,
        0.0,
        0.0,
        0.0,
        0.0,
        0.0,
        0.0,
        0.0,
        0.0,
        0.0,
        0.0,
        0.0,
        0.0,
        0.0,
        0.0,
        0.0,
        0.0,
        0.0,
        0.8042895442359249,
        0.0,
        0.0,
        0.0,
        0.0,
        0.0,
        0.0,
        0.0,
        0.0,
        0.0,
        0.0,
        0.0,
        0.0,
        0.0,
        0.0,
        0.0,
        0.0,
        0.0,
        0.0,
        0.0,
        0.0,
        0.0,
        0.0,
        0.0,
        0.0,
        0.0,
        0.0,
        0.0,
        0.0,
        0.0,
        0.0,
        0.0,
        0.0,
        0.0,
        0.0,
        0.0,
        0.0,
        0.0,
        0.0,
        0.0,
        0.0,
        0.0,
        0.0,
        0.0,
        0.0,
        0.0,
        0.0,
        0.0,
        0.0,
        0.0,
        0.0,
        0.0,
        0.0,
        0.0,
        0.0,
        0.0,
        0.0,
        0.0,
        0.0,
        0.0,
        0.0,
        0.0,
        0.0,
        0.7575757575757576,
        0.0,
        0.0,
        0.0,
        0.49261083743842365,
        0.0,
        0.0,
        0.0,
        0.0,
        0.0,
        0.0,
        0.0,
        0.0,
        0.0,
        0.0,
        0.0,
        0.0,
        0.0,
        0.0,
        2.7777777777777777,
        0.0,
        0.0,
        0.0,
        0.0,
        0.0,
        0.0,
        0.847457627118644,
        0.0,
        0.8,
        0.0,
        0.0,
        0.0,
        0.45871559633027525,
        0.0,
        0.0,
        0.0,
        0.0,
        0.0,
        8.974358974358974,
        0.0,
        0.0,
        0.0,
        0.0,
        0.0,
        0.0,
        2.5806451612903225,
        0.0,
        0.0,
        0.0,
        0.0,
        100.0
    ],
    "Closed Set Accuracy": {
        "OA": 81.76916283177613,
        "AA": 80.5295433021949,
        "Recall-all": [
            96.7741935483871,
            69.44444444444444,
            53.44827586206896,
            74.50980392156863,
            86.64772727272727,
            73.5576923076923,
            77.4390243902439,
            44.761904761904766,
            91.63987138263666,
            41.35593220338983,
            84.09893992932862,
            54.90196078431373,
            95.13513513513514,
            84.0,
            48.888888888888886,
            92.9530201342282,
            82.14285714285714,
            70.2127659574468,
            43.40277777777778,
            94.79166666666666,
            80.75117370892019,
            76.66666666666667,
            84.81375358166189,
            96.60377358490567,
            64.0926640926641,
            84.375,
            95.8904109589041,
            81.81818181818183,
            62.93103448275862,
            95.58823529411765,
            54.36893203883495,
            90.32258064516128,
            69.87951807228916,
            77.77777777777779,
            95.6140350877193,
            72.72727272727273,
            78.57142857142857,
            78.01608579088472,
            64.46700507614213,
            73.33333333333333,
            94.47852760736197,
            78.53881278538812,
            86.62613981762918,
            95.71428571428572,
            74.13793103448276,
            76.19047619047619,
            100.0,
            98.71794871794873,
            13.043478260869565,
            98.14814814814815,
            96.47058823529412,
            80.37383177570094,
            62.5,
            93.33333333333333,
            89.10891089108911,
            89.90825688073394,
            90.0,
            94.03973509933775,
            83.33333333333334,
            89.1891891891892,
            92.10526315789474,
            96.7741935483871,
            96.75675675675676,
            95.54140127388536,
            95.83333333333334,
            100.0,
            95.45454545454545,
            81.52173913043478,
            66.66666666666666,
            94.87179487179486,
            95.95959595959596,
            58.82352941176471,
            91.93548387096774,
            82.96703296703298,
            75.77319587628865,
            89.92248062015504,
            98.14814814814815,
            63.63636363636363,
            91.8918918918919,
            66.66666666666666,
            83.33333333333334,
            99.08256880733946,
            98.13084112149532,
            91.66666666666666,
            95.23809523809523,
            89.0909090909091,
            96.07843137254902,
            28.37465564738292,
            72.72727272727273,
            81.08108108108108,
            89.41176470588236,
            95.02982107355865,
            96.78571428571429,
            95.40229885057471,
            86.77685950413223,
            99.37888198757764,
            100.0,
            42.857142857142854,
            85.2112676056338,
            95.56313993174061,
            96.21212121212122,
            64.61538461538461,
            13.559322033898304,
            98.98648648648648,
            80.78817733990148,
            90.9090909090909,
            87.06467661691542,
            53.44827586206896,
            78.57142857142857,
            54.54545454545454,
            92.91666666666667,
            85.29411764705883,
            12.82051282051282,
            85.0,
            100.0,
            88.23529411764706,
            95.8955223880597,
            99.35064935064936,
            36.64383561643836,
            96.52777777777779,
            85.71428571428571,
            81.41592920353983,
            86.98224852071006,
            66.10169491525424,
            44.827586206896555,
            100.0,
            89.83050847457628,
            93.91891891891892,
            77.60000000000001,
            98.63013698630137,
            57.534246575342465,
            70.8803611738149,
            95.41284403669725,
            53.275109170305676,
            88.73239436619718,
            99.0,
            74.19354838709677,
            58.19209039548022,
            94.87179487179486,
            70.54545454545455,
            65.87301587301587,
            98.84393063583815,
            88.8268156424581,
            50.0,
            86.60714285714286,
            61.29032258064516,
            66.15384615384615,
            97.25274725274726,
            94.28571428571428,
            96.21451104100946
        ]
    },
    "OSR Accuracy": {
        "TNR": 31.003070109215358,
        "AUROC": 85.46938660750577,
        "DTACC": 78.41962153738558,
        "AUIN": 87.94482551323729,
        "AUOUT": 80.45984639989581,
        "OSCR": 70.48675553364367,
        "AUPR": 80.4645840243113
    }
}