{
    "OA": 93.08510638297872,
    "AA": 91.62739339436251,
    "OOD": 97.02602230483272,
    "NMI": 87.68697092772032,
    "H-score": 93.96254180632435,
    "H3-score": 91.77452321534518,
    "Recall-all": [
        96.55172413793103,
        100.0,
        93.54838709677419,
        100.0,
        100.0,
        66.66666666666666,
        67.44186046511628,
        100.0,
        100.0,
        86.66666666666667,
        97.02602230483272
    ],
    "Closed Set Accuracy": {
        "OA": 94.91525423728814,
        "AA": 95.8062015503876,
        "Recall-all": [
            100.0,
            100.0,
            100.0,
            100.0,
            100.0,
            83.33333333333334,
            81.3953488372093,
            100.0,
            100.0,
            93.33333333333333
        ]
    },
    "OSR Accuracy": {
        "TNR": 66.91449814126393,
        "AUROC": 96.1577720370487,
        "DTACC": 93.3627370676076,
        "AUIN": 97.42272074273059,
        "AUOUT": 92.04064262980653,
        "OSCR": 91.05349379371174,
        "AUPR": 92.30174858619272
    }
}