{
    "OA": 95.72327044025157,
    "AA": 92.98304576144037,
    "OOD": 98.8,
    "NMI": 93.10139306391119,
    "H-score": 95.49310871163294,
    "H3-score": 94.68366059275604,
    "Recall-all": [
        100.0,
        100.0,
        93.54838709677419,
        100.0,
        100.0,
        70.0,
        60.46511627906976,
        100.0,
        100.0,
        100.0,
        98.8
    ],
    "Closed Set Accuracy": {
        "OA": 96.61016949152543,
        "AA": 97.47286821705427,
        "Recall-all": [
            100.0,
            100.0,
            100.0,
            100.0,
            100.0,
            93.33333333333333,
            81.3953488372093,
            100.0,
            100.0,
            100.0
        ]
    },
    "OSR Accuracy": {
        "TNR": 93.6,
        "AUROC": 97.89762711864405,
        "DTACC": 95.57118644067796,
        "AUIN": 97.7579099993148,
        "AUOUT": 97.68147762755996,
        "OSCR": 94.4979661016951,
        "AUPR": 97.78914463289219
    }
}