{
    "OA": 33.559322033898304,
    "AA": 34.58142819777194,
    "OOD": null,
    "NMI": null,
    "H-score": null,
    "H3-score": null,
    "Recall-all": [
        34.48275862068966,
        52.38095238095239,
        32.25806451612903,
        29.629629629629626,
        37.03703703703704,
        33.33333333333333,
        25.581395348837212,
        30.0,
        44.44444444444444,
        26.666666666666668
    ],
    "Closed Set Accuracy": {
        "OA": 49.152542372881356,
        "AA": 50.6043081651639,
        "Recall-all": [
            48.275862068965516,
            66.66666666666666,
            54.83870967741935,
            70.37037037037037,
            55.55555555555556,
            40.0,
            32.55813953488372,
            43.333333333333336,
            44.44444444444444,
            50.0
        ]
    },
    "OSR Accuracy": null
}