{
    "OA": 35.25423728813559,
    "AA": 36.52371932610958,
    "OOD": null,
    "NMI": null,
    "H-score": null,
    "H3-score": null,
    "Recall-all": [
        34.48275862068966,
        52.38095238095239,
        32.25806451612903,
        37.03703703703704,
        40.74074074074074,
        33.33333333333333,
        20.930232558139537,
        30.0,
        40.74074074074074,
        43.333333333333336
    ],
    "Closed Set Accuracy": {
        "OA": 50.16949152542372,
        "AA": 51.774227629156876,
        "Recall-all": [
            48.275862068965516,
            71.42857142857143,
            38.70967741935484,
            74.07407407407408,
            59.25925925925925,
            33.33333333333333,
            34.883720930232556,
            56.666666666666664,
            44.44444444444444,
            56.666666666666664
        ]
    },
    "OSR Accuracy": null
}