{
    "OA": 59.74842767295597,
    "AA": 58.049344652366045,
    "OOD": null,
    "NMI": null,
    "H-score": null,
    "H3-score": null,
    "Recall-all": [
        96.55172413793103,
        19.047619047619047,
        67.74193548387096,
        100.0,
        100.0,
        16.666666666666664,
        53.48837209302325,
        100.0,
        100.0,
        70.0,
        100.0,
        33.33333333333333,
        0.0,
        35.0,
        50.0,
        9.523809523809524,
        94.73684210526315,
        5.263157894736842,
        80.0,
        96.42857142857143,
        68.75,
        68.75,
        25.0,
        3.7037037037037033,
        27.500000000000004,
        27.27272727272727,
        100.0,
        3.3333333333333335,
        70.83333333333334,
        95.65217391304348,
        80.95238095238095
    ],
    "Closed Set Accuracy": {
        "OA": 93.9622641509434,
        "AA": 94.3484974114342,
        "Recall-all": [
            100.0,
            100.0,
            100.0,
            100.0,
            100.0,
            76.66666666666667,
            79.06976744186046,
            100.0,
            100.0,
            96.66666666666667,
            100.0,
            91.66666666666666,
            100.0,
            95.0,
            100.0,
            100.0,
            100.0,
            63.1578947368421,
            100.0,
            100.0,
            100.0,
            100.0,
            100.0,
            66.66666666666666,
            90.0,
            90.9090909090909,
            100.0,
            83.33333333333334,
            91.66666666666666,
            100.0,
            100.0
        ]
    },
    "OSR Accuracy": null
}