{
    "OA": 91.48936170212765,
    "AA": 94.00164359767035,
    "OOD": 90.33457249070632,
    "NMI": 89.07502922635173,
    "H-score": 92.30691444171916,
    "H3-score": 91.20519847303426,
    "Recall-all": [
        96.55172413793103,
        100.0,
        100.0,
        100.0,
        100.0,
        90.0,
        60.46511627906976,
        100.0,
        100.0,
        96.66666666666667,
        90.33457249070632
    ],
    "Closed Set Accuracy": {
        "OA": 98.30508474576271,
        "AA": 98.83720930232558,
        "Recall-all": [
            100.0,
            100.0,
            100.0,
            100.0,
            100.0,
            100.0,
            88.37209302325581,
            100.0,
            100.0,
            100.0
        ]
    },
    "OSR Accuracy": {
        "TNR": 86.98884758364312,
        "AUROC": 95.93472370991117,
        "DTACC": 91.82660197845127,
        "AUIN": 95.93177945727297,
        "AUOUT": 95.00523955799916,
        "OSCR": 94.22027597504866,
        "AUPR": 95.20620982904113
    }
}