{
    "OA": 97.61006289308176,
    "AA": 97.43735024665257,
    "OOD": 98.4,
    "NMI": 95.39887014855228,
    "H-score": 97.86717840898773,
    "H3-score": 97.03166617019757,
    "Recall-all": [
        100.0,
        100.0,
        100.0,
        100.0,
        100.0,
        96.66666666666667,
        76.74418604651163,
        100.0,
        100.0,
        100.0,
        98.4
    ],
    "Closed Set Accuracy": {
        "OA": 100.0,
        "AA": 100.0,
        "Recall-all": [
            100.0,
            100.0,
            100.0,
            100.0,
            100.0,
            100.0,
            100.0,
            100.0,
            100.0,
            100.0
        ]
    },
    "OSR Accuracy": {
        "TNR": 98.8,
        "AUROC": 99.52271186440677,
        "DTACC": 97.89152542372881,
        "AUIN": 98.71673716667577,
        "AUOUT": 99.67116078726683,
        "OSCR": 99.51728813559323,
        "AUPR": 99.77135096433993
    }
}