{
    "OA": 96.47798742138365,
    "AA": 96.31731569255952,
    "OOD": 97.6,
    "NMI": 94.60617978630263,
    "H-score": 96.88888717870721,
    "H3-score": 96.11717091340411,
    "Recall-all": [
        100.0,
        100.0,
        96.7741935483871,
        100.0,
        100.0,
        100.0,
        65.11627906976744,
        100.0,
        100.0,
        100.0,
        97.6
    ],
    "Closed Set Accuracy": {
        "OA": 99.66101694915255,
        "AA": 99.76744186046511,
        "Recall-all": [
            100.0,
            100.0,
            100.0,
            100.0,
            100.0,
            100.0,
            97.67441860465115,
            100.0,
            100.0,
            100.0
        ]
    },
    "OSR Accuracy": {
        "TNR": 97.6,
        "AUROC": 99.72000000000001,
        "DTACC": 97.95254237288135,
        "AUIN": 99.41057820184717,
        "AUOUT": 99.72899858328688,
        "OSCR": 99.37762711864376,
        "AUPR": 99.82917673001539
    }
}