{
    "OA": 93.04224352147675,
    "AA": 83.55238174116683,
    "OOD": 98.87036040882194,
    "NMI": 74.2876479049851,
    "H-score": 89.66020815064202,
    "H3-score": 83.87602983760047,
    "Recall-all": [
        97.82608695652173,
        92.6829268292683,
        96.80851063829788,
        97.97979797979798,
        86.0,
        92.0,
        5.05050505050505,
        93.0,
        67.02127659574468,
        91.83673469387756,
        98.87036040882194
    ],
    "Closed Set Accuracy": {
        "OA": 93.0062630480167,
        "AA": 93.14717915234053,
        "Recall-all": [
            98.91304347826086,
            98.78048780487805,
            97.87234042553192,
            98.98989898989899,
            90.0,
            97.0,
            67.67676767676768,
            99.0,
            89.36170212765957,
            93.87755102040816
        ]
    },
    "OSR Accuracy": {
        "TNR": 49.327595481441634,
        "AUROC": 94.37437462168471,
        "DTACC": 91.85932904416924,
        "AUIN": 93.9168142219213,
        "AUOUT": 94.70392717559805,
        "OSCR": 87.44259995665125,
        "AUPR": 94.73753289260236
    }
}