{
    "OA": 64.0251572327044,
    "AA": 68.1308010228378,
    "OOD": null,
    "NMI": null,
    "H-score": null,
    "H3-score": null,
    "Recall-all": [
        96.55172413793103,
        100.0,
        90.32258064516128,
        100.0,
        96.29629629629629,
        66.66666666666666,
        18.6046511627907,
        13.333333333333334,
        92.5925925925926,
        63.33333333333333,
        100.0,
        75.0,
        50.0,
        0.0,
        83.33333333333334,
        95.23809523809523,
        73.68421052631578,
        57.89473684210527,
        80.0,
        50.0,
        59.375,
        93.75,
        95.0,
        18.51851851851852,
        2.5,
        63.63636363636363,
        100.0,
        100.0,
        4.166666666666666,
        91.30434782608695,
        80.95238095238095
    ],
    "Closed Set Accuracy": {
        "OA": 97.9874213836478,
        "AA": 98.49920813536718,
        "Recall-all": [
            100.0,
            100.0,
            100.0,
            100.0,
            100.0,
            100.0,
            90.69767441860465,
            100.0,
            100.0,
            100.0,
            100.0,
            100.0,
            100.0,
            100.0,
            100.0,
            100.0,
            100.0,
            100.0,
            100.0,
            100.0,
            100.0,
            100.0,
            100.0,
            77.77777777777779,
            85.0,
            100.0,
            100.0,
            100.0,
            100.0,
            100.0,
            100.0
        ]
    },
    "OSR Accuracy": null
}