{
    "OA": 77.35849056603774,
    "AA": 80.75015046440747,
    "OOD": null,
    "NMI": null,
    "H-score": null,
    "H3-score": null,
    "Recall-all": [
        48.275862068965516,
        100.0,
        96.7741935483871,
        100.0,
        100.0,
        70.0,
        48.837209302325576,
        56.666666666666664,
        70.37037037037037,
        100.0,
        92.85714285714286,
        100.0,
        50.0,
        75.0,
        88.88888888888889,
        100.0,
        100.0,
        78.94736842105263,
        86.66666666666667,
        14.285714285714285,
        28.125,
        100.0,
        100.0,
        74.07407407407408,
        40.0,
        100.0,
        92.0,
        100.0,
        95.83333333333334,
        95.65217391304348,
        100.0
    ],
    "Closed Set Accuracy": {
        "OA": 98.86792452830188,
        "AA": 99.17269247867523,
        "Recall-all": [
            100.0,
            100.0,
            100.0,
            100.0,
            100.0,
            100.0,
            95.34883720930233,
            93.33333333333333,
            100.0,
            100.0,
            100.0,
            100.0,
            100.0,
            92.5,
            100.0,
            100.0,
            100.0,
            100.0,
            100.0,
            100.0,
            96.875,
            100.0,
            100.0,
            96.29629629629629,
            100.0,
            100.0,
            100.0,
            100.0,
            100.0,
            100.0,
            100.0
        ]
    },
    "OSR Accuracy": null
}