{
    "OA": 54.20660276890309,
    "AA": 52.377336006656385,
    "OOD": null,
    "NMI": null,
    "H-score": null,
    "H3-score": null,
    "Recall-all": [
        0.0,
        91.46341463414635,
        93.61702127659575,
        92.92929292929293,
        88.0,
        77.0,
        65.65656565656566,
        89.0,
        89.36170212765957,
        85.71428571428571,
        100.0,
        6.097560975609756,
        0.0,
        85.71428571428571,
        26.804123711340207,
        12.371134020618557,
        13.580246913580247,
        3.061224489795918,
        97.0,
        67.70833333333334,
        60.0,
        35.483870967741936,
        93.0,
        27.55102040816326,
        62.22222222222222,
        4.0,
        39.0,
        67.67676767676768,
        10.1010101010101,
        17.708333333333336,
        21.875
    ],
    "Closed Set Accuracy": {
        "OA": 84.70003549875754,
        "AA": 84.65623362578866,
        "Recall-all": [
            91.30434782608695,
            100.0,
            97.87234042553192,
            98.98989898989899,
            91.0,
            99.0,
            93.93939393939394,
            96.0,
            100.0,
            93.87755102040816,
            100.0,
            89.02439024390245,
            83.33333333333334,
            94.5054945054945,
            74.22680412371135,
            63.91752577319587,
            66.66666666666666,
            78.57142857142857,
            100.0,
            91.66666666666666,
            96.84210526315789,
            76.34408602150538,
            97.0,
            36.734693877551024,
            94.44444444444444,
            80.0,
            59.0,
            90.9090909090909,
            46.464646464646464,
            73.95833333333334,
            68.75
        ]
    },
    "OSR Accuracy": null
}