{
    "OA": 63.05220883534136,
    "AA": 72.00534894433912,
    "OOD": null,
    "NMI": null,
    "H-score": null,
    "H3-score": null,
    "Recall-all": [
        75.0,
        100.0,
        100.0,
        92.3076923076923,
        90.0,
        37.5,
        0.0,
        66.66666666666666,
        100.0,
        56.52173913043478,
        0.0,
        75.0,
        100.0,
        100.0,
        71.42857142857143,
        53.333333333333336,
        100.0,
        100.0,
        0.0,
        100.0,
        100.0,
        46.15384615384615,
        100.0,
        94.44444444444444,
        100.0,
        85.71428571428571,
        100.0,
        0.0,
        38.095238095238095,
        50.0,
        100.0
    ],
    "Closed Set Accuracy": {
        "OA": 98.79518072289156,
        "AA": 99.2038875103391,
        "Recall-all": [
            100.0,
            100.0,
            100.0,
            100.0,
            100.0,
            79.16666666666666,
            100.0,
            100.0,
            100.0,
            100.0,
            100.0,
            100.0,
            100.0,
            100.0,
            100.0,
            100.0,
            100.0,
            100.0,
            100.0,
            100.0,
            100.0,
            100.0,
            100.0,
            100.0,
            100.0,
            100.0,
            100.0,
            96.15384615384616,
            100.0,
            100.0,
            100.0
        ]
    },
    "OSR Accuracy": null
}