{
    "OA": 42.675159235668794,
    "AA": 50.85636464984291,
    "OOD": null,
    "NMI": null,
    "H-score": null,
    "H3-score": null,
    "Recall-all": [
        58.333333333333336,
        33.33333333333333,
        50.0,
        38.46153846153847,
        80.0,
        29.166666666666668,
        18.181818181818183,
        75.0,
        100.0,
        26.08695652173913
    ],
    "Closed Set Accuracy": {
        "OA": 56.68789808917197,
        "AA": 64.29496228409273,
        "Recall-all": [
            75.0,
            42.857142857142854,
            66.66666666666666,
            61.53846153846154,
            100.0,
            37.5,
            40.909090909090914,
            75.0,
            100.0,
            43.47826086956522
        ]
    },
    "OSR Accuracy": null
}