{
    "OA": 34.75991649269311,
    "AA": 35.090951021378395,
    "OOD": null,
    "NMI": null,
    "H-score": null,
    "H3-score": null,
    "Recall-all": [
        28.26086956521739,
        51.21951219512195,
        45.744680851063826,
        34.34343434343434,
        28.999999999999996,
        28.999999999999996,
        28.28282828282828,
        33.0,
        40.42553191489361,
        31.63265306122449
    ],
    "Closed Set Accuracy": {
        "OA": 56.9937369519833,
        "AA": 57.032263045209184,
        "Recall-all": [
            68.47826086956522,
            57.3170731707317,
            53.191489361702125,
            58.58585858585859,
            56.00000000000001,
            49.0,
            50.505050505050505,
            65.0,
            50.0,
            62.244897959183675
        ]
    },
    "OSR Accuracy": null
}