{
    "OA": 95.95314164004259,
    "AA": 91.56916287587374,
    "OOD": 98.54760623991393,
    "NMI": 77.47727797940848,
    "H-score": 94.55342069594282,
    "H3-score": 88.08355312074707,
    "Recall-all": [
        55.434782608695656,
        100.0,
        96.80851063829788,
        98.98989898989899,
        85.0,
        99.0,
        93.93939393939394,
        94.0,
        95.74468085106383,
        89.79591836734694,
        98.54760623991393
    ],
    "Closed Set Accuracy": {
        "OA": 98.01670146137788,
        "AA": 98.07067688342961,
        "Recall-all": [
            98.91304347826086,
            100.0,
            98.93617021276596,
            100.0,
            92.0,
            100.0,
            95.95959595959596,
            100.0,
            100.0,
            94.89795918367348
        ]
    },
    "OSR Accuracy": {
        "TNR": 98.11726734803658,
        "AUROC": 98.73161205263342,
        "DTACC": 96.88226098616333,
        "AUIN": 97.99968623219335,
        "AUOUT": 99.04683188186603,
        "OSCR": 96.75075606904825,
        "AUPR": 99.07430258513587
    }
}