{
    "OA": 55.27156549520767,
    "AA": 54.44157618720828,
    "OOD": null,
    "NMI": null,
    "H-score": null,
    "H3-score": null,
    "Recall-all": [
        0.0,
        90.2439024390244,
        93.61702127659575,
        91.91919191919192,
        86.0,
        88.0,
        7.07070707070707,
        87.0,
        87.2340425531915,
        87.75510204081633,
        100.0,
        86.58536585365853,
        0.0,
        82.41758241758241,
        28.865979381443296,
        5.154639175257731,
        13.580246913580247,
        1.0204081632653061,
        96.0,
        73.95833333333334,
        74.73684210526315,
        74.19354838709677,
        89.0,
        28.57142857142857,
        61.111111111111114,
        74.66666666666667,
        35.0,
        1.0101010101010102,
        8.080808080808081,
        11.458333333333332,
        23.4375
    ],
    "Closed Set Accuracy": {
        "OA": 84.3095491657792,
        "AA": 84.21943216274896,
        "Recall-all": [
            93.47826086956522,
            100.0,
            97.87234042553192,
            100.0,
            91.0,
            99.0,
            90.9090909090909,
            94.0,
            98.93617021276596,
            93.87755102040816,
            100.0,
            95.1219512195122,
            69.44444444444444,
            94.5054945054945,
            79.38144329896907,
            60.824742268041234,
            67.90123456790124,
            63.26530612244898,
            99.0,
            93.75,
            97.89473684210527,
            92.47311827956989,
            97.0,
            36.734693877551024,
            90.0,
            84.0,
            56.00000000000001,
            80.8080808080808,
            37.37373737373738,
            78.125,
            78.125
        ]
    },
    "OSR Accuracy": null
}