{
    "OA": 79.76399698719558,
    "AA": 12.038640116498902,
    "OOD": 100.0,
    "NMI": 85.12541006991601,
    "H-score": 6.2812748473242515,
    "H3-score": 9.089375773634654,
    "Recall-all": [
        4.651162790697675,
        0.0,
        20.3125,
        0.0,
        0.0,
        0.0,
        2.5,
        0.0,
        2.941176470588235,
        2.0202020202020203,
        100.0
    ],
    "Closed Set Accuracy": {
        "OA": 99.39686369119421,
        "AA": 99.38083101637318,
        "Recall-all": [
            100.0,
            100.0,
            100.0,
            97.59036144578313,
            100.0,
            98.71794871794873,
            97.5,
            100.0,
            100.0,
            100.0
        ]
    },
    "OSR Accuracy": {
        "TNR": 91.85161699429297,
        "AUROC": 98.34598377001116,
        "DTACC": 93.79169270568401,
        "AUIN": 94.35376912178562,
        "AUOUT": 99.52544512163229,
        "OSCR": 97.74196780774191,
        "AUPR": 99.54137841746451
    }
}