{
    "OA": 0.022951572182694516,
    "AA": 0.02366863905325444,
    "OOD": null,
    "NMI": null,
    "H-score": null,
    "H3-score": null,
    "Recall-all": [
        0.0,
        0.0,
        0.0,
        0.0,
        0.0,
        0.0,
        0.0,
        0.0,
        0.0,
        0.0,
        0.0,
        1.5384615384615385,
        0.0,
        0.0,
        0.0,
        0.0,
        0.0,
        0.0,
        0.0,
        0.0,
        0.0,
        0.0,
        0.0,
        0.0,
        0.0,
        0.0,
        0.0,
        0.0,
        0.0,
        0.0,
        0.0,
        0.0,
        0.0,
        0.0,
        0.0,
        0.0,
        0.0,
        0.0,
        0.0,
        0.0,
        0.0,
        0.0,
        0.0,
        0.0,
        0.0,
        0.0,
        0.0,
        0.0,
        0.0,
        0.0,
        0.0,
        0.0,
        0.0,
        0.0,
        0.0,
        0.0,
        0.0,
        0.0,
        0.0,
        0.0,
        0.0,
        0.0,
        0.0,
        0.0,
        0.0
    ],
    "Closed Set Accuracy": {
        "OA": 94.51457424833602,
        "AA": 93.87852752543378,
        "Recall-all": [
            100.0,
            100.0,
            100.0,
            97.59036144578313,
            98.98989898989899,
            87.17948717948718,
            87.5,
            100.0,
            100.0,
            100.0,
            100.0,
            87.6923076923077,
            57.8125,
            93.42105263157895,
            100.0,
            95.16129032258065,
            78.43137254901961,
            90.69767441860465,
            100.0,
            95.0,
            100.0,
            100.0,
            100.0,
            80.7017543859649,
            88.88888888888889,
            100.0,
            90.38461538461539,
            98.33333333333333,
            98.61111111111111,
            98.66666666666667,
            97.59036144578313,
            93.58974358974359,
            95.52238805970148,
            78.26086956521739,
            81.69014084507043,
            89.13043478260869,
            98.33333333333333,
            94.82758620689656,
            91.17647058823529,
            95.3125,
            90.0,
            85.29411764705883,
            89.23076923076924,
            88.13559322033898,
            98.50746268656717,
            100.0,
            90.56603773584906,
            90.9090909090909,
            97.33333333333334,
            100.0,
            98.7012987012987,
            94.11764705882352,
            98.48484848484848,
            98.7012987012987,
            98.86363636363636,
            93.65079365079364,
            92.5925925925926,
            98.14814814814815,
            96.61016949152543,
            98.78048780487805,
            95.29411764705881,
            92.53731343283582,
            92.5925925925926,
            88.67924528301887,
            93.87755102040816
        ]
    },
    "OSR Accuracy": null
}