{
    "OA": 54.34056964646834,
    "AA": 53.53628614338002,
    "OOD": 98.35060091172814,
    "NMI": 84.91713401937025,
    "H-score": 62.74444919474105,
    "H3-score": 68.72760587064037,
    "UCR": 70.68827411463255,
    "Recall-all": [
        93.93856280855732,
        47.7410071942446,
        58.614072494669514,
        1.3364099605807134,
        34.91792794713281,
        39.855421686746986,
        98.35060091172814
    ],
    "Closed Set Accuracy": {
        "OA": 86.99703223134792,
        "AA": 92.40702860975834,
        "Recall-all": [
            99.67087218869995,
            93.55395683453237,
            95.52238805970148,
            69.09912508412653,
            98.57173310594756,
            98.02409638554217
        ]
    },
    "OSR Accuracy": {
        "TNR": 13.899709904682966,
        "AUROC": 77.4221837753533,
        "DTACC": 72.57082319505169,
        "AUIN": 90.52328218582161,
        "AUOUT": 50.31496702233063,
        "OSCR": 70.68827411463255,
        "AUPR": 50.32560415889067
    }
}