{
    "OA": 21.292014631789634,
    "AA": 27.120546698883413,
    "OOD": null,
    "NMI": null,
    "H-score": null,
    "H3-score": null,
    "UCR": 84.79536199875768,
    "Recall-all": [
        78.55183763027976,
        28.89208633093525,
        18.997867803837952,
        0.49033746755119706,
        23.598379876358987,
        12.192771084337348
    ],
    "Closed Set Accuracy": {
        "OA": 84.79536199875768,
        "AA": 89.0240221886004,
        "Recall-all": [
            99.53373560065826,
            91.9136690647482,
            90.81023454157783,
            68.39726949331795,
            98.18801961202303,
            85.3012048192771
        ]
    },
    "OSR Accuracy": null
}