{
    "OA": 24.14421896439662,
    "AA": 30.13163173648918,
    "OOD": null,
    "NMI": null,
    "H-score": null,
    "H3-score": null,
    "Recall-all": [
        78.30499177180472,
        30.158273381294965,
        21.002132196162044,
        0.37496394577444475,
        24.046045619270945,
        12.240963855421686,
        20.13457556935818,
        0.0,
        12.772037810507806,
        80.447172292854,
        81.84608120868744,
        0.25234318673395817
    ],
    "Closed Set Accuracy": {
        "OA": 81.44182855492164,
        "AA": 84.80431435407012,
        "Recall-all": [
            99.53373560065826,
            92.05755395683454,
            90.81023454157783,
            67.66657052206519,
            98.20933702835217,
            85.63855421686746,
            96.11801242236024,
            72.02499999999999,
            84.9637282919323,
            98.64094695309075,
            98.30028328611898,
            33.68781542898342
        ]
    },
    "OSR Accuracy": null
}