{
    "OA": 87.21022604174189,
    "AA": 89.89808553460965,
    "OOD": null,
    "NMI": null,
    "H-score": null,
    "H3-score": null,
    "UCR": 87.21022604174189,
    "Recall-all": [
        99.50630828304992,
        93.75539568345323,
        92.81449893390192,
        72.38727045476396,
        99.4244297591132,
        95.2289156626506,
        97.17046238785369,
        72.85000000000001,
        89.6240932072983,
        98.33406400701446,
        97.02549575070822,
        70.6560922855083
    ],
    "Closed Set Accuracy": {
        "OA": 87.21022604174189,
        "AA": 89.89808553460965,
        "Recall-all": [
            99.50630828304992,
            93.75539568345323,
            92.81449893390192,
            72.38727045476396,
            99.4244297591132,
            95.2289156626506,
            97.17046238785369,
            72.85000000000001,
            89.6240932072983,
            98.33406400701446,
            97.02549575070822,
            70.6560922855083
        ]
    },
    "OSR Accuracy": null
}