{
    "OA": 64.3568939892308,
    "AA": 80.88261650094802,
    "OOD": 0.0,
    "NMI": 85.7996206463355,
    "H-score": 0.0,
    "H3-score": 0.002999933244936117,
    "UCR": 78.88669776122609,
    "Recall-all": [
        99.58859023587493,
        94.64748201438849,
        96.28997867803838,
        79.94423613114124,
        99.46706459177148,
        96.2409638554217,
        0.0
    ],
    "Closed Set Accuracy": {
        "OA": 91.15190834426117,
        "AA": 94.36305258443936,
        "Recall-all": [
            99.58859023587493,
            94.64748201438849,
            96.28997867803838,
            79.94423613114124,
            99.46706459177148,
            96.2409638554217
        ]
    },
    "OSR Accuracy": {
        "TNR": 39.85909656029838,
        "AUROC": 85.21832459207018,
        "DTACC": 78.29946261303394,
        "AUIN": 92.58531225274746,
        "AUOUT": 69.11615596508075,
        "OSCR": 78.88669776122609,
        "AUPR": 69.1255351031173
    }
}