{
    "OA": 64.39587749433521,
    "AA": 80.59623909013666,
    "OOD": 0.0,
    "NMI": 81.15319265025792,
    "H-score": 0.0,
    "H3-score": 0.0029999311301845246,
    "UCR": 78.29012632216215,
    "Recall-all": [
        99.34174437739989,
        92.71942446043165,
        96.65245202558636,
        81.04028458802038,
        98.99808143253038,
        95.42168674698796,
        0.0
    ],
    "Closed Set Accuracy": {
        "OA": 91.207122644765,
        "AA": 94.02894560515944,
        "Recall-all": [
            99.34174437739989,
            92.71942446043165,
            96.65245202558636,
            81.04028458802038,
            98.99808143253038,
            95.42168674698796
        ]
    },
    "OSR Accuracy": {
        "TNR": 39.00538748445918,
        "AUROC": 84.55609306996173,
        "DTACC": 76.88739477598465,
        "AUIN": 92.39752921996393,
        "AUOUT": 68.29476930130195,
        "OSCR": 78.29012632216215,
        "AUPR": 68.30512494606454
    }
}