{
    "OA": 63.136419441034164,
    "AA": 66.74847585061336,
    "OOD": null,
    "NMI": null,
    "H-score": null,
    "H3-score": null,
    "Recall-all": [
        69.96708721886999,
        86.33093525179856,
        85.43710021321962,
        40.0922988174214,
        82.81816243871243,
        63.27710843373494,
        87.73291925465838,
        2.5,
        52.84677951198066,
        96.27356422621656,
        88.33805476864967,
        45.36770007209805
    ],
    "Closed Set Accuracy": {
        "OA": 87.55867696974073,
        "AA": 90.13740465802624,
        "Recall-all": [
            99.53373560065826,
            93.89928057553956,
            92.92110874200426,
            73.46408999134698,
            99.40311234278406,
            95.27710843373494,
            97.0151828847481,
            73.55000000000001,
            90.52539019564739,
            98.02718106093819,
            97.21435316336166,
            70.81831290555155
        ]
    },
    "OSR Accuracy": null
}